OBJECTID,COD_SIG_ESTACIONAMENTO,MORADA,FREGUESIA,LOCALIZACAO,TIPO_ESTACIONAMENTO,MODELO,NUM_SUPORTES,CAPACIDADE,COBERTO,DOMINIALIDADE,ESTACIONAMENTO_ESTADO,DATA_INSTALACAO,x,y
14698,2,"Avenida Almirante Reis, Igreja",Arroios,Lugar estacionamento automóvel,HOTSPOT,Sheffield standard,3,6,Não,Público,Partilhado com Micromobilidade,1/9/2019 12:00:00 AM,-1016908.12471679,4682266.75467231
14699,3,"Rua da Palma, 270",Santa Maria Maior,Via,BICICLETA,Sheffield standard,2,4,Não,Público,Partilhado com Micromobilidade,1/9/2019 12:00:00 AM,-1016971.13768599,4681506.96574514
14700,4,Avenida Infante Dom Henrique,Marvila,Passeio,BICICLETA,Sheffield standard,4,8,Não,Público,Partilhado com Micromobilidade,2/7/2020 12:00:00 AM,-1013115.13276003,4685152.06241458
14701,5,Rua Cintura do Porto de Lisboa,Marvila,Passeio,BICICLETA,Sheffield standard,8,16,Não,Público,Partilhado com Micromobilidade,2/7/2020 12:00:00 AM,-1012803.95250394,4684936.88613117
14702,6,Rua Cintura do Porto de Lisboa,Marvila,Passeio,BICICLETA,Sheffield standard,8,16,Não,Público,Partilhado com Micromobilidade,2/7/2020 12:00:00 AM,-1012739.99785907,4684978.60129562
14703,7,Rua Cintura do Porto de Lisboa,Marvila,Passeio,BICICLETA,Sheffield standard,8,16,Não,Público,Partilhado com Micromobilidade,2/7/2020 12:00:00 AM,-1012716.05801919,4685105.26028685
14704,8,Rua Francisco Stromp,Lumiar,Passeio,BICICLETA,Sheffield standard,5,10,Não,Público,Partilhado com Micromobilidade,,-1019410.70691026,4687857.80597074
14721,9,Parque da Quinta das Conchas e dos Lilases,Lumiar,Passeio,BICICLETA,Onda,1,5,Não,Público,Interdito Micromobilidade,,-1019257.61214706,4688891.56450116
14722,10,"Alameda das Linhas de Torres, 262",Lumiar,Passeio,BICICLETA,Sheffield standard,10,20,Não,Público,Partilhado com Micromobilidade,,-1019843.01357512,4689273.85275057
14723,11,"Alameda das Linhas de Torres, 250",Lumiar,Passeio,BICICLETA,Sheffield standard,10,20,Não,Público,Partilhado com Micromobilidade,,-1019777.11275503,4689154.47241327
14724,12,"Avenida Gomes Pereira, 15",Benfica,Passeio,BICICLETA,Entorta rodas,1,5,Não,Privado,Interdito Micromobilidade,,-1023866.98711376,4685704.42366052
14725,13,Rua Maria Pia,Campo de Ourique,Passeio,BICICLETA,Onda,1,5,Não,Privado,Interdito Micromobilidade,,-1020870.68105381,4681382.40751852
14726,14,Rua Tomás Ribeiro,Avenidas Novas,Passeio,BICICLETA,Sheffield standard,4,8,Não,Público,Partilhado com Micromobilidade,12/3/2018 12:00:00 AM,-1018241.32298806,4683211.26734341
14727,15,Rua da Venezuela,Benfica,Passeio,BICICLETA,Sheffield estreito,5,10,Não,Público,Partilhado com Micromobilidade,,-1024092.17662357,4685159.50139675
14728,16,"Rua Engº Paulo de Barros, 30
",Benfica,Passeio,BICICLETA,Sheffield standard,3,6,Não,Público,Partilhado com Micromobilidade,11/23/2018 12:00:00 AM,-1024915.21658104,4685599.11178406
14729,17,"Rua Tomás de Figueiredo, 2",Benfica,Lugar estacionamento automóvel,BICICLETA,Sheffield estreito,6,12,Não,Público,Partilhado com Micromobilidade,,-1024938.48182512,4685633.02523543
14730,18,"Estrada de Benfica, 701",Benfica,Passeio,BICICLETA,Entorta rodas,2,6,Não,Público,Partilhado com Micromobilidade,,-1024226.17320535,4685967.97730107
14731,19,"Estrada de Benfica, 422",São Domingos de Benfica,Passeio,BICICLETA,Sheffield standard,3,6,Não,Público,Partilhado com Micromobilidade,,-1022905.27829148,4685554.52085291
14732,20,"Estrada de Benfica, 463",São Domingos de Benfica,Passeio,BICICLETA,Sheffield standard,3,6,Não,Público,Partilhado com Micromobilidade,,-1022903.35802035,4685475.96287614
14733,21,Rua Paulo Renato,Benfica,Passeio,BICICLETA,Sheffield standard,3,6,Não,Público,Partilhado com Micromobilidade,,-1023076.46773932,4685705.35978017
14734,23,Rua Paulo Renato,Benfica,Via,BICICLETA,Sheffield standard,5,10,Não,Público,Partilhado com Micromobilidade,,-1023012.34243084,4685631.09439253
14735,24,Alameda Manuel Ricardo Espírito Santo,São Domingos de Benfica,Via,BICICLETA,Sheffield standard,5,10,Não,Público,Partilhado com Micromobilidade,,-1022949.64390913,4685614.47266432
14736,25,"Rua do Seminário, Escola",Carnide,Passeio,BICICLETA,Sheffield estreito,4,8,Não,Público,Partilhado com Micromobilidade,,-1022013.37322089,4687376.36358479
14737,26,"Rua João de Oliveira Miguens, 60",Estrela,Passeio,BICICLETA,Sheffield standard,3,6,Não,Público,Partilhado com Micromobilidade,,-1021236.0728599,4679607.78232198
14738,27,"Rua João de Oliveira Miguens, 38",Estrela,Passeio,BICICLETA,Sheffield standard,3,6,Não,Público,Partilhado com Micromobilidade,,-1021252.62232191,4679544.35730596
14739,28,Jardim Aministia Internacional,Campolide,Passeio,BICICLETA,Sheffield standard,6,12,Não,Público,Partilhado com Micromobilidade,8/3/2018 12:00:00 AM,-1020144.77360687,4683945.68349068
14740,29,Calçada dos Mestres,Campolide,Passeio,BICICLETA,Sheffield standard,4,8,Não,Público,Partilhado com Micromobilidade,6/17/2018 12:00:00 AM,-1020290.58258198,4682600.13031187
14741,30,Rua Freitas Gazul,Campo de Ourique,Passeio,BICICLETA,Sheffield estreito,3,6,Não,Privado,Interdito Micromobilidade,11/16/2018 12:00:00 AM,-1020802.14640392,4681277.08995646
14742,32,"Avenida Álvares Cabral, 27",Campo de Ourique,Via,BICICLETA,Sheffield standard,2,4,Não,Público,Partilhado com Micromobilidade,8/3/2018 12:00:00 AM,-1019282.21545886,4681505.5185397
14743,33,"Avenida Álvares Cabral, 102",Campo de Ourique,Passeio,BICICLETA,Sheffield standard,3,6,Não,Público,Partilhado com Micromobilidade,11/16/2018 12:00:00 AM,-1019440.68353197,4681230.3475593
14744,34,"Rua Carlos Alberto da Mota Pinto
",Campo de Ourique,Passeio,BICICLETA,Sheffield standard,6,12,Não,Público,Partilhado com Micromobilidade,11/28/2018 12:00:00 AM,-1019794.46838304,4682057.85441088
14745,35,"Rua Latino Coelho, 46B
",Avenidas Novas,Lugar estacionamento automóvel,BICICLETA,Sheffield standard,9,18,Não,Público,Partilhado com Micromobilidade,12/12/2018 12:00:00 AM,-1018676.7087089,4683557.33009146
14746,36,"Rua Latino Coelho, 75",Avenidas Novas,Lugar estacionamento automóvel,BICICLETA,Sheffield standard,4,8,Não,Público,Partilhado com Micromobilidade,12/21/2018 12:00:00 AM,-1018622.17270037,4683520.96776281
14747,37,"Rua Mário Cesariny, 5",Avenidas Novas,Passeio,BICICLETA,Sheffield standard,4,8,Não,Público,Partilhado com Micromobilidade,8/26/2018 12:00:00 AM,-1018918.11635856,4685428.56599888
14748,38,"Rua Castilho, 237
",Avenidas Novas,Passeio,BICICLETA,Sheffield standard,3,6,Não,Público,Partilhado com Micromobilidade,11/20/2018 12:00:00 AM,-1019408.16420478,4683037.25155763
14749,39,"Rua Rodrigo da Fonseca, 115",Avenidas Novas,Passeio,BICICLETA,Sheffield standard,3,6,Não,Público,Partilhado com Micromobilidade,11/20/2018 12:00:00 AM,-1019327.19410036,4682608.43928855
14750,40,"Rua Tomás Ribeiro, 97B",Avenidas Novas,Passeio,BICICLETA,Sheffield standard,4,8,Não,Público,Partilhado com Micromobilidade,1/8/2019 12:00:00 AM,-1018519.55311609,4683320.56771692
14751,41,"Avenida Marquês de Tomar
",Avenidas Novas,Passeio,BICICLETA,Sheffield standard,4,8,Não,Público,Partilhado com Micromobilidade,11/20/2018 12:00:00 AM,-1018447.8508278,4683819.97147122
14752,42,Avenida António Augusto de Aguiar,Avenidas Novas,Passeio,BICICLETA,Sheffield standard,3,6,Não,Público,Partilhado com Micromobilidade,11/20/2018 12:00:00 AM,-1018583.55017704,4683043.52314692
14753,43,Avenida João Crisóstomo,Avenidas Novas,Passeio,BICICLETA,Sheffield standard,4,8,Não,Privado,Interdito Micromobilidade,1/8/2019 12:00:00 AM,-1017690.44839431,4683968.45458453
14754,44,"Avenida 5 de Outubro, 77
",Avenidas Novas,Passeio,BICICLETA,Sheffield standard,3,6,Não,Público,Partilhado com Micromobilidade,11/20/2018 12:00:00 AM,-1018314.76363724,4684031.58349999
14755,45,Rua Cidade de Lobito,Olivais,Passeio,BICICLETA,Sheffield estreito,5,10,Não,Público,Partilhado com Micromobilidade,,-1014445.93517019,4687807.81240831
14756,46,"Avenida 24 de Julho, 49",Misericórdia,Passeio,BICICLETA,Sheffield standard,6,12,Não,Público,Partilhado com Micromobilidade,7/4/2019 12:00:00 AM,-1018073.14601869,4679728.09197669
14757,47,Estrada do Barçal,Benfica,Passeio,BICICLETA,Onda,1,5,Sim,Público,Partilhado com Micromobilidade,,-1022667.56019066,4684476.00016713
14758,48,Avenida Professor Egas Moniz,Alvalade,Passeio,BICICLETA,,7,14,Não,Público,Partilhado com Micromobilidade,,-1019768.83199183,4686482.42447225
14759,49,"Campo Grande, 9 ",Alvalade,Lugar estacionamento automóvel,BICICLETA,Sheffield standard,4,8,Não,Público,Partilhado com Micromobilidade,,-1018529.23748666,4685783.30312513
14760,50,Praça do Marquês de Pombal,Avenidas Novas,Passeio,BICICLETA,Sheffield standard,5,10,Não,Público,Partilhado com Micromobilidade,,-1018677.49979125,4682500.47814433
14761,51,Praça do Marquês de Pombal,Avenidas Novas,Passeio,HOTSPOT,Sheffield standard,4,13,Não,Público,Partilhado com Micromobilidade,3/16/2019 12:00:00 AM,-1018626.03704698,4682532.68003244
14762,52,"Rua Andrade Corvo, 27",Avenidas Novas,Passeio,BICICLETA,Sheffield standard,4,8,Não,Público,Partilhado com Micromobilidade,,-1018282.54641108,4683079.28862982
14763,53,"Rua Martens Ferrão, 24",Avenidas Novas,Passeio,BICICLETA,Sheffield standard,4,8,Não,Público,Partilhado com Micromobilidade,,-1018342.15337579,4682956.19102094
14764,54,"Avenida da República, 3",Avenidas Novas,Lugar estacionamento automóvel,BICICLETA,Sheffield standard,5,10,Não,Público,Partilhado com Micromobilidade,,-1018035.25918764,4683691.1692191
14765,56,"Avenida Marquês de Tomar, Igreja",Avenidas Novas,Passeio,BICICLETA,Sheffield standard,3,6,Não,Público,Partilhado com Micromobilidade,11/15/2018 12:00:00 AM,-1018608.53010763,4684405.51353938
14766,57,"Avenida 5 de Outubro, 184
",Avenidas Novas,Passeio,BICICLETA,Sheffield standard,3,6,Não,Público,Partilhado com Micromobilidade,11/21/2018 12:00:00 AM,-1018449.19279607,4684761.72349952
14767,58,"Rua Diogo de Macedo, Escola",Avenidas Novas,Passeio,BICICLETA,Sheffield standard,4,8,Não,Público,Partilhado com Micromobilidade,11/19/2018 12:00:00 AM,-1019303.94685364,4685292.92067895
14768,59,Rua Padre Abel Varzim,Parque das Nações,Passeio,BICICLETA,Sheffield standard,3,6,Não,Público,Partilhado com Micromobilidade,11/14/2018 12:00:00 AM,-1013490.61799823,4689121.78138514
14769,60,"Rua Mário Botas ao Parque das Nações, 1
",Parque das Nações,Passeio,BICICLETA,Sheffield standard,5,10,Não,Público,Partilhado com Micromobilidade,11/15/2018 12:00:00 AM,-1012958.44544099,4686977.71363497
14770,61,"Praça do Tejo
",Parque das Nações,Passeio,BICICLETA,Sheffield standard,4,8,Não,Público,Partilhado com Micromobilidade,11/14/2018 12:00:00 AM,-1012100.86859509,4689640.44725427
14771,62,"Praça Mar da Palha_x000D_
",Parque das Nações,Passeio,BICICLETA,Sheffield standard,3,6,Não,Público,Partilhado com Micromobilidade,11/12/2018 12:00:00 AM,-1012083.13126345,4692458.54549869
14772,63,"Via do Oriente, 16A_x000D_
",Parque das Nações,Passeio,BICICLETA,Sheffield standard,3,6,Não,Público,Partilhado com Micromobilidade,11/12/2018 12:00:00 AM,-1012898.94426856,4691960.5560806
14773,64,"Via do Oriente, 2A_x000D_
",Parque das Nações,Passeio,BICICLETA,Sheffield standard,3,6,Não,Público,Partilhado com Micromobilidade,11/12/2018 12:00:00 AM,-1012972.78633817,4691505.93863827
14774,65,Alameda dos Oceanos,Parque das Nações,Passeio,BICICLETA,Sheffield standard,4,8,Não,Público,Partilhado com Micromobilidade,11/15/2018 12:00:00 AM,-1012516.56201353,4689712.84778283
14775,66,"Rua João Pinto Ribeiro
",Parque das Nações,Passeio,BICICLETA,Sheffield standard,3,6,Não,Público,Partilhado com Micromobilidade,11/14/2018 12:00:00 AM,-1013298.86975214,4689434.61419734
14776,67,"Rua Padre Joaquim Alves Correia, 10
",Parque das Nações,Passeio,BICICLETA,Sheffield standard,3,6,Não,Público,Partilhado com Micromobilidade,11/14/2018 12:00:00 AM,-1013385.13678118,4689163.2564825
14777,70,Rua do Rio Zêzere,Carnide,,BICICLETA,,,6,Não,Público,Partilhado com Micromobilidade,,-1022232.82351097,4689283.75780975
14778,72,"Avenida Cidade de Lourenço Marques, Mercado",Olivais,Passeio,BICICLETA,Sheffield standard,5,10,Não,Público,Partilhado com Micromobilidade,,-1015157.82529618,4688040.23957259
14779,73,Estrada do Barçal,São Domingos de Benfica,Passeio,BICICLETA,Sheffield estilizado,5,10,Não,Público,Partilhado com Micromobilidade,,-1022991.2227557,4684998.3040667
14780,2084,"Alameda das Linhas de Torres, 234",Lumiar,Passeio,BICICLETA,Sheffield standard,2,4,Não,Público,Partilhado com Micromobilidade,3/22/2023 12:00:00 AM,-1019749.96756457,4689048.31664766
14781,2085,Avenida da Universidade Técnica,Ajuda,Passeio,HOTSPOT,,0,10,Não,Público,Dedicado Micromobilidade,4/17/2023 12:00:00 AM,-1023574.74895339,4680766.78074145
14782,75,Doca do Bom Sucesso,Belém,Passeio,BICICLETA,Entorta rodas,1,3,Não,Público,Partilhado com Micromobilidade,,-1025304.42208644,4677763.70221935
14783,76,Avenida Professor Gama Pinto,Alvalade,Passeio,BICICLETA,Onda,2,10,Não,Público,Partilhado com Micromobilidade,,-1019656.91759675,4686322.485308
14784,77,"Avenida da Liberdade, 1",Santo António,Passeio,BICICLETA,Onda,1,5,Não,Público,Partilhado com Micromobilidade,,-1017742.36707304,4681107.4820682
14786,79,Praça D. Pedro IV,Santa Maria Maior,Passeio,BICICLETA,Sheffield estreito,2,4,Não,Público,Interdito Micromobilidade,,-1017376.73692651,4680643.08376736
14787,80,Estrada do Alvito,Alcântara,Passeio,BICICLETA,Sheffield estilizado,2,20,Não,Público,Partilhado com Micromobilidade,,-1022569.62883307,4681592.92112651
14788,81,Avenida de Brasília,Estrela,Via,BICICLETA,Entorta rodas,1,3,Não,Público,Partilhado com Micromobilidade,,-1018925.40403793,4679663.73763222
14789,82,Rua Cintura do Porto de Lisboa,Estrela,Via,BICICLETA,Entorta rodas,1,5,Não,Público,Partilhado com Micromobilidade,,-1018838.75630338,4679636.14840381
14790,83,Cais do Gás,Misericórdia,Passeio,BICICLETA,Entorta rodas,1,10,Não,Público,Partilhado com Micromobilidade,,-1018190.12914391,4679493.44991073
14791,84,"Avenida da República, 25",Avenidas Novas,Lugar estacionamento automóvel,BICICLETA,Sheffield standard,5,10,Não,Público,Partilhado com Micromobilidade,,-1018089.08905694,4683965.04799778
14792,85,"Via do Oriente, 2F-2G",Parque das Nações,Passeio,BICICLETA,Entorta rodas,5,5,Não,Público,Partilhado com Micromobilidade,,-1012944.29437152,4691333.68885258
14793,86,"Passeio do Levante, 6",Parque das Nações,Passeio,BICICLETA,Cascata,1,8,Não,Público,Partilhado com Micromobilidade,,-1012617.85819594,4690922.76190712
14794,87,Rua Padre Francisco,Campo de Ourique,Passeio,BICICLETA,Sheffield standard,5,10,Não,Público,Partilhado com Micromobilidade,6/18/2018 12:00:00 AM,-1020469.65278079,4681035.70401881
14795,88,"Avenida 5 de Outubro, 260",Alvalade,Passeio,BICICLETA,Onda,1,5,Não,Público,Partilhado com Micromobilidade,,-1018647.58715765,4685841.68609178
14797,90,Metro Campo Grande,Lumiar,Passeio,BICICLETA,Grelha,1,6,Não,Público,Interdito Micromobilidade,,-1019450.4328149,4687341.07270814
14798,92,Alameda das Comunidades Portuguesas,Olivais,Passeio,BICICLETA,Entorta rodas,10,40,Sim,Público,Partilhado com Micromobilidade,,-1016193.19059874,4688513.73341621
14799,93,"Avenida da Liberdade, 175",Santo António,Passeio,BICICLETA,Sheffield estreito,3,6,Não,Público,Partilhado com Micromobilidade,,-1018152.49514528,4681700.15857052
14800,95,Campo Grande,Alvalade,Passeio,BICICLETA,Onda,2,10,Não,Público,Partilhado com Micromobilidade,,-1019171.006432,4687010.15453972
14801,96,Praça de Dom Luís I,Misericórdia,Passeio,BICICLETA,Sheffield standard,3,3,Não,Público,Partilhado com Micromobilidade,,-1018153.66961944,4679748.84066783
14802,97,Avenida 24 de Julho,Misericórdia,Passeio,BICICLETA,Sheffield standard,3,6,Não,Público,Partilhado com Micromobilidade,,-1017993.7093945,4679674.46117362
14803,98,"Rua do Instituto Industrial, 7B",Misericórdia,Passeio,BICICLETA,Sheffield standard,8,16,Não,Público,Partilhado com Micromobilidade,,-1018634.30044998,4679916.20056482
14804,99,"Rua do Instituto Industrial, 7",Misericórdia,Passeio,BICICLETA,Sheffield standard,8,16,Não,Público,Partilhado com Micromobilidade,,-1018639.04857359,4679978.02601829
14805,100,"Avenida Dom Carlos I, 4B",Misericórdia,Passeio,BICICLETA,Sheffield standard,3,6,Não,Público,Partilhado com Micromobilidade,,-1018842.83507344,4679790.11524014
14806,101,Avenida 24 de Julho,Misericórdia,Passeio,BICICLETA,Sheffield standard,6,12,Não,Público,Partilhado com Micromobilidade,,-1018824.80012681,4679751.55864044
14807,103,"Avenida 5 de Outubro, 168
",Avenidas Novas,Passeio,BICICLETA,Sheffield standard,4,8,Não,Público,Partilhado com Micromobilidade,11/21/2018 12:00:00 AM,-1018419.73947926,4684610.34586927
14808,104,"Avenida Álvaro Pais
",Avenidas Novas,Passeio,BICICLETA,Sheffield standard,6,12,Não,Público,Partilhado com Micromobilidade,11/27/2018 12:00:00 AM,-1018674.534304,4685178.0233555
14809,105,Largo do Nautilus,Parque das Nações,Passeio,BICICLETA,Sheffield standard,10,20,Não,Público,Partilhado com Micromobilidade,11/12/2018 12:00:00 AM,-1012341.23795749,4687495.04190221
14810,106,"Passeio do Adamastor, 18",Parque das Nações,Passeio,BICICLETA,Sheffield standard,3,6,Não,Público,Partilhado com Micromobilidade,11/13/2018 12:00:00 AM,-1012529.7498222,4687174.07685325
14811,107,"Passeio do Adamastor_x000D_
",Parque das Nações,Passeio,BICICLETA,Sheffield standard,3,6,Não,Público,Partilhado com Micromobilidade,11/14/2018 12:00:00 AM,-1012444.52152537,4687165.19658346
14812,108,Passeio de Neptuno,Parque das Nações,Passeio,BICICLETA,Sheffield standard,16,32,Não,Público,Partilhado com Micromobilidade,11/13/2018 12:00:00 AM,-1012400.51478884,4686570.86902949
14813,109,"Praça do Norte, Mercado",Olivais,Passeio,BICICLETA,Onda,1,5,Não,Público,Interdito Micromobilidade,,-1015058.97246427,4689791.52910874
14814,110,Largo da Luz,Carnide,Passeio,BICICLETA,Sheffield estreito,4,8,Não,Público,Partilhado com Micromobilidade,,-1022334.84118992,4687423.82390138
14815,111,"Avenida do Rio de Janeiro, Mercado",Alvalade,Passeio,BICICLETA,Sheffield standard,4,8,Não,Público,Partilhado com Micromobilidade,2/23/2023 12:00:00 AM,-1017459.0048678,4686796.46185033
14816,112,"Rua Prista Monteiro, Escola",Carnide,Passeio,BICICLETA,Onda,1,5,Não,Público,Partilhado com Micromobilidade,,-1022121.05970877,4688235.68910332
14817,113,Rua Dr. Nicolau de Bettencourt,Avenidas Novas,Passeio,BICICLETA,Onda,1,5,Não,Público,Partilhado com Micromobilidade,,-1019074.58073067,4683904.54825204
14818,114,Praça do Império,Belém,Passeio,BICICLETA,Onda,1,5,Não,Público,Partilhado com Micromobilidade,,-1024954.12285828,4678199.32204842
14819,116,"Avenida do Colégio Militar, 23A",Benfica,Passeio,BICICLETA,Onda,1,5,Não,Público,Partilhado com Micromobilidade,,-1023086.16279984,4686121.94467044
14820,117,"Largo da Madre de Deus, Polidesportivo",Beato,Passeio,BICICLETA,Borboleta,1,7,Não,Público,Partilhado com Micromobilidade,,-1014743.59109755,4683357.87129065
14821,118,"Avenida da Igreja, 21",Alvalade,Passeio,BICICLETA,Sheffield estreito,3,6,Não,Público,Partilhado com Micromobilidade,,-1017679.27547394,4686447.5854132
14822,120,"Avenida 24 de Julho, 3",Misericórdia,Passeio,BICICLETA,Sheffield standard,3,6,Não,Público,Partilhado com Micromobilidade,,-1018421.73831985,4679739.73765724
14823,121,"Avenida da República, 37",Avenidas Novas,Lugar estacionamento automóvel,BICICLETA,Sheffield standard,5,10,Não,Público,Partilhado com Micromobilidade,,-1018117.1619811,4684114.73198273
14824,123,"Avenida da República, 67",Avenidas Novas,Lugar estacionamento automóvel,BICICLETA,Sheffield standard,5,10,Não,Público,Partilhado com Micromobilidade,,-1018196.15859137,4684550.5888745
14825,124,"Avenida da República, 57",Avenidas Novas,Lugar estacionamento automóvel,BICICLETA,Sheffield standard,5,10,Não,Público,Partilhado com Micromobilidade,,-1018169.29085202,4684418.23256634
14826,125,"Avenida da República, 77",Avenidas Novas,Lugar estacionamento automóvel,BICICLETA,Sheffield standard,5,10,Não,Público,Partilhado com Micromobilidade,,-1018226.32354752,4684705.35998492
14827,126,"Avenida Duque d' Ávila, 122",Avenidas Novas,Passeio,BICICLETA,Sheffield estreito,3,6,Não,Público,Partilhado com Micromobilidade,,-1018764.10203732,4683785.75886185
14828,127,"Avenida António Augusto de Aguiar, 29",Avenidas Novas,Passeio,BICICLETA,Sheffield estreito,3,6,Não,Público,Partilhado com Micromobilidade,,-1018833.99385331,4683384.05304402
14829,128,Rua de Moscavide ao Parque das Nações,Parque das Nações,Passeio,BICICLETA,Sheffield standard,3,6,Não,Público,Partilhado com Micromobilidade,11/15/2018 12:00:00 AM,-1012900.93256612,4689884.35694384
14830,129,"Avenida António Serpa, 38",Avenidas Novas,Lugar estacionamento automóvel,BICICLETA,Sheffield standard,3,6,Não,Público,Partilhado com Micromobilidade,8/11/2018 12:00:00 AM,-1018456.30959654,4684941.78600861
14831,130,"Avenida Visconde de Valmor, 63A",Avenidas Novas,Lugar estacionamento automóvel,BICICLETA,Sheffield standard,4,8,Não,Público,Partilhado com Micromobilidade,8/11/2018 12:00:00 AM,-1018563.19271581,4684162.00319062
14832,131,"Rua Pinheiro Chagas, 47",Avenidas Novas,Via,BICICLETA,Sheffield standard,2,4,Não,Público,Partilhado com Micromobilidade,8/11/2018 12:00:00 AM,-1018567.07494377,4683640.89217479
14833,132,"Rua Pinheiro Chagas, 47B",Avenidas Novas,Via,BICICLETA,Sheffield standard,2,4,Não,Público,Partilhado com Micromobilidade,8/11/2018 12:00:00 AM,-1018577.42596456,4683646.51602194
14834,134,Jardim Adão Barata,Carnide,,BICICLETA,,,6,Não,Público,Partilhado com Micromobilidade,,-1023473.840137,4687115.87280219
14835,136,Praça dos Restauradores,Santa Maria Maior,Passeio,BICICLETA,Sheffield estreito,3,6,Não,Público,Partilhado com Micromobilidade,,-1017631.12663164,4680944.65930429
14836,137,Avenida Prof. Franscisco da Gama Caeiro,Carnide,Passeio,BICICLETA,Onda,1,5,Não,Público,Partilhado com Micromobilidade,,-1022822.40832764,4688687.21071005
14837,138,Rua da Cintura do Porto de Lisboa,Misericórdia,Passeio,BICICLETA,Sheffield standard,6,12,Sim,Público,Interdito Micromobilidade,,-1018021.1623394,4679579.90093549
14838,139,Rua Professor Lima Basto,São Domingos de Benfica,Passeio,BICICLETA,Onda,2,10,Não,Público,Partilhado com Micromobilidade,,-1020450.24296982,4684549.37600783
14839,140,Largo dos Caminhos de Ferro,São Vicente,Passeio,BICICLETA,Sheffield estreito,5,10,Não,Privado,Interdito Micromobilidade,,-1015610.63291848,4680735.91948602
14840,142,Campus de Campolide,Campolide,Passeio,BICICLETA,Sheffield standard,13,26,Não,Privado,Interdito Micromobilidade,,-1019730.86186457,4683719.00226783
14841,143,"Rua Dom Luís I, 43",Misericórdia,Passeio,BICICLETA,Sheffield estreito,2,4,Não,Público,Partilhado com Micromobilidade,,-1018848.92119134,4679856.3724221
14842,144,Rua Dr. Eduardo Neves,Avenidas Novas,Passeio,BICICLETA,Sheffield estreito,3,6,Sim,Público,Partilhado com Micromobilidade,,-1018441.54455937,4685086.29199028
14843,145,"Rua Abranches Ferrão, 9",São Domingos de Benfica,Passeio,BICICLETA,Sheffield estreito,3,6,Não,Público,Partilhado com Micromobilidade,,-1021014.69556151,4686027.23769559
14844,2086,"Rua Nova do Calhariz, 46",Ajuda,Passeio,HOTSPOT,,0,10,Não,Público,Dedicado Micromobilidade,4/17/2023 12:00:00 AM,-1023867.30688349,4679068.74262246
14845,147,Avenida Frei Miguel Contreiras,Alvalade,Passeio,BICICLETA,Onda,1,5,Não,Público,Partilhado com Micromobilidade,,-1016586.6375393,4685366.73547285
14846,148,Metro Campo Grande,Lumiar,Passeio,BICICLETA,Sheffield estreito,6,12,Não,Público,Partilhado com Micromobilidade,,-1019450.09629159,4687419.65463322
14847,150,Rua Dr. Eduardo Neves,Avenidas Novas,Passeio,BICICLETA,Sheffield standard,5,10,Sim,Público,Partilhado com Micromobilidade,,-1018394.44015955,4685111.67351897
14848,151,Avenida da República,Avenidas Novas,Lugar estacionamento automóvel,BICICLETA,Sheffield standard,5,10,Sim,Público,Partilhado com Micromobilidade,,-1018313.58370654,4685152.37412517
14849,152,"Campo Grande, 27",Alvalade,Via,BICICLETA,Sheffield standard,4,8,Não,Público,Partilhado com Micromobilidade,,-1018574.60653477,4685892.59871114
14850,153,"Avenida Brasília, DGRM",Belém,Passeio,BICICLETA,Grelha,5,10,Não,Público,Partilhado com Micromobilidade,,-1026956.70807811,4678240.43539011
14851,154,Praça Afonso de Albuquerque,Belém,Passeio,BICICLETA,Entorta rodas,1,10,Não,Público,Partilhado com Micromobilidade,,-1024073.62814596,4678387.40381997
14852,155,Estrada de Montes Claros,Ajuda,Via,BICICLETA,Grelha,1,4,Não,Público,Partilhado com Micromobilidade,,-1024313.91392991,4681337.64743175
14853,156,Jardim Fernando Pessa,Areeiro,Passeio,BICICLETA,Onda,1,5,Não,Privado,Interdito Micromobilidade,,-1017246.34848195,4684977.44586189
14854,157,Avenida da Peregrinação,Parque das Nações,Passeio,BICICLETA,Cascata,1,6,Não,Público,Partilhado com Micromobilidade,,-1012531.66452831,4690530.35098298
14855,158,Avenida Aquilino Ribeiro Machado,Parque das Nações,Passeio,BICICLETA,Cascata,1,12,Sim,Público,Partilhado com Micromobilidade,,-1012894.98243091,4688596.67516574
14856,159,Avenida Aquilino Ribeiro Machado,Parque das Nações,Passeio,BICICLETA,Cascata,1,12,Sim,Público,Partilhado com Micromobilidade,,-1012922.64259043,4688596.55348899
14857,160,Avenida de Berlim,Parque das Nações,Passeio,BICICLETA,Cascata,1,12,Sim,Público,Partilhado com Micromobilidade,,-1012880.46860908,4688342.04215592
14858,161,Avenida de Berlim,Parque das Nações,Passeio,BICICLETA,Cascata,1,20,Sim,Público,Partilhado com Micromobilidade,,-1012910.70416434,4688344.4753935
14859,162,Avenida de Berlim,Parque das Nações,Passeio,BICICLETA,Cascata,1,12,Sim,Público,Partilhado com Micromobilidade,,-1012936.81378677,4688346.00420293
14860,163,Alameda dos Oceanos,Parque das Nações,Passeio,BICICLETA,Cascata,1,8,Não,Público,Partilhado com Micromobilidade,,-1012572.22160078,4688281.25304789
14861,164,Rua do Pólo Sul,Parque das Nações,Passeio,BICICLETA,Sheffield standard,7,14,Não,Público,Partilhado com Micromobilidade,,-1012675.15561487,4688047.27816917
14862,165,"Boqueirão do Duro, 46",Misericórdia,Lugar estacionamento automóvel,BICICLETA,Sheffield standard,5,10,Não,Público,Partilhado com Micromobilidade,,-1018737.9850289,4679999.66261074
14863,167,"Avenida Praia da Vitória, 35B",Arroios,Lugar estacionamento automóvel,BICICLETA,Sheffield standard,5,10,Não,Público,Partilhado com Micromobilidade,,-1017833.02147824,4683628.93744299
14864,168,Rua de Pascoal de Melo,Arroios,Via,BICICLETA,Sheffield standard,4,8,Não,Público,Partilhado com Micromobilidade,,-1017131.07697363,4683259.59100682
14865,169,"Avenida Praia da Vitória, 1B",Arroios,Lugar estacionamento automóvel,BICICLETA,Sheffield standard,5,10,Não,Público,Partilhado com Micromobilidade,,-1017643.25569873,4683664.01435365
14866,170,Passeio de Neptuno,Parque das Nações,Passeio,BICICLETA,Cascata,1,8,Não,Público,Partilhado com Micromobilidade,,-1012314.1102396,4686936.4273039
14867,171,Passeio de Neptuno,Parque das Nações,Passeio,BICICLETA,Cascata,1,8,Não,Público,Partilhado com Micromobilidade,,-1012336.29203752,4686806.85003368
14868,172,"Rua Gaivotas em Terra, Escola",Parque das Nações,Passeio,BICICLETA,Cascata,1,8,Não,Público,Partilhado com Micromobilidade,,-1012674.48119898,4686611.68024598
14869,175,Eixo Central,Lumiar,Passeio,BICICLETA,Onda,3,15,Não,Público,Partilhado com Micromobilidade,5/18/2013 12:00:00 AM,-1018256.87422739,4689777.83329362
14870,176,Eixo Central,Lumiar,Passeio,BICICLETA,Onda,3,15,Não,Público,Partilhado com Micromobilidade,5/18/2013 12:00:00 AM,-1018283.72550471,4689786.4205284
14871,177,Eixo Central,Lumiar,Passeio,BICICLETA,Onda,3,15,Não,Público,Partilhado com Micromobilidade,5/18/2013 12:00:00 AM,-1018322.70071062,4689664.04024913
14872,178,Eixo Central,Lumiar,Passeio,BICICLETA,Onda,3,15,Não,Público,Partilhado com Micromobilidade,5/18/2013 12:00:00 AM,-1018295.84972551,4689655.45321449
14873,179,Eixo Central,Lumiar,Passeio,BICICLETA,Onda,3,15,Não,Público,Partilhado com Micromobilidade,5/18/2013 12:00:00 AM,-1018329.64727288,4689549.33019084
14874,180,Eixo Central,Lumiar,Passeio,BICICLETA,Onda,3,15,Não,Público,Partilhado com Micromobilidade,5/18/2013 12:00:00 AM,-1018356.4980046,4689557.91705193
14875,181,Eixo Central,Lumiar,Passeio,BICICLETA,Onda,3,15,Não,Público,Partilhado com Micromobilidade,5/18/2013 12:00:00 AM,-1018394.9289405,4689344.54666811
14876,182,Eixo Central,Lumiar,Passeio,BICICLETA,Onda,3,15,Não,Público,Partilhado com Micromobilidade,5/18/2013 12:00:00 AM,-1018421.77918332,4689353.13319414
14877,383,"Avenida dos Defensores de Chaves, 23",Arroios,Lugar estacionamento automóvel,HOTSPOT,Sheffield standard,2,9,Não,Público,Partilhado com Micromobilidade,5/14/2019 12:00:00 AM,-1017824.19052667,4683729.75128995
14878,384,"Avenida dos Defensores de Chaves, 12 ",Arroios,Lugar estacionamento automóvel,HOTSPOT,Sheffield standard,2,9,Não,Público,Partilhado com Micromobilidade,5/14/2019 12:00:00 AM,-1017791.18300048,4683555.5701013
14879,385,"Avenida dos Defensores de Chaves, 45",Avenidas Novas,Lugar estacionamento automóvel,HOTSPOT,Sheffield standard,2,9,Não,Público,Partilhado com Micromobilidade,5/6/2019 12:00:00 AM,-1017896.20319965,4684046.78342734
14880,387,Avenida dos Defensores de Chaves,Avenidas Novas,Lugar estacionamento automóvel,HOTSPOT,Sheffield standard,2,9,Não,Público,Partilhado com Micromobilidade,5/6/2019 12:00:00 AM,-1017940.44460754,4684280.18739665
14881,388,"Avenida dos Defensores de Chaves, 42",Avenidas Novas,Lugar estacionamento automóvel,HOTSPOT,Sheffield standard,2,9,Não,Público,Partilhado com Micromobilidade,5/6/2019 12:00:00 AM,-1017938.30525351,4684399.43506433
14882,389,"Rua Eiffel, 2A",Avenidas Novas,Lugar estacionamento automóvel,HOTSPOT,Sheffield standard,2,9,Não,Público,Partilhado com Micromobilidade,5/6/2019 12:00:00 AM,-1017809.74931927,4684433.96165952
14883,390,"Rua de Dona Filipa de Vilhena, 12",Areeiro,Lugar estacionamento automóvel,HOTSPOT,Sheffield standard,2,9,Não,Público,Partilhado com Micromobilidade,5/6/2019 12:00:00 AM,-1017669.64281492,4684037.7318561
14884,391,"Rua de Dona Filipa de Vilhena, 2B",Avenidas Novas,Lugar estacionamento automóvel,HOTSPOT,Sheffield standard,2,9,Não,Público,Partilhado com Micromobilidade,5/21/2019 12:00:00 AM,-1017652.25010162,4683852.02970591
14885,394,"Avenida Duque d' Ávila, 72",Avenidas Novas,Lugar estacionamento automóvel,HOTSPOT,Sheffield standard,2,9,Não,Público,Partilhado com Micromobilidade,5/10/2019 12:00:00 AM,-1018546.64898806,4683786.34290904
14886,183,Eixo Central,Lumiar,Passeio,BICICLETA,Onda,3,15,Não,Público,Partilhado com Micromobilidade,5/18/2013 12:00:00 AM,-1018442.23853932,4689288.80554063
14887,184,"Calçada da Ajuda, 236",Ajuda,Passeio,BICICLETA,Sheffield standard,4,8,Não,Público,Partilhado com Micromobilidade,6/4/2018 12:00:00 AM,-1024045.56504709,4679613.50031494
14888,185,"Passeio dos Heróis do Mar, 14",Parque das Nações,Passeio,BICICLETA,Cascata,1,8,Não,Público,Partilhado com Micromobilidade,,-1012372.98544279,4691001.53740844
14889,186,"Rua da Ilha dos Amores, 59",Parque das Nações,Passeio,BICICLETA,Cascata,1,12,Não,Público,Partilhado com Micromobilidade,,-1012470.45514535,4690567.63633846
14890,350,"Avenida António Augusto de Aguiar, 104",Avenidas Novas,Lugar estacionamento automóvel,HOTSPOT,Sheffield standard,2,9,Não,Público,Partilhado com Micromobilidade,5/14/2019 12:00:00 AM,-1018807.14419339,4683408.10381957
14891,351,"Rua Tomás Ribeiro, 56",Avenidas Novas,Lugar estacionamento automóvel,HOTSPOT,Sheffield standard,2,9,Não,Público,Partilhado com Micromobilidade,5/14/2019 12:00:00 AM,-1018627.89741038,4683387.53017425
14892,352,"Avenida Manuel da Maia, Universidade",Areeiro,Lugar estacionamento automóvel,HOTSPOT,Sheffield standard,2,9,Não,Público,Partilhado com Micromobilidade,5/2/2019 12:00:00 AM,-1017108.60887773,4684081.49685594
14893,353,"Avenida Visconde de Valmor, 11",Avenidas Novas,Lugar estacionamento automóvel,HOTSPOT,Sheffield standard,2,9,Não,Público,Partilhado com Micromobilidade,5/6/2019 12:00:00 AM,-1017895.26164262,4684298.36703652
14894,2050,"Avenida de Brasília, Museu",Belém,Lugar estacionamento automóvel,HOTSPOT,Sheffield standard,2,9,Não,Público,Partilhado com Micromobilidade,10/20/2022 12:00:00 AM,-1025025.09498661,4677956.56873007
14895,355,"Campo Pequeno, 51",Areeiro,Lugar estacionamento automóvel,HOTSPOT,Sheffield standard,2,9,Não,Público,Partilhado com Micromobilidade,5/6/2019 12:00:00 AM,-1017857.11640305,4684790.25005797
14896,356,"Praça da Ilha do Faial, 18",Arroios,Lugar estacionamento automóvel,HOTSPOT,Sheffield standard,2,9,Não,Público,Partilhado com Micromobilidade,5/19/2019 12:00:00 AM,-1017554.37602275,4683404.06802201
14897,357,"Avenida João Crisóstomo, 12",Avenidas Novas,Lugar estacionamento automóvel,HOTSPOT,Sheffield standard,2,9,Não,Público,Partilhado com Micromobilidade,5/8/2019 12:00:00 AM,-1017918.97387419,4683975.10705129
14898,358,"Avenida João Crisóstomo, 22A",Avenidas Novas,Lugar estacionamento automóvel,HOTSPOT,Sheffield standard,2,9,Não,Público,Partilhado com Micromobilidade,5/8/2019 12:00:00 AM,-1018012.94421049,4683965.3582402
14899,359,"Rua Latino Coelho, 31",Avenidas Novas,Lugar estacionamento automóvel,HOTSPOT,Sheffield standard,2,9,Não,Público,Partilhado com Micromobilidade,5/10/2019 12:00:00 AM,-1018398.61846534,4683412.99743988
14900,187,Passeio dos Heróis do Mar,Parque das Nações,Passeio,BICICLETA,Cascata,1,8,Não,Público,Partilhado com Micromobilidade,,-1012279.14036191,4690586.27757023
14901,188,"Passeio das Garças, 14",Parque das Nações,Passeio,BICICLETA,Sheffield standard,5,10,Não,Público,Partilhado com Micromobilidade,,-1012576.02508087,4690344.90616515
14902,189,Eixo Central,Lumiar,Passeio,BICICLETA,Onda,3,15,Não,Público,Partilhado com Micromobilidade,5/18/2013 12:00:00 AM,-1018415.38857819,4689280.2191183
14903,190,Eixo Central,Lumiar,Passeio,BICICLETA,Onda,3,15,Não,Público,Partilhado com Micromobilidade,5/18/2013 12:00:00 AM,-1018433.96079198,4689221.82500004
14904,191,Eixo Central,Lumiar,Passeio,BICICLETA,Onda,3,15,Não,Público,Partilhado com Micromobilidade,5/18/2013 12:00:00 AM,-1018460.81074175,4689230.41132553
14905,192,Eixo Central,Lumiar,Passeio,BICICLETA,Onda,2,10,Não,Público,Partilhado com Micromobilidade,5/18/2013 12:00:00 AM,-1018433.9701154,4688992.76150392
14906,193,Eixo Central,Lumiar,Passeio,BICICLETA,Onda,2,10,Não,Público,Partilhado com Micromobilidade,5/18/2013 12:00:00 AM,-1018478.12453448,4688989.70798222
14907,197,Calçada dos Barbadinhos,São Vicente,,BICICLETA,,,,Não,Privado,Interdito Micromobilidade,,-1015300.68221192,4681477.70746252
14908,198,Rua Chen He,Parque das Nações,Passeio,BICICLETA,Cascata,1,8,Não,Público,Partilhado com Micromobilidade,,-1012208.03576989,4691258.82761261
14909,200,"Rua Duarte Pacheco Pereira, 11D",Belém,Passeio,BICICLETA,Grelha,1,5,Não,Público,Partilhado com Micromobilidade,,-1026169.17155351,4678596.14734045
14910,201,Praça do Império,Belém,Passeio,BICICLETA,Entorta rodas,1,6,Não,Privado,Interdito Micromobilidade,,-1026019.13265778,4677666.7512202
14911,202,Avenida da Torre de Belém,Belém,Passeio,BICICLETA,Entorta rodas,1,6,Não,Público,Partilhado com Micromobilidade,,-1025834.38286509,4678123.3487733
14912,203,Avenida Álvares Cabral,Campo de Ourique,Lugar estacionamento automóvel,BICICLETA,Sheffield standard,4,8,Não,Público,Partilhado com Micromobilidade,8/3/2018 12:00:00 AM,-1019508.98856069,4681112.70973674
14913,204,"Rua João de Oliveira Miguens, 84",Estrela,Passeio,BICICLETA,Sheffield standard,3,6,Não,Público,Partilhado com Micromobilidade,,-1021221.00325466,4679659.35665733
14914,205,Largo do Chiado,Santa Maria Maior,Passeio,BICICLETA,Sheffield estreito,5,10,Não,Público,Partilhado com Micromobilidade,,-1017692.06861882,4680266.39339585
14915,206,"Passeio da Vila Expo, 2",Parque das Nações,Passeio,BICICLETA,Sheffield standard,5,10,Não,Público,Partilhado com Micromobilidade,,-1012461.29945907,4690285.71797193
14916,208,Alameda dos Oceanos,Parque das Nações,Passeio,BICICLETA,Sheffield standard,4,8,Não,Público,Partilhado com Micromobilidade,,-1012485.98250427,4689411.51627956
14917,209,"Rua Bartolomeu Dias, 82",Belém,Passeio,BICICLETA,Entorta rodas,1,6,Não,Público,Partilhado com Micromobilidade,,-1025359.14642692,4678210.17926755
14918,210,Largo dos Jerónimos,Belém,Passeio,BICICLETA,Entorta rodas,1,6,Não,Público,Partilhado com Micromobilidade,,-1024627.35896131,4678474.05420374
14919,211,"Rua Vieira Portuense, 92",Belém,Passeio,BICICLETA,Grelha,1,5,Não,Público,Interdito Micromobilidade,,-1024520.59662607,4678338.91239849
14920,212,"Rua dos Lusíadas, 13",Alcântara,Passeio,BICICLETA,Entorta rodas,1,5,Não,Público,Partilhado com Micromobilidade,,-1021808.50342236,4679568.9468355
14921,213,"Estrada de Caselas
",Belém,Lugar estacionamento automóvel,BICICLETA,Sheffield estilizado,5,10,Não,Privado,Interdito Micromobilidade,,-1024780.97522272,4680205.11409013
14922,216,Alameda dos Oceanos,Parque das Nações,Passeio,BICICLETA,Entorta rodas,1,5,Não,Público,Partilhado com Micromobilidade,,-1012535.41905074,4689387.71637402
14923,217,Avenida D. João II,Parque das Nações,Passeio,BICICLETA,Entorta rodas,1,5,Não,Público,Partilhado com Micromobilidade,,-1012662.80110642,4689376.33935093
14924,218,"Avenida D. João II, 43",Parque das Nações,Passeio,BICICLETA,Cascata,1,8,Não,Público,Partilhado com Micromobilidade,,-1012760.78334843,4689033.04501743
14925,219,"Alameda dos Oceanos, 2.14.01",Parque das Nações,Passeio,BICICLETA,Sheffield standard,5,10,Não,Público,Partilhado com Micromobilidade,,-1012493.56831655,4688824.35124295
14926,220,"Alameda dos Oceanos, 49",Parque das Nações,Passeio,BICICLETA,Sheffield standard,5,10,Não,Público,Partilhado com Micromobilidade,,-1012520.67080078,4688461.53003987
14927,221,"Alameda dos Oceanos, 49",Parque das Nações,Passeio,BICICLETA,Sheffield standard,5,10,Não,Público,Partilhado com Micromobilidade,,-1012524.30698494,4688397.8775876
14928,222,Alameda dos Oceanos,Parque das Nações,Passeio,BICICLETA,Cascata,1,12,Não,Público,Partilhado com Micromobilidade,,-1012571.62565795,4688402.05560696
14929,223,Alameda dos Oceanos,Parque das Nações,Passeio,BICICLETA,Cascata,1,12,Não,Público,Partilhado com Micromobilidade,,-1012565.0419406,4688485.15207643
14930,224,"Alameda dos Oceanos, 47",Parque das Nações,Passeio,BICICLETA,Entorta rodas,1,9,Não,Público,Partilhado com Micromobilidade,,-1012578.05143676,4688239.33856575
14931,225,Rossio dos Olivais,Parque das Nações,Passeio,BICICLETA,Cascata,1,8,Não,Público,Partilhado com Micromobilidade,,-1012152.91312791,4688416.68791059
14932,226,Jardim Garcia de Orta ao Parque das Nações,Parque das Nações,Passeio,BICICLETA,Sheffield standard,4,8,Não,Público,Partilhado com Micromobilidade,,-1012147.99490564,4688768.57835943
14933,228,"Alameda dos Oceanos, 2.11.01",Parque das Nações,Passeio,BICICLETA,Entorta rodas,2,10,Sim,Público,Partilhado com Micromobilidade,,-1012503.39349993,4687859.54805668
14934,229,"Alameda dos Oceanos, 2.11.01",Parque das Nações,Passeio,BICICLETA,Sheffield standard,3,6,Não,Público,Partilhado com Micromobilidade,,-1012548.49084825,4688011.34366145
14935,230,"Alameda dos Oceanos, 43B",Parque das Nações,Passeio,BICICLETA,Entorta rodas,1,5,Não,Público,Partilhado com Micromobilidade,,-1012598.67591832,4687888.70142801
14936,231,"Avenida do Mediterrâneo, 2",Parque das Nações,Passeio,BICICLETA,Cascata,1,12,Não,Público,Partilhado com Micromobilidade,,-1012614.59338205,4687783.15215152
14937,232,"Rua do Arco do Cego, 75",Avenidas Novas,Lugar estacionamento automóvel,BICICLETA,Onda,2,10,Não,Público,Partilhado com Micromobilidade,,-1017780.54775615,4684575.46262676
14938,233,"Avenida Elias Garcia, 1D ",Avenidas Novas,Via,BICICLETA,Sheffield standard,3,6,Não,Público,Partilhado com Micromobilidade,8/11/2018 12:00:00 AM,-1017769.94436636,4684458.40084085
14939,234,"Avenida Magalhães Lima, Escola",Areeiro,Passeio,BICICLETA,Sheffield estreito,5,10,Não,Público,Partilhado com Micromobilidade,,-1017488.57830288,4684424.7819855
14940,235,"Avenida Magalhães Lima, Escola",Areeiro,Passeio,BICICLETA,Entorta rodas,1,10,Não,Público,Partilhado com Micromobilidade,,-1017502.22467739,4684464.42751433
14941,236,"Avenida de Roma, 9",Areeiro,Passeio,BICICLETA,Sheffield estreito,3,6,Não,Público,Partilhado com Micromobilidade,,-1017304.59200004,4684920.88179777
14942,238,Rua Dom Jerónimo Osório,Belém,Passeio,BICICLETA,Sheffield estreito,6,12,Não,Público,Partilhado com Micromobilidade,,-1026853.07981184,4678636.57674683
14943,239,"Avenida de Brasília, 1",Belém,Via,BICICLETA,Sheffield standard,5,10,Não,Público,Partilhado com Micromobilidade,6/18/2018 12:00:00 AM,-1026887.89144217,4678261.13809743
14944,240,"Avenida de Brasília, 2",Belém,Via,BICICLETA,Sheffield standard,5,10,Não,Público,Partilhado com Micromobilidade,6/17/2018 12:00:00 AM,-1026240.01782724,4677869.1208252
14945,241,Avenida Frei Miguel Contreiras,Alvalade,Passeio,BICICLETA,Sheffield estreito,3,6,Não,Público,Partilhado com Micromobilidade,,-1017395.11051042,4685292.40913139
14946,242,"Rua João Saraiva, 1",Alvalade,Passeio,BICICLETA,Entorta rodas,1,5,Sim,Privado,Interdito Micromobilidade,,-1017554.6358942,4686922.66032503
14947,243,"Avenida de Roma, 7",Alvalade,Passeio,BICICLETA,Sheffield estreito,3,6,Não,Público,Partilhado com Micromobilidade,,-1017964.87200026,4686395.90582868
14948,244,Alameda da Universidade,Alvalade,Via,BICICLETA,Sheffield estreito,3,6,Não,Público,Partilhado com Micromobilidade,,-1019172.09522685,4686354.25113146
14949,245,Alameda da Universidade,Alvalade,Passeio,BICICLETA,Sheffield standard,5,10,Não,Público,Partilhado com Micromobilidade,,-1019338.8408307,4686277.90736275
14950,246,Alameda da Universidade,Alvalade,Passeio,BICICLETA,Sheffield standard,5,10,Não,Público,Partilhado com Micromobilidade,,-1019435.26552047,4686429.43741384
14951,247,Alameda da Universidade,Alvalade,Passeio,BICICLETA,Sheffield standard,5,10,Não,Privado,Interdito Micromobilidade,,-1019491.97584689,4686494.81000075
14952,248,"Calçada da Estação, Estação",Campolide,Passeio,BICICLETA,Sheffield estreito,5,10,Sim,Público,Partilhado com Micromobilidade,,-1020582.87641671,4683401.32917784
14953,249,Avenida de Brasília,Belém,Via,BICICLETA,Sheffield standard,4,8,Não,Público,Partilhado com Micromobilidade,1/28/2018 12:00:00 AM,-1024839.28298366,4677995.50261372
14954,250,"Avenida da Índia, Museu",Belém,Passeio,BICICLETA,Grelha,3,6,Não,Privado,Interdito Micromobilidade,,-1023860.07549106,4678356.36473148
14955,251,"Avenida Álvares Cabral, 102",Campo de Ourique,Passeio,BICICLETA,Sheffield standard,3,6,Não,Público,Partilhado com Micromobilidade,11/16/2018 12:00:00 AM,-1019428.83045868,4681250.67793212
14956,252,"Avenida Álvares Cabral, 44",Campo de Ourique,Via,BICICLETA,Sheffield standard,2,4,Não,Público,Partilhado com Micromobilidade,8/3/2018 12:00:00 AM,-1019335.52279807,4681412.07503603
14957,253,Largo Duque do Cadaval,Santa Maria Maior,Passeio,BICICLETA,Sheffield estreito,5,10,Não,Público,Partilhado com Micromobilidade,,-1017533.46694389,4680787.12382909
14958,254,"Praça Afonso de Albuquerque, 3",Belém,Passeio,BICICLETA,Grelha,1,8,Não,Público,Partilhado com Micromobilidade,,-1024315.81055141,4678374.88657981
14959,255,Avenida de Brasília,Belém,Via,BICICLETA,Lisboa,14,28,Não,Público,Partilhado com Micromobilidade,,-1023397.45344066,4678268.45256637
14960,256,Jardim Guerra Junqueiro,Estrela,Passeio,BICICLETA,Sheffield estilizado,1,10,Não,Privado,Interdito Micromobilidade,,-1019565.84806387,4681020.76366604
14961,257,Praça do Duque de Saldanha,Avenidas Novas,Passeio,BICICLETA,Sheffield standard,2,4,Não,Público,Partilhado com Micromobilidade,11/30/2018 12:00:00 AM,-1018073.8082075,4683582.21167628
14962,258,Praça do Duque de Saldanha,Avenidas Novas,Passeio,BICICLETA,Sheffield standard,2,4,Não,Público,Partilhado com Micromobilidade,11/30/2018 12:00:00 AM,-1018072.81229162,4683577.22134918
14963,260,"Avenida Marquês de Tomar, 91
",Avenidas Novas,Lugar estacionamento automóvel,BICICLETA,Sheffield standard,4,8,Não,Público,Partilhado com Micromobilidade,12/4/2018 12:00:00 AM,-1018564.90618364,4684252.88193816
14964,261,"Rua Filipe da Mata, 158
",Avenidas Novas,Lugar estacionamento automóvel,BICICLETA,Sheffield standard,4,8,Não,Público,Partilhado com Micromobilidade,12/20/2018 12:00:00 AM,-1019943.30395233,4684670.54407391
14965,262,"Rua Filipe da Mata, 64
",Avenidas Novas,Via,BICICLETA,Sheffield standard,3,6,Não,Público,Partilhado com Micromobilidade,12/20/2018 12:00:00 AM,-1019501.49271398,4684694.91604367
14966,263,"Rua Filipe da Mata, 22A
",Avenidas Novas,Lugar estacionamento automóvel,BICICLETA,Sheffield standard,5,10,Não,Público,Partilhado com Micromobilidade,1/25/2023 12:00:00 AM,-1019371.6027687,4684701.16845903
14967,264,"Rua Filipe da Mata, 5
",Avenidas Novas,Via,BICICLETA,Sheffield standard,3,6,Não,Público,Partilhado com Micromobilidade,12/20/2018 12:00:00 AM,-1019264.53942228,4684695.88018514
14968,265,"Rua Portugal Durão, 66
",Avenidas Novas,Via,BICICLETA,Sheffield standard,2,4,Não,Público,Partilhado com Micromobilidade,12/28/2018 12:00:00 AM,-1019572.84218485,4685016.74819718
14969,266,"Rua Cardeal Mercier
",Avenidas Novas,Lugar estacionamento automóvel,BICICLETA,Sheffield standard,4,8,Não,Público,Partilhado com Micromobilidade,12/28/2018 12:00:00 AM,-1019457.03468318,4684872.80529253
14970,267,"Rua Cardeal Mercier, 4
",Avenidas Novas,Via,BICICLETA,Sheffield standard,3,6,Não,Público,Partilhado com Micromobilidade,12/27/2018 12:00:00 AM,-1019432.99027691,4684879.60681506
14971,268,"Rua Carlos Reis, 44 
",Avenidas Novas,Via,BICICLETA,Sheffield standard,3,6,Não,Público,Partilhado com Micromobilidade,12/28/2018 12:00:00 AM,-1019353.04934627,4684928.94420838
14972,270,Calçada da Tapada,Alcântara,Passeio,BICICLETA,Sheffield standard,3,6,Não,Público,Partilhado com Micromobilidade,12/13/2018 12:00:00 AM,-1022465.39148205,4679607.66675409
14973,2087,"Travessa de Dom Vasco, 32B",Ajuda,Passeio,HOTSPOT,,0,10,Não,Público,Dedicado Micromobilidade,4/17/2023 12:00:00 AM,-1023858.41607347,4679180.1869184
14974,271,Rua Jau,Alcântara,Passeio,BICICLETA,Sheffield standard,4,8,Não,Público,Partilhado com Micromobilidade,12/17/2018 12:00:00 AM,-1022466.0570736,4679416.36211756
14975,272,"Praça das Indústrias, Centro de Congressos",Alcântara,Passeio,HOTSPOT,Sheffield standard,2,9,Não,Público,Partilhado com Micromobilidade,2/20/2019 12:00:00 AM,-1022287.20414876,4678584.12574671
14976,273,"Rua da Cozinha Económica, 30K ",Alcântara,Passeio,BICICLETA,Sheffield standard,3,6,Não,Público,Partilhado com Micromobilidade,1/18/2019 12:00:00 AM,-1021492.66338995,4679388.80131114
14977,274,"Rua da Cozinha Económica, 30K ",Alcântara,Passeio,BICICLETA,Sheffield standard,2,4,Não,Público,Partilhado com Micromobilidade,1/18/2019 12:00:00 AM,-1021487.04591231,4679381.04727264
14978,275,"Avenida Almirante Reis, 3B",Arroios,Passeio,BICICLETA,Sheffield standard,2,4,Não,Público,Partilhado com Micromobilidade,1/7/2019 12:00:00 AM,-1016967.78178738,4681741.61433679
14979,276,"Avenida Almirante Reis, 18",Arroios,Passeio,BICICLETA,Sheffield standard,2,4,Não,Público,Partilhado com Micromobilidade,1/7/2019 12:00:00 AM,-1016935.32453051,4681922.60302054
14980,277,"Avenida Almirante Reis, 20",Arroios,Passeio,BICICLETA,Sheffield standard,2,4,Não,Público,Partilhado com Micromobilidade,1/7/2019 12:00:00 AM,-1016928.95243863,4681976.85382027
14981,278,"Avenida Almirante Reis, 25",Arroios,Passeio,BICICLETA,Sheffield standard,3,6,Não,Público,Partilhado com Micromobilidade,1/7/2019 12:00:00 AM,-1016951.20340968,4681981.93600987
14982,279,"Rua da Palma, 159",Santa Maria Maior,Passeio,BICICLETA,Sheffield standard,2,4,Não,Público,Partilhado com Micromobilidade,1/8/2019 12:00:00 AM,-1017004.31231314,4681274.73345702
14983,280,"Travessa Cidadão João Gonçalves, 20",Arroios,Via,BICICLETA,Sheffield standard,2,4,Não,Público,Partilhado com Micromobilidade,1/9/2019 12:00:00 AM,-1016930.59419005,4681835.96043885
14984,281,"Avenida Almirante Reis, 17",Arroios,Lugar estacionamento automóvel,BICICLETA,Sheffield standard,3,6,Não,Público,Partilhado com Micromobilidade,,-1016954.51231682,4681892.1384732
14985,282,"Rua Julieta Ferrão
",Avenidas Novas,Passeio,BICICLETA,Sheffield standard,4,8,Não,Público,Partilhado com Micromobilidade,12/3/2018 12:00:00 AM,-1018994.36991656,4685226.31840331
14986,283,"Avenida Guerra Junqueiro, 23",Areeiro,Via,BICICLETA,Sheffield standard,2,4,Não,Público,Partilhado com Micromobilidade,4/10/2018 12:00:00 AM,-1017062.67747972,4684447.26479908
14987,284,"Avenida de Roma, 26",Areeiro,Passeio,BICICLETA,Sheffield estreito,3,6,Não,Público,Partilhado com Micromobilidade,,-1017329.24533109,4685170.34137392
14988,285,Avenida Frei Miguel Contreiras,Alvalade,Passeio,BICICLETA,Sheffield standard,5,10,Não,Público,Partilhado com Micromobilidade,,-1017377.58490158,4685275.55195273
14989,286,Campus de Campolide,Campolide,Passeio,BICICLETA,Sheffield standard,2,4,Não,Público,Partilhado com Micromobilidade,,-1019733.18647855,4683723.86774561
14990,287,"Rua C do Bairro da Liberdade, 70",Campolide,Passeio,BICICLETA,Lisboa,2,4,Não,Público,Partilhado com Micromobilidade,,-1020784.31257929,4683779.07327795
14991,288,Rua B do Bairro da Liberdade,Campolide,Passeio,BICICLETA,Lisboa,4,8,Não,Público,Partilhado com Micromobilidade,,-1020733.85338628,4683702.10099803
14992,289,Azinhaga dos Ulmeiros,Lumiar,Passeio,BICICLETA,Entorta rodas,1,6,Não,Público,Partilhado com Micromobilidade,,-1021171.9152316,4688605.27252142
14993,290,"Rua Rodriges Cabrilho
",Belém,Passeio,BICICLETA,Sheffield estreito,2,4,Não,Público,Partilhado com Micromobilidade,,-1025018.10975758,4679835.33253267
14994,291,Rua Prof. Mário Chicó,Lumiar,Passeio,BICICLETA,Onda,1,5,Não,Público,Partilhado com Micromobilidade,,-1020656.53093623,4687598.73046428
14995,292,"Estrada de Telheiras, 146",Lumiar,Passeio,BICICLETA,Onda,1,5,Não,Público,Partilhado com Micromobilidade,,-1020719.42067775,4687323.49259575
14996,293,Praça Ginásio Clube Português,Campo de Ourique,Passeio,BICICLETA,Cascata,2,10,Não,Público,Partilhado com Micromobilidade,,-1019310.1833917,4681866.13706859
14997,295,Avenida 24 de Julho,Estrela,Passeio,BICICLETA,Sheffield standard,5,10,Não,Público,Interdito Micromobilidade,,-1019118.17925641,4679687.89903109
14998,296,Avenida da Índia,Estrela,Passeio,BICICLETA,Sheffield standard,4,8,Não,Público,Interdito Micromobilidade,,-1021233.3246843,4679147.89265798
14999,297,Alameda Padre Álvaro Proença,Benfica,Passeio,BICICLETA,Sheffield standard,3,6,Não,Público,Partilhado com Micromobilidade,11/24/2018 12:00:00 AM,-1024528.10305574,4685805.47742787
15000,298,"Rua Amélia Rey Colaço, 7
",Benfica,Passeio,BICICLETA,Sheffield standard,3,6,Não,Público,Partilhado com Micromobilidade,11/29/2018 12:00:00 AM,-1024568.9971222,4686303.9900312
15001,299,"Rua Jorge Barradas, 57
",Benfica,Passeio,BICICLETA,Sheffield standard,3,6,Não,Público,Partilhado com Micromobilidade,11/23/2018 12:00:00 AM,-1024497.26176627,4686811.44314156
15002,300,Rua João Ortigão Ramos,Benfica,Passeio,BICICLETA,Sheffield standard,3,6,Não,Público,Partilhado com Micromobilidade,11/23/2018 12:00:00 AM,-1024331.5548087,4686904.09830031
15003,301,"Rua da Quinta do Charquinho
",Benfica,Passeio,BICICLETA,Sheffield standard,3,6,Não,Público,Partilhado com Micromobilidade,11/23/2018 12:00:00 AM,-1023925.45693198,4686859.86444713
15004,302,"Rua Jorge de Sena
",Santa Clara,Passeio,BICICLETA,Sheffield standard,5,10,Não,Público,Partilhado com Micromobilidade,11/27/2018 12:00:00 AM,-1019779.80025284,4690242.27940012
15005,303,"Azinhaga da Cidade
",Santa Clara,Passeio,BICICLETA,Sheffield standard,3,6,Não,Público,Partilhado com Micromobilidade,11/29/2018 12:00:00 AM,-1019650.13572175,4690191.90426864
15006,304,"Avenida Sérgio Vieira de Mello
",Santa Clara,Passeio,BICICLETA,Sheffield standard,3,6,Não,Público,Partilhado com Micromobilidade,11/29/2018 12:00:00 AM,-1018502.33926761,4690342.20943231
15007,305,Estrada Militar,Santa Clara,Passeio,BICICLETA,Sheffield standard,5,10,Não,Público,Partilhado com Micromobilidade,11/29/2018 12:00:00 AM,-1018620.71298924,4691664.14512579
15008,306,"Campo das Amoreiras, Junta de Freguesia_x000D_
",Santa Clara,Passeio,BICICLETA,Sheffield standard,3,6,Não,Público,Partilhado com Micromobilidade,11/29/2018 12:00:00 AM,-1017699.53352957,4691128.99460034
15009,307,"Campo das Cebolas_x000D_
",Santa Maria Maior,Via,BICICLETA,Sheffield standard,4,8,Sim,Público,Interdito Micromobilidade,12/8/2018 12:00:00 AM,-1016512.03998865,4680047.18484215
15010,308,"Rua Jau, 61",Alcântara,Passeio,BICICLETA,Sheffield standard,7,14,Não,Privado,Interdito Micromobilidade,12/13/2018 12:00:00 AM,-1022825.36508787,4679089.10332955
15011,310,"Rua Latino Coelho, 24",Avenidas Novas,Lugar estacionamento automóvel,BICICLETA,Sheffield standard,2,4,Não,Público,Partilhado com Micromobilidade,8/11/2018 12:00:00 AM,-1018573.81067587,4683513.08252477
15012,311,"Rua Damião de Gois, 3D",Belém,Via,HOTSPOT,Sheffield standard,4,13,Não,Público,Partilhado com Micromobilidade,2/20/2019 12:00:00 AM,-1026959.69047027,4678525.93939722
15013,312,"Praça das Indústrias, Centro de Congressos",Alcântara,Passeio,BICICLETA,Sheffield standard,6,12,Não,Público,Partilhado com Micromobilidade,1/29/2019 12:00:00 AM,-1022312.96316487,4678696.6493752
15014,313,"Rua Martens Ferrão, 11",Avenidas Novas,Passeio,BICICLETA,Sheffield standard,9,18,Não,Público,Partilhado com Micromobilidade,,-1018416.2483234,4682978.07517448
15015,2538,Avenida Infante Dom Henrique,São Vicente,Passeio,HOTSPOT,,0,20,Não,Público,Dedicado Micromobilidade,11/29/2024 12:00:00 AM,-1015519.95445429,4680687.8930501
15016,314,"Rua Viriato, 12",Avenidas Novas,Passeio,BICICLETA,Sheffield standard,5,10,Não,Público,Partilhado com Micromobilidade,,-1018358.91089077,4683122.5742516
15017,315,"Rua Viriato, 13H",Avenidas Novas,Passeio,BICICLETA,Sheffield standard,4,8,Não,Público,Partilhado com Micromobilidade,,-1018362.74318184,4683147.52869609
15018,316,"Rua Viriato, 24",Avenidas Novas,Passeio,BICICLETA,Sheffield standard,4,8,Não,Público,Partilhado com Micromobilidade,,-1018324.39920434,4683217.84636156
15019,317,"Rua Viriato, 29A",Avenidas Novas,Passeio,BICICLETA,Sheffield standard,4,8,Não,Público,Partilhado com Micromobilidade,,-1018267.81593767,4683338.87273395
15020,318,Rua Viriato,Avenidas Novas,Passeio,BICICLETA,Sheffield standard,5,10,Não,Público,Partilhado com Micromobilidade,,-1018229.15300958,4683472.4549253
15021,319,"Praça do Marquês de Pombal, 12",Santo António,Passeio,HOTSPOT,Sheffield standard,4,13,Não,Público,Partilhado com Micromobilidade,3/16/2019 12:00:00 AM,-1018506.68558124,4682476.53376737
15022,320,Praça do Marquês de Pombal,Santo António,Passeio,HOTSPOT,Sheffield standard,2,9,Não,Público,Partilhado com Micromobilidade,3/16/2019 12:00:00 AM,-1018486.89311138,4682388.3027626
15023,321,"Rua de Diogo Cão, 20",Alcântara,Passeio,BICICLETA,Sheffield standard,3,6,Não,Público,Partilhado com Micromobilidade,1/29/2019 12:00:00 AM,-1023150.72396908,4679115.5167876
15024,322,Avenida de Brasília,Belém,Via,HOTSPOT,Sheffield standard,4,13,Não,Público,Partilhado com Micromobilidade,1/28/2018 12:00:00 AM,-1024849.24267555,4677863.15799334
15025,323,"Rua Fernão Lopes, 1",Arroios,Lugar estacionamento automóvel,HOTSPOT,Sheffield standard,2,4,Não,Público,Partilhado com Micromobilidade,5/21/2019 12:00:00 AM,-1017880.98890362,4683471.05549905
15026,324,"Rua Chaby Pinheiro, 21",Avenidas Novas,Lugar estacionamento automóvel,HOTSPOT,Sheffield standard,2,9,Não,Público,Partilhado com Micromobilidade,5/6/2019 12:00:00 AM,-1018142.43521127,4685138.75807014
15027,325,"Rua de Entrecampos, 1",Avenidas Novas,Lugar estacionamento automóvel,HOTSPOT,Sheffield standard,2,9,Não,Público,Partilhado com Micromobilidade,5/6/2019 12:00:00 AM,-1017989.60659642,4685050.12115304
15028,326,"Rua Sousa Martins, 1A",Arroios,Lugar estacionamento automóvel,HOTSPOT,Sheffield standard,2,9,Não,Público,Partilhado com Micromobilidade,5/19/2019 12:00:00 AM,-1018210.32317953,4682817.58705671
15029,328,"Avenida dos Defensores de Chaves, 33 C",Avenidas Novas,Lugar estacionamento automóvel,HOTSPOT,Sheffield standard,2,9,Não,Público,Partilhado com Micromobilidade,5/14/2019 12:00:00 AM,-1017852.08454868,4683878.72538865
15030,329,"Rua de Santa Marta, 80",Santo António,Lugar estacionamento automóvel,HOTSPOT,Sheffield standard,2,9,Não,Público,Partilhado com Micromobilidade,5/19/2019 12:00:00 AM,-1018256.81418221,4682539.27815519
15031,330,"Rua Filipe Folque, 24A",Avenidas Novas,Lugar estacionamento automóvel,HOTSPOT,Sheffield standard,2,9,Não,Público,Partilhado com Micromobilidade,5/10/2019 12:00:00 AM,-1018486.02992855,4683436.05121448
15032,2088,Calçada da Ajuda,Ajuda,Passeio,HOTSPOT,,0,10,Não,Público,Dedicado Micromobilidade,4/17/2023 12:00:00 AM,-1024015.70654768,4679748.79400943
15033,331,"Rua Filipe Folque, 1",Avenidas Novas,Lugar estacionamento automóvel,HOTSPOT,Sheffield standard,2,9,Não,Público,Partilhado com Micromobilidade,5/14/2019 12:00:00 AM,-1018640.99574797,4683192.27980739
15034,332,"Avenida António Augusto de Aguiar, 3",Avenidas Novas,Lugar estacionamento automóvel,HOTSPOT,Sheffield standard,2,9,Não,Público,Partilhado com Micromobilidade,5/21/2019 12:00:00 AM,-1018458.84874235,4682830.49562516
15035,333,"Rua Camilo Castelo Branco, 43",Santo António,Lugar estacionamento automóvel,HOTSPOT,Sheffield standard,2,9,Não,Público,Partilhado com Micromobilidade,5/19/2019 12:00:00 AM,-1018401.92640233,4682490.43375653
15036,334,Largo de Andaluz,Arroios,Lugar estacionamento automóvel,HOTSPOT,Sheffield standard,2,9,Não,Público,Partilhado com Micromobilidade,5/19/2019 12:00:00 AM,-1018314.24663363,4682809.52564124
15037,335,"Praça José Fontana, 4",Arroios,Lugar estacionamento automóvel,BICICLETA,Sheffield standard,2,4,Não,Público,Partilhado com Micromobilidade,6/1/2022 12:00:00 AM,-1017887.29352664,4682985.11071874
15038,658,Avenida Aquilino Ribeiro Machado,Parque das Nações,Passeio,BICICLETA,Cascata,1,12,Sim,Público,Partilhado com Micromobilidade,,-1012862.48153289,4688596.99108023
15039,659,Praça de Dom Luís I,Misericórdia,Passeio,BICICLETA,Sheffield standard,4,8,Não,Público,Partilhado com Micromobilidade,2/15/2019 12:00:00 AM,-1018168.00990465,4679833.37703381
15040,661,"Regueirão dos Anjos, 71",Arroios,Via,BICICLETA,Sheffield standard,4,8,Não,Público,Partilhado com Micromobilidade,,-1017010.05974682,4682583.2894054
15041,662,Regueirão dos Anjos,Arroios,Via,BICICLETA,Sheffield standard,3,6,Não,Público,Partilhado com Micromobilidade,,-1017005.9159697,4682608.45726023
15042,663,"Calçada de Arroios, 71",Arroios,Passeio,BICICLETA,Sheffield standard,4,8,Não,Público,Partilhado com Micromobilidade,,-1017357.46002233,4683714.7523959
15043,664,Miradouro do Monte Agudo,Arroios,Passeio,BICICLETA,Sheffield standard,3,6,Não,Privado,Interdito Micromobilidade,,-1016498.77857812,4682570.34149857
15044,2282,"Avenida Infante Santo, 25D",Estrela,Passeio,HOTSPOT,,0,10,Não,Público,Dedicado Micromobilidade,10/11/2023 12:00:00 AM,-1020534.89791159,4679836.13241378
15045,2283,"Avenida Infante Santo, 46",Estrela,Passeio,HOTSPOT,,0,10,Não,Público,Dedicado Micromobilidade,10/11/2023 12:00:00 AM,-1020497.74986464,4679813.75838606
15046,608,Rua da Cintura do Porto de Lisboa,Misericórdia,Passeio,BICICLETA,Sheffield standard,5,10,Não,Público,Partilhado com Micromobilidade,4/15/2019 12:00:00 AM,-1017953.41160263,4679576.32803982
15047,669,"Campus de Campolide, Reitoria",Campolide,Passeio,BICICLETA,Sheffield standard,6,12,Não,Privado,Interdito Micromobilidade,,-1019717.93123049,4683641.9805302
15048,670,Campus de Campolide,Campolide,Passeio,BICICLETA,Sheffield standard,15,30,Não,Privado,Interdito Micromobilidade,,-1019671.90024461,4683511.93080274
15049,671,Campus de Campolide,Campolide,Passeio,BICICLETA,Sheffield standard,22,44,Não,Privado,Interdito Micromobilidade,,-1019712.4657067,4683410.81868227
15050,672,"Campus de Campolide, Anfiteatro",Campolide,Passeio,BICICLETA,Sheffield standard,12,24,Não,Privado,Interdito Micromobilidade,,-1019672.98352869,4683435.25150261
15051,705,"Rua Capitão-Mor Pedro Teixeira, Escola",Belém,Passeio,BICICLETA,Sheffield standard,4,8,Não,Privado,Interdito Micromobilidade,12/18/2019 12:00:00 AM,-1024914.57965912,4679854.73127479
15052,706,"Praça Afonso de Albuquerque, 1",Belém,Passeio,HOTSPOT,Sheffield standard,2,9,Não,Público,Partilhado com Micromobilidade,6/8/2019 12:00:00 AM,-1024311.64235905,4678356.78168437
15053,707,Praça Afonso de Albuquerque,Belém,Passeio,HOTSPOT,Sheffield standard,2,9,Não,Público,Partilhado com Micromobilidade,12/20/2019 12:00:00 AM,-1024308.95260613,4678337.48840228
15054,708,"Rua Dom Francisco Manuel de Melo, 21A",Avenidas Novas,Lugar estacionamento automóvel,BICICLETA,Sheffield estreito,5,10,Não,Público,Partilhado com Micromobilidade,,-1019568.43890996,4682823.42417333
15055,709,Doca de Santo Amaro,Alcântara,Passeio,HOTSPOT,Sheffield standard,4,13,Não,Público,Partilhado com Micromobilidade,12/27/2019 12:00:00 AM,-1021397.04017954,4678818.38594294
15056,711,"Avenida Rovisco Pais, 16",Arroios,Lugar estacionamento automóvel,HOTSPOT,Sheffield standard,2,9,Não,Público,Partilhado com Micromobilidade,5/20/2019 12:00:00 AM,-1017314.92481418,4683826.51427426
15057,837,"Campo dos Mártires da Pátria, 57",Arroios,Lugar estacionamento automóvel,HOTSPOT,Sheffield standard,2,9,Não,Público,Partilhado com Micromobilidade,6/25/2020 12:00:00 AM,-1017522.15257714,4682013.4842865
15058,838,"Rua de São Paulo, 94",Misericórdia,Lugar estacionamento automóvel,HOTSPOT,Sheffield standard,2,9,Não,Público,Partilhado com Micromobilidade,7/1/2021 12:00:00 AM,-1017969.01578275,4679910.98772105
15059,839,"Rua de São Paulo, 90",Misericórdia,Lugar estacionamento automóvel,HOTSPOT,Sheffield standard,3,11,Não,Público,Partilhado com Micromobilidade,7/1/2021 12:00:00 AM,-1017962.62787646,4679908.28997147
15060,840,"Rua de São Paulo, 110",Misericórdia,Lugar estacionamento automóvel,HOTSPOT,Sheffield standard,4,13,Não,Público,Partilhado com Micromobilidade,7/1/2021 12:00:00 AM,-1018001.47481725,4679924.65068886
15061,841,"Rua de São Paulo, 112",Misericórdia,Lugar estacionamento automóvel,HOTSPOT,Sheffield standard,4,13,Não,Público,Partilhado com Micromobilidade,7/1/2021 12:00:00 AM,-1018007.97399173,4679927.36337541
15062,842,"Rua de São Paulo, 134",Misericórdia,Lugar estacionamento automóvel,HOTSPOT,Sheffield standard,7,19,Não,Público,Partilhado com Micromobilidade,7/1/2021 12:00:00 AM,-1018043.02079778,4679942.18771714
15063,843,"Travessa do Carvalho, 14",Misericórdia,Lugar estacionamento automóvel,BICICLETA,Sheffield standard,4,8,Não,Público,Interdito Micromobilidade,7/1/2021 12:00:00 AM,-1018121.96086451,4679958.17899543
15064,844,"Calçada da Tapada, 7",Alcântara,Via,BICICLETA,Sheffield standard,6,12,Não,Público,Partilhado com Micromobilidade,4/1/2020 12:00:00 AM,-1021480.82318203,4679733.41933187
15065,845,"Rua Maria Amália Vaz de Carvalho, Escola",Alvalade,Passeio,BICICLETA,Entorta rodas,1,20,Não,Privado,Interdito Micromobilidade,,-1017667.58108657,4686119.32696449
15066,846,"Rua Maria Amália Vaz de Carvalho, Escola",Alvalade,Passeio,BICICLETA,Entorta rodas,1,20,Não,Privado,Interdito Micromobilidade,,-1017641.79923501,4686117.19342728
15067,847,"Rua Luíz Pacheco, Lote 101",Marvila,Passeio,BICICLETA,Onda,1,5,Não,Público,Partilhado com Micromobilidade,,-1014431.4536053,4686405.88918772
15068,848,"Rua Luíz Pacheco, Lote 101",Marvila,Passeio,BICICLETA,Onda,1,5,Não,Público,Partilhado com Micromobilidade,,-1014435.38948441,4686405.26671838
15069,849,"Rua Luíz Pacheco, Lote 101",Marvila,Passeio,BICICLETA,Onda,1,5,Não,Público,Partilhado com Micromobilidade,,-1014439.67186655,4686404.47413705
15070,850,"Rua Luíz Pacheco, Lote 101",Marvila,Passeio,BICICLETA,Onda,1,5,Não,Público,Partilhado com Micromobilidade,,-1014444.54377962,4686403.80932852
15071,336,"Rua Actor Taborda, 55",Arroios,Lugar estacionamento automóvel,HOTSPOT,Sheffield standard,2,9,Não,Público,Partilhado com Micromobilidade,5/19/2019 12:00:00 AM,-1017929.44107525,4683314.30246474
15072,337,"Rua Almirante Barroso, 32A",Arroios,Lugar estacionamento automóvel,HOTSPOT,Sheffield standard,4,12,Não,Público,Partilhado com Micromobilidade,5/19/2019 12:00:00 AM,-1017724.15984857,4683271.82224686
15073,338,"Avenida Casal Ribeiro, 28",Arroios,Lugar estacionamento automóvel,HOTSPOT,Sheffield standard,2,9,Não,Público,Partilhado com Micromobilidade,5/19/2019 12:00:00 AM,-1017726.55752916,4683412.69920443
15074,339,"Rua de Dona Estefânia, 165",Arroios,Lugar estacionamento automóvel,HOTSPOT,Sheffield standard,2,9,Não,Público,Partilhado com Micromobilidade,5/21/2019 12:00:00 AM,-1017597.90348764,4683516.65390678
15075,340,"Rua Alves Redol, 13A",Areeiro,Lugar estacionamento automóvel,HOTSPOT,Sheffield standard,2,9,Não,Público,Partilhado com Micromobilidade,5/6/2019 12:00:00 AM,-1017532.13100482,4684068.5964524
15076,341,"Avenida Miguel Bombarda, 1A",Avenidas Novas,Lugar estacionamento automóvel,HOTSPOT,Sheffield standard,2,9,Não,Público,Partilhado com Micromobilidade,5/6/2019 12:00:00 AM,-1017936.72291676,4684124.54801285
15077,342,"Avenida António José Almeida, 5D",Areeiro,Lugar estacionamento automóvel,HOTSPOT,Sheffield standard,2,9,Não,Público,Partilhado com Micromobilidade,5/8/2019 12:00:00 AM,-1017626.42151358,4684182.27645809
15078,343,Rua do Arco do Cego,Avenidas Novas,Lugar estacionamento automóvel,HOTSPOT,Sheffield standard,2,9,Não,Público,Partilhado com Micromobilidade,5/6/2019 12:00:00 AM,-1017699.77754884,4684407.72968573
15079,344,"Avenida Elias Garcia, 48E",Avenidas Novas,Lugar estacionamento automóvel,HOTSPOT,Sheffield standard,2,9,Não,Público,Partilhado com Micromobilidade,5/6/2019 12:00:00 AM,-1017932.37149095,4684450.90865421
15080,345,"Campo Pequeno, 36",Areeiro,Lugar estacionamento automóvel,HOTSPOT,Sheffield standard,2,9,Não,Público,Partilhado com Micromobilidade,5/14/2019 12:00:00 AM,-1017935.72163887,4684970.93009833
15081,346,"Avenida Miguel Bombarda, 167",Avenidas Novas,Lugar estacionamento automóvel,HOTSPOT,Sheffield standard,2,9,Não,Público,Partilhado com Micromobilidade,5/10/2019 12:00:00 AM,-1018808.75708279,4683957.52549549
15082,347,"Avenida Miguel Bombarda, 123",Avenidas Novas,Lugar estacionamento automóvel,HOTSPOT,Sheffield standard,2,9,Não,Público,Partilhado com Micromobilidade,5/7/2019 12:00:00 AM,-1018628.35439612,4683991.62053954
15083,348,"Avenida António Augusto de Aguiar, 130A",Avenidas Novas,Lugar estacionamento automóvel,HOTSPOT,Sheffield standard,2,9,Não,Público,Partilhado com Micromobilidade,5/20/2019 12:00:00 AM,-1018949.25229867,4683621.32285564
15084,360,"Rua Pedro Nunes, 26",Avenidas Novas,Lugar estacionamento automóvel,HOTSPOT,Sheffield standard,2,9,Não,Público,Partilhado com Micromobilidade,5/8/2019 12:00:00 AM,-1018293.80911331,4683548.34857525
15085,361,"Rua Filipe Folque, 40",Avenidas Novas,Lugar estacionamento automóvel,HOTSPOT,Sheffield standard,2,9,Não,Público,Partilhado com Micromobilidade,5/10/2019 12:00:00 AM,-1018366.72576533,4683705.19748127
15086,362,"Avenida António Augusto de Aguiar, 100",Avenidas Novas,Lugar estacionamento automóvel,HOTSPOT,Sheffield standard,2,9,Não,Público,Partilhado com Micromobilidade,5/14/2019 12:00:00 AM,-1018778.21012771,4683365.56129987
15087,365,"Rua Pinheiro Chagas, 2",Avenidas Novas,Lugar estacionamento automóvel,HOTSPOT,Sheffield standard,2,9,Não,Público,Partilhado com Micromobilidade,5/19/2019 12:00:00 AM,-1018120.20884362,4683441.91399723
15088,366,"Avenida João Crisóstomo, 75A",Avenidas Novas,Lugar estacionamento automóvel,HOTSPOT,Sheffield standard,2,9,Não,Público,Partilhado com Micromobilidade,5/7/2019 12:00:00 AM,-1018696.99054608,4683877.72553508
15089,367,"Avenida João Crisóstomo, Casa da Moeda",Avenidas Novas,Lugar estacionamento automóvel,HOTSPOT,Sheffield standard,2,9,Não,Público,Partilhado com Micromobilidade,5/8/2019 12:00:00 AM,-1017838.19616299,4683987.26625561
15090,368,"Avenida 5 de Outubro, 12E/F",Avenidas Novas,Lugar estacionamento automóvel,HOTSPOT,Sheffield standard,2,9,Não,Público,Partilhado com Micromobilidade,5/10/2019 12:00:00 AM,-1018211.80306038,4683541.09687237
15091,369,"Rua Sousa Martins, 21",Arroios,Lugar estacionamento automóvel,HOTSPOT,Sheffield standard,2,9,Não,Público,Partilhado com Micromobilidade,5/19/2019 12:00:00 AM,-1018089.8852946,4683070.34502536
15092,370,"Praça José Fontana, 26B",Arroios,Lugar estacionamento automóvel,HOTSPOT,Sheffield standard,2,9,Não,Público,Partilhado com Micromobilidade,5/15/2019 12:00:00 AM,-1018019.5670894,4683101.37458205
15093,371,"Rua Gonçalves Crespo, 49",Arroios,Lugar estacionamento automóvel,HOTSPOT,Sheffield standard,2,9,Não,Público,Partilhado com Micromobilidade,5/19/2019 12:00:00 AM,-1017911.68518093,4682841.2615452
15094,372,"Rua Ferreira Lapa, 52",Arroios,Lugar estacionamento automóvel,HOTSPOT,Sheffield standard,2,9,Não,Público,Partilhado com Micromobilidade,5/20/2019 12:00:00 AM,-1017988.86843583,4682802.16067188
15095,373,"Rua de São Sebastião da Pedreira, 51",Avenidas Novas,Lugar estacionamento automóvel,HOTSPOT,Sheffield standard,2,9,Não,Público,Partilhado com Micromobilidade,5/21/2019 12:00:00 AM,-1018525.55172508,4683107.83142159
15096,374,"Rua Bernardo Lima, 66",Santo António,Lugar estacionamento automóvel,HOTSPOT,Sheffield standard,2,9,Não,Público,Partilhado com Micromobilidade,5/20/2019 12:00:00 AM,-1018056.05029798,4682733.00150616
15097,375,"Rua Eça de Queiroz, 11",Santo António,Lugar estacionamento automóvel,HOTSPOT,Sheffield standard,2,9,Não,Público,Partilhado com Micromobilidade,5/21/2019 12:00:00 AM,-1018335.22341054,4682560.12846329
15098,376,"Largo de Andaluz, 16",Santo António,Lugar estacionamento automóvel,HOTSPOT,Sheffield standard,2,9,Não,Público,Partilhado com Micromobilidade,5/19/2019 12:00:00 AM,-1018323.32657301,4682721.37434327
15099,377,"Rua Camilo Castelo Branco, 28",Santo António,Lugar estacionamento automóvel,HOTSPOT,Sheffield standard,2,9,Não,Público,Partilhado com Micromobilidade,5/19/2019 12:00:00 AM,-1018356.04805738,4682438.71171873
15100,378,"Rua Sousa Martins, 10",Arroios,Lugar estacionamento automóvel,HOTSPOT,Sheffield standard,2,9,Não,Público,Partilhado com Micromobilidade,5/19/2019 12:00:00 AM,-1018159.19618631,4682894.83872644
15101,379,"Rua Engenheiro Vieira da Silva, 3D",Arroios,Lugar estacionamento automóvel,HOTSPOT,Sheffield standard,2,9,Não,Público,Partilhado com Micromobilidade,5/19/2019 12:00:00 AM,-1018027.25279362,4683404.36651436
15102,380,"Avenida dos Defensores de Chaves, 1A",Arroios,Lugar estacionamento automóvel,HOTSPOT,Sheffield standard,2,9,Não,Público,Partilhado com Micromobilidade,5/10/2019 12:00:00 AM,-1017789.45245453,4683481.11011697
15103,381,"Avenida da República, 14",Avenidas Novas,Lugar estacionamento automóvel,HOTSPOT,Sheffield standard,2,9,Não,Público,Partilhado com Micromobilidade,5/8/2019 12:00:00 AM,-1018031.39708608,4683882.03864133
15104,382,"Avenida da República, 8",Arroios,Lugar estacionamento automóvel,HOTSPOT,Sheffield standard,2,9,Não,Público,Partilhado com Micromobilidade,5/25/2019 12:00:00 AM,-1018011.71575012,4683779.1737423
15105,395,"Avenida João Crisóstomo, 45",Avenidas Novas,Lugar estacionamento automóvel,HOTSPOT,Sheffield standard,2,9,Não,Público,Partilhado com Micromobilidade,5/10/2019 12:00:00 AM,-1018430.26937878,4683906.82858243
15106,399,"Avenida Praia da Vitória, 57",Arroios,Lugar estacionamento automóvel,HOTSPOT,Sheffield standard,2,9,Não,Público,Partilhado com Micromobilidade,5/14/2019 12:00:00 AM,-1017887.86772372,4683627.69232188
15107,400,"Avenida Casal Ribeiro, 56A",Arroios,Lugar estacionamento automóvel,HOTSPOT,Sheffield standard,2,9,Não,Público,Partilhado com Micromobilidade,5/19/2019 12:00:00 AM,-1017918.1770152,4683551.39502863
15108,401,"Avenida D. João II, 45",Parque das Nações,Passeio,BICICLETA,Cascata,1,10,Não,Público,Partilhado com Micromobilidade,,-1012760.82534442,4689096.42072739
15109,402,"Avenida D. João II, 50",Parque das Nações,Passeio,BICICLETA,Cascata,1,10,Não,Público,Partilhado com Micromobilidade,,-1012691.32266893,4688868.14166002
15110,403,Avenida Conselheiro Fernando de Sousa,Campolide,Passeio,BICICLETA,Grelha,4,8,Não,Público,Partilhado com Micromobilidade,,-1019895.43083295,4682666.75894035
15111,404,Avenida de Brasília,Belém,Passeio,HOTSPOT,Sheffield standard,2,9,Não,Público,Partilhado com Micromobilidade,6/8/2019 12:00:00 AM,-1023087.67008877,4678270.6051271
15112,405,Praça do Império,Belém,Passeio,HOTSPOT,Sheffield standard,2,9,Não,Público,Partilhado com Micromobilidade,6/8/2019 12:00:00 AM,-1024800.71508515,4678078.1233975
15113,406,Avenida de Brasília,Belém,Passeio,HOTSPOT,Sheffield standard,2,9,Não,Público,Partilhado com Micromobilidade,6/8/2019 12:00:00 AM,-1025260.28318636,4677783.70757225
15114,407,Avenida de Brasília,Belém,Passeio,HOTSPOT,Sheffield standard,2,9,Não,Público,Partilhado com Micromobilidade,6/8/2019 12:00:00 AM,-1025676.86548378,4677870.18209091
15115,408,"Avenida da Universidade Técnica, ISCSP",Ajuda,Passeio,BICICLETA,Sheffield standard,4,8,Não,Público,Partilhado com Micromobilidade,,-1023929.44682844,4680725.01583818
15116,409,"Rua da Palma, 43",Santa Maria Maior,Passeio,BICICLETA,Sheffield standard,4,8,Não,Público,Partilhado com Micromobilidade,12/30/2018 12:00:00 AM,-1017103.44617367,4681082.69831025
15117,410,"Avenida 24 de Julho, Mercado",Misericórdia,Passeio,BICICLETA,Sheffield standard,6,12,Não,Público,Partilhado com Micromobilidade,,-1018108.21045076,4679729.1102951
15118,412,Avenida 24 de Julho,Estrela,Passeio,BICICLETA,Sheffield standard,2,4,Não,Público,Partilhado com Micromobilidade,7/4/2019 12:00:00 AM,-1019037.12422855,4679758.17111244
15119,413,"Rua do Instituto Bacteriológico, 3A",Arroios,Passeio,BICICLETA,Sheffield standard,2,4,Não,Público,Partilhado com Micromobilidade,,-1017390.49842686,4681432.48444924
15120,414,"Rua de Dona Estefânia, 8",Arroios,Passeio,BICICLETA,Sheffield standard,3,6,Não,Privado,Interdito Micromobilidade,11/21/2018 12:00:00 AM,-1017482.91452262,4682939.71161524
15121,415,"Rua Dr. Almeida Amaral, 26",Arroios,Passeio,BICICLETA,Sheffield standard,3,6,Não,Público,Partilhado com Micromobilidade,,-1017672.12529238,4682179.74772971
15122,416,"Avenida de Roma, 42C",Alvalade,Passeio,BICICLETA,Sheffield standard,5,10,Não,Público,Partilhado com Micromobilidade,2/13/2019 12:00:00 AM,-1017519.92120702,4685498.72876377
15123,417,"Avenida de Roma, 50",Alvalade,Passeio,BICICLETA,Sheffield standard,3,6,Não,Público,Partilhado com Micromobilidade,2/13/2019 12:00:00 AM,-1017567.06030905,4685604.64302595
15124,418,"Praça de São Paulo, Igreja",Misericórdia,Via,BICICLETA,Sheffield standard,2,4,Não,Público,Interdito Micromobilidade,2/15/2019 12:00:00 AM,-1018022.05753053,4679909.10915078
15125,419,Largo dos Stephens,Misericórdia,Passeio,BICICLETA,Sheffield standard,3,6,Não,Público,Interdito Micromobilidade,2/15/2019 12:00:00 AM,-1017896.28900684,4679925.91487525
15126,420,"Avenida da Igreja, 61",Alvalade,Via,BICICLETA,Sheffield standard,2,4,Não,Público,Partilhado com Micromobilidade,3/28/2019 12:00:00 AM,-1018382.21451267,4686154.54797699
15127,421,"Avenida da Igreja, 57",Alvalade,Via,BICICLETA,Sheffield standard,2,4,Não,Público,Partilhado com Micromobilidade,3/28/2019 12:00:00 AM,-1018303.29570965,4686187.40637132
15128,422,"Avenida da Igreja, 53",Alvalade,Via,BICICLETA,Sheffield standard,2,4,Não,Público,Partilhado com Micromobilidade,3/28/2019 12:00:00 AM,-1018231.8145584,4686218.82077424
15129,423,"Avenida da Igreja, 49",Alvalade,Via,BICICLETA,Sheffield standard,2,4,Não,Público,Partilhado com Micromobilidade,3/28/2019 12:00:00 AM,-1018160.29533103,4686246.83321447
15130,424,"Avenida da Igreja, 45",Alvalade,Via,BICICLETA,Sheffield standard,2,4,Não,Público,Partilhado com Micromobilidade,3/28/2019 12:00:00 AM,-1018090.14574394,4686276.19065582
15131,425,"Avenida da Igreja, 41A",Alvalade,Via,BICICLETA,Sheffield standard,2,4,Não,Público,Partilhado com Micromobilidade,3/28/2019 12:00:00 AM,-1018037.53715972,4686298.54869252
15132,426,"Rua José Duro, 20A",Alvalade,Lugar estacionamento automóvel,HOTSPOT,Sheffield standard,6,17,Não,Público,Partilhado com Micromobilidade,4/6/2019 12:00:00 AM,-1017539.93083149,4686549.24865159
15133,427,"Avenida da Igreja, 40A",Alvalade,Lugar estacionamento automóvel,BICICLETA,Sheffield standard,4,8,Não,Público,Partilhado com Micromobilidade,4/6/2019 12:00:00 AM,-1017989.63329948,4686341.76703666
15134,428,"Avenida da Igreja, 18",Alvalade,Via,BICICLETA,Sheffield standard,2,4,Não,Público,Partilhado com Micromobilidade,4/5/2019 12:00:00 AM,-1017603.3196586,4686500.46554949
15135,429,"Rua Marquesa de Alorna, 20",Alvalade,Via,BICICLETA,Sheffield standard,2,4,Não,Público,Partilhado com Micromobilidade,3/18/2019 12:00:00 AM,-1017787.67458096,4686438.90407568
15136,430,"Rua Luís Augusto Palmeirim, 18",Alvalade,Via,BICICLETA,Sheffield standard,2,4,Não,Público,Partilhado com Micromobilidade,4/5/2019 12:00:00 AM,-1017797.68319834,4686645.61621914
15137,431,Travessa de Estêvão Pinto,Campolide,Passeio,BICICLETA,Sheffield standard,4,8,Não,Privado,Interdito Micromobilidade,,-1019878.25473775,4683518.09874791
15138,432,Travessa de Estêvão Pinto,Campolide,Passeio,BICICLETA,Sheffield standard,4,8,Não,Privado,Interdito Micromobilidade,,-1019882.77400374,4683516.34710207
15139,433,Travessa de Estêvão Pinto,Campolide,Passeio,BICICLETA,Sheffield standard,5,10,Não,Privado,Interdito Micromobilidade,,-1019902.51447816,4683581.70310309
15140,434,Travessa de Estêvão Pinto,Campolide,Passeio,BICICLETA,Sheffield standard,,,Não,Privado,Interdito Micromobilidade,,-1019925.64751615,4683575.48983397
15141,435,Campus de Campolide,Campolide,Passeio,BICICLETA,Sheffield standard,4,8,Não,Privado,Interdito Micromobilidade,,-1019851.05000266,4683601.27377431
15142,436,"Avenida de Berna, 26",Avenidas Novas,,BICICLETA,Sheffield standard,,,Não,Privado,Interdito Micromobilidade,,-1018685.83702078,4684520.11111565
15143,437,"Avenida de Berna, 26",Avenidas Novas,,BICICLETA,Sheffield standard,,,Não,Privado,Interdito Micromobilidade,,-1018723.43578978,4684513.70429634
15144,438,"Avenida de Berna, 26",Avenidas Novas,,BICICLETA,Sheffield standard,,,Não,Privado,Interdito Micromobilidade,,-1018745.78221001,4684524.88319776
15145,439,"Avenida de Berna, 26",Avenidas Novas,,BICICLETA,Sheffield standard,,,Não,Privado,Interdito Micromobilidade,,-1018807.13560889,4684510.0469542
15146,440,"Avenida de Berna, 26",Avenidas Novas,,BICICLETA,Sheffield standard,,,Não,Privado,Interdito Micromobilidade,,-1018813.41847448,4684490.1123773
15147,442,"Rua Câmara Reis, Piscina",Parque das Nações,Passeio,BICICLETA,Onda,1,5,Não,Público,Partilhado com Micromobilidade,,-1012980.42089341,4688995.24649387
15148,443,"Avenida de Pádua, Cemitério",Olivais,Via,BICICLETA,Sheffield standard,8,16,Não,Público,Partilhado com Micromobilidade,,-1013905.0760157,4687849.44534077
15149,444,Rua Prof. Manuel Valadares,Lumiar,Passeio,BICICLETA,Sheffield standard,10,20,Não,Público,Partilhado com Micromobilidade,,-1019826.43981169,4689449.67551081
15150,445,"Rua Alexandre Ferreira, 26",Lumiar,Via,BICICLETA,Sheffield standard,3,6,Não,Público,Partilhado com Micromobilidade,,-1019931.17490701,4689571.25721712
15151,446,Campo Pequeno,Avenidas Novas,Passeio,BICICLETA,Lisboa,3,6,Não,Público,Partilhado com Micromobilidade,,-1017930.19226419,4684841.4514122
15152,447,"Avenida Óscar Monteiro Torres, 20A",Areeiro,Passeio,BICICLETA,Onda,1,5,Não,Público,Partilhado com Micromobilidade,,-1017754.95847738,4684904.84440049
15153,448,"Campo Pequeno, Palácio Galveias",Avenidas Novas,Passeio,BICICLETA,Entorta rodas,1,5,Não,Privado,Interdito Micromobilidade,,-1017871.01399092,4684726.15410771
15154,449,"Praça David Leandro da Silva, 24",Marvila,Lugar estacionamento automóvel,BICICLETA,Sheffield standard,2,4,Não,Público,Partilhado com Micromobilidade,11/12/2019 12:00:00 AM,-1013264.24758165,4684865.14063444
15155,450,"Rua do Beato, 40",Beato,Via,HOTSPOT,Sheffield standard,2,9,Não,Público,Partilhado com Micromobilidade,11/12/2019 12:00:00 AM,-1013588.79203638,4683720.17013191
15156,451,"Rua de Nossa Senhora do Amparo, 3A",Benfica,Via,BICICLETA,Sheffield standard,2,4,Não,Público,Partilhado com Micromobilidade,11/13/2019 12:00:00 AM,-1024643.62885784,4685946.33947696
15157,452,"Alameda dos Oceanos, 2.14.01",Parque das Nações,Passeio,HOTSPOT,Sheffield standard,2,9,Não,Público,Partilhado com Micromobilidade,11/14/2019 12:00:00 AM,-1012489.45342335,4689007.09838173
15158,453,"Alameda dos Oceanos, 2.14.01",Parque das Nações,Passeio,HOTSPOT,Sheffield standard,2,9,Não,Público,Partilhado com Micromobilidade,11/15/2019 12:00:00 AM,-1012470.51260965,4689285.49155451
15159,454,"Rua do Bojador, 16D",Parque das Nações,Via,HOTSPOT,Sheffield standard,2,9,Não,Público,Partilhado com Micromobilidade,11/14/2019 12:00:00 AM,-1012165.18329873,4689381.55986702
15160,455,Alameda dos Oceanos,Parque das Nações,Via,BICICLETA,Sheffield standard,2,4,Não,Público,Partilhado com Micromobilidade,11/18/2019 12:00:00 AM,-1012416.30418661,4689874.3190682
15161,456,"Avenida Padre Cruz, Instituto Ricardo Jorge",Lumiar,Passeio,BICICLETA,Sheffield standard,3,6,Não,Público,Partilhado com Micromobilidade,11/13/2019 12:00:00 AM,-1020160.84538755,4687995.93322869
15162,457,"Rua Jorge Ferreira de Vasconcelos, Escola",Alvalade,Passeio,BICICLETA,Sheffield standard,4,8,Não,Privado,Interdito Micromobilidade,10/25/2019 12:00:00 AM,-1017939.38448838,4685438.7319168
15163,458,"Rua de Fernando Pedroso, Escola",Areeiro,Passeio,BICICLETA,Sheffield standard,4,8,Não,Privado,Interdito Micromobilidade,10/29/2019 12:00:00 AM,-1017496.76801084,4684525.39809276
15164,459,"Rua Caetano Alberto, Escola",Areeiro,Passeio,BICICLETA,Sheffield standard,11,22,Não,Privado,Interdito Micromobilidade,10/29/2019 12:00:00 AM,-1017452.29221568,4684389.76540575
15165,460,"Rua Jorge Ferreira de Vasconcelos, Escola",Alvalade,Passeio,BICICLETA,Sheffield standard,6,12,Não,Público,Partilhado com Micromobilidade,10/24/2019 12:00:00 AM,-1018057.1552231,4685475.87248596
15166,461,"Rua Dr. Júlio Dantas, Escola",Campolide,Via,BICICLETA,Sheffield standard,4,8,Não,Privado,Interdito Micromobilidade,10/28/2019 12:00:00 AM,-1019552.08231302,4683732.84080666
15167,462,"Rua Professor Mira Fernandes, Escola",Beato,Passeio,BICICLETA,Sheffield standard,5,10,Não,Público,Partilhado com Micromobilidade,11/11/2019 12:00:00 AM,-1015368.273837,4684421.41577093
15168,463,"Rua Dr. Júlio Dantas, Escola",Campolide,Passeio,BICICLETA,Sheffield standard,3,6,Não,Privado,Interdito Micromobilidade,10/28/2019 12:00:00 AM,-1019507.00509301,4683794.45252477
15169,464,"Avenida Maria Helena Vieira da Silva, 39",Lumiar,Passeio,BICICLETA,Sheffield standard,5,10,Não,Privado,Interdito Micromobilidade,10/30/2019 12:00:00 AM,-1018628.70084544,4688385.65913438
15170,465,"Rua de Xabregas, 50",Beato,Lugar estacionamento automóvel,BICICLETA,Sheffield standard,2,4,Não,Público,Partilhado com Micromobilidade,11/23/2019 12:00:00 AM,-1014252.48371325,4682612.4592083
15171,466,"Alameda dos Oceanos, 2.14.01",Parque das Nações,Passeio,HOTSPOT,Sheffield standard,2,9,Não,Público,Partilhado com Micromobilidade,11/22/2019 12:00:00 AM,-1012476.75669752,4689202.22198353
15172,467,"Via do Oriente, 2H",Parque das Nações,Passeio,HOTSPOT,Sheffield standard,2,9,Não,Público,Partilhado com Micromobilidade,11/18/2019 12:00:00 AM,-1012972.63785468,4691407.39727895
15173,468,"Rua Cidade de Carmona, Escola",Olivais,Passeio,BICICLETA,Sheffield standard,5,10,Não,Público,Partilhado com Micromobilidade,12/18/2019 12:00:00 AM,-1014844.13800418,4688263.66046231
15174,469,"Passeio dos Heróis do Mar, 100",Parque das Nações,Passeio,HOTSPOT,Sheffield standard,2,9,Não,Público,Partilhado com Micromobilidade,11/19/2019 12:00:00 AM,-1012757.20753335,4692075.98597051
15175,470,"Rua Braamcamp, 90",Santo António,Passeio,HOTSPOT,Sheffield standard,2,9,Não,Público,Partilhado com Micromobilidade,11/20/2019 12:00:00 AM,-1018868.9917623,4681807.96213728
15176,471,Campo Grande,Alvalade,Passeio,HOTSPOT,Sheffield standard,2,9,Não,Público,Partilhado com Micromobilidade,11/28/2019 12:00:00 AM,-1018969.74292933,4686607.14818876
15177,472,"Campo Grande, 37A",Alvalade,Passeio,HOTSPOT,Sheffield standard,2,9,Não,Público,Partilhado com Micromobilidade,11/28/2019 12:00:00 AM,-1018595.07978298,4685943.01776958
15178,473,Rua Alexandre Herculano,Santo António,Passeio,HOTSPOT,Sheffield standard,2,9,Não,Público,Partilhado com Micromobilidade,11/21/2019 12:00:00 AM,-1018693.86643485,4681942.99141147
15179,474,"Rua Castilho, 26",Santo António,Passeio,HOTSPOT,Sheffield standard,2,9,Não,Público,Partilhado com Micromobilidade,11/21/2019 12:00:00 AM,-1018601.2609332,4681854.53806093
15180,475,"Rua Castilho, 22",Santo António,Passeio,HOTSPOT,Sheffield standard,2,9,Não,Público,Partilhado com Micromobilidade,11/21/2019 12:00:00 AM,-1018547.49550235,4681773.71399066
15181,476,"Rua Rodrigo da Fonseca, 15",Santo António,Passeio,HOTSPOT,Sheffield standard,2,9,Não,Público,Partilhado com Micromobilidade,11/23/2019 12:00:00 AM,-1018709.20592189,4681720.06254575
15182,477,"Rua Alexandre Herculano, 50B",Santo António,Passeio,BICICLETA,Sheffield standard,2,4,Não,Público,Partilhado com Micromobilidade,11/25/2019 12:00:00 AM,-1018789.82647487,4681856.1952009
15183,478,"Rua Alexandre Herculano, 46 ",Santo António,Passeio,BICICLETA,Sheffield estreito,3,6,Não,Público,Partilhado com Micromobilidade,,-1018695.54872188,4681922.24399619
15184,479,"Praça das Casas Novas, Mercado",Olivais,Passeio,BICICLETA,Onda,1,5,Não,Público,Partilhado com Micromobilidade,,-1014479.11788137,4689019.65402681
15185,480,"Rua da Escola Politécnica, 54",Santo António,Passeio,BICICLETA,Sheffield standard,4,8,Não,Privado,Interdito Micromobilidade,,-1018609.7916474,4681288.40231621
15186,481,Rua Dr. João Couto,Benfica,Passeio,BICICLETA,Onda,2,10,Não,Público,Partilhado com Micromobilidade,,-1022886.16984643,4686179.69839634
15187,483,"Rua José Domingos Barreiros, 1",Marvila,Lugar estacionamento automóvel,BICICLETA,Sheffield standard,4,8,Não,Público,Partilhado com Micromobilidade,11/11/2019 12:00:00 AM,-1013422.30280081,4684138.87432158
15188,485,"Alameda das Linhas de Torres, Mercado",Lumiar,Passeio,BICICLETA,Onda,1,5,Não,Público,Partilhado com Micromobilidade,,-1019930.04857197,4689288.64403349
15189,488,"Rua João de Oliveira Miguens, 12",Estrela,Passeio,BICICLETA,Sheffield standard,3,6,Não,Público,Partilhado com Micromobilidade,,-1021261.78699972,4679486.09699839
15190,490,"Estrada da Serafina
",Benfica,Passeio,BICICLETA,Sheffield estilizado,1,10,Não,Público,Partilhado com Micromobilidade,,-1021794.57935313,4683749.97192474
15191,491,"Avenida Frei Miguel Contreiras, 53 ",Alvalade,Passeio,BICICLETA,Onda,1,5,Não,Público,Partilhado com Micromobilidade,,-1017290.99788653,4685317.41634095
15193,493,"Campo Grande, 245",Alvalade,Passeio,BICICLETA,Sheffield standard,4,8,Não,Público,Partilhado com Micromobilidade,,-1019251.16258064,4687111.37295172
15194,494,"Avenida Professor Gama Pinto, Cantina",Alvalade,Passeio,BICICLETA,Onda,2,10,Não,Público,Partilhado com Micromobilidade,,-1019600.6309998,4686093.03829637
15195,495,"Rua Junqueira, 188",Belém,Passeio,BICICLETA,Entorta rodas,1,9,Não,Público,Partilhado com Micromobilidade,,-1023199.52621136,4678495.08935526
15196,496,"Avenida Almirante Gago Coutinho, Estacionamento",Areeiro,Passeio,BICICLETA,Onda,2,10,Não,Público,Partilhado com Micromobilidade,,-1016637.28348102,4685081.59211482
15197,497,Avenida do Rio de Janeiro,Alvalade,Passeio,BICICLETA,Sheffield estreito,3,6,Não,Público,Partilhado com Micromobilidade,,-1017192.46219048,4686157.66343694
15198,498,"Avenida Afonso Costa, 41",Areeiro,Passeio,BICICLETA,Sheffield estreito,3,6,Não,Público,Partilhado com Micromobilidade,,-1016000.61901496,4684556.97041973
15199,499,"Avenida Fontes Pereira de Melo, 38",Arroios,Passeio,BICICLETA,Sheffield standard,8,16,Não,Público,Partilhado com Micromobilidade,,-1018171.0231482,4683187.82245917
15200,500,"Avenida do Colégio Militar, 29",Benfica,Passeio,BICICLETA,Sheffield estreito,4,8,Não,Público,Partilhado com Micromobilidade,,-1023012.52151419,4686196.28927254
15201,501,Avenida de Brasília,Belém,Passeio,BICICLETA,Entorta rodas,1,6,Não,Público,Partilhado com Micromobilidade,,-1023524.0988059,4678156.92330455
15202,502,Campo Pequeno,Avenidas Novas,Passeio,BICICLETA,Sheffield estreito,3,6,Não,Público,Partilhado com Micromobilidade,,-1018188.59693223,4684814.32804564
15203,503,Avenida de Brasília,Belém,Passeio,BICICLETA,Entorta rodas,10,10,Não,Público,Partilhado com Micromobilidade,,-1023886.47256492,4678119.52714205
15204,504,Praça do Duque de Saldanha,Arroios,Passeio,BICICLETA,Sheffield standard,7,14,Não,Público,Partilhado com Micromobilidade,11/30/2018 12:00:00 AM,-1017984.71700155,4683526.62592097
15205,505,"Avenida do Colégio Militar, 15",Benfica,Passeio,BICICLETA,Sheffield estreito,5,10,Não,Público,Partilhado com Micromobilidade,,-1023184.31508985,4686019.75497203
15206,506,"Rua João Frederico Ludovice, Mercado",Benfica,Passeio,BICICLETA,Onda,1,5,Não,Público,Partilhado com Micromobilidade,,-1024827.8322734,4686053.8622792
15207,507,Avenida de Brasília,Estrela,Passeio,BICICLETA,Sheffield estreito,6,12,Não,Público,Partilhado com Micromobilidade,,-1020712.92355192,4679153.36280157
15208,508,Alameda dos Oceanos,Parque das Nações,Passeio,BICICLETA,Sheffield standard,1,6,Sim,Público,Interdito Micromobilidade,,-1012530.41663174,4687744.18255557
15209,509,Passeio de Neptuno,Parque das Nações,Passeio,BICICLETA,Cascata,1,6,Não,Público,Partilhado com Micromobilidade,,-1012199.7541242,4687718.54204887
15210,510,"Rua do Fogo de Santelmo, 2.22.01",Parque das Nações,Passeio,BICICLETA,Sheffield standard,3,6,Não,Público,Partilhado com Micromobilidade,,-1012454.36582113,4687520.21126861
15211,512,"Largo dos Arautos, 4",Parque das Nações,Passeio,BICICLETA,Sheffield standard,4,8,Não,Público,Partilhado com Micromobilidade,,-1012548.56318046,4687398.00705773
15212,513,Avenida Fernando Pessoa ao Parque das Nações,Parque das Nações,Passeio,BICICLETA,Entorta rodas,1,5,Não,Público,Partilhado com Micromobilidade,,-1012732.27866881,4687121.74407195
15213,515,"Alameda dos Oceanos, 15C",Parque das Nações,Passeio,BICICLETA,Cascata,1,8,Não,Público,Partilhado com Micromobilidade,,-1012653.67168455,4686896.32655824
15214,516,Largo Frei Heitor Pinto,Alvalade,Passeio,BICICLETA,Sheffield estreito,3,6,Não,Público,Partilhado com Micromobilidade,,-1017237.69389597,4686629.17993314
15215,517,Largo da Paz,Ajuda,Passeio,BICICLETA,Sheffield standard,4,8,Não,Público,Partilhado com Micromobilidade,6/4/2018 12:00:00 AM,-1024188.33112726,4679421.98628258
15216,518,"Calçada da Ajuda, 202",Ajuda,Passeio,BICICLETA,Sheffield standard,3,6,Não,Público,Partilhado com Micromobilidade,6/4/2018 12:00:00 AM,-1024066.69357039,4679397.31229542
15217,519,"Travessa da Boa-Hora à Ajuda, 35",Ajuda,Passeio,BICICLETA,Sheffield standard,4,8,Não,Público,Partilhado com Micromobilidade,6/4/2018 12:00:00 AM,-1023769.80032414,4679279.68647532
15218,520,Largo da Boa-Hora à Ajuda,Ajuda,Passeio,HOTSPOT,Sheffield standard,2,9,Não,Público,Partilhado com Micromobilidade,6/4/2018 12:00:00 AM,-1023558.30783261,4679307.70383109
15219,521,Rocha Conde de Óbidos,Estrela,Passeio,BICICLETA,Borboleta,2,10,Não,Público,Partilhado com Micromobilidade,,-1019893.64775551,4679210.21197003
15220,522,"Avenida de Brasília, Edif 115",Estrela,Passeio,BICICLETA,Borboleta,1,5,Não,Público,Partilhado com Micromobilidade,,-1019860.08699777,4679206.51103567
15221,524,"Campo Grande, 83",Alvalade,Passeio,BICICLETA,Grelha,1,5,Não,Público,Partilhado com Micromobilidade,,-1018652.68155167,4686055.23281623
15222,525,"Campo Grande, 173",Alvalade,Passeio,BICICLETA,Sheffield standard,4,8,Não,Público,Partilhado com Micromobilidade,,-1018970.13693843,4686645.60459894
15223,526,"Rua Dr. João Soares, 17",Alvalade,Passeio,BICICLETA,Onda,3,15,Não,Público,Partilhado com Micromobilidade,,-1018933.32449612,4686321.11937958
15224,527,Metro Campo Grande,Lumiar,Passeio,BICICLETA,Grelha,1,6,Sim,Privado,Interdito Micromobilidade,,-1019421.1340552,4687314.8615179
15225,528,"Rua Marquês de Sá da Bandeira, 94",Avenidas Novas,Passeio,BICICLETA,Sheffield standard,3,6,Não,Público,Partilhado com Micromobilidade,,-1018860.29313267,4684112.88521297
15226,529,"Avenida Conde de Valbom, 122",Avenidas Novas,Passeio,BICICLETA,Onda,2,10,Não,Público,Partilhado com Micromobilidade,,-1018826.19606362,4684207.2280377
15227,531,"Avenida Elias Garcia, 169",Avenidas Novas,Lugar estacionamento automóvel,BICICLETA,Sheffield standard,3,6,Não,Público,Partilhado com Micromobilidade,8/11/2018 12:00:00 AM,-1018726.33247143,4684269.85249847
15228,532,"Avenida Elias Garcia, 137",Avenidas Novas,Lugar estacionamento automóvel,BICICLETA,Sheffield standard,4,8,Não,Público,Partilhado com Micromobilidade,8/11/2018 12:00:00 AM,-1018590.96893956,4684297.38535695
15229,533,"Avenida Visconde de Valmor, 60A",Avenidas Novas,Lugar estacionamento automóvel,BICICLETA,Sheffield standard,5,10,Não,Público,Partilhado com Micromobilidade,8/11/2018 12:00:00 AM,-1018518.61834681,4684172.51379251
15230,534,"Avenida Visconde de Valmor, 47B                          ",Avenidas Novas,Lugar estacionamento automóvel,BICICLETA,Sheffield standard,4,8,Não,Público,Partilhado com Micromobilidade,8/11/2018 12:00:00 AM,-1018376.01029088,4684188.89089883
15231,535,"Avenida Visconde de Valmor, 42B",Avenidas Novas,Lugar estacionamento automóvel,BICICLETA,Sheffield standard,5,10,Não,Público,Partilhado com Micromobilidade,8/11/2018 12:00:00 AM,-1018323.28908789,4684218.55440214
15232,536,"Rua Tomás de Anunciação, 45",Campo de Ourique,Via,BICICLETA,Sheffield standard,3,6,Não,Público,Partilhado com Micromobilidade,8/3/2018 12:00:00 AM,-1020312.23435635,4681292.45810886
15233,537,"Rua Almeida e Sousa, 25",Campo de Ourique,Passeio,BICICLETA,Sheffield estreito,4,8,Não,Privado,Interdito Micromobilidade,,-1020244.50560157,4681292.54516423
15234,538,"Avenida Engenheiro Duarte Pacheco, 26",Campolide,Passeio,BICICLETA,Sheffield standard,6,12,Não,Público,Partilhado com Micromobilidade,6/17/2018 12:00:00 AM,-1019796.04925256,4682273.13555204
15235,539,"Alameda dos Oceanos, 2.11.01",Parque das Nações,Passeio,BICICLETA,Entorta rodas,1,9,Não,Público,Partilhado com Micromobilidade,,-1012512.54749942,4687940.69598643
15236,540,Jardim Mário Ruivo,Parque das Nações,Passeio,BICIPARQUE,Cacifo,0,6,Sim,Privado,Interdito Micromobilidade,,-1012270.83250962,4687613.30688423
15237,541,"Avenida Praia da Vitória, 16",Arroios,Lugar estacionamento automóvel,BICICLETA,Sheffield standard,5,10,Não,Público,Partilhado com Micromobilidade,,-1017782.65632047,4683649.88532077
15238,542,Passeio do Parque,Parque das Nações,Passeio,BICICLETA,Cascata,1,8,Não,Público,Partilhado com Micromobilidade,,-1012344.96974484,4690935.08853467
15239,641,"Avenida António José Almeida, IST",Areeiro,Lugar estacionamento automóvel,HOTSPOT,Sheffield standard,2,9,Não,Público,Partilhado com Micromobilidade,4/29/2019 12:00:00 AM,-1017389.08381892,4684223.31600144
15240,642,Calçada da Tapada,Alcântara,Passeio,BICICLETA,Sheffield standard,3,6,Não,Público,Partilhado com Micromobilidade,1/29/2019 12:00:00 AM,-1022404.1051185,4679639.87144048
15241,643,Praceta do Chinquilho,Alcântara,Passeio,BICICLETA,Sheffield standard,2,4,Não,Público,Partilhado com Micromobilidade,1/29/2019 12:00:00 AM,-1023182.82228959,4679065.67982849
15242,644,"Rua do Instituto Industrial, 7C",Misericórdia,Passeio,BICICLETA,Sheffield standard,4,8,Não,Público,Partilhado com Micromobilidade,2/20/2019 12:00:00 AM,-1018637.0268475,4679947.72863117
15243,645,Passeio dos Heróis do Mar,Parque das Nações,Passeio,BICICLETA,Cascata,1,8,Não,Público,Partilhado com Micromobilidade,,-1012208.22136723,4690437.72330431
15244,646,"Rua da Ilha dos Amores, Escola",Parque das Nações,Passeio,BICICLETA,Sheffield standard,14,28,Não,Público,Partilhado com Micromobilidade,,-1012231.28277061,4689959.13093709
15245,647,Passeio do Tejo,Parque das Nações,Passeio,BICICLETA,Cascata,1,8,Não,Público,Partilhado com Micromobilidade,,-1012041.21823031,4689801.03238307
15246,649,Travessa do Açafrão,Parque das Nações,Passeio,BICICLETA,Cascata,1,4,Não,Público,Partilhado com Micromobilidade,,-1012113.58167371,4689272.61694512
15247,650,"Rua Marquês do Soveral, Escola",Alvalade,Via,HOTSPOT,Sheffield standard,2,9,Não,Público,Partilhado com Micromobilidade,4/6/2019 12:00:00 AM,-1017030.37419059,4687057.89459088
15248,651,Travessa da Canela,Parque das Nações,Passeio,BICICLETA,Cascata,1,4,Não,Público,Partilhado com Micromobilidade,,-1012133.77291276,4689001.00013381
15249,653,"Avenida D. João II, 49",Parque das Nações,Passeio,BICICLETA,Cascata,1,8,Não,Público,Partilhado com Micromobilidade,,-1012744.67901048,4689255.54572992
15250,654,"Alameda dos Oceanos, 57",Parque das Nações,Passeio,BICICLETA,Cascata,1,8,Não,Público,Partilhado com Micromobilidade,,-1012551.22222517,4688805.12599853
15251,655,Jardim Garcia de Orta ao Parque das Nações,Parque das Nações,Passeio,BICICLETA,Cascata,1,8,Não,Público,Partilhado com Micromobilidade,,-1012153.4689527,4688693.40344791
15252,656,"Alameda dos Oceanos, 49",Parque das Nações,Passeio,BICICLETA,Sheffield standard,5,10,Não,Público,Partilhado com Micromobilidade,,-1012540.21455339,4688462.84784511
15253,657,"Alameda dos Oceanos, 49",Parque das Nações,Passeio,BICICLETA,Sheffield standard,5,10,Não,Público,Partilhado com Micromobilidade,,-1012546.91864734,4688399.2990314
15254,2540,Rua Cipriano Dourado,Lumiar,Lugar estacionamento automóvel,BICICLETA,Sheffield estreito,12,12,Sim,Privado,Interdito Micromobilidade,,-1019408.80266298,4687320.21164998
15255,2541,"Avenida de Berlim, 19",Olivais,Passeio,BICICLETA,Sheffield standard,8,16,Não,Público,Partilhado com Micromobilidade,,-1013725.37282957,4688448.17079392
15256,665,"Rua Lopes de Mendonça, Escola",Alvalade,Via,BICICLETA,Sheffield standard,2,4,Não,Público,Partilhado com Micromobilidade,6/1/2022 12:00:00 AM,-1017216.23194229,4686821.94437956
15257,666,"Largo Rafael Bordalo Pinheiro, 32",Santa Maria Maior,Passeio,BICICLETA,Grelha,1,4,Não,Público,Partilhado com Micromobilidade,,-1017635.50637499,4680423.81763401
15258,667,"Rua Dr. João Soares, 15",Alvalade,Lugar estacionamento automóvel,HOTSPOT,Sheffield standard,2,9,Não,Público,Partilhado com Micromobilidade,8/1/2019 12:00:00 AM,-1018910.38734384,4686334.88919079
15259,668,"Rua Dr. João Soares, 15",Alvalade,Lugar estacionamento automóvel,BICICLETA,Sheffield standard,4,8,Não,Público,Partilhado com Micromobilidade,6/1/2022 12:00:00 AM,-1018916.06727468,4686331.92239331
15260,543,"Alameda dos Oceanos, 1.08.01",Parque das Nações,Passeio,BICICLETA,Sheffield standard,6,12,Não,Público,Partilhado com Micromobilidade,,-1012489.33652891,4689286.82371455
15261,544,"Alameda dos Oceanos, 1.08.01",Parque das Nações,Passeio,BICICLETA,Sheffield standard,6,12,Não,Público,Partilhado com Micromobilidade,,-1012491.86355358,4689204.61447651
15262,609,Praça do Marquês de Pombal,Santo António,Passeio,BICICLETA,Sheffield standard,4,8,Não,Público,Partilhado com Micromobilidade,4/15/2019 12:00:00 AM,-1018600.64605103,4682292.96785326
15263,610,Praça do Marquês de Pombal,Santo António,Passeio,BICICLETA,Sheffield standard,6,12,Não,Público,Partilhado com Micromobilidade,4/15/2019 12:00:00 AM,-1018475.50321704,4682430.73292719
15264,611,Avenida Almirante Reis,Areeiro,Passeio,BICICLETA,Sheffield standard,5,10,Não,Público,Partilhado com Micromobilidade,4/15/2019 12:00:00 AM,-1016738.47672178,4684101.45473651
15265,612,"Avenida 5 de Outubro, 345",Avenidas Novas,Lugar estacionamento automóvel,HOTSPOT,Sheffield standard,2,9,Não,Público,Partilhado com Micromobilidade,4/17/2019 12:00:00 AM,-1018620.83132523,4685601.90514417
15266,613,"Avenida 5 de Outubro, 293",Avenidas Novas,Lugar estacionamento automóvel,HOTSPOT,Sheffield standard,2,9,Não,Público,Partilhado com Micromobilidade,4/17/2019 12:00:00 AM,-1018578.06441631,4685470.26880457
15267,614,"Avenida 5 de Outubro, 265A",Avenidas Novas,Lugar estacionamento automóvel,HOTSPOT,Sheffield standard,2,9,Não,Público,Partilhado com Micromobilidade,4/17/2019 12:00:00 AM,-1018544.55336714,4685287.59078573
15268,615,"Avenida Álvaro Pais, 2",Avenidas Novas,Lugar estacionamento automóvel,HOTSPOT,Sheffield standard,2,9,Não,Público,Partilhado com Micromobilidade,4/17/2019 12:00:00 AM,-1018560.34061066,4685160.94031354
15269,616,Rua Ivone Silva,Avenidas Novas,Lugar estacionamento automóvel,HOTSPOT,Sheffield standard,2,9,Não,Público,Partilhado com Micromobilidade,4/17/2019 12:00:00 AM,-1018683.88475204,4684882.23253448
15270,617,"Rua de Entrecampos, 66D",Alvalade,Lugar estacionamento automóvel,HOTSPOT,Sheffield standard,2,9,Não,Público,Partilhado com Micromobilidade,4/22/2019 12:00:00 AM,-1018284.4185204,4685672.06969606
15271,618,"Rua de Entrecampos, 19",Alvalade,Lugar estacionamento automóvel,HOTSPOT,Sheffield standard,2,9,Não,Público,Partilhado com Micromobilidade,4/22/2019 12:00:00 AM,-1018151.50229389,4685326.40788444
15272,619,"Rua Domingos Monteiro, 7B",Avenidas Novas,Lugar estacionamento automóvel,HOTSPOT,Sheffield standard,2,9,Não,Público,Partilhado com Micromobilidade,4/18/2019 12:00:00 AM,-1018240.32239788,4685164.03853719
15273,620,"Rua de Entrecampos, 9 ",Avenidas Novas,Lugar estacionamento automóvel,HOTSPOT,Sheffield standard,2,9,Não,Público,Partilhado com Micromobilidade,4/22/2019 12:00:00 AM,-1018039.86674302,4685156.06660017
15274,621,Rua Chaby Pinheiro,Avenidas Novas,Lugar estacionamento automóvel,HOTSPOT,Sheffield standard,2,9,Não,Público,Partilhado com Micromobilidade,4/18/2019 12:00:00 AM,-1018117.46482045,4685012.6699831
15275,622,"Campo Pequeno, 17",Avenidas Novas,Lugar estacionamento automóvel,HOTSPOT,Sheffield standard,2,9,Não,Público,Partilhado com Micromobilidade,4/22/2019 12:00:00 AM,-1018056.235982,4685008.26821354
15276,624,"Avenida 5 de Outubro, 186",Avenidas Novas,Lugar estacionamento automóvel,HOTSPOT,Sheffield standard,2,9,Não,Público,Partilhado com Micromobilidade,4/29/2019 12:00:00 AM,-1018455.32486611,4684807.11616416
15277,625,"Rua Laura Alves, 12A",Avenidas Novas,Lugar estacionamento automóvel,HOTSPOT,Sheffield standard,2,9,Não,Público,Partilhado com Micromobilidade,4/25/2019 12:00:00 AM,-1018586.35267765,4684622.12365874
15278,627,"Avenida Barbosa du Bocage, 117",Avenidas Novas,Lugar estacionamento automóvel,HOTSPOT,Sheffield standard,2,9,Não,Público,Partilhado com Micromobilidade,4/29/2019 12:00:00 AM,-1018555.77118358,4684456.73948777
15279,628,"Avenida Barbosa du Bocage, 120",Avenidas Novas,Lugar estacionamento automóvel,HOTSPOT,Sheffield standard,2,9,Não,Público,Partilhado com Micromobilidade,4/29/2019 12:00:00 AM,-1018435.38923794,4684492.1413123
15280,629,"Avenida Barbosa du Bocage, 67",Avenidas Novas,Lugar estacionamento automóvel,HOTSPOT,Sheffield standard,2,9,Não,Público,Partilhado com Micromobilidade,4/29/2019 12:00:00 AM,-1018292.56866505,4684508.95956303
15281,630,"Avenida Elias Garcia, 84",Avenidas Novas,Lugar estacionamento automóvel,HOTSPOT,Sheffield standard,2,9,Não,Público,Partilhado com Micromobilidade,4/29/2019 12:00:00 AM,-1018329.93167436,4684372.69195558
15282,633,"Avenida Conde de Valbom, 61",Avenidas Novas,Lugar estacionamento automóvel,HOTSPOT,Sheffield standard,2,9,Não,Público,Partilhado com Micromobilidade,4/29/2019 12:00:00 AM,-1018668.00448077,4684049.20399667
15283,876,"Avenida 24 de Julho, 102",Estrela,Passeio,BICICLETA,Sheffield standard,2,4,Não,Público,Partilhado com Micromobilidade,8/13/2020 12:00:00 AM,-1019834.23512852,4679381.18225732
15284,877,"Avenida 24 de Julho, 140C",Estrela,Lugar estacionamento automóvel,HOTSPOT,Sheffield standard,4,13,Não,Público,Partilhado com Micromobilidade,8/13/2020 12:00:00 AM,-1020462.50307797,4679320.69866891
15285,879,"Avenida D. João II, 1.15.01",Parque das Nações,Lugar estacionamento automóvel,BICICLETA,Car Bike Port,5,10,Não,Público,Partilhado com Micromobilidade,8/28/2020 12:00:00 AM,-1012791.46808094,4688444.97920371
15286,880,"Rua dos Anjos, 86",Arroios,Lugar estacionamento automóvel,BICICLETA,Sheffield standard,4,8,Não,Público,Partilhado com Micromobilidade,9/1/2020 12:00:00 AM,-1017043.2365758,4682520.34074025
15287,881,"Rua Rebelo da Silva, 9",Arroios,Lugar estacionamento automóvel,HOTSPOT,Sheffield standard,4,9,Não,Público,Partilhado com Micromobilidade,9/1/2020 12:00:00 AM,-1017266.89928911,4683310.78571846
15288,882,"Rua António Pedro, 38",Arroios,Lugar estacionamento automóvel,HOTSPOT,Sheffield standard,2,9,Não,Público,Partilhado com Micromobilidade,9/1/2020 12:00:00 AM,-1016932.28773637,4683272.88690285
15289,883,"Rua Passos Manuel, 108A",Arroios,Lugar estacionamento automóvel,HOTSPOT,Sheffield standard,4,13,Não,Público,Partilhado com Micromobilidade,9/1/2020 12:00:00 AM,-1017111.03327962,4683127.68237989
15290,884,"Rua Passos Manuel, 64A",Arroios,Lugar estacionamento automóvel,BICICLETA,Sheffield standard,4,8,Não,Público,Partilhado com Micromobilidade,9/1/2020 12:00:00 AM,-1017105.81729825,4682878.3864968
15291,885,"Rua Passos Manuel, 2A",Arroios,Lugar estacionamento automóvel,HOTSPOT,Sheffield standard,2,9,Não,Público,Partilhado com Micromobilidade,9/1/2020 12:00:00 AM,-1017101.34755551,4682664.73340177
15292,886,"Rua José Estevão, 35",Arroios,Lugar estacionamento automóvel,HOTSPOT,Sheffield standard,2,9,Não,Público,Partilhado com Micromobilidade,9/1/2020 12:00:00 AM,-1017194.51561216,4682891.29746435
15293,887,"Rua Bernardim Ribeiro, 16",Arroios,Lugar estacionamento automóvel,BICICLETA,Sheffield standard,2,4,Não,Público,Partilhado com Micromobilidade,6/1/2022 12:00:00 AM,-1017743.72393084,4682645.18197982
15294,888,"Rua Bernardim Ribeiro, 28",Santo António,Lugar estacionamento automóvel,BICICLETA,Sheffield standard,2,4,Não,Público,Partilhado com Micromobilidade,6/1/2022 12:00:00 AM,-1017844.58954436,4682550.13108795
15295,889,"Rua José Estêvão, 117B",Arroios,Lugar estacionamento automóvel,BICICLETA,Sheffield standard,4,8,Não,Público,Partilhado com Micromobilidade,9/1/2020 12:00:00 AM,-1017199.48445802,4683132.46837391
15296,890,"Rua Alexandre Braga, 20",Arroios,Lugar estacionamento automóvel,HOTSPOT,Sheffield standard,4,9,Não,Público,Partilhado com Micromobilidade,9/1/2020 12:00:00 AM,-1017414.06095594,4683177.29876275
15297,891,"Rua General Garcia Rosado, 2",Arroios,Lugar estacionamento automóvel,HOTSPOT,Sheffield standard,2,9,Não,Público,Partilhado com Micromobilidade,9/1/2020 12:00:00 AM,-1017518.61804523,4682966.3957648
15298,892,"Campo dos Mártires da Pátria, 50",Arroios,Lugar estacionamento automóvel,HOTSPOT,Sheffield standard,2,9,Não,Público,Partilhado com Micromobilidade,9/1/2020 12:00:00 AM,-1017502.79600045,4681951.52298828
15299,893,"Campo dos Mártires da Pátria, 117",Arroios,Lugar estacionamento automóvel,HOTSPOT,Sheffield standard,2,9,Não,Público,Partilhado com Micromobilidade,9/1/2020 12:00:00 AM,-1017397.00419495,4682001.61271585
15300,1220,"Rua do Grilo, 129",Beato,Lugar estacionamento automóvel,HOTSPOT,Sheffield standard,2,9,Não,Público,Partilhado com Micromobilidade,10/26/2020 12:00:00 AM,-1013877.92060974,4683117.23390522
15301,1221,"Estrada de Benfica, 535",Benfica,Lugar estacionamento automóvel,BICICLETA,Sheffield standard,4,8,Não,Público,Partilhado com Micromobilidade,10/26/2020 12:00:00 AM,-1023524.0368962,4685888.12526869
15302,1222,"Estrada de Benfica, 537",Benfica,Lugar estacionamento automóvel,HOTSPOT,Sheffield standard,2,9,Não,Público,Partilhado com Micromobilidade,10/26/2020 12:00:00 AM,-1023688.45113791,4685925.66931696
15303,1223,Rua Afonso Lopes Vieira,Alvalade,Via,HOTSPOT,Sheffield standard,2,9,Não,Público,Partilhado com Micromobilidade,10/9/2020 12:00:00 AM,-1018495.59588152,4686598.07240217
15304,1224,"Alameda Padre Álvaro Proença, 2A",Benfica,Lugar estacionamento automóvel,HOTSPOT,Sheffield standard,2,9,Não,Público,Partilhado com Micromobilidade,10/26/2020 12:00:00 AM,-1024304.58114848,4685775.99029895
15305,1225,"Rua Laura Ayres, 4",Carnide,Lugar estacionamento automóvel,HOTSPOT,Sheffield standard,2,9,Não,Público,Partilhado com Micromobilidade,10/26/2020 12:00:00 AM,-1022294.27004794,4688076.5762875
15306,1226,"Rua Conselheiro Martins de Carvalho, 1",Belém,Passeio,BICICLETA,Sheffield estreito,5,10,Não,Público,Partilhado com Micromobilidade,,-1024439.61825289,4679778.65328321
15307,1227,"Avenida Professor Aníbal de Bettencourt, ISCTE (Edifício II)",Alvalade,Passeio,BICICLETA,Cascata,2,20,Não,Público,Partilhado com Micromobilidade,,-1018926.07531775,4685866.79623847
15308,1229,"Rua da Junqueira, 297",Belém,Passeio,BICICLETA,Onda,2,10,Não,Privado,Interdito Micromobilidade,,-1023710.13724724,4678391.18493518
15309,1231,"Praça de Goa, 3-3B",Belém,Passeio,BICICLETA,Sheffield standard,6,12,Não,Privado,Interdito Micromobilidade,11/26/2020 12:00:00 AM,-1026140.71279149,4678973.35634832
15310,1232,"Avenida Infante Dom Henrique, 319",Marvila,Passeio,BICICLETA,Sheffield estilizado,4,8,Não,Público,Partilhado com Micromobilidade,,-1013389.1550121,4686727.07216148
15311,2319,Avenida Dr. Francisco Luís Gomes,Olivais,Passeio,HOTSPOT,,0,10,Não,Público,Dedicado Micromobilidade,10/23/2023 12:00:00 AM,-1013654.7539625,4689192.04396742
15312,2320,Rua Alferes Santos Sasso,Olivais,Passeio,HOTSPOT,,0,10,Não,Público,Dedicado Micromobilidade,10/23/2023 12:00:00 AM,-1014297.84141774,4688727.12157832
15313,2539,Rua Mário Sampaio Ribeiro,Lumiar,Passeio,BICICLETA,Sheffield standard,4,8,Não,Privado,Interdito Micromobilidade,1/9/2025 12:00:00 AM,-1019862.68751485,4688609.89330378
15314,1233,"Avenida Infante Dom Henrique, Lote 17-18",Olivais,Via,BICICLETA,Entorta rodas,6,6,Não,Privado,Interdito Micromobilidade,,-1013461.32718375,4686901.9436045
15315,1234,Campus de Benfica do Instituto Politécnico de Lisboa,Benfica,Passeio,BICICLETA,Entorta rodas,1,5,Não,Privado,Interdito Micromobilidade,,-1023658.41615746,4685437.96814172
15316,1235,Eixo Central,Lumiar,Passeio,BICICLETA,Onda,2,10,Não,Público,Partilhado com Micromobilidade,5/18/2013 12:00:00 AM,-1018466.09718621,4688584.38602953
15317,1236,Eixo Central,Lumiar,Passeio,BICICLETA,Onda,2,10,Não,Público,Partilhado com Micromobilidade,5/18/2013 12:00:00 AM,-1018465.41028013,4688560.57407378
15318,1237,"Rua João Saraiva, 24",Alvalade,Lugar estacionamento automóvel,HOTSPOT,Sheffield standard,2,9,Não,Público,Partilhado com Micromobilidade,7/24/2020 12:00:00 AM,-1017725.60852312,4686882.15406864
15319,1238,"Avenida Maria Helena Vieira da Silva, 39",Lumiar,Passeio,BICICLETA,Sheffield standard,4,8,Não,Público,Partilhado com Micromobilidade,9/9/2020 12:00:00 AM,-1018619.4216511,4688377.05192689
15320,1239,Rua de Moscavide ao Parque das Nações,Parque das Nações,Lugar estacionamento automóvel,HOTSPOT,Sheffield standard,2,9,Não,Público,Partilhado com Micromobilidade,10/26/2020 12:00:00 AM,-1012794.4444479,4689935.85573844
15321,1240,"Rua Hermínio da Palma Inácio, Lote 29.02",Santa Clara,Passeio,BICICLETA,Entorta rodas,1,6,Sim,Privado,Interdito Micromobilidade,,-1018110.23481842,4691429.96882413
15322,1241,"Rua Princípe do Mónaco, Escola",Parque das Nações,Passeio,BICICLETA,Cascata,1,8,Não,Privado,Interdito Micromobilidade,,-1012694.66817497,4691026.9755108
15323,1242,"Rua Conselheiro Emídio Navarro, ISEL",Marvila,Passeio,BICICLETA,Cascata,4,8,Não,Privado,Interdito Micromobilidade,,-1014870.39978052,4686913.60991245
15324,1243,"Rua Conselheiro Emídio Navarro, ISEL",Marvila,Passeio,BICICLETA,Entorta rodas,2,10,Sim,Privado,Interdito Micromobilidade,,-1014969.55831576,4686927.6452763
15325,1244,"Avenida António Augusto de Aguiar, 167",Avenidas Novas,Lugar estacionamento automóvel,BICICLETA,Sheffield standard,5,10,Não,Público,Partilhado com Micromobilidade,,-1019137.29538524,4683861.20202125
15326,1245,Avenida Columbano Bordalo Pinheiro,Campolide,Passeio,BICICLETA,Sheffield standard,12,24,Não,Público,Partilhado com Micromobilidade,12/11/2020 12:00:00 AM,-1019657.65174373,4684203.31251379
15327,634,"Avenida Marquês de Tomar, 56",Avenidas Novas,Lugar estacionamento automóvel,HOTSPOT,Sheffield standard,2,9,Não,Público,Partilhado com Micromobilidade,4/29/2019 12:00:00 AM,-1018504.44948203,4684053.97275909
15328,636,"Avenida da República, 44",Avenidas Novas,Lugar estacionamento automóvel,HOTSPOT,Sheffield standard,2,9,Não,Público,Partilhado com Micromobilidade,4/29/2019 12:00:00 AM,-1018123.89258435,4684370.30482445
15329,637,"Avenida da República, 36",Avenidas Novas,Lugar estacionamento automóvel,HOTSPOT,Sheffield standard,2,9,Não,Público,Partilhado com Micromobilidade,4/29/2019 12:00:00 AM,-1018094.96029651,4684217.57827064
15330,638,"Avenida da República, 28A",Avenidas Novas,Lugar estacionamento automóvel,HOTSPOT,Sheffield standard,2,9,Não,Público,Partilhado com Micromobilidade,4/29/2019 12:00:00 AM,-1018068.07650844,4684077.21622648
15331,639,"Avenida da República, 56D",Avenidas Novas,Lugar estacionamento automóvel,HOTSPOT,Sheffield standard,2,9,Não,Público,Partilhado com Micromobilidade,4/29/2019 12:00:00 AM,-1018164.39363788,4684652.66481154
15332,640,"Avenida dos Defensores de Chaves, 99",Avenidas Novas,Lugar estacionamento automóvel,HOTSPOT,Sheffield standard,2,9,Não,Público,Partilhado com Micromobilidade,4/29/2019 12:00:00 AM,-1018006.03101139,4684690.16236278
15333,545,"Alameda dos Oceanos, 2.14.01",Parque das Nações,Passeio,BICICLETA,Cascata,1,10,Não,Público,Partilhado com Micromobilidade,,-1012503.84643742,4689006.09532082
15334,546,Alameda dos Oceanos,Parque das Nações,Passeio,BICICLETA,Sheffield standard,5,10,Não,Público,Partilhado com Micromobilidade,,-1012568.24295852,4687705.99249371
15335,548,"Rua Bernardo Lima, 35B",Santo António,Via,BICICLETA,Sheffield standard,3,12,Não,Público,Partilhado com Micromobilidade,,-1018033.49577591,4682686.97630183
15336,552,"Avenida Guerra Junqueiro, 13",Areeiro,Via,BICICLETA,Sheffield standard,3,6,Não,Público,Partilhado com Micromobilidade,4/10/2018 12:00:00 AM,-1016969.49362902,4684327.03569657
15337,553,"Avenida Guerra Junqueiro, 24",Areeiro,Via,BICICLETA,Sheffield standard,3,6,Não,Público,Partilhado com Micromobilidade,4/10/2018 12:00:00 AM,-1017010.62150802,4684395.91766479
15338,554,"Avenida Guerra Junqueiro, 26",Areeiro,Via,BICICLETA,Sheffield standard,3,6,Não,Público,Partilhado com Micromobilidade,4/10/2018 12:00:00 AM,-1017027.35720635,4684418.08960224
15339,555,"Avenida Guerra Junqueiro, 23D
",Areeiro,Passeio,BICICLETA,Sheffield estreito,3,6,Não,Público,Partilhado com Micromobilidade,,-1017078.04121888,4684461.28313843
15340,556,"Avenida Rovisco Pais, 20",Areeiro,Passeio,BICICLETA,Onda,1,5,Não,Público,Partilhado com Micromobilidade,,-1017301.89122266,4683832.36923598
15341,558,"Campo Grande, 376",Alvalade,Passeio,BICICLETA,Sheffield estreito,5,10,Não,Público,Partilhado com Micromobilidade,,-1018943.11679411,4687042.8308275
15342,559,Campo Grande,Alvalade,Passeio,BICICLETA,Entorta rodas,2,35,Não,Privado,Interdito Micromobilidade,,-1018666.79053412,4686282.78167217
15343,560,"Avenida Duque d' Ávila, 42",Avenidas Novas,Passeio,BICICLETA,Onda,1,5,Não,Público,Partilhado com Micromobilidade,,-1018188.15069033,4683802.96750871
15344,561,"Avenida Duque d' Ávila, 56 ",Avenidas Novas,Passeio,BICICLETA,Onda,1,5,Não,Público,Partilhado com Micromobilidade,,-1018341.12853407,4683797.38637641
15345,2089,"Rua Alfredo da Silva, 12",Ajuda,Passeio,HOTSPOT,,0,10,Não,Público,Dedicado Micromobilidade,4/17/2023 12:00:00 AM,-1023513.6233583,4679038.77702657
15346,2090,"Rua do Meio à Ajuda, 30",Ajuda,Passeio,HOTSPOT,,0,10,Não,Público,Dedicado Micromobilidade,4/17/2023 12:00:00 AM,-1024180.11307673,4679579.72550639
15347,562,"Avenida Duque d' Ávila, 30",Avenidas Novas,Passeio,BICICLETA,Onda,1,5,Não,Público,Partilhado com Micromobilidade,,-1017951.35433751,4683810.19232375
15348,563,Avenida Duque d' Ávila,Avenidas Novas,Passeio,BICICLETA,Sheffield estreito,3,6,Não,Público,Partilhado com Micromobilidade,,-1017748.18258831,4683831.79891942
15349,564,"Avenida Rovisco Pais, 4",Areeiro,Passeio,BICICLETA,Onda,1,5,Não,Público,Partilhado com Micromobilidade,,-1017411.14307993,4683831.87906965
15350,565,Rua Febo Moniz,Arroios,Passeio,BICICLETA,Sheffield estreito,3,6,Não,Público,Partilhado com Micromobilidade,,-1016924.16506947,4682560.90102289
15351,566,"Rua dos Anjos, 63",Arroios,Passeio,BICICLETA,Sheffield standard,3,6,Não,Público,Partilhado com Micromobilidade,,-1017029.55781136,4682337.23771926
15352,567,"Largo do Intendente Pina Manique, 36",Arroios,Passeio,BICICLETA,Sheffield standard,3,6,Não,Público,Partilhado com Micromobilidade,,-1016879.34846008,4681805.28962965
15353,568,Rua António Pedro,Arroios,Passeio,BICICLETA,Sheffield standard,3,6,Não,Público,Partilhado com Micromobilidade,,-1016922.70784027,4683606.40681228
15354,569,"Rua dos Heróis de Quionga, 17",Arroios,Passeio,BICICLETA,Sheffield standard,2,4,Não,Público,Partilhado com Micromobilidade,,-1016645.96547358,4683232.77872507
15355,570,"Rua Maria, 73",Arroios,Via,BICICLETA,Sheffield standard,3,6,Não,Público,Partilhado com Micromobilidade,,-1016698.0424212,4682330.22685574
15356,571,"Rua Maria, 38",Arroios,Passeio,BICICLETA,Sheffield standard,2,4,Não,Público,Partilhado com Micromobilidade,,-1016704.58012574,4682109.24252713
15357,572,"Rua Angelina Vidal, 73",Arroios,Passeio,BICICLETA,Sheffield standard,1,2,Não,Privado,Interdito Micromobilidade,,-1016552.95637977,4682147.33595642
15358,574,Praça do Império,Belém,Passeio,HOTSPOT,Sheffield standard,4,9,Não,Público,Partilhado com Micromobilidade,10/3/2018 12:00:00 AM,-1024945.93720919,4678175.09659456
15359,575,Avenida de Brasília,Belém,Via,HOTSPOT,Sheffield standard,4,13,Não,Público,Partilhado com Micromobilidade,1/28/2018 12:00:00 AM,-1022783.51989461,4678336.30453141
15360,576,"Praça do Duque da Terceira, 2",Misericórdia,Passeio,HOTSPOT,Sheffield standard,2,9,Não,Público,Partilhado com Micromobilidade,2/15/2019 12:00:00 AM,-1017885.62246389,4679735.07259879
15361,577,Cais do Sodré,Misericórdia,Passeio,HOTSPOT,Sheffield standard,2,9,Não,Público,Partilhado com Micromobilidade,2/15/2019 12:00:00 AM,-1017867.13953924,4679546.53376862
15362,578,Cais do Sodré,Misericórdia,Passeio,HOTSPOT,Sheffield standard,2,9,Não,Público,Partilhado com Micromobilidade,2/15/2019 12:00:00 AM,-1017847.14765387,4679547.10326415
15363,580,"Avenida Almirante Reis, 19D",Arroios,Lugar estacionamento automóvel,BICICLETA,Sheffield standard,3,6,Não,Público,Partilhado com Micromobilidade,1/7/2019 12:00:00 AM,-1016951.60590791,4681923.72776044
15364,581,Rua Febo Moniz,Arroios,Passeio,HOTSPOT,Sheffield standard,6,17,Não,Público,Partilhado com Micromobilidade,1/30/2019 12:00:00 AM,-1016931.45602438,4682568.1522671
15365,582,"Avenida da República, 11",Avenidas Novas,Passeio,HOTSPOT,Sheffield standard,2,9,Não,Público,Partilhado com Micromobilidade,2/12/2019 12:00:00 AM,-1018055.61403587,4683787.67754363
15366,585,"Avenida António Serpa, 1",Avenidas Novas,Passeio,BICICLETA,Sheffield standard,2,4,Não,Público,Partilhado com Micromobilidade,2/13/2019 12:00:00 AM,-1018305.60976881,4684952.15371287
15367,586,"Avenida António Serpa, 1",Avenidas Novas,Passeio,HOTSPOT,Sheffield standard,2,9,Não,Público,Partilhado com Micromobilidade,2/13/2019 12:00:00 AM,-1018296.80918483,4684955.3272817
15368,587,Avenida Duque d' Ávila,Avenidas Novas,Passeio,HOTSPOT,Sheffield standard,2,9,Não,Público,Partilhado com Micromobilidade,2/13/2019 12:00:00 AM,-1017769.93516742,4683832.6897056
15369,588,"Avenida de Roma, 6D",Areeiro,Passeio,HOTSPOT,Sheffield standard,2,9,Não,Público,Partilhado com Micromobilidade,2/13/2019 12:00:00 AM,-1017241.87818442,4684817.57006396
15370,589,"Avenida de Roma, 58",Alvalade,Passeio,HOTSPOT,Sheffield standard,2,9,Não,Público,Partilhado com Micromobilidade,2/13/2019 12:00:00 AM,-1017617.69665435,4685731.27579227
15371,590,"Praça de Alvalade, 12",Alvalade,Passeio,HOTSPOT,Sheffield standard,2,9,Não,Público,Partilhado com Micromobilidade,2/13/2019 12:00:00 AM,-1017885.68922644,4686428.41250417
15372,591,Campo Pequeno,Avenidas Novas,Passeio,BICICLETA,Sheffield estreito,3,6,Não,Público,Partilhado com Micromobilidade,,-1018033.17812265,4684988.93824838
15373,596,"Avenida 5 de Outubro, 20",Avenidas Novas,Lugar estacionamento automóvel,HOTSPOT,Sheffield standard,2,9,Não,Público,Partilhado com Micromobilidade,5/10/2019 12:00:00 AM,-1018237.36680096,4683681.45884478
15374,597,"Rua Filipe Folque, 32",Avenidas Novas,Lugar estacionamento automóvel,HOTSPOT,Sheffield standard,2,9,Não,Público,Partilhado com Micromobilidade,5/10/2019 12:00:00 AM,-1018411.04994615,4683611.07417604
15375,598,"Rua Jau, Escola",Alcântara,Passeio,BICICLETA,Sheffield standard,3,6,Não,Público,Partilhado com Micromobilidade,1/29/2019 12:00:00 AM,-1022839.49214541,4679118.70543293
15376,599,"Avenida de Brasília, Museu",Estrela,Via,BICICLETA,Borboleta,1,6,Não,Público,Partilhado com Micromobilidade,,-1020955.95521077,4679211.31270367
15377,602,"Avenida Duque d'Ávila, 2C",Areeiro,Passeio,BICICLETA,Onda,1,5,Não,Público,Partilhado com Micromobilidade,,-1017568.16202962,4683823.28105561
15378,603,"Rua António Enes, 23",Avenidas Novas,Passeio,BICICLETA,Onda,1,4,Não,Público,Partilhado com Micromobilidade,,-1018509.88693751,4683756.70619753
15379,604,"Rua Tomás Ribeiro, 47D",Avenidas Novas,Passeio,BICICLETA,Sheffield standard,2,4,Não,Público,Partilhado com Micromobilidade,4/30/2019 12:00:00 AM,-1018247.31941331,4683196.66046224
15380,605,"Rua de Dona Estefânia, 157",Arroios,Passeio,BICICLETA,Sheffield standard,3,6,Não,Público,Partilhado com Micromobilidade,,-1017573.91806085,4683467.99530031
15381,606,Rua Alferes Malheiro,Alvalade,Lugar estacionamento automóvel,HOTSPOT,Sheffield standard,2,9,Não,Público,Partilhado com Micromobilidade,4/9/2019 12:00:00 AM,-1016867.69555964,4687119.94061698
15382,673,Campus de Campolide,Campolide,Passeio,BICICLETA,Sheffield standard,5,10,Não,Privado,Interdito Micromobilidade,,-1019839.58277715,4683479.08271692
15383,1064,"Avenida do Rio de Janeiro, 66",Alvalade,Passeio,BICICLETA,Sheffield standard,2,4,Não,Público,Partilhado com Micromobilidade,9/17/2020 12:00:00 AM,-1017527.13555336,4687051.91331668
15384,1065,"Rua João Saraiva, 1",Alvalade,Passeio,HOTSPOT,Sheffield standard,2,9,Não,Público,Partilhado com Micromobilidade,9/17/2020 12:00:00 AM,-1017536.52792049,4686942.93764231
15385,1066,Rua Cordeiro Ferreira,Lumiar,Passeio,HOTSPOT,Sheffield standard,2,9,Não,Público,Partilhado com Micromobilidade,9/17/2020 12:00:00 AM,-1019696.08484641,4689158.97743271
15386,1067,"Rua da República do Paraguai, 24",Lumiar,Passeio,BICICLETA,Sheffield standard,3,6,Não,Público,Partilhado com Micromobilidade,9/17/2020 12:00:00 AM,-1019739.26665694,4689275.84091826
15387,1068,"Avenida David Mourão-Ferreira, 62D",Lumiar,Passeio,HOTSPOT,Sheffield standard,2,9,Não,Público,Partilhado com Micromobilidade,9/17/2020 12:00:00 AM,-1019211.12835199,4689446.0536466
15388,1069,"Rua Helena Vaz da Silva, 20A",Lumiar,Passeio,BICICLETA,Sheffield standard,2,4,Não,Público,Partilhado com Micromobilidade,9/17/2020 12:00:00 AM,-1018846.323447,4689416.40003902
15389,1070,"Rua Helena Vaz da Silva, 14",Lumiar,Passeio,BICICLETA,Sheffield standard,2,4,Não,Público,Partilhado com Micromobilidade,9/17/2020 12:00:00 AM,-1018900.68060957,4689246.6955366
15390,1071,"Rua Helena Vaz da Silva, 2A",Lumiar,Passeio,BICICLETA,Sheffield standard,2,4,Não,Público,Partilhado com Micromobilidade,9/17/2020 12:00:00 AM,-1018961.06781209,4689054.09226673
15391,1072,"Alameda das Linhas de Torres, 199",Lumiar,Passeio,HOTSPOT,Sheffield standard,2,9,Não,Público,Partilhado com Micromobilidade,9/17/2020 12:00:00 AM,-1019673.2257346,4688784.10391603
15392,1073,"Rua Silva Tavares, 7A",Lumiar,Passeio,BICICLETA,Sheffield standard,2,4,Não,Público,Partilhado com Micromobilidade,9/17/2020 12:00:00 AM,-1019396.17510014,4688536.26160894
15393,1074,"Alameda das Linhas de Torres, 149B",Lumiar,Passeio,BICICLETA,Sheffield standard,2,4,Não,Público,Partilhado com Micromobilidade,9/17/2020 12:00:00 AM,-1019469.3024354,4688347.71030706
15394,1075,Rua Francisco Stromp,Lumiar,Passeio,BICICLETA,Sheffield standard,4,8,Não,Público,Partilhado com Micromobilidade,9/17/2020 12:00:00 AM,-1019456.39434711,4687850.99059845
15395,1076,"Rua Fernando Curado Ribeiro, 4G",Lumiar,Passeio,BICICLETA,Sheffield standard,4,8,Não,Público,Partilhado com Micromobilidade,9/17/2020 12:00:00 AM,-1019310.05181728,4687463.46397173
15397,1078,"Rua Alexandre Herculano, 2A",Santo António,Passeio,BICICLETA,Sheffield standard,4,8,Não,Público,Partilhado com Micromobilidade,9/17/2020 12:00:00 AM,-1018153.24833889,4682310.62425549
15398,1079,"Rua Alexandre Herculano, 33A",Santo António,Passeio,BICICLETA,Sheffield standard,2,4,Não,Público,Partilhado com Micromobilidade,9/17/2020 12:00:00 AM,-1018639.28086104,4681929.80996097
15399,1080,"Rua Castilho, 15A",Santo António,Passeio,HOTSPOT,Sheffield standard,2,9,Não,Público,Partilhado com Micromobilidade,9/17/2020 12:00:00 AM,-1018623.26526289,4681843.8254054
15400,1081,"Rua Castilho, 5",Santo António,Passeio,HOTSPOT,Sheffield standard,2,9,Não,Público,Partilhado com Micromobilidade,9/17/2020 12:00:00 AM,-1018532.82405324,4681711.45984382
15401,1082,"Rua Rodrigo da Fonseca, 2",Santo António,Passeio,HOTSPOT,Sheffield standard,2,9,Não,Público,Partilhado com Micromobilidade,9/17/2020 12:00:00 AM,-1018623.41495806,4681627.67170719
15402,1083,"Rua Rodrigo da Fonseca, 24",Santo António,Passeio,BICICLETA,Sheffield standard,2,4,Não,Público,Partilhado com Micromobilidade,9/17/2020 12:00:00 AM,-1018823.86191003,4681918.15766127
15403,1084,"Rua Braamcamp, 11",Santo António,Passeio,BICICLETA,Sheffield standard,3,6,Não,Público,Partilhado com Micromobilidade,9/17/2020 12:00:00 AM,-1018749.86518688,4682006.92388866
15404,1085,"Rua de São Bento, 47",Misericórdia,Via,BICICLETA,Sheffield standard,3,6,Não,Público,Interdito Micromobilidade,9/17/2020 12:00:00 AM,-1018870.75722278,4680375.70845659
15405,1086,"Rua de São Bento, 30",Misericórdia,Via,BICICLETA,Sheffield standard,2,4,Não,Público,Interdito Micromobilidade,9/17/2020 12:00:00 AM,-1018861.55898981,4680284.19438344
15406,1087,"Rua Braamcamp, 18",Santo António,Passeio,BICICLETA,Sheffield standard,2,4,Não,Público,Partilhado com Micromobilidade,9/17/2020 12:00:00 AM,-1018713.54550585,4682139.01849062
15407,1088,"Rua Duque de Palmela, 11B",Santo António,Passeio,HOTSPOT,Sheffield standard,2,9,Não,Público,Partilhado com Micromobilidade,9/17/2020 12:00:00 AM,-1018546.66635787,4682087.84501196
15408,1089,"Rua Alexandre Herculano, 14",Santo António,Passeio,HOTSPOT,Sheffield standard,2,9,Não,Público,Partilhado com Micromobilidade,9/17/2020 12:00:00 AM,-1018450.02984686,4682088.82493453
15409,1090,"Rua Mouzinho da Silveira, 34C",Santo António,Passeio,HOTSPOT,Sheffield standard,2,9,Não,Público,Partilhado com Micromobilidade,9/17/2020 12:00:00 AM,-1018662.57715104,4682125.01624231
15410,1091,"Rua Mouzinho da Silveira, 3B",Santo António,Passeio,HOTSPOT,Sheffield standard,2,9,Não,Público,Partilhado com Micromobilidade,9/17/2020 12:00:00 AM,-1018509.80271559,4681871.26917817
15411,1092,"Rua Barata Salgueiro, 33",Santo António,Passeio,BICICLETA,Sheffield standard,2,4,Não,Público,Partilhado com Micromobilidade,9/17/2020 12:00:00 AM,-1018414.16568006,4681807.32825113
15412,1093,"Rua Rosa Araújo, 7",Santo António,Passeio,HOTSPOT,Sheffield standard,2,9,Não,Público,Partilhado com Micromobilidade,9/17/2020 12:00:00 AM,-1018381.14491209,4681968.7694314
15413,1094,"Rua Rosa Araújo, 41",Santo António,Passeio,HOTSPOT,Sheffield standard,2,9,Não,Público,Partilhado com Micromobilidade,9/17/2020 12:00:00 AM,-1018478.79753863,4681901.98659488
15414,1095,"Rua Alexandre Herculano, 35",Santo António,Passeio,BICICLETA,Sheffield standard,2,4,Não,Público,Partilhado com Micromobilidade,9/17/2020 12:00:00 AM,-1018684.47209411,4681901.17143927
15415,1096,"Rua Alexandre Herculano, 51",Santo António,Passeio,BICICLETA,Sheffield standard,2,9,Não,Público,Partilhado com Micromobilidade,9/17/2020 12:00:00 AM,-1018851.66761477,4681787.58150354
15416,1098,"Rua Melo Gouveia, 9",Penha de França,Via,BICICLETA,Sheffield standard,2,4,Não,Público,Partilhado com Micromobilidade,9/17/2020 12:00:00 AM,-1016065.11900157,4683495.62319208
15417,1099,"Rua Rodrigo da Fonseca, 101C
",Santo António,Passeio,BICICLETA,Sheffield standard,2,4,Não,Público,Partilhado com Micromobilidade,9/17/2020 12:00:00 AM,-1019126.84774967,4682331.1151755
15418,1100,"Avenida dos Estados Unidos da América, 118",Alvalade,Passeio,HOTSPOT,Sheffield standard,2,9,Não,Público,Partilhado com Micromobilidade,9/17/2020 12:00:00 AM,-1017956.95167399,4685829.94907546
15419,1101,Rua Alberto de Oliveira,Alvalade,Passeio,BICICLETA,Sheffield standard,2,4,Não,Público,Partilhado com Micromobilidade,9/17/2020 12:00:00 AM,-1017992.24774995,4685963.02936837
15420,1102,"Rua Fernando Pessoa, Escola",Alvalade,Passeio,BICICLETA,Sheffield standard,3,6,Não,Público,Partilhado com Micromobilidade,9/17/2020 12:00:00 AM,-1018118.95705994,4686005.65803262
15421,2167,Avenida da Índia,Alcântara,Passeio,HOTSPOT,,0,10,Não,Público,Dedicado Micromobilidade,9/8/2023 12:00:00 AM,-1021827.92535523,4678792.06029567
15422,2168,Avenida de Brasília,Alcântara,Passeio,HOTSPOT,,0,10,Não,Público,Dedicado Micromobilidade,9/8/2023 12:00:00 AM,-1022724.37952337,4678408.25718379
15423,674,Campus de Campolide,Campolide,Passeio,BICICLETA,Sheffield standard,4,8,Não,Privado,Interdito Micromobilidade,,-1019864.77504325,4683526.68561506
15424,675,Campus de Campolide,Campolide,Passeio,BICICLETA,Sheffield standard,7,14,Não,Privado,Interdito Micromobilidade,,-1019868.40692872,4683536.43975908
15425,676,Campus de Campolide,Campolide,Passeio,BICICLETA,Sheffield standard,7,14,Não,Privado,Interdito Micromobilidade,,-1019845.07811784,4683522.14639898
15426,677,Avenida Almirante Gago Coutinho,Alvalade,Passeio,HOTSPOT,Sheffield standard,2,9,Não,Público,Partilhado com Micromobilidade,11/26/2019 12:00:00 AM,-1016327.94025697,4687610.60281532
15427,679,"Largo do Rato, 4",Santo António,Passeio,BICICLETA,Sheffield standard,2,4,Não,Público,Partilhado com Micromobilidade,11/23/2019 12:00:00 AM,-1019048.72728314,4681696.2846642
15428,2066,"Rua Duque de Palmela, 36B",Santo António,Passeio,HOTSPOT,Sheffield standard,2,9,Não,Público,Partilhado com Micromobilidade,1/24/2023 12:00:00 AM,-1018627.57070599,4682241.12414387
15429,2067,Rua Galdim Pais,Beato,Passeio,BICICLETA,Onda,1,,Não,Privado,Interdito Micromobilidade,,-1014612.51838022,4682727.20295108
15430,680,Rua Alberto de Oliveira,Alvalade,Via,BICICLETA,Sheffield standard,2,4,Não,Público,Partilhado com Micromobilidade,11/29/2019 12:00:00 AM,-1017909.20652205,4686126.03724231
15431,681,"Rua do Instituto Industrial, 7",Misericórdia,Passeio,HOTSPOT,Sheffield standard,2,9,Não,Público,Partilhado com Micromobilidade,2/15/2019 12:00:00 AM,-1018637.96254495,4679962.33555197
15432,682,"Rua do Instituto Industrial, 7C",Misericórdia,Passeio,HOTSPOT,Sheffield standard,2,9,Não,Público,Partilhado com Micromobilidade,2/15/2019 12:00:00 AM,-1018636.84986586,4679927.94441913
15433,683,"Rua da Palma, 233",Santa Maria Maior,Lugar estacionamento automóvel,HOTSPOT,Sheffield standard,2,9,Não,Público,Partilhado com Micromobilidade,1/9/2019 12:00:00 AM,-1016987.33353677,4681487.61479796
15434,684,"Rua da Palma, 278",Santa Maria Maior,Passeio,BICICLETA,Sheffield standard,2,4,Não,Público,Partilhado com Micromobilidade,1/30/2019 12:00:00 AM,-1016964.50045707,4681550.21567916
15435,688,"Avenida de Roma, 26",Areeiro,Passeio,BICICLETA,Sheffield standard,3,6,Não,Público,Partilhado com Micromobilidade,2/13/2019 12:00:00 AM,-1017383.0034626,4685155.09283845
15436,689,"Rua Luís Augusto Palmeirim, 13",Alvalade,Via,HOTSPOT,Sheffield standard,2,9,Não,Público,Partilhado com Micromobilidade,4/5/2019 12:00:00 AM,-1017881.63109052,4686598.6329429
15437,690,"Rua Acácio de Paiva, 13C",Alvalade,Via,HOTSPOT,Sheffield standard,3,11,Não,Público,Partilhado com Micromobilidade,4/5/2019 12:00:00 AM,-1017780.69199757,4686627.76215872
15438,691,"Rua José Duro, 25B",Alvalade,Via,HOTSPOT,Sheffield standard,4,13,Não,Público,Partilhado com Micromobilidade,4/30/2019 12:00:00 AM,-1017585.72481879,4686620.58730511
15439,692,"Rua José d'Esaguy, 1A",Alvalade,Via,HOTSPOT,Sheffield standard,2,9,Não,Público,Partilhado com Micromobilidade,4/5/2019 12:00:00 AM,-1017634.73932638,4686511.7447594
15440,693,"Rua Dr. João Soares, 20",Alvalade,Lugar estacionamento automóvel,BICICLETA,Sheffield standard,6,12,Não,Público,Partilhado com Micromobilidade,9/20/2019 12:00:00 AM,-1019040.59755299,4686358.9072215
15441,694,"Rua Dr. João Soares, 20",Alvalade,Lugar estacionamento automóvel,BICICLETA,Sheffield standard,6,12,Não,Público,Partilhado com Micromobilidade,9/20/2019 12:00:00 AM,-1019046.80339505,4686361.13854044
15442,697,"Avenida Fontes Pereira de Melo, 35E",Avenidas Novas,Passeio,HOTSPOT,Sheffield standard,2,9,Não,Público,Partilhado com Micromobilidade,3/22/2019 12:00:00 AM,-1018190.83463511,4683264.47883451
15443,2533,"Rua António Gedeão, Escola",Marvila,Passeio,BICICLETA,Sheffield standard,9,18,Não,Privado,Interdito Micromobilidade,4/15/2024 12:00:00 AM,-1014180.24514712,4684523.10053185
15444,2534,"Rua Hermano Neves, 13A",Lumiar,Passeio,BICICLETA,Sheffield standard,6,12,Não,Privado,Interdito Micromobilidade,4/15/2024 12:00:00 AM,-1020836.97208593,4687397.33817575
15445,698,"Rua Martens Ferrão, 20",Arroios,Passeio,HOTSPOT,Sheffield standard,2,9,Não,Público,Partilhado com Micromobilidade,4/30/2019 12:00:00 AM,-1018287.00231885,4682944.19886475
15446,699,"Rua Alexandre Herculano, 31",Santo António,Passeio,HOTSPOT,Sheffield standard,2,9,Não,Público,Partilhado com Micromobilidade,12/6/2019 12:00:00 AM,-1018592.09878281,4681962.98211514
15447,700,"Rua Duque de Palmela, 4",Santo António,Passeio,BICICLETA,Sheffield standard,2,4,Não,Público,Partilhado com Micromobilidade,12/5/2019 12:00:00 AM,-1018529.60548296,4682098.63157973
15448,701,"Rua Mouzinho da Silveira, 27C",Santo António,Passeio,HOTSPOT,Sheffield standard,2,9,Não,Público,Partilhado com Micromobilidade,12/5/2019 12:00:00 AM,-1018658.62579483,4682080.17206537
15449,702,"Rua do Açúcar, 54",Marvila,Lugar estacionamento automóvel,HOTSPOT,Sheffield standard,2,9,Não,Público,Partilhado com Micromobilidade,12/31/2019 12:00:00 AM,-1013325.41497651,4684499.31375558
15450,703,Rua Antão Gonçalves,Belém,Passeio,BICICLETA,Sheffield standard,6,12,Não,Privado,Interdito Micromobilidade,12/17/2019 12:00:00 AM,-1025753.67282173,4680120.76995086
15451,704,"Rua Padre Luís Fróis, Escola",Belém,Passeio,BICICLETA,Sheffield standard,4,8,Não,Privado,Interdito Micromobilidade,12/19/2019 12:00:00 AM,-1025697.8233329,4680815.86961487
15452,259,Praça do Duque de Saldanha,Avenidas Novas,Passeio,BICICLETA,Sheffield standard,5,10,Não,Público,Partilhado com Micromobilidade,11/30/2018 12:00:00 AM,-1018068.91110202,4683567.46950314
15453,712,"Rua Andrade Corvo, 25",Arroios,Lugar estacionamento automóvel,BICICLETA,Sheffield standard,4,8,Não,Público,Partilhado com Micromobilidade,7/30/2019 12:00:00 AM,-1018233.68362293,4683043.73749164
15454,713,"Rua Andrade Corvo, 17A",Arroios,Lugar estacionamento automóvel,HOTSPOT,Sheffield standard,2,9,Não,Público,Partilhado com Micromobilidade,7/30/2019 12:00:00 AM,-1018098.30198957,4682978.85997527
15455,714,"Rua Andrade Corvo, 1",Arroios,Lugar estacionamento automóvel,BICICLETA,Sheffield standard,4,8,Não,Público,Partilhado com Micromobilidade,7/30/2019 12:00:00 AM,-1017957.19271517,4682908.01545677
15456,715,"Avenida General Roçadas, Escola",Penha de França,Passeio,BICICLETA,Sheffield estreito,3,6,Não,Privado,Interdito Micromobilidade,,-1016148.70046268,4682617.67691225
15457,716,Avenida de Brasília,Estrela,Via,HOTSPOT,Sheffield standard,4,13,Não,Público,Partilhado com Micromobilidade,1/2/2020 12:00:00 AM,-1020570.77770444,4679249.70472759
15459,720,"Avenida de Paris, 1B",Areeiro,Lugar estacionamento automóvel,HOTSPOT,Sheffield standard,3,11,Não,Público,Partilhado com Micromobilidade,1/17/2020 12:00:00 AM,-1016772.09835188,4684642.94612747
15460,721,"Praça Pasteur, 11",Areeiro,Lugar estacionamento automóvel,BICICLETA,Sheffield standard,2,4,Não,Público,Partilhado com Micromobilidade,1/17/2020 12:00:00 AM,-1016992.75933741,4684648.4095847
15461,722,"Avenida de Paris, 19",Areeiro,Via,BICICLETA,Sheffield standard,2,4,Não,Público,Partilhado com Micromobilidade,1/17/2020 12:00:00 AM,-1017122.23542144,4684642.35663503
15463,724,"Praça de Londres, 6",Areeiro,Passeio,BICICLETA,Sheffield standard,7,14,Não,Público,Partilhado com Micromobilidade,1/17/2020 12:00:00 AM,-1017130.78763595,4684615.90503311
15464,725,Rua Dr. Júlio Dantas,Avenidas Novas,Passeio,BICICLETA,Sheffield standard,2,4,Não,Público,Partilhado com Micromobilidade,1/30/2020 12:00:00 AM,-1019467.24624122,4683796.34658276
15465,726,"Rua Dr. Júlio Dantas, Escola",Campolide,Passeio,BICICLETA,Sheffield standard,2,4,Não,Público,Partilhado com Micromobilidade,1/30/2020 12:00:00 AM,-1019483.84687393,4683799.14104438
15466,727,"Avenida Ressano Garcia, 11",Avenidas Novas,Passeio,BICICLETA,Sheffield standard,2,4,Não,Público,Partilhado com Micromobilidade,1/30/2020 12:00:00 AM,-1019198.47706893,4683733.20814458
15467,728,"Avenida Ressano Garcia, 39",Avenidas Novas,Passeio,BICICLETA,Sheffield standard,2,4,Não,Público,Partilhado com Micromobilidade,1/30/2020 12:00:00 AM,-1019359.89590525,4683777.64069552
15468,729,"Avenida Ressano Garcia, 25",Avenidas Novas,Passeio,HOTSPOT,Sheffield standard,2,9,Não,Público,Partilhado com Micromobilidade,1/30/2020 12:00:00 AM,-1019281.64504228,4683756.2604016
15469,730,"Avenida Ressano Garcia, 24",Avenidas Novas,Passeio,HOTSPOT,Sheffield standard,2,9,Não,Público,Partilhado com Micromobilidade,1/30/2020 12:00:00 AM,-1019297.09686787,4683782.60301053
15470,1,Avenida de Brasília,Alcântara,Passeio,HOTSPOT,Sheffield standard,2,9,Não,Público,Partilhado com Micromobilidade,1/2/2020 12:00:00 AM,-1022253.77294713,4678508.83894052
15471,731,"Rua da Verónica, Escola",São Vicente,Passeio,BICICLETA,Sheffield standard,8,16,Não,Privado,Interdito Micromobilidade,2/13/2020 12:00:00 AM,-1016167.84432086,4681131.18470904
15472,732,"Avenida General Roçadas, Escola",Penha de França,Passeio,BICICLETA,Sheffield standard,4,8,Não,Privado,Interdito Micromobilidade,2/13/2020 12:00:00 AM,-1016144.64178401,4682614.40164389
15473,733,Rua Alexandre de Sá Pinto,Belém,Via,BICICLETA,Sheffield standard,2,4,Não,Privado,Interdito Micromobilidade,2/12/2020 12:00:00 AM,-1023559.75377903,4678899.65429126
15474,734,Rua Alexandre de Sá Pinto,Belém,Passeio,BICICLETA,Sheffield standard,4,8,Não,Privado,Interdito Micromobilidade,2/12/2020 12:00:00 AM,-1023490.38864051,4678873.94548968
15475,735,Rua Alexandre de Sá Pinto,Belém,Passeio,BICICLETA,Sheffield standard,4,8,Não,Privado,Interdito Micromobilidade,2/12/2020 12:00:00 AM,-1023681.11528148,4678810.5320136
15476,737,"Rua da Penha de França, 175",Arroios,Passeio,BICICLETA,Sheffield standard,4,8,Não,Privado,Interdito Micromobilidade,2/13/2020 12:00:00 AM,-1016398.91799774,4682576.84368563
15477,738,Rua Gomes Freire,Arroios,Lugar estacionamento automóvel,BICICLETA,Sheffield standard,4,8,Não,Público,Partilhado com Micromobilidade,2/17/2020 12:00:00 AM,-1017848.11959013,4682937.90486984
15478,739,"Avenida Ressano Garcia, 36",Avenidas Novas,Passeio,HOTSPOT,Sheffield standard,2,9,Não,Público,Partilhado com Micromobilidade,2/17/2020 12:00:00 AM,-1019404.45281457,4683810.98661437
15480,741,Rua de São Lázaro,Arroios,Passeio,BICICLETA,Sheffield standard,5,10,Não,Privado,Interdito Micromobilidade,2/17/2020 12:00:00 AM,-1017238.59898817,4681634.15527713
15481,742,Praça do Império,Belém,Passeio,BICICLETA,Grelha,2,11,Sim,Privado,Interdito Micromobilidade,,-1025133.21193728,4678251.58963247
15482,743,"Avenida de Pádua, 5",Parque das Nações,Lugar estacionamento automóvel,BICICLETA,Sheffield standard,5,10,Não,Público,Partilhado com Micromobilidade,3/1/2020 12:00:00 AM,-1013382.34226517,4687759.05174854
15483,744,Avenida do Colégio Militar,Carnide,Passeio,BICICLETA,Entorta rodas,1,5,Não,Público,Partilhado com Micromobilidade,,-1022873.43806397,4686430.17339082
15484,745,Avenida do Colégio Militar,Carnide,Passeio,BICICLETA,Entorta rodas,1,5,Não,Público,Partilhado com Micromobilidade,,-1022863.12443632,4686438.23393962
15485,746,Avenida do Colégio Militar,Carnide,Passeio,BICICLETA,Entorta rodas,1,5,Não,Público,Partilhado com Micromobilidade,,-1022809.15875499,4686450.97925925
15486,747,Avenida do Colégio Militar,Carnide,Passeio,BICICLETA,Entorta rodas,5,5,Não,Público,Partilhado com Micromobilidade,,-1022799.91621928,4686443.56312287
15487,762,"Avenida do Rio de Janeiro, 50G",Alvalade,Passeio,BICICLETA,Sheffield standard,2,4,Não,Público,Partilhado com Micromobilidade,3/10/2020 12:00:00 AM,-1017426.30223061,4686815.14665275
15488,761,"Avenida do Brasil, 196",Alvalade,Passeio,BICICLETA,Sheffield standard,2,4,Não,Público,Partilhado com Micromobilidade,3/10/2020 12:00:00 AM,-1017094.7053557,4687280.6653596
15489,760,"Avenida do Brasil, 186B",Alvalade,Passeio,HOTSPOT,Sheffield standard,2,9,Não,Público,Partilhado com Micromobilidade,3/10/2020 12:00:00 AM,-1017263.75661074,4687213.03244693
15490,759,"Avenida do Brasil, 101",Alvalade,Passeio,HOTSPOT,Sheffield standard,2,9,Não,Público,Partilhado com Micromobilidade,3/10/2020 12:00:00 AM,-1017532.20110986,4687129.66874208
15491,758,"Avenida de Roma, 129",Alvalade,Passeio,HOTSPOT,Sheffield standard,2,9,Não,Público,Partilhado com Micromobilidade,3/12/2020 12:00:00 AM,-1018074.8116374,4686749.1548288
15492,757,Avenida de Roma,Alvalade,Passeio,HOTSPOT,Sheffield standard,2,9,Não,Público,Partilhado com Micromobilidade,3/12/2020 12:00:00 AM,-1017996.07561936,4686545.45693491
15493,748,"Avenida do Brasil, 53",Alvalade,Passeio,HOTSPOT,Sheffield standard,2,9,Não,Público,Partilhado com Micromobilidade,3/12/2020 12:00:00 AM,-1018128.88539559,4686878.00174883
15494,755,Doca de Santo Amaro,Alcântara,Passeio,HOTSPOT,Sheffield standard,2,9,Não,Público,Partilhado com Micromobilidade,3/12/2020 12:00:00 AM,-1021813.07631809,4678689.50676481
15495,765,"Largo Vitorino Damásio, 7",Estrela,Passeio,HOTSPOT,Sheffield standard,2,9,Não,Público,Partilhado com Micromobilidade,3/16/2020 12:00:00 AM,-1018974.3546333,4679893.92542357
15496,753,Avenida Conde de Valbom,Avenidas Novas,Passeio,BICICLETA,Sheffield standard,2,4,Não,Público,Partilhado com Micromobilidade,3/9/2020 12:00:00 AM,-1018389.21101042,4683797.06710696
15497,756,Avenida António Augusto de Aguiar,Avenidas Novas,Passeio,HOTSPOT,Sheffield standard,2,9,Não,Público,Partilhado com Micromobilidade,3/9/2020 12:00:00 AM,-1019054.04133139,4683700.05135115
15498,752,"Avenida Duque d' Ávila, 100",Avenidas Novas,Passeio,BICICLETA,Sheffield standard,2,4,Não,Público,Partilhado com Micromobilidade,3/10/2020 12:00:00 AM,-1018659.26427856,4683785.06290649
15499,751,Rua Rodrigo da Fonseca,Avenidas Novas,Via,BICICLETA,Sheffield standard,2,4,Não,Público,Partilhado com Micromobilidade,2/28/2020 12:00:00 AM,-1019251.87264242,4682501.0484091
15500,750,Rua Rodrigo da Fonseca,Avenidas Novas,Via,BICICLETA,Sheffield standard,2,4,Não,Público,Partilhado com Micromobilidade,2/28/2020 12:00:00 AM,-1019364.85308033,4682663.86690712
15501,749,Rua Rodrigo da Fonseca,Avenidas Novas,Via,BICICLETA,Sheffield standard,2,4,Não,Público,Partilhado com Micromobilidade,2/28/2020 12:00:00 AM,-1019437.90450584,4682770.27396104
15502,754,Rua Rodrigo da Fonseca,Avenidas Novas,Via,BICICLETA,Sheffield standard,2,4,Não,Público,Partilhado com Micromobilidade,3/9/2020 12:00:00 AM,-1019511.14762438,4682876.59548633
15503,767,"Avenida da Liberdade, 259",Santo António,Lugar estacionamento automóvel,BICICLETA,Sheffield standard,4,8,Não,Público,Partilhado com Micromobilidade,12/13/2019 12:00:00 AM,-1018530.06950767,4682237.01042575
15504,778,Campo Grande,Alvalade,Passeio,HOTSPOT,Sheffield standard,2,9,Não,Público,Partilhado com Micromobilidade,2/22/2020 12:00:00 AM,-1018379.91964675,4685625.28172816
15505,777,Avenida da República,Avenidas Novas,Lugar estacionamento motociclo,HOTSPOT,Sheffield standard,2,9,Não,Público,Partilhado com Micromobilidade,3/9/2020 12:00:00 AM,-1018337.28712037,4685232.46058595
15506,776,"Avenida da República, 17",Avenidas Novas,Passeio,HOTSPOT,Sheffield standard,2,9,Não,Público,Partilhado com Micromobilidade,3/12/2020 12:00:00 AM,-1018070.36556529,4683864.2347344
15507,775,"Avenida Dom Carlos I, 122",Misericórdia,Passeio,HOTSPOT,Sheffield standard,2,9,Não,Público,Partilhado com Micromobilidade,3/16/2020 12:00:00 AM,-1018914.11532672,4680124.07244438
15508,774,Campo Grande,Alvalade,Passeio,HOTSPOT,Sheffield standard,2,9,Não,Público,Partilhado com Micromobilidade,2/22/2020 12:00:00 AM,-1018372.5482479,4685626.81681354
15509,773,"Avenida Dom Carlos I, 146",Misericórdia,Passeio,HOTSPOT,Sheffield standard,2,9,Não,Público,Partilhado com Micromobilidade,3/16/2020 12:00:00 AM,-1018970.52344191,4680408.61149346
15510,779,"Avenida Dom Carlos I, 111",Estrela,Passeio,BICICLETA,Sheffield standard,2,4,Não,Público,Partilhado com Micromobilidade,3/16/2020 12:00:00 AM,-1018981.10463339,4680355.60777074
15511,772,"Largo do Rato, 2",Santo António,Passeio,HOTSPOT,Sheffield standard,2,9,Não,Público,Partilhado com Micromobilidade,3/16/2020 12:00:00 AM,-1019099.79336959,4681683.74266549
15512,770,"Rua Sebastião Saraiva Lima, 68A",Penha de França,Lugar estacionamento automóvel,HOTSPOT,Sheffield standard,4,12,Não,Público,Partilhado com Micromobilidade,6/1/2022 12:00:00 AM,-1016267.57804926,4683324.32541748
15514,764,"Rua Visconde de Santarém, 73",Arroios,Via,BICICLETA,Sheffield standard,1,2,Não,Público,Partilhado com Micromobilidade,3/12/2020 12:00:00 AM,-1017467.79021707,4683780.12443474
15515,766,"Rua Visconde de Santarém, 69",Arroios,Via,BICICLETA,Sheffield standard,1,2,Não,Público,Partilhado com Micromobilidade,3/12/2020 12:00:00 AM,-1017410.34301013,4683747.51178081
15516,780,Rua Professor Mira Fernandes,Beato,Via,HOTSPOT,Sheffield standard,2,9,Não,Público,Partilhado com Micromobilidade,3/10/2020 12:00:00 AM,-1015361.69088115,4684393.90955867
15517,763,Avenida João Crisóstomo,Avenidas Novas,Passeio,BICICLETA,Sheffield standard,4,8,Não,Público,Interdito Micromobilidade,1/8/2019 12:00:00 AM,-1017690.44839431,4683968.45458453
15518,781,Rua de São Domingos de Benfica,São Domingos de Benfica,Passeio,HOTSPOT,Sheffield standard,2,9,Não,Público,Partilhado com Micromobilidade,4/14/2020 12:00:00 AM,-1021496.98351818,4684708.95213185
15519,782,Praça Silvestre Pinheiro Ferreira,São Domingos de Benfica,Passeio,HOTSPOT,Sheffield standard,2,9,Não,Público,Partilhado com Micromobilidade,4/14/2020 12:00:00 AM,-1021504.0589204,4684997.45226252
15520,783,"Travessa de São Domingos de Benfica, 25",São Domingos de Benfica,Passeio,HOTSPOT,Sheffield standard,2,9,Não,Público,Partilhado com Micromobilidade,4/14/2020 12:00:00 AM,-1021963.33654831,4684981.55127703
15521,785,Rua Olivério Serpa,Benfica,Passeio,HOTSPOT,Sheffield standard,4,13,Não,Público,Partilhado com Micromobilidade,4/14/2020 12:00:00 AM,-1024850.38068441,4685976.56312881
15522,786,"Rua General Morais Sarmento, 2",Benfica,Passeio,BICICLETA,Sheffield standard,2,4,Não,Público,Partilhado com Micromobilidade,4/14/2020 12:00:00 AM,-1023899.2781364,4685734.47098642
15523,788,"Rua Capitão Santiago de Carvalho, Escola",Olivais,Passeio,BICICLETA,Sheffield standard,8,16,Não,Público,Partilhado com Micromobilidade,4/1/2020 12:00:00 AM,-1014211.12713415,4688920.35639919
15524,789,Rua Interior à Est. da Correia,Carnide,Passeio,HOTSPOT,Sheffield standard,4,13,Não,Público,Partilhado com Micromobilidade,4/15/2020 12:00:00 AM,-1023746.18327429,4687624.03836114
15525,790,Avenida Marechal Teixeira Rebelo,Carnide,Passeio,HOTSPOT,Sheffield standard,2,9,Não,Público,Partilhado com Micromobilidade,4/15/2020 12:00:00 AM,-1023322.12294474,4687172.31526636
15526,791,"Rua de São Bento, 216",Estrela,Via,BICICLETA,Sheffield standard,4,8,Não,Público,Partilhado com Micromobilidade,4/17/2020 12:00:00 AM,-1018933.07285511,4680677.95974604
15527,792,"Rua de São Bento, 406",Misericórdia,Via,BICICLETA,Sheffield standard,2,4,Não,Público,Partilhado com Micromobilidade,4/17/2020 12:00:00 AM,-1019040.38200165,4680964.07521483
15528,2542,Rua de Dom Vasco,Ajuda,Via,BICIPARQUE,Vertical,34,34,Sim,Privado,Interdito Micromobilidade,1/22/2025 12:00:00 AM,-1023622.14530312,4679253.1091177
15529,2543,Campo Grande,Alvalade,Passeio,BICICLETA,Entorta rodas com encosto,2,10,Não,Privado,Interdito Micromobilidade,,-1019328.62931607,4687120.9574612
15530,793,"Avenida Coronel Eduardo Galhardo, 20A",Penha de França,Via,BICICLETA,Sheffield standard,2,4,Não,Público,Partilhado com Micromobilidade,4/17/2020 12:00:00 AM,-1015948.31860869,4682784.07492876
15531,794,"Avenida Coronel Eduardo Galhardo, 30",Penha de França,Via,BICICLETA,Sheffield standard,2,4,Não,Público,Partilhado com Micromobilidade,4/17/2020 12:00:00 AM,-1016086.67701121,4682794.96060335
15532,795,"Avenida General Roçadas, Escola",Penha de França,Passeio,HOTSPOT,Sheffield standard,2,9,Não,Público,Partilhado com Micromobilidade,4/17/2020 12:00:00 AM,-1016156.05685838,4682590.45246127
15533,796,"Rua Moeda, 11B",Misericórdia,Via,BICICLETA,Sheffield standard,2,4,Não,Público,Partilhado com Micromobilidade,4/17/2020 12:00:00 AM,-1018212.63992992,4679988.15884704
15534,797,"Avenida do Restelo, 23",Belém,Passeio,BICICLETA,Sheffield standard,4,8,Não,Privado,Interdito Micromobilidade,4/15/2020 12:00:00 AM,-1025562.42462584,4678730.63743697
15535,798,"Rua Fernando Namora, Escola",Lumiar,Passeio,BICICLETA,Grelha,1,3,Não,Público,Partilhado com Micromobilidade,,-1021189.7947752,4687344.63275764
15536,799,Avenida Infante Dom Henrique,Santa Maria Maior,Passeio,HOTSPOT,Sheffield standard,2,9,Não,Público,Partilhado com Micromobilidade,12/9/2019 12:00:00 AM,-1015544.06095912,4680659.23200959
15537,800,"Rua Raul Carapinha, 10",São Domingos de Benfica,Via,HOTSPOT,Sheffield standard,2,9,Não,Público,Partilhado com Micromobilidade,12/11/2019 12:00:00 AM,-1021160.02172247,4684755.54127471
15538,801,Praça Dr. Nuno Pinheiro Torres,Benfica,Passeio,HOTSPOT,Sheffield standard,2,9,Não,Público,Partilhado com Micromobilidade,3/13/2020 12:00:00 AM,-1023212.37315809,4685657.99161535
15539,802,"Rua Olivério Serpa, 3",Benfica,Passeio,HOTSPOT,Sheffield standard,2,9,Não,Público,Partilhado com Micromobilidade,3/13/2020 12:00:00 AM,-1024743.74885962,4685955.36674191
15540,803,"Estrada de Benfica, 546",Benfica,Passeio,HOTSPOT,Sheffield standard,2,9,Não,Público,Partilhado com Micromobilidade,3/13/2020 12:00:00 AM,-1023946.96989217,4686034.17031375
15541,804,"Avenida dos Estados Unidos da América, 2",Alvalade,Passeio,HOTSPOT,Sheffield standard,2,9,Não,Público,Partilhado com Micromobilidade,12/12/2019 12:00:00 AM,-1016526.85944999,4685771.75151204
15542,805,"Avenida Dom Rodrigo da Cunha, 2",Alvalade,Passeio,HOTSPOT,Sheffield standard,2,9,Não,Público,Partilhado com Micromobilidade,11/26/2019 12:00:00 AM,-1016427.43773795,4686562.39855027
15543,806,Alameda Dom Afonso Henriques,Arroios,Passeio,HOTSPOT,Sheffield standard,2,9,Não,Público,Partilhado com Micromobilidade,3/13/2020 12:00:00 AM,-1016810.64314354,4684043.20343504
15544,807,"Rua Barão de Sabrosa, 165A",Penha de França,Passeio,HOTSPOT,Sheffield standard,2,9,Não,Público,Partilhado com Micromobilidade,4/21/2020 12:00:00 AM,-1016214.33554131,4684086.05143143
15545,808,"Rua Barão de Sabrosa, 129A",Penha de França,Passeio,BICICLETA,Sheffield standard,2,4,Não,Público,Partilhado com Micromobilidade,4/21/2020 12:00:00 AM,-1016232.07959425,4683848.87976861
15546,809,"Rua Barata Salgueiro, 39",Santo António,Passeio,HOTSPOT,Sheffield standard,2,9,Não,Público,Partilhado com Micromobilidade,12/12/2019 12:00:00 AM,-1018440.70407351,4681789.64668166
15547,811,Rua do Cruzado Osberno,Penha de França,Passeio,HOTSPOT,Sheffield standard,2,9,Não,Público,Partilhado com Micromobilidade,4/21/2020 12:00:00 AM,-1014830.7904877,4682302.86313928
15548,812,Rua Paio Peres Correia,Penha de França,Passeio,BICICLETA,Sheffield standard,2,4,Não,Público,Partilhado com Micromobilidade,4/21/2020 12:00:00 AM,-1014873.37669932,4682548.96472235
15549,813,"Estrada de Chelas, 41",Penha de França,Passeio,BICICLETA,Sheffield standard,2,4,Não,Público,Partilhado com Micromobilidade,4/21/2020 12:00:00 AM,-1014750.53626143,4682557.42549727
15550,814,"Calçada da Cruz da Pedra, Lote O",Penha de França,Passeio,HOTSPOT,Sheffield standard,2,9,Não,Público,Partilhado com Micromobilidade,4/21/2020 12:00:00 AM,-1014757.03055604,4682008.99259711
15551,815,Avenida Infante Dom Henrique,Penha de França,Passeio,HOTSPOT,Sheffield standard,2,9,Não,Público,Partilhado com Micromobilidade,4/21/2020 12:00:00 AM,-1014341.62317298,4682308.71212936
15552,816,Rua da Madre de Deus,Penha de França,Passeio,BICICLETA,Sheffield standard,2,4,Não,Público,Partilhado com Micromobilidade,4/23/2020 12:00:00 AM,-1014502.95055222,4682352.41744123
15553,817,Largo da Penha de França,Penha de França,Passeio,HOTSPOT,Sheffield standard,2,9,Não,Público,Partilhado com Micromobilidade,4/23/2020 12:00:00 AM,-1016445.48940944,4683082.71526383
15554,818,"Avenida General Roçadas, 68",Penha de França,Passeio,HOTSPOT,Sheffield standard,2,9,Não,Público,Partilhado com Micromobilidade,4/23/2020 12:00:00 AM,-1016120.04004554,4683040.49925427
15555,819,"Avenida Mouzinho de Albuquerque, 7",Penha de França,Passeio,HOTSPOT,Sheffield standard,2,9,Não,Público,Partilhado com Micromobilidade,4/29/2020 12:00:00 AM,-1015978.00676947,4683108.19917011
15556,820,"Avenida Mouzinho de Albuquerque, 19",Penha de França,Passeio,HOTSPOT,Sheffield standard,2,9,Não,Público,Partilhado com Micromobilidade,4/29/2020 12:00:00 AM,-1015856.89337206,4682996.26831991
15557,821,"Avenida Coronel Eduardo Galhardo, 2",Penha de França,Passeio,BICICLETA,Sheffield standard,2,4,Não,Público,Partilhado com Micromobilidade,4/29/2020 12:00:00 AM,-1015744.93989972,4682807.03709025
15558,822,"Avenida Coronel Eduardo Galhardo, 3G",Penha de França,Passeio,HOTSPOT,Sheffield standard,2,9,Não,Público,Partilhado com Micromobilidade,4/29/2020 12:00:00 AM,-1015848.69443887,4682754.72357352
15560,824,"Rua Visconde de Santarém, 69B",Arroios,Via,BICICLETA,Sheffield standard,1,2,Não,Público,Partilhado com Micromobilidade,3/13/2020 12:00:00 AM,-1017397.03448326,4683741.69731997
15561,825,"Rua Actor Taborda, 5",Arroios,Lugar estacionamento automóvel,HOTSPOT,Sheffield standard,2,9,Não,Público,Partilhado com Micromobilidade,6/25/2020 12:00:00 AM,-1017767.82195808,4683384.19429064
15562,826,"Rua de Pascoal de Melo, 150",Arroios,Lugar estacionamento automóvel,HOTSPOT,Sheffield standard,2,9,Não,Público,Partilhado com Micromobilidade,6/25/2020 12:00:00 AM,-1017511.13070412,4683317.09882951
15563,827,"Rua da Ilha Terceira, 35",Arroios,Lugar estacionamento automóvel,HOTSPOT,Sheffield standard,2,9,Não,Público,Partilhado com Micromobilidade,6/25/2020 12:00:00 AM,-1017442.41119156,4683565.03743659
15564,828,"Rua de Arroios, 152B",Arroios,Lugar estacionamento automóvel,HOTSPOT,Sheffield standard,2,9,Não,Público,Partilhado com Micromobilidade,6/25/2020 12:00:00 AM,-1017043.19520188,4683194.4634468
15565,829,"Rua de Arroios, 93",Arroios,Lugar estacionamento automóvel,HOTSPOT,Sheffield standard,2,9,Não,Público,Partilhado com Micromobilidade,6/25/2020 12:00:00 AM,-1017032.00018277,4683051.37048308
15566,830,"Rua de Ponta Delgada, 2",Arroios,Lugar estacionamento automóvel,HOTSPOT,Sheffield standard,4,13,Não,Público,Partilhado com Micromobilidade,6/25/2020 12:00:00 AM,-1017499.24467835,4683480.32229457
15567,832,"Rua de Pascoal de Melo, 110",Arroios,Lugar estacionamento automóvel,HOTSPOT,Sheffield standard,2,9,Não,Público,Partilhado com Micromobilidade,6/25/2020 12:00:00 AM,-1017352.37689884,4683299.33742405
15568,833,"Rua José Falcão, 70",Arroios,Lugar estacionamento automóvel,HOTSPOT,Sheffield standard,4,13,Não,Público,Partilhado com Micromobilidade,6/25/2020 12:00:00 AM,-1016935.12067692,4683496.81014793
15569,834,"Rua Joaquim Costa, 1A",Arroios,Lugar estacionamento automóvel,HOTSPOT,Sheffield standard,2,9,Não,Público,Partilhado com Micromobilidade,6/25/2020 12:00:00 AM,-1017028.28007959,4683691.94923783
15570,835,Rua Carlos José Barreiros,Arroios,Lugar estacionamento automóvel,HOTSPOT,Sheffield standard,4,13,Não,Público,Partilhado com Micromobilidade,6/25/2020 12:00:00 AM,-1017111.59761308,4683693.80342607
15571,836,"Rua José Estevão, 2C",Arroios,Lugar estacionamento automóvel,HOTSPOT,Sheffield standard,4,9,Não,Público,Partilhado com Micromobilidade,6/25/2020 12:00:00 AM,-1017180.79106021,4682713.07721282
15572,851,"Rua Luíz Pacheco, Lote 101",Marvila,Passeio,BICICLETA,Onda,1,5,Não,Público,Partilhado com Micromobilidade,,-1014449.91679769,4686402.80970215
15573,852,"Rua Luíz Pacheco, Lote 101",Marvila,Passeio,BICICLETA,Onda,1,5,Não,Público,Partilhado com Micromobilidade,,-1014453.37177694,4686402.38758411
15574,853,"Rua Luíz Pacheco, Lote 101",Marvila,Passeio,BICICLETA,Onda,1,5,Não,Público,Partilhado com Micromobilidade,,-1014423.491758,4686393.21705306
15575,854,"Rua Luíz Pacheco, Lote 104",Marvila,Passeio,BICICLETA,Onda,1,5,Não,Público,Partilhado com Micromobilidade,,-1014456.92178982,4686392.14317932
15576,855,"Rua Luíz Pacheco, Lote 104",Marvila,Passeio,BICICLETA,Onda,1,5,Não,Público,Partilhado com Micromobilidade,,-1014469.71142391,4686390.4747709
15577,856,"Rua Luíz Pacheco, Lote 104",Marvila,Passeio,BICICLETA,Onda,1,5,Não,Público,Partilhado com Micromobilidade,,-1014483.71739573,4686388.48698366
15578,857,"Rua Luíz Pacheco, Lote 104",Marvila,Passeio,BICICLETA,Onda,1,5,Não,Público,Partilhado com Micromobilidade,,-1014499.44995648,4686386.37864255
15579,858,"Rua Luíz Pacheco, Lote 104",Marvila,Passeio,BICICLETA,Onda,1,5,Não,Público,Partilhado com Micromobilidade,,-1014511.22208251,4686384.6190315
15580,859,Rua Conselheiro Emídio Navarro,Marvila,Passeio,BICICLETA,Onda,1,5,Não,Público,Partilhado com Micromobilidade,,-1014707.30961154,4686896.20113288
15581,860,Rua António Gedeão,Marvila,Passeio,BICICLETA,Entorta rodas,1,4,Não,Público,Partilhado com Micromobilidade,,-1014032.15576132,4684562.19309573
15582,861,Praça Baden Powell,Olivais,Passeio,HOTSPOT,Sheffield standard,2,9,Não,Público,Partilhado com Micromobilidade,6/24/2020 12:00:00 AM,-1014124.58684177,4688470.47097089
15583,862,Doca de Alcântara,Estrela,Passeio,HOTSPOT,Sheffield standard,2,9,Não,Público,Partilhado com Micromobilidade,2/22/2020 12:00:00 AM,-1021341.51544534,4678992.34569178
15584,863,"Avenida de Berlim, 35D",Olivais,Passeio,HOTSPOT,Sheffield standard,2,9,Não,Público,Partilhado com Micromobilidade,6/24/2020 12:00:00 AM,-1013988.30022597,4688471.91116252
15585,864,"Jardim Eduardo Prado Coelho, Escola",Olivais,Passeio,HOTSPOT,Sheffield standard,2,9,Não,Público,Partilhado com Micromobilidade,6/24/2020 12:00:00 AM,-1013959.68224073,4688854.77711858
15586,865,"Praça da Viscondessa dos Olivais, 38",Olivais,Passeio,HOTSPOT,Sheffield standard,2,9,Não,Público,Partilhado com Micromobilidade,6/24/2020 12:00:00 AM,-1013720.092409,4688622.74073011
15587,867,"Avenida 24 de Julho, 62",Estrela,Lugar estacionamento automóvel,HOTSPOT,Sheffield standard,4,13,Não,Público,Partilhado com Micromobilidade,8/13/2020 12:00:00 AM,-1019344.16386838,4679645.0102315
15588,868,"Avenida 24 de Julho, 74",Estrela,Passeio,BICICLETA,Sheffield standard,4,8,Não,Público,Partilhado com Micromobilidade,8/13/2020 12:00:00 AM,-1019444.69702853,4679589.39542287
15589,869,"Avenida 24 de Julho, 86",Estrela,Lugar estacionamento automóvel,HOTSPOT,Sheffield standard,4,13,Não,Público,Partilhado com Micromobilidade,8/13/2020 12:00:00 AM,-1019643.4713787,4679468.71102511
15590,870,"Avenida 24 de Julho, 96J",Estrela,Lugar estacionamento automóvel,HOTSPOT,Sheffield standard,2,9,Não,Público,Partilhado com Micromobilidade,8/13/2020 12:00:00 AM,-1019718.62812785,4679436.4939175
15591,871,"Avenida 24 de Julho, 96J",Estrela,Lugar estacionamento automóvel,HOTSPOT,Sheffield standard,2,9,Não,Público,Partilhado com Micromobilidade,8/13/2020 12:00:00 AM,-1019715.89960707,4679437.7485524
15592,872,"Avenida 24 de Julho, 118",Estrela,Passeio,BICICLETA,Sheffield standard,3,6,Não,Público,Partilhado com Micromobilidade,8/13/2020 12:00:00 AM,-1020089.46220453,4679325.73000931
15593,873,"Avenida 24 de Julho, 134D",Estrela,Passeio,BICICLETA,Sheffield standard,2,4,Não,Público,Partilhado com Micromobilidade,8/13/2020 12:00:00 AM,-1020414.6820018,4679320.88587974
15594,874,Avenida Infante Santo,Estrela,Passeio,HOTSPOT,Sheffield standard,2,9,Não,Público,Partilhado com Micromobilidade,8/13/2020 12:00:00 AM,-1020562.3076777,4679363.70714511
15595,875,"Avenida Infante Santo, 2G",Estrela,Passeio,HOTSPOT,Sheffield standard,2,9,Não,Público,Partilhado com Micromobilidade,8/13/2020 12:00:00 AM,-1020567.92114347,4679387.86818606
15596,894,Alameda de Santo António dos Campuchos,Arroios,Lugar estacionamento automóvel,HOTSPOT,Sheffield standard,2,9,Não,Público,Partilhado com Micromobilidade,9/1/2020 12:00:00 AM,-1017722.28513055,4682104.27027184
15597,895,"Rua Garrett, 2",Santa Maria Maior,Via,BICICLETA,Car Bike Port,5,10,Não,Público,Partilhado com Micromobilidade,8/28/2020 12:00:00 AM,-1017427.75193339,4680357.74346761
15598,896,"Avenida Almirante Reis, 2",Arroios,Lugar estacionamento automóvel,BICICLETA,Sheffield standard,5,10,Não,Público,Partilhado com Micromobilidade,7/1/2024 12:00:00 AM,-1016948.86381486,4681741.31430784
15599,897,Avenida António Augusto de Aguiar,Avenidas Novas,Lugar estacionamento automóvel,BICICLETA,Car Bike Port,5,10,Não,Público,Partilhado com Micromobilidade,8/28/2020 12:00:00 AM,-1018984.30221896,4683623.85058698
15600,898,Rua Engenheiro Vieira da Silva,Arroios,Lugar estacionamento automóvel,BICICLETA,Sheffield standard,5,10,Não,Público,Partilhado com Micromobilidade,7/1/2024 12:00:00 AM,-1017972.88428227,4683316.24733256
15601,1062,"Largo Jaime Carvalho, 15A",Olivais,Passeio,HOTSPOT,Sheffield standard,2,9,Não,Público,Partilhado com Micromobilidade,7/12/2020 12:00:00 AM,-1013819.09068812,4688306.78798333
15602,1063,Largo da Revista Militar,Benfica,Passeio,BICICLETA,Sheffield standard,4,8,Não,Público,Interdito Micromobilidade,,-1022984.85987823,4686348.03346034
15603,1103,Rua Alberto de Oliveira,Alvalade,Via,BICICLETA,Sheffield standard,3,6,Não,Público,Partilhado com Micromobilidade,9/17/2020 12:00:00 AM,-1017932.35883347,4686059.44204373
15604,1104,"Largo João Vaz, 9",Alvalade,Passeio,BICICLETA,Sheffield standard,2,4,Não,Público,Partilhado com Micromobilidade,9/17/2020 12:00:00 AM,-1017282.64113984,4687053.75889238
15605,1105,"Largo João Vaz, 4",Alvalade,Passeio,HOTSPOT,Sheffield standard,2,9,Não,Público,Partilhado com Micromobilidade,9/17/2020 12:00:00 AM,-1017300.18406324,4687096.22961031
15606,1106,"Campo Grande,  258",Alvalade,Passeio,BICICLETA,Sheffield standard,2,4,Não,Público,Partilhado com Micromobilidade,9/17/2020 12:00:00 AM,-1018704.45186282,4686662.62253612
15607,1107,"Largo de São Mamede, Igreja",Santo António,Passeio,HOTSPOT,Sheffield standard,2,9,Não,Público,Partilhado com Micromobilidade,9/17/2020 12:00:00 AM,-1018848.13781929,4681465.82346781
15608,1108,"Rua Pedro Bandeira, 2",Lumiar,Passeio,BICICLETA,Sheffield standard,2,4,Não,Público,Partilhado com Micromobilidade,9/17/2020 12:00:00 AM,-1018971.95490477,4687737.10532561
15609,1109,"Rua Ramalho Ortigão, 41",Avenidas Novas,Passeio,BICICLETA,Sheffield standard,2,4,Não,Público,Partilhado com Micromobilidade,9/17/2020 12:00:00 AM,-1019349.64273319,4683877.41407135
15610,1110,"Praça das Casas Novas, Mercado",Olivais,Passeio,BICICLETA,Sheffield standard,2,4,Não,Público,Partilhado com Micromobilidade,9/17/2020 12:00:00 AM,-1014526.40930736,4689033.75589848
15611,1111,"Rua General Silva Freire, Lote C",Olivais,Passeio,BICICLETA,Sheffield standard,2,4,Não,Público,Partilhado com Micromobilidade,9/17/2020 12:00:00 AM,-1014452.72452788,4689139.82694445
15612,1112,"Rua Dom Pedro V, 2",Santo António,Passeio,HOTSPOT,Sheffield standard,2,9,Não,Público,Partilhado com Micromobilidade,9/17/2020 12:00:00 AM,-1018012.61724551,4681017.85791996
15613,1113,"Rua Visconde de Santarém, 71B",Arroios,Via,BICICLETA,Sheffield standard,1,2,Não,Público,Partilhado com Micromobilidade,9/17/2020 12:00:00 AM,-1017444.08104751,4683762.96030375
15614,1114,"Rua Ramalho Ortigão, 3",Avenidas Novas,Passeio,HOTSPOT,Sheffield standard,2,9,Não,Público,Partilhado com Micromobilidade,9/17/2020 12:00:00 AM,-1019136.27746288,4683819.94916167
15616,1116,Rua Cidade de Nampula,Olivais,Passeio,BICICLETA,Sheffield standard,2,4,Não,Público,Partilhado com Micromobilidade,9/17/2020 12:00:00 AM,-1015268.99890742,4687854.51417008
15617,1117,Alameda da Encarnação,Olivais,Passeio,HOTSPOT,Sheffield standard,2,9,Não,Público,Partilhado com Micromobilidade,9/17/2020 12:00:00 AM,-1015103.29922313,4689125.54903374
15618,1118,"Rua Cidade de Vila Cabral, Escola",Olivais,Passeio,BICICLETA,Sheffield standard,2,4,Não,Público,Partilhado com Micromobilidade,9/17/2020 12:00:00 AM,-1015351.7637085,4688425.68325996
15619,1119,Rua Cidade de Bengela,Olivais,Passeio,BICICLETA,Sheffield standard,2,4,Não,Público,Partilhado com Micromobilidade,9/17/2020 12:00:00 AM,-1014464.98199425,4688261.07852654
15620,1120,"Rua Cidade de Vila Cabral, Lote 354",Olivais,Passeio,BICICLETA,Sheffield standard,2,4,Não,Público,Partilhado com Micromobilidade,9/17/2020 12:00:00 AM,-1015609.37850357,4688190.8029379
15621,1121,"Rua Cidade de Bengela, Lote 301",Olivais,Passeio,BICICLETA,Sheffield standard,2,4,Não,Público,Partilhado com Micromobilidade,9/17/2020 12:00:00 AM,-1014215.87675398,4688025.00986441
15622,1122,Rua General Silva Freire,Olivais,Passeio,HOTSPOT,Sheffield standard,2,9,Não,Público,Partilhado com Micromobilidade,9/17/2020 12:00:00 AM,-1014644.36782166,4689446.54219906
15623,1123,Rua Cidade de Bissau,Olivais,Passeio,HOTSPOT,Sheffield standard,2,9,Não,Público,Partilhado com Micromobilidade,9/17/2020 12:00:00 AM,-1014361.77295503,4687467.3664651
15624,1124,Rua de Chibuto,Olivais,Passeio,BICICLETA,Sheffield standard,2,4,Não,Público,Partilhado com Micromobilidade,9/17/2020 12:00:00 AM,-1013919.33662436,4687570.05798866
15625,1125,Rua Cidade de Negage,Olivais,Passeio,BICICLETA,Sheffield standard,2,4,Não,Público,Partilhado com Micromobilidade,9/17/2020 12:00:00 AM,-1014955.80223814,4688345.91177798
15626,1126,Praça Cidade de São Salvador,Olivais,Passeio,BICICLETA,Sheffield standard,2,4,Não,Público,Partilhado com Micromobilidade,9/17/2020 12:00:00 AM,-1014639.59532639,4687976.53577703
15627,1127,Rua Cidade do Lobito,Olivais,Passeio,BICICLETA,Sheffield standard,2,4,Não,Público,Partilhado com Micromobilidade,9/17/2020 12:00:00 AM,-1014470.80924901,4687843.88624081
15628,1128,"Rua Eurico da Fonseca, 3",Olivais,Passeio,HOTSPOT,Sheffield standard,2,9,Não,Público,Partilhado com Micromobilidade,9/17/2020 12:00:00 AM,-1014070.38050131,4687609.03408041
15629,1129,"Avenida Óscar Monteiro Torres, 59",Areeiro,Passeio,BICICLETA,Sheffield standard,2,4,Não,Público,Partilhado com Micromobilidade,9/17/2020 12:00:00 AM,-1017444.35282571,4685037.70181356
15630,1130,"Avenida Sacadura Cabral, 18",Areeiro,Passeio,HOTSPOT,Sheffield standard,2,9,Não,Público,Partilhado com Micromobilidade,9/17/2020 12:00:00 AM,-1017570.7555421,4685155.56115157
15631,1131,"Avenida Sacadura Cabral, 27",Areeiro,Passeio,BICICLETA,Sheffield standard,2,4,Não,Público,Partilhado com Micromobilidade,9/17/2020 12:00:00 AM,-1017702.92345957,4685100.96617571
15633,1133,"Rua Cidade de Vila Cabral, Lote 353",Olivais,Passeio,HOTSPOT,Sheffield standard,2,9,Não,Público,Partilhado com Micromobilidade,9/17/2020 12:00:00 AM,-1015542.82698844,4688241.14786706
15634,1134,"Rua Cidade da Beira, 68",Olivais,Passeio,BICICLETA,Sheffield standard,2,4,Não,Público,Partilhado com Micromobilidade,9/17/2020 12:00:00 AM,-1015299.74756252,4688534.07385428
15635,1135,Praça de Bilene,Olivais,Passeio,BICICLETA,Sheffield standard,2,4,Não,Público,Partilhado com Micromobilidade,9/17/2020 12:00:00 AM,-1015392.3123379,4687744.24347883
15636,1136,"Rua Cidade da Beira, 44",Olivais,Passeio,BICICLETA,Sheffield standard,2,4,Não,Público,Partilhado com Micromobilidade,9/17/2020 12:00:00 AM,-1015718.44172192,4688103.68015471
15637,1137,Alameda da Encarnação,Olivais,Passeio,HOTSPOT,Sheffield standard,2,9,Não,Público,Partilhado com Micromobilidade,9/17/2020 12:00:00 AM,-1015056.60215624,4689187.67862429
15638,1138,"Rua Professor Salazar de Sousa, Igreja",Lumiar,Passeio,BICICLETA,Sheffield standard,2,4,Não,Público,Partilhado com Micromobilidade,9/17/2020 12:00:00 AM,-1019237.32152296,4688245.46011743
15639,1139,"Rua Luís de Freitas Branco, 30B",Lumiar,Passeio,BICICLETA,Sheffield standard,2,4,Não,Público,Partilhado com Micromobilidade,9/17/2020 12:00:00 AM,-1019980.07204145,4689050.56215697
15640,1140,"Alameda das Linhas de Torres, 22A",Lumiar,Passeio,HOTSPOT,Sheffield standard,2,9,Não,Público,Partilhado com Micromobilidade,9/17/2020 12:00:00 AM,-1019723.09152738,4688929.60487026
15641,1141,"Alameda das Linhas de Torres, 253",Lumiar,Passeio,BICICLETA,Sheffield standard,2,4,Não,Público,Partilhado com Micromobilidade,9/17/2020 12:00:00 AM,-1019828.17229638,4689139.64975536
15642,1142,"Rua Ramalho Ortigão, 43",Avenidas Novas,Passeio,BICICLETA,Sheffield standard,1,2,Não,Público,Partilhado com Micromobilidade,9/17/2020 12:00:00 AM,-1019382.64218438,4683850.94024961
15643,1143,"Rua Ramalho Ortigão, 43",Avenidas Novas,Passeio,BICICLETA,Sheffield standard,1,2,Não,Público,Partilhado com Micromobilidade,9/17/2020 12:00:00 AM,-1019396.77664233,4683854.8645023
15644,1144,"Rua Fialho de Almeida, 2",Avenidas Novas,Passeio,BICICLETA,Sheffield standard,2,4,Não,Público,Partilhado com Micromobilidade,9/17/2020 12:00:00 AM,-1019129.38869546,4683634.81399068
15645,1145,"Rua Ramalho Ortigão, 33",Avenidas Novas,Passeio,BICICLETA,Sheffield standard,2,4,Não,Público,Partilhado com Micromobilidade,9/17/2020 12:00:00 AM,-1019294.42200265,4683863.22044042
15646,1146,"Rua Manuel Marques, 13",Lumiar,Passeio,HOTSPOT,Sheffield standard,2,9,Não,Público,Partilhado com Micromobilidade,9/17/2020 12:00:00 AM,-1019014.8389151,4688086.73686149
15647,1147,"Rua Manuel Marques, 8E",Lumiar,Passeio,HOTSPOT,Sheffield standard,2,9,Não,Público,Partilhado com Micromobilidade,9/17/2020 12:00:00 AM,-1019004.26226782,4688125.23423522
15648,1148,"Campo Grande, 246",Alvalade,Passeio,BICICLETA,Sheffield standard,3,6,Não,Público,Partilhado com Micromobilidade,9/17/2020 12:00:00 AM,-1018622.03009446,4686523.00377185
15649,1149,Rua Xavier Araújo,São Domingos de Benfica,Passeio,HOTSPOT,Sheffield standard,4,13,Não,Público,Partilhado com Micromobilidade,9/17/2020 12:00:00 AM,-1021045.04857519,4685702.06514252
15650,1150,"Rua Manuel da Silva Real, 11D",São Domingos de Benfica,Passeio,BICICLETA,Sheffield standard,2,4,Não,Público,Partilhado com Micromobilidade,9/17/2020 12:00:00 AM,-1020911.1163547,4685836.65203121
15651,1151,Rua Manuel da Silva Real,São Domingos de Benfica,Passeio,BICICLETA,Sheffield standard,2,4,Não,Público,Partilhado com Micromobilidade,9/17/2020 12:00:00 AM,-1020958.02229218,4685954.95801719
15652,1152,Rua Manuel da Silva Real,São Domingos de Benfica,Passeio,HOTSPOT,Sheffield standard,2,9,Não,Público,Partilhado com Micromobilidade,9/17/2020 12:00:00 AM,-1021046.8932936,4685955.26052678
15653,1153,"Rua Virgílio Correia, 2B",São Domingos de Benfica,Passeio,HOTSPOT,Sheffield standard,2,9,Não,Público,Partilhado com Micromobilidade,9/17/2020 12:00:00 AM,-1021041.6566862,4686067.44830966
15654,1154,"Rua Virgílio Correia, 3",São Domingos de Benfica,Passeio,BICICLETA,Sheffield standard,2,4,Não,Público,Partilhado com Micromobilidade,9/17/2020 12:00:00 AM,-1021060.19326509,4686064.78758091
15655,1155,"Rua Abranches Ferrão, 6",São Domingos de Benfica,Passeio,BICICLETA,Sheffield standard,2,4,Não,Público,Partilhado com Micromobilidade,9/17/2020 12:00:00 AM,-1021055.77885861,4686033.94814392
15656,1156,"Rua São Tomás de Aquilo, Igreja",São Domingos de Benfica,Passeio,HOTSPOT,Sheffield standard,2,9,Não,Público,Partilhado com Micromobilidade,9/17/2020 12:00:00 AM,-1021082.64095941,4686300.08631563
15657,1157,"Rua São Tomás de Aquilo, 4C",São Domingos de Benfica,Passeio,BICICLETA,Sheffield standard,2,4,Não,Público,Partilhado com Micromobilidade,9/17/2020 12:00:00 AM,-1021174.28023891,4686262.76662447
15658,1158,"Rua Lúcio de Azevedo, 12A",São Domingos de Benfica,Passeio,BICICLETA,Sheffield standard,4,8,Não,Público,Partilhado com Micromobilidade,9/17/2020 12:00:00 AM,-1021135.62534553,4686574.48103462
15659,1159,"Rua Lúcio de Azevedo, 21B",São Domingos de Benfica,Passeio,BICICLETA,Sheffield standard,2,4,Não,Público,Partilhado com Micromobilidade,9/17/2020 12:00:00 AM,-1021095.86534438,4686600.04237087
15660,1160,"Rua Virgílio Correia, Escola",São Domingos de Benfica,Passeio,BICICLETA,Sheffield standard,2,4,Não,Público,Partilhado com Micromobilidade,9/17/2020 12:00:00 AM,-1021192.86636836,4686620.57327902
15661,1161,"Estrada da Luz, 146",São Domingos de Benfica,Passeio,BICICLETA,Sheffield standard,2,4,Não,Público,Partilhado com Micromobilidade,9/17/2020 12:00:00 AM,-1021456.84098217,4686664.94850225
15662,1162,"Estrada da Luz, 165",São Domingos de Benfica,Passeio,HOTSPOT,Sheffield standard,2,9,Não,Público,Partilhado com Micromobilidade,9/17/2020 12:00:00 AM,-1021468.97831738,4686629.76748209
15663,1163,"Estrada da Luz, 173B",São Domingos de Benfica,Passeio,BICICLETA,Sheffield standard,2,4,Não,Público,Partilhado com Micromobilidade,9/17/2020 12:00:00 AM,-1021521.65727468,4686688.70225519
15664,1164,"Rua Tomás da Fonseca, 3B",São Domingos de Benfica,Passeio,HOTSPOT,Sheffield standard,4,13,Não,Público,Partilhado com Micromobilidade,9/17/2020 12:00:00 AM,-1021379.8681842,4686805.40344276
15665,1165,"Rua Tomás da Fonseca, 1B",São Domingos de Benfica,Passeio,HOTSPOT,Sheffield standard,4,13,Não,Público,Partilhado com Micromobilidade,9/17/2020 12:00:00 AM,-1021449.67207329,4686805.79592122
15666,1166,"Estrada da Luz, 197",São Domingos de Benfica,Passeio,HOTSPOT,Sheffield standard,2,9,Não,Público,Partilhado com Micromobilidade,9/17/2020 12:00:00 AM,-1021658.0296815,4686863.28894395
15667,1167,"Rua dos Soeiros, 339",São Domingos de Benfica,Passeio,BICICLETA,Sheffield standard,2,4,Não,Público,Partilhado com Micromobilidade,9/17/2020 12:00:00 AM,-1021598.9010707,4686773.63777673
15668,1168,Rua João de Freitas Branco,São Domingos de Benfica,Passeio,HOTSPOT,Sheffield standard,2,9,Não,Público,Partilhado com Micromobilidade,9/17/2020 12:00:00 AM,-1021915.39122412,4685858.06812862
15669,1169,Rua Abílio Mendes,São Domingos de Benfica,Passeio,HOTSPOT,Sheffield standard,2,9,Não,Público,Partilhado com Micromobilidade,9/17/2020 12:00:00 AM,-1021738.67147267,4685762.63249036
15670,1170,Rua Abílio Mendes,São Domingos de Benfica,Passeio,HOTSPOT,Sheffield standard,2,9,Não,Público,Partilhado com Micromobilidade,9/17/2020 12:00:00 AM,-1021592.22074701,4685745.73665818
15671,1171,"Avenida Manuel da Maia, 2",Arroios,Passeio,BICICLETA,Sheffield standard,3,6,Não,Público,Partilhado com Micromobilidade,9/17/2020 12:00:00 AM,-1017102.40680655,4683780.00748397
15672,1172,"Avenida do Brasil, 46",Alvalade,Passeio,BICICLETA,Sheffield standard,3,6,Não,Público,Partilhado com Micromobilidade,9/17/2020 12:00:00 AM,-1018264.01041676,4686805.26150272
15673,1173,"Rua Fernando Pessoa, Escola",Alvalade,Passeio,BICICLETA,Sheffield standard,2,4,Não,Público,Partilhado com Micromobilidade,9/17/2020 12:00:00 AM,-1018121.04836743,4686015.53024515
15674,1174,"Avenida David Mourão-Ferreira, 62B",Lumiar,Passeio,HOTSPOT,Sheffield standard,2,9,Não,Público,Partilhado com Micromobilidade,9/17/2020 12:00:00 AM,-1019214.11949796,4689457.46599172
15675,1175,"Estrada da Luz, 177F",São Domingos de Benfica,Passeio,HOTSPOT,Sheffield standard,2,9,Não,Público,Partilhado com Micromobilidade,9/17/2020 12:00:00 AM,-1021551.23102772,4686733.74047546
15676,1176,"Calçada da Tapada, 9",Alcântara,Passeio,BICICLETA,Sheffield standard,6,12,Não,Público,Partilhado com Micromobilidade,,-1021494.65486787,4679741.9760095
15677,1178,"Rua Fernando Pessoa, 20",Alvalade,Lugar estacionamento automóvel,BICICLETA,Sheffield standard,5,10,Não,Público,Partilhado com Micromobilidade,6/1/2022 12:00:00 AM,-1018263.32583236,4685987.05192205
15678,1179,"Rua Fernando Pessoa, 12",Alvalade,Lugar estacionamento automóvel,BICICLETA,Sheffield standard,4,8,Não,Público,Partilhado com Micromobilidade,6/1/2022 12:00:00 AM,-1018163.06068135,4686029.56484455
15679,1180,Rua António Patrício,Alvalade,Via,HOTSPOT,Sheffield standard,3,11,Não,Público,Partilhado com Micromobilidade,9/1/2020 12:00:00 AM,-1017847.69389488,4685855.1896156
15680,1181,Rua António Patrício,Alvalade,Via,HOTSPOT,Sheffield standard,3,11,Não,Público,Partilhado com Micromobilidade,9/1/2020 12:00:00 AM,-1017826.70292596,4685861.6774604
15681,1182,Rua António Patrício,Alvalade,Via,HOTSPOT,Sheffield standard,3,11,Não,Público,Partilhado com Micromobilidade,9/1/2020 12:00:00 AM,-1017792.49062684,4685872.1105185
15682,1183,Avenida António Augusto de Aguiar,Avenidas Novas,Passeio,BICICLETA,Entorta rodas,2,10,Sim,Privado,Interdito Micromobilidade,,-1018895.16836765,4683461.008438
15683,1184,Avenida de Sidónio Pais,Avenidas Novas,Passeio,BICICLETA,Entorta rodas,2,10,Sim,Privado,Interdito Micromobilidade,,-1018997.41889367,4683518.10860429
15684,1185,"Alameda Edgar Cardoso, Estufa Fria",Avenidas Novas,Passeio,BICICLETA,Sheffield standard,3,6,Não,Público,Partilhado com Micromobilidade,6/22/2020 12:00:00 AM,-1019181.24722404,4682917.84361929
15685,1186,"Largo do Leão, Escola",Arroios,Passeio,BICICLETA,Sheffield standard,4,8,Não,Público,Partilhado com Micromobilidade,9/9/2020 12:00:00 AM,-1017193.66065282,4683745.8407181
15686,1187,"Campo dos Mártires da Pátria, 30",Arroios,Passeio,BICICLETA,Sheffield standard,3,6,Não,Público,Partilhado com Micromobilidade,7/24/2020 12:00:00 AM,-1017516.08636472,4681779.42546733
15687,1188,"Rua Capitão Tenente Oliveira e Carmo, Lote 144",Olivais,Passeio,HOTSPOT,Sheffield standard,2,9,Não,Público,Partilhado com Micromobilidade,9/7/2020 12:00:00 AM,-1014511.60607482,4689521.75597124
15688,1189,Rua da Centieira,Parque das Nações,Passeio,BICICLETA,Sheffield standard,3,6,Não,Público,Partilhado com Micromobilidade,8/3/2018 12:00:00 AM,-1013106.82054047,4687759.51532206
15689,1190,"Avenida da República, 91",Avenidas Novas,Lugar estacionamento automóvel,BICICLETA,Sheffield standard,5,10,Não,Público,Partilhado com Micromobilidade,8/19/2020 12:00:00 AM,-1018271.47629389,4684922.64439283
15690,1191,"Avenida da República, 91",Avenidas Novas,Lugar estacionamento automóvel,BICICLETA,Sheffield standard,5,10,Não,Público,Partilhado com Micromobilidade,8/19/2020 12:00:00 AM,-1018272.73865206,4684929.30731711
15691,1192,"Avenida da República, 91",Avenidas Novas,Lugar estacionamento automóvel,BICICLETA,Sheffield standard,5,10,Não,Público,Partilhado com Micromobilidade,8/19/2020 12:00:00 AM,-1018270.27988085,4684916.32991838
15692,1193,Metro campo Grande,Lumiar,Passeio,BICICLETA,Grelha,1,6,Não,Público,Partilhado com Micromobilidade,,-1019409.89973471,4687267.62675417
15693,1343,"Avenida Dr. Augusto de Castro, Lote 408",Marvila,Passeio,BICICLETA,Entorta rodas,1,5,Sim,Público,Partilhado com Micromobilidade,,-1014463.41952946,4687021.85358484
15694,1344,"Rua João Saraiva, 7",Alvalade,Lugar estacionamento automóvel,BICICLETA,Entorta rodas,2,10,Sim,Privado,Interdito Micromobilidade,,-1017678.7217473,4686881.39255996
15695,1324,Rua da Cintura do Porto de Lisboa,Marvila,Passeio,BICICLETA,Sheffield standard,8,16,Não,Público,Partilhado com Micromobilidade,2/7/2020 12:00:00 AM,-1012780.60822553,4684819.10449918
15696,1325,Rua da Cintura do Porto de Lisboa,Marvila,Passeio,BICICLETA,Sheffield standard,8,16,Não,Público,Partilhado com Micromobilidade,2/7/2020 12:00:00 AM,-1012759.47561851,4685180.75104501
15697,1326,Rua da Cintura do Porto de Lisboa,Marvila,Passeio,BICICLETA,Sheffield standard,8,16,Não,Público,Partilhado com Micromobilidade,2/7/2020 12:00:00 AM,-1012674.77931253,4685361.52974516
15698,1327,Rua da Cintura do Porto de Lisboa,Marvila,Passeio,BICICLETA,Sheffield standard,8,16,Não,Público,Partilhado com Micromobilidade,2/7/2020 12:00:00 AM,-1012728.19029105,4685330.6074086
15699,1328,Largo da Estação de Braço de Prata,Marvila,Passeio,BICICLETA,Sheffield standard,5,10,Não,Público,Partilhado com Micromobilidade,,-1013351.34088614,4685311.7716136
15700,1329,Avenida Infante Dom Henrique,Marvila,Passeio,BICICLETA,Sheffield standard,4,8,Não,Público,Partilhado com Micromobilidade,2/7/2020 12:00:00 AM,-1012909.4591009,4685026.26077975
15701,1330,"Avenida de Ceuta, Estação",Estrela,Passeio,BICICLETA,Sheffield standard,4,8,Não,Público,Partilhado com Micromobilidade,,-1021169.99083729,4679919.56058695
15702,1331,"Avenida Infante Dom Henrique, 319",Marvila,Passeio,BICICLETA,Entorta rodas,1,5,Sim,Privado,Interdito Micromobilidade,,-1013426.8413346,4686695.44261268
15703,1333,"Avenida Infante Dom Henrique, 321",Olivais,Passeio,BICICLETA,Entorta rodas,1,5,Não,Público,Partilhado com Micromobilidade,,-1013403.40036713,4686830.77693205
15704,1334,"Avenida Francisco Salgado Zenha, Lote 2",Marvila,Passeio,BICICLETA,Entorta rodas,1,5,Não,Público,Partilhado com Micromobilidade,,-1015056.64952576,4685667.05552809
15705,1335,"Rua Gaivotas em Terra, Escola",Parque das Nações,Passeio,BICICLETA,Entorta rodas,6,36,Não,Privado,Interdito Micromobilidade,1/15/2021 12:00:00 AM,-1012777.76459313,4686684.18354574
15706,1337,"Campo Grande, 13",Alvalade,Passeio,BICICLETA,Sheffield estreito,4,8,Sim,Privado,Interdito Micromobilidade,,-1018577.73449492,4685789.6202564
15707,1338,"Rua das Trinas, 4",Estrela,Lugar estacionamento automóvel,BICICLETA,Sheffield standard,4,8,Não,Público,Partilhado com Micromobilidade,2/10/2021 12:00:00 AM,-1019291.31755776,4679871.7119029
15708,1339,Rua Fernando Namora,Lumiar,Passeio,BICICLETA,Grelha,1,2,Não,Público,Partilhado com Micromobilidade,,-1021314.3798582,4687265.08567546
15709,1340,Rua Fernando Namora,Lumiar,Passeio,BICICLETA,Grelha,1,2,Não,Público,Partilhado com Micromobilidade,,-1021299.55625136,4687212.85876289
15710,1341,"Rua Luís Augusto Palmeirim, 10",Alvalade,Lugar estacionamento automóvel,HOTSPOT,Sheffield standard,4,13,Não,Público,Partilhado com Micromobilidade,12/1/2020 12:00:00 AM,-1017685.71501032,4686694.32560282
15711,1342,"Rua Luís Augusto Palmeirim, 4D",Alvalade,Lugar estacionamento automóvel,HOTSPOT,Sheffield standard,4,13,Não,Público,Partilhado com Micromobilidade,12/1/2020 12:00:00 AM,-1017611.98651552,4686725.95805832
15712,1354,Rua Francisco Gentil Martins,Campolide,Via,HOTSPOT,Sheffield standard,2,9,Não,Público,Partilhado com Micromobilidade,,-1020800.64440514,4684419.12637251
15713,1355,Rua Conde de Almoster,São Domingos de Benfica,Passeio,HOTSPOT,Sheffield standard,2,9,Não,Público,Partilhado com Micromobilidade,,-1021764.96361341,4684843.60961404
15714,1356,"Rua Conde de Almoster, 76",São Domingos de Benfica,Via,HOTSPOT,Sheffield standard,2,9,Não,Público,Partilhado com Micromobilidade,,-1022076.06271638,4685016.71550137
15715,1357,"Rua Conde de Almoster, 82",São Domingos de Benfica,Passeio,HOTSPOT,Sheffield standard,2,9,Não,Público,Partilhado com Micromobilidade,,-1022125.1739154,4685043.97156766
15716,1358,"Rua Conde de Almoster, 100",São Domingos de Benfica,Via,HOTSPOT,Sheffield standard,2,9,Não,Público,Partilhado com Micromobilidade,,-1022332.62573127,4685145.18984061
15717,1359,Rua Conde de Almoster,São Domingos de Benfica,Via,HOTSPOT,Sheffield standard,2,9,Não,Público,Partilhado com Micromobilidade,,-1022833.57379651,4685195.25934589
15718,1360,"Rua António Champalimaud, Lote 4",Carnide,Lugar estacionamento automóvel,HOTSPOT,Sheffield standard,2,9,Não,Público,Partilhado com Micromobilidade,3/19/2021 12:00:00 AM,-1022116.97257348,4688472.60193256
15719,1361,"Rua António Champalimaud, Lote 3",Carnide,Lugar estacionamento automóvel,HOTSPOT,Sheffield standard,2,9,Não,Público,Partilhado com Micromobilidade,3/19/2021 12:00:00 AM,-1022048.09477687,4688545.46512299
15720,1362,"Avenida Professor Egas Moniz, Piscina",Alvalade,Passeio,BICICLETA,Cascata,2,16,Não,Público,Partilhado com Micromobilidade,,-1019814.00591586,4686706.69919635
15721,1363,Avenida Professor Egas Moniz,Alvalade,Passeio,BICICLETA,Entorta rodas,1,5,Não,Público,Partilhado com Micromobilidade,,-1019934.88887943,4686802.01114613
15722,1364,"Avenida Professor Egas Moniz, Piscina",Alvalade,Passeio,BICICLETA,Entorta rodas,1,5,Não,Público,Partilhado com Micromobilidade,,-1019897.37556843,4686756.19879135
15723,1365,Rua Ginestal Machado,São Domingos de Benfica,Passeio,BICICLETA,Sheffield standard,2,4,Não,Público,Partilhado com Micromobilidade,10/9/2020 12:00:00 AM,-1021156.36392224,4686335.7152903
15724,1366,"Rua Carlos Mardel, 32",Arroios,Via,BICICLETA,Sheffield standard,1,2,Não,Público,Partilhado com Micromobilidade,3/4/2021 12:00:00 AM,-1016697.28652165,4683768.44182152
15725,1567,Rua Castilho,Avenidas Novas,Via,HOTSPOT,Sheffield standard,2,9,Não,Público,Partilhado com Micromobilidade,10/22/2021 12:00:00 AM,-1019318.5622116,4682852.93080835
15726,1568,Rua Castilho,Avenidas Novas,Via,HOTSPOT,Sheffield standard,2,9,Não,Público,Partilhado com Micromobilidade,10/22/2021 12:00:00 AM,-1019245.44022037,4682747.53351436
15727,1345,"Rua Francisco Pedro Curado, 5",Penha de França,Lugar estacionamento automóvel,BICICLETA,Sheffield standard,5,10,Não,Público,Partilhado com Micromobilidade,,-1015970.23466718,4682670.08688242
15728,1346,"Avenida de António José de Almeida, Universidade",Areeiro,Passeio,BICICLETA,Sheffield largo,8,16,Não,Privado,Interdito Micromobilidade,,-1017319.4706747,4683848.66415706
15729,1347,"Avenida de António José de Almeida, Universidade",Areeiro,Passeio,BICICLETA,Sheffield largo,8,16,Não,Privado,Interdito Micromobilidade,,-1017347.3538286,4684221.68344424
15730,1348,"Avenida de António José de Almeida, IST",Areeiro,Via,BICICLETA,Sheffield standard,10,20,Não,Privado,Interdito Micromobilidade,,-1017432.87371136,4684048.42581551
15731,1349,"Avenida de António José de Almeida, IST",Areeiro,Via,BICICLETA,Sheffield standard,10,20,Não,Privado,Interdito Micromobilidade,,-1017429.42875524,4684003.72825542
15732,1350,"Avenida de António José de Almeida, IST",Areeiro,Via,BICICLETA,Sheffield standard,4,8,Não,Privado,Interdito Micromobilidade,,-1017351.5386047,4684059.03498473
15733,1351,"Avenida de António José de Almeida, IST",Areeiro,Via,BICICLETA,Sheffield standard,4,8,Não,Privado,Interdito Micromobilidade,,-1017347.22683649,4684005.51200708
15734,1352,"Avenida de António José de Almeida, Universidade",Areeiro,Passeio,BICICLETA,Sheffield standard,6,12,Não,Privado,Interdito Micromobilidade,4/1/2021 12:00:00 AM,-1017152.69276918,4684092.40646126
15735,1353,Largo Prof. Arnaldo Sampaio,Campolide,Passeio,HOTSPOT,Sheffield standard,2,9,Não,Público,Partilhado com Micromobilidade,,-1020652.42124162,4684441.52571381
15736,1194,Rua João Amaral,Santa Clara,Passeio,BICICLETA,Onda,1,5,Não,Público,Partilhado com Micromobilidade,,-1018889.3494525,4690697.92834974
15737,1195,Calçada do Duque,Santa Maria Maior,Passeio,BICICLETA,Sheffield standard,3,6,Sim,Público,Partilhado com Micromobilidade,,-1017611.92300049,4680768.63013937
15738,1196,Rua da Venezuela,Benfica,Passeio,BICICLETA,Sheffield standard,3,6,Sim,Privado,Interdito Micromobilidade,,-1024124.63614712,4685127.97107061
15739,1197,"Avenida Professor Egas Moniz, Escola",Alvalade,Passeio,BICICLETA,Sheffield standard,6,12,Não,Privado,Interdito Micromobilidade,,-1019976.09556305,4685866.81806196
15740,1198,"Avenida Padre Manuel da Nóbrega, 15",Areeiro,Passeio,BICICLETA,Sheffield standard,5,10,Não,Privado,Interdito Micromobilidade,,-1016877.10928196,4685123.80308954
15741,1199,Alameda da Universidade,Alvalade,Via,BICICLETA,Sheffield standard,4,8,Não,Público,Partilhado com Micromobilidade,,-1019431.66470655,4686084.38025621
15742,1200,"Avenida Professor Gama Pinto, Faculdade",Alvalade,Via,BICICLETA,Sheffield standard,4,8,Não,Público,Partilhado com Micromobilidade,,-1019378.20456009,4685841.39698844
15743,1201,"Rua Capitão-Mor Pedro Teixeira, 11",Belém,Lugar estacionamento automóvel,BICICLETA,Sheffield standard,4,8,Não,Público,Partilhado com Micromobilidade,10/26/2020 12:00:00 AM,-1024922.99486561,4679885.44212325
15744,1202,"Rua Capitão-Mor Pedro Teixeira, Escola",Belém,Lugar estacionamento automóvel,BICICLETA,Sheffield standard,4,8,Não,Público,Partilhado com Micromobilidade,10/26/2020 12:00:00 AM,-1024941.70146194,4679860.74258224
15745,1203,Calçada do Galvão,Belém,Lugar estacionamento automóvel,BICICLETA,Sheffield standard,2,4,Não,Público,Partilhado com Micromobilidade,10/26/2020 12:00:00 AM,-1024410.09154312,4679735.1111787
15746,1204,"Avenida Dom Carlos I, 97",Estrela,Lugar estacionamento automóvel,HOTSPOT,Sheffield standard,2,9,Não,Público,Partilhado com Micromobilidade,10/26/2020 12:00:00 AM,-1018954.82748309,4680231.04163471
15747,1205,"Largo do Conde Barão, 12",Misericórdia,Lugar estacionamento automóvel,HOTSPOT,Sheffield standard,2,9,Não,Público,Partilhado com Micromobilidade,10/26/2020 12:00:00 AM,-1018699.86145482,4680040.82704726
15748,1206,"Rua de São Pedro de Alcântara, 55",Misericórdia,Lugar estacionamento automóvel,HOTSPOT,Sheffield standard,2,9,Não,Público,Partilhado com Micromobilidade,10/26/2020 12:00:00 AM,-1017922.61073627,4680847.58732367
15749,1207,"Rua Marquês da Fronteira, 72A
",Campolide,Lugar estacionamento automóvel,HOTSPOT,Sheffield standard,2,9,Não,Público,Partilhado com Micromobilidade,10/26/2020 12:00:00 AM,-1019807.5705632,4682770.28319228
15750,1208,"Rua Marquês da Fronteira, 177
",Campolide,Lugar estacionamento automóvel,HOTSPOT,Sheffield standard,2,9,Não,Público,Partilhado com Micromobilidade,10/26/2020 12:00:00 AM,-1020065.25819755,4682681.96198103
15751,1209,"Rua Prof. Sousa da Câmara, 154",Campolide,Lugar estacionamento automóvel,HOTSPOT,Sheffield standard,2,9,Não,Público,Partilhado com Micromobilidade,10/26/2020 12:00:00 AM,-1019958.5974014,4682417.9549905
15752,1210,"Rua Almirante Barroso, 1B",Arroios,Lugar estacionamento automóvel,HOTSPOT,Sheffield standard,4,9,Não,Público,Partilhado com Micromobilidade,10/26/2020 12:00:00 AM,-1017602.12745007,4683288.05384341
15753,1211,Rua Carlos José Barreiros,Arroios,Via,HOTSPOT,Sheffield standard,2,9,Não,Público,Partilhado com Micromobilidade,10/26/2020 12:00:00 AM,-1017061.59907535,4683405.03673168
15754,1212,"Largo de Santa Bárbara, 11",Arroios,Lugar estacionamento automóvel,HOTSPOT,Sheffield standard,2,9,Não,Público,Partilhado com Micromobilidade,10/26/2020 12:00:00 AM,-1017045.69386287,4682605.09382545
15755,1213,"Rua Frei Francisco Foreiro, 8C",Arroios,Lugar estacionamento automóvel,HOTSPOT,Sheffield standard,2,9,Não,Público,Partilhado com Micromobilidade,10/26/2020 12:00:00 AM,-1016957.54063146,4682792.75071712
15756,1214,"Rua António Pedro, 32A",Arroios,Lugar estacionamento automóvel,HOTSPOT,Sheffield standard,2,9,Não,Público,Partilhado com Micromobilidade,10/26/2020 12:00:00 AM,-1016948.69567629,4683036.84302478
15757,1215,"Rua de Dona Estefânia, 127A",Arroios,Lugar estacionamento automóvel,HOTSPOT,Sheffield standard,2,9,Não,Público,Partilhado com Micromobilidade,10/26/2020 12:00:00 AM,-1017550.74169845,4683231.97654182
15758,1216,"Rua de Dona Estefânia, 114",Arroios,Lugar estacionamento automóvel,HOTSPOT,Sheffield standard,2,9,Não,Público,Partilhado com Micromobilidade,10/26/2020 12:00:00 AM,-1017615.24098683,4683712.21016741
15759,1217,"Rua Gomes Freire, 162",Arroios,Lugar estacionamento automóvel,HOTSPOT,Sheffield standard,2,9,Não,Público,Partilhado com Micromobilidade,10/26/2020 12:00:00 AM,-1017680.76884948,4682702.8014936
15760,1218,"Rua da Escola de Medicina Veterinária, 2",Arroios,Lugar estacionamento automóvel,HOTSPOT,Sheffield standard,4,13,Não,Público,Partilhado com Micromobilidade,10/26/2020 12:00:00 AM,-1017538.57828791,4683059.22596554
15761,1219,"Rua Alexandre Braga, 33",Arroios,Lugar estacionamento automóvel,BICICLETA,Sheffield standard,4,8,Não,Público,Partilhado com Micromobilidade,10/26/2020 12:00:00 AM,-1017516.67889854,4683161.03806676
15762,1246,Avenida de Pádua,Parque das Nações,Passeio,BICICLETA,Sheffield standard,33,66,Não,Público,Partilhado com Micromobilidade,,-1013126.99557208,4687781.87558145
15763,1247,"Calçada da Estação, Estação",Campolide,Passeio,BICICLETA,Lisboa,8,16,Não,Público,Partilhado com Micromobilidade,,-1020604.4566816,4683384.05592523
15764,1248,"Estrada da Torre, 28",Lumiar,Passeio,BICICLETA,Sheffield estreito,15,30,Sim,Privado,Interdito Micromobilidade,,-1019516.63479055,4689376.53454232
15765,1250,"Rua Mário Sampaio Ribeiro, Escola",Lumiar,Via,BICICLETA,Entorta rodas,2,10,Não,Privado,Interdito Micromobilidade,,-1019891.50949947,4688719.99876029
15766,1251,Rua de Campolide,Campolide,Via,BICICLETA,Sheffield standard,4,8,Não,Público,Partilhado com Micromobilidade,,-1020384.89034964,4684039.83733128
15767,1252,Avenida António Augusto de Aguiar,Avenidas Novas,Via,BICICLETA,Sheffield standard,4,8,Não,Público,Partilhado com Micromobilidade,,-1019238.1475952,4684061.4908021
15769,1255,"Praça Dom Manuel I, 4A",Belém,Passeio,BICICLETA,Sheffield standard,2,4,Não,Público,Partilhado com Micromobilidade,,-1027065.15699038,4678572.58466172
15770,1256,"Rua Raul Carapinha, Escola",São Domingos de Benfica,Lugar estacionamento automóvel,BICICLETA,Sheffield standard,3,6,Não,Público,Partilhado com Micromobilidade,12/14/2020 12:00:00 AM,-1020963.25305578,4684671.89925795
15771,1257,"Avenida D. João II, 4.69.01",Parque das Nações,Lugar estacionamento automóvel,HOTSPOT,Sheffield standard,2,9,Não,Público,Partilhado com Micromobilidade,12/14/2020 12:00:00 AM,-1012718.06613847,4689634.46363424
15772,1258,Avenida 24 de Julho,Estrela,Lugar estacionamento automóvel,HOTSPOT,Sheffield standard,2,9,Não,Público,Partilhado com Micromobilidade,12/14/2020 12:00:00 AM,-1019188.55511455,4679724.76493022
15773,1259,"Rua da Junqueira, 188",Belém,Lugar estacionamento automóvel,HOTSPOT,Sheffield standard,2,9,Não,Público,Partilhado com Micromobilidade,10/26/2020 12:00:00 AM,-1023202.13528558,4678497.06985913
15774,1260,Praça Martim Moniz,Santa Maria Maior,Passeio,BICICLETA,Sheffield standard,3,6,Não,Público,Partilhado com Micromobilidade,2/3/2021 12:00:00 AM,-1017058.09470952,4680955.4726117
15775,1261,"Rua Gonçalves Zarco, Escola",Belém,Lugar estacionamento automóvel,BICICLETA,Sheffield standard,4,8,Não,Público,Partilhado com Micromobilidade,12/14/2020 12:00:00 AM,-1024718.90249985,4679527.22065535
15776,1262,"Rua Gonçalves Zarco, 21H",Belém,Lugar estacionamento automóvel,HOTSPOT,Sheffield standard,2,9,Não,Público,Partilhado com Micromobilidade,12/14/2020 12:00:00 AM,-1024834.38822729,4679119.85643105
15777,1263,Parque do Vale do Silêncio,Olivais,Via,BICICLETA,Sheffield standard,2,4,Não,Público,Partilhado com Micromobilidade,12/14/2020 12:00:00 AM,-1015067.89207381,4688160.17570536
15778,1264,"Rua Cidade de Gabela, 1",Olivais,Lugar estacionamento automóvel,HOTSPOT,Sheffield standard,2,9,Não,Público,Partilhado com Micromobilidade,12/14/2020 12:00:00 AM,-1014590.37604389,4688493.92271543
15779,1265,"Avenida de Pádua, Cemitério",Olivais,Via,BICICLETA,Sheffield standard,6,12,Não,Público,Partilhado com Micromobilidade,10/22/2019 12:00:00 AM,-1013905.0760157,4687849.44534077
15780,1266,"Avenida Sacadura Cabral, 4B",Areeiro,Lugar estacionamento automóvel,HOTSPOT,Sheffield standard,2,9,Não,Público,Partilhado com Micromobilidade,7/1/2020 12:00:00 AM,-1017474.52087291,4685185.34739927
15781,1267,Rua do Comércio,Santa Maria Maior,Lugar estacionamento motociclo,BICICLETA,Car Bike Port,5,8,Não,Público,Partilhado com Micromobilidade,9/8/2020 12:00:00 AM,-1017303.53526713,4679990.28941896
15782,1268,"Rua Francisco Stromp, 21C",Lumiar,Passeio,BICICLETA,Entorta rodas,5,5,Não,Público,Partilhado com Micromobilidade,,-1019642.28903871,4687894.49608998
15783,1269,Eixo Central,Lumiar,Passeio,BICICLETA,Onda,2,10,Não,Público,Partilhado com Micromobilidade,5/18/2013 12:00:00 AM,-1018382.33757927,4688403.0845409
15784,1270,Rua Interior à Azinhaga da Fonte do Louro,Areeiro,Passeio,BICICLETA,Lisboa,4,8,Não,Público,Partilhado com Micromobilidade,,-1016367.04045188,4685669.63905548
15785,1271,"Avenida de Roma, 26AA",Areeiro,Passeio,BICICLETA,Entorta rodas,1,5,Sim,Privado,Interdito Micromobilidade,,-1017307.92429091,4685177.09645459
15786,1272,Rua Tomás da Fonseca,São Domingos de Benfica,Passeio,BICICLETA,Sheffield estreito,6,12,Não,Privado,Interdito Micromobilidade,,-1021411.92805068,4686851.02224556
15787,1273,"Azinhaga das Galhardas, 23A",Alvalade,Passeio,BICICLETA,Sheffield standard,2,4,Não,Público,Partilhado com Micromobilidade,,-1020426.46808459,4686547.46566076
15788,1274,Alameda da Universidade,Alvalade,Via,BICICLETA,Sheffield standard,4,8,Não,Público,Partilhado com Micromobilidade,,-1019559.59573118,4686220.65955147
15789,1280,"Rua Luís Augusto Palmeirim, 19B",Alvalade,Lugar estacionamento automóvel,BICICLETA,Sheffield standard,4,8,Não,Público,Partilhado com Micromobilidade,12/1/2020 12:00:00 AM,-1017957.54971659,4686567.37516774
15790,1282,"Avenida do Rio de Janeiro, INATEL",Alvalade,Passeio,BICICLETA,Grelha,1,5,Não,Privado,Interdito Micromobilidade,,-1017212.06925559,4686131.75324017
15791,1283,"Avenida do Rio de Janeiro, INATEL",Alvalade,Passeio,BICICLETA,Grelha,1,5,Não,Privado,Interdito Micromobilidade,,-1017526.8922561,4686020.50384366
15792,1284,Campo Grande,Alvalade,Passeio,BICICLETA,Grelha,8,8,Não,Privado,Interdito Micromobilidade,,-1018541.00905932,4686086.87399232
15793,1285,"Campo Grande, 23",Alvalade,Via,BICICLETA,Borboleta,1,5,Não,Público,Partilhado com Micromobilidade,,-1018574.41827206,4685844.9740766
15794,1287,"Jardim Fernando Pessa, Estacionamento",Areeiro,Passeio,BICICLETA,Entorta rodas,7,35,Sim,Privado,Interdito Micromobilidade,,-1017177.31228519,4685010.68918732
15795,1288,"Rua Manuel Teixeira Gomes, Escola",Marvila,Lugar estacionamento automóvel,BICICLETA,,4,8,Não,Público,Partilhado com Micromobilidade,6/1/2022 12:00:00 AM,-1014345.79897952,4686170.04979844
15796,1289,"Rua Manuel Teixeira Gomes, Escola",Marvila,Passeio,BICICLETA,Sheffield standard,30,60,Não,Privado,Interdito Micromobilidade,,-1014353.38507958,4686157.01932648
15797,1290,"Campo Grande, 13",Alvalade,Passeio,BICICLETA,Sheffield estreito,3,6,Sim,Privado,Interdito Micromobilidade,,-1018555.79210351,4685790.68146852
15798,1291,"Campo Grande, 13",Alvalade,Passeio,BICICLETA,Barra,6,6,Sim,Privado,Interdito Micromobilidade,,-1018569.9313107,4685788.54756138
15799,1292,Rua Gomes Freire,Arroios,Lugar estacionamento automóvel,BICICLETA,Entorta rodas,1,5,Sim,Privado,Interdito Micromobilidade,,-1017689.18104158,4682924.60193373
15800,1293,"Rua Rodrigues Sampaio, 97A",Santo António,Lugar estacionamento automóvel,BICICLETA,Sheffield standard,4,8,Não,Público,Partilhado com Micromobilidade,2/4/2021 12:00:00 AM,-1018317.74636252,4682237.98838357
15801,1294,"Calçada da Ajuda, 72",Belém,Lugar estacionamento automóvel,HOTSPOT,Sheffield standard,2,9,Não,Público,Partilhado com Micromobilidade,2/4/2021 12:00:00 AM,-1024091.42944351,4678629.17343602
15802,1295,"Avenida da Ilha da Madeira, 30D",Belém,Lugar estacionamento automóvel,HOTSPOT,Sheffield standard,4,13,Não,Público,Partilhado com Micromobilidade,2/4/2021 12:00:00 AM,-1025001.48246223,4679619.19377408
15803,1296,"Avenida da Ilha da Madeira, 35C",Belém,Via,BICICLETA,Sheffield standard,2,4,Não,Público,Partilhado com Micromobilidade,2/4/2021 12:00:00 AM,-1025047.88156635,4679674.88955326
15804,1297,"Rua dos Jerónimos, 24C",Belém,Lugar estacionamento automóvel,BICICLETA,Sheffield standard,2,4,Não,Público,Partilhado com Micromobilidade,2/4/2021 12:00:00 AM,-1024785.82018998,4678788.21595877
15805,1298,"Rua Adolfo Coelho, 22",Penha de França,Via,HOTSPOT,Sheffield standard,2,9,Não,Público,Partilhado com Micromobilidade,2/4/2021 12:00:00 AM,-1015284.54704066,4682421.39878578
15806,1299,"Rua Rodrigo da Fonseca, 57A",Santo António,Lugar estacionamento automóvel,HOTSPOT,Sheffield standard,2,9,Não,Público,Partilhado com Micromobilidade,2/4/2021 12:00:00 AM,-1018923.23792493,4682029.88880847
15807,1300,"Largo da Luz, Portaria do Colégio Militar",Carnide,Via,BICICLETA,Sheffield standard,2,4,Não,Público,Partilhado com Micromobilidade,2/4/2021 12:00:00 AM,-1022287.69941609,4687362.83925903
15808,1301,"Estrada do Paço do Lumiar, 67",Carnide,Lugar estacionamento automóvel,BICICLETA,Sheffield standard,2,4,Não,Público,Partilhado com Micromobilidade,2/4/2021 12:00:00 AM,-1022240.26325193,4687678.4320331
15809,1302,"Rua Padre Américo, 11C",Carnide,Lugar estacionamento automóvel,BICICLETA,Sheffield standard,2,4,Não,Público,Partilhado com Micromobilidade,2/4/2021 12:00:00 AM,-1021890.42844702,4687554.89429019
15810,1303,"Rua Padre Américo, 20",Carnide,Lugar estacionamento automóvel,BICICLETA,Sheffield standard,2,4,Não,Público,Partilhado com Micromobilidade,2/4/2021 12:00:00 AM,-1021874.01604532,4687689.0200341
15811,1304,"Rua Padre Américo, 22J",Carnide,Via,HOTSPOT,Sheffield standard,2,9,Não,Público,Partilhado com Micromobilidade,2/4/2021 12:00:00 AM,-1021905.48020031,4687735.11905299
15812,1305,Praça São Francisco de Assis,Carnide,Lugar estacionamento automóvel,HOTSPOT,Sheffield standard,2,9,Não,Público,Partilhado com Micromobilidade,2/4/2021 12:00:00 AM,-1022011.31777894,4687911.10390004
15813,1306,"Avenida General Roçadas, 9",Penha de França,Lugar estacionamento automóvel,HOTSPOT,Sheffield standard,2,9,Não,Público,Partilhado com Micromobilidade,2/4/2021 12:00:00 AM,-1016201.724971,4682232.2006287
15814,1307,"Rua da Penha de França, 110A",Penha de França,Lugar estacionamento automóvel,HOTSPOT,Sheffield standard,2,9,Não,Público,Partilhado com Micromobilidade,2/4/2021 12:00:00 AM,-1016284.72612922,4682241.45203594
15815,1308,"Rua Cidade da Horta, 38",Arroios,Lugar estacionamento automóvel,HOTSPOT,Sheffield standard,2,9,Não,Público,Partilhado com Micromobilidade,7/8/2020 12:00:00 AM,-1017355.06114462,4683381.16619234
15816,1309,"Rua Cidade de Bolama, Escola",Olivais,Passeio,BICICLETA,Sheffield standard,5,10,Não,Público,Partilhado com Micromobilidade,4/1/2023 12:00:00 AM,-1014829.99692612,4687582.19395342
15817,1310,Rua Alexandre de Sá Pinto,Belém,Via,BICICLETA,Sheffield standard,4,8,Não,Privado,Interdito Micromobilidade,2/12/2020 12:00:00 AM,-1023659.30541614,4678725.11859331
15818,1311,"Rua Jorge de Sena, 3B",Santa Clara,Lugar estacionamento automóvel,HOTSPOT,Sheffield standard,2,9,Não,Público,Partilhado com Micromobilidade,2/4/2021 12:00:00 AM,-1019777.07950178,4690095.63254759
15819,1312,"Alameda da Encarnação, Igreja",Olivais,Via,BICICLETA,Sheffield standard,2,4,Não,Público,Partilhado com Micromobilidade,1/21/2021 12:00:00 AM,-1014941.64617894,4689289.10721459
15820,1313,Rua Contra-Almirante Armando Ferraz,Olivais,Lugar estacionamento automóvel,HOTSPOT,Sheffield standard,2,9,Não,Público,Partilhado com Micromobilidade,1/21/2021 12:00:00 AM,-1014078.18232437,4688553.01909745
15821,1314,"Rua General Silva Freire, Lote 158",Olivais,Lugar estacionamento automóvel,HOTSPOT,Sheffield standard,2,9,Não,Público,Partilhado com Micromobilidade,1/21/2021 12:00:00 AM,-1014504.33800324,4689348.4337553
15822,1315,"Rua Cesina Adães Bermudes, 3",Carnide,Lugar estacionamento automóvel,HOTSPOT,Sheffield standard,2,9,Não,Público,Partilhado com Micromobilidade,2/4/2021 12:00:00 AM,-1022409.83849264,4688052.56820323
15823,1316,"Rua Cesina Adães Bermudes, 1",Carnide,Lugar estacionamento automóvel,BICICLETA,Sheffield standard,4,8,Não,Público,Partilhado com Micromobilidade,2/4/2021 12:00:00 AM,-1022398.87571999,4688113.26140219
15824,1317,"Rua Flores de Lima, 16",Alvalade,Passeio,BICICLETA,Sheffield standard,3,6,Não,Público,Partilhado com Micromobilidade,4/1/2019 12:00:00 AM,-1017964.19700306,4685696.28942278
15825,1318,"Rua Frei Francisco Foreiro, 11",Arroios,Lugar estacionamento automóvel,BICICLETA,Sheffield standard,4,8,Não,Público,Partilhado com Micromobilidade,2/9/2021 12:00:00 AM,-1017019.95927855,4682790.70313049
15826,1319,Rua de Pascoal de Melo,Arroios,Lugar estacionamento automóvel,HOTSPOT,Sheffield standard,2,9,Não,Público,Partilhado com Micromobilidade,2/9/2021 12:00:00 AM,-1017138.45603832,4683265.27377654
15827,1395,"Avenida de Brasília, Fundação Champalimaud",Belém,Via,BICICLETA,Entorta rodas,,,Sim,Privado,Interdito Micromobilidade,,-1026498.04565928,4677839.74549928
15828,1396,Avenida de Brasília,Estrela,Lugar estacionamento automóvel,HOTSPOT,Sheffield standard,2,9,Não,Público,Partilhado com Micromobilidade,3/19/2021 12:00:00 AM,-1019143.15633999,4679646.12049221
15829,1398,"Largo Hintze Ribeiro, 1A",Santo António,Via,BICICLETA,Sheffield standard,4,12,Não,Público,Partilhado com Micromobilidade,6/1/2022 12:00:00 AM,-1019152.65907035,4681467.76536191
15830,1399,"Praça Nuno Rodrigues dos Santos, 7",São Domingos de Benfica,Lugar estacionamento automóvel,HOTSPOT,Sheffield standard,4,13,Não,Público,Partilhado com Micromobilidade,3/19/2021 12:00:00 AM,-1020405.18483856,4685173.74493874
15831,1401,"Rua Carlos Alves, 3A",Carnide,Lugar estacionamento automóvel,HOTSPOT,Sheffield standard,2,9,Não,Público,Partilhado com Micromobilidade,3/19/2021 12:00:00 AM,-1022230.26764543,4688009.40075032
15832,1402,Rua Cupertino de Miranda,Carnide,Lugar estacionamento automóvel,HOTSPOT,Sheffield standard,2,9,Não,Público,Partilhado com Micromobilidade,3/19/2021 12:00:00 AM,-1022204.3703109,4688347.90628377
15833,1403,Rua Cupertino de Miranda,Carnide,Passeio,BICICLETA,Sheffield standard,4,8,Não,Público,Partilhado com Micromobilidade,3/19/2021 12:00:00 AM,-1022191.1281232,4688360.47869827
15834,1406,"Rua Professor Reinaldo dos Santos, 21",São Domingos de Benfica,Passeio,BICICLETA,Sheffield estilizado,2,4,Não,Público,Partilhado com Micromobilidade,,-1022893.61888668,4685763.37976042
15835,1407,"Estrada de Benfica, 360",São Domingos de Benfica,Passeio,BICICLETA,Borboleta,1,6,Não,Público,Partilhado com Micromobilidade,,-1022049.55725078,4685268.83334891
15836,1408,"Rua Ferreira da Silva, 1",Arroios,Via,BICICLETA,Sheffield standard,1,2,Não,Público,Partilhado com Micromobilidade,3/27/2021 12:00:00 AM,-1016714.90297446,4683857.82866036
15837,1409,"Rua Ferreira da Silva, 1",Arroios,Via,BICICLETA,Sheffield standard,1,2,Não,Público,Interdito Micromobilidade,3/27/2021 12:00:00 AM,-1016702.94312889,4683848.26634973
15838,1410,Rua Ângela Pinto,Arroios,Via,BICICLETA,Sheffield standard,1,2,Não,Público,Interdito Micromobilidade,3/27/2021 12:00:00 AM,-1016601.73382894,4683862.72575752
15839,1411,Rua Ângela Pinto,Arroios,Via,BICICLETA,Sheffield standard,1,2,Não,Público,Interdito Micromobilidade,3/27/2021 12:00:00 AM,-1016596.94678456,4683858.61162478
15840,1412,Rua Ângela Pinto,Arroios,Via,BICICLETA,Sheffield standard,1,2,Não,Público,Interdito Micromobilidade,3/27/2021 12:00:00 AM,-1016592.82608825,4683853.4698834
15841,1413,"Rua Alberto de Oliveira, 23",Alvalade,Lugar estacionamento automóvel,BICICLETA,Sheffield standard,5,10,Não,Público,Partilhado com Micromobilidade,4/5/2021 12:00:00 AM,-1018067.64761009,4686258.7077384
15842,1414,"Rua Coronel Ferreira do Amaral, Escola",Penha de França,Via,BICICLETA,Sheffield estreito,4,8,Não,Público,Interdito Micromobilidade,,-1016074.81165073,4683990.3422299
15843,1415,"Rua Coronel Ferreira do Amaral, Escola",Penha de França,Via,BICICLETA,Sheffield estreito,5,10,Não,Público,Interdito Micromobilidade,,-1016069.87881035,4683941.41753958
15844,1416,Rua Maria da Fonte,Arroios,Via,BICICLETA,Sheffield standard,6,10,Não,Público,Partilhado com Micromobilidade,8/1/2019 12:00:00 AM,-1016634.92603076,4681917.53162265
15845,1417,"Avenida dos Defensores de Chaves, 45",Avenidas Novas,Passeio,BICICLETA,Entorta rodas,1,11,Sim,Privado,Interdito Micromobilidade,,-1017904.92756506,4684053.16603701
15846,1419,"Avenida 24 de Julho, 155",Estrela,Passeio,BICICLETA,Sheffield standard,5,10,Sim,Privado,Interdito Micromobilidade,,-1021138.88650448,4679284.70625352
15847,1418,"Rua Almada Negreiros, Escola",Olivais,Passeio,BICICLETA,Sheffield standard,15,30,Não,Privado,Interdito Micromobilidade,4/8/2021 12:00:00 AM,-1014109.30496829,4687252.17809413
15848,1420,Alameda das Comunidades Portuguesas,Olivais,Passeio,BICICLETA,Onda,1,4,Não,Público,Partilhado com Micromobilidade,,-1016208.25845698,4688331.59469931
15849,1421,"Avenida D. João II, 4.69.01",Parque das Nações,Passeio,BICICLETA,Entorta rodas,1,5,Não,Público,Partilhado com Micromobilidade,,-1012762.06534864,4689709.52132182
15850,1422,"Avenida D. João II, 4.69.01",Parque das Nações,Passeio,BICICLETA,Entorta rodas,1,5,Não,Público,Partilhado com Micromobilidade,,-1012768.4757299,4689709.96382071
15851,1423,"Campo Grande, Caleidoscópio",Alvalade,Passeio,BICICLETA,Grelha,5,5,Não,Privado,Interdito Micromobilidade,,-1018973.65639202,4686934.23629826
15852,1424,"Avenida Marechal Craveiro Lopes, 1",Lumiar,Passeio,BICICLETA,Entorta rodas,2,10,Não,Privado,Interdito Micromobilidade,,-1019035.93557684,4687419.33127218
15853,1425,"Rua Luís Augusto Palmeirim, Escola",Alvalade,Passeio,BICICLETA,Borboleta,1,5,Não,Privado,Interdito Micromobilidade,,-1017939.00121889,4686595.43650193
15854,1426,"Rua Alberto de Oliveira, 9",Alvalade,Passeio,BICICLETA,Sheffield standard,6,12,Não,Público,Partilhado com Micromobilidade,4/29/2021 12:00:00 AM,-1017978.52143971,4686049.5249029
15855,1427,"Avenida 5 de Outubro, 206",Avenidas Novas,Passeio,BICICLETA,Cascata,1,12,Não,Público,Partilhado com Micromobilidade,,-1018471.03157389,4685024.70722757
15856,1428,"Avenida Engenheiro Duarte Pacheco, 32",Campolide,Passeio,BICICLETA,Entorta rodas,3,12,Não,Privado,Interdito Micromobilidade,,-1020087.33110271,4682208.89648833
15857,1429,"Avenida Engenheiro Duarte Pacheco, 32",Campolide,Passeio,BICICLETA,Borboleta,1,6,Não,Privado,Interdito Micromobilidade,,-1020066.45117177,4682234.55254497
15858,1320,"Rua Carlos Alves, 2",Carnide,Lugar estacionamento automóvel,HOTSPOT,Sheffield standard,2,9,Não,Público,Partilhado com Micromobilidade,2/9/2021 12:00:00 AM,-1022221.97430949,4688054.68290237
15859,1321,"Rua da Cintura do Porto de Lisboa, Pav 397",Marvila,Passeio,BICICLETA,Sheffield standard,4,8,Não,Público,Partilhado com Micromobilidade,2/7/2020 12:00:00 AM,-1012922.04111887,4684853.49580019
15860,1322,Avenida Infante Dom Henrique,Marvila,Passeio,BICICLETA,Sheffield standard,4,8,Não,Público,Partilhado com Micromobilidade,2/7/2020 12:00:00 AM,-1012846.13701907,4685004.82085348
15861,1323,Rua da Cintura do Porto de Lisboa,Marvila,Passeio,BICICLETA,Sheffield standard,8,16,Não,Público,Partilhado com Micromobilidade,2/7/2020 12:00:00 AM,-1012789.70214874,4685034.33219218
15862,1569,"Rua Doutor Gama Barros, 65",Alvalade,Via,BICICLETA,Sheffield standard,2,4,Não,Público,Partilhado com Micromobilidade,10/22/2021 12:00:00 AM,-1017151.77106313,4685672.77645389
15863,1570,"Rua Conde de Sabugosa, 3",Alvalade,Via,BICICLETA,Sheffield standard,2,4,Não,Público,Partilhado com Micromobilidade,10/22/2021 12:00:00 AM,-1017456.19906531,4685492.76056847
15864,1571,"Avenida São João de Deus, 31",Alvalade,Via,BICICLETA,Sheffield standard,2,4,Não,Público,Partilhado com Micromobilidade,10/22/2021 12:00:00 AM,-1017201.46185223,4685265.85534241
15865,1572,"Rua Martins Barata, 2",Belém,Via,BICICLETA,Sheffield standard,2,4,Não,Público,Partilhado com Micromobilidade,10/22/2021 12:00:00 AM,-1025320.56351055,4678282.56180486
15866,1573,"Rua Olivério Serpa, 9Q ",Benfica,Lugar estacionamento automóvel,BICICLETA,Sheffield standard,4,8,Não,Público,Partilhado com Micromobilidade,10/22/2021 12:00:00 AM,-1024974.03870589,4685873.61310621
15867,1601,"Avenida Almirante Gago Coutinho, 162",Alvalade,Passeio,BICICLETA,Sheffield standard,3,6,Não,Privado,Interdito Micromobilidade,11/10/2021 12:00:00 AM,-1016299.1083261,4687452.36536796
15868,1602,"Rua Conde de Arnoso, 3",Alvalade,Passeio,BICICLETA,Sheffield standard,3,6,Não,Público,Partilhado com Micromobilidade,11/10/2021 12:00:00 AM,-1017050.06493561,4686772.55827235
15869,1603,"Rua Luís Augusto Palmeirim, Escola",Alvalade,Passeio,BICICLETA,Sheffield standard,12,24,Não,Privado,Interdito Micromobilidade,11/10/2021 12:00:00 AM,-1017934.01186394,4686597.55345366
15870,1604,"Estrada das Laranjeiras, 122",Avenidas Novas,Passeio,BICICLETA,Sheffield standard,5,10,Não,Público,Partilhado com Micromobilidade,11/10/2021 12:00:00 AM,-1020040.9223804,4684707.14774867
15871,1605,"Estrada de Benfica, 358",São Domingos de Benfica,Passeio,BICICLETA,Sheffield standard,4,8,Não,Privado,Interdito Micromobilidade,11/8/2021 12:00:00 AM,-1021971.8005534,4685224.88585862
15872,1606,"Rua Maestro Frederico de Freitas, Escola",São Domingos de Benfica,Passeio,BICICLETA,Sheffield standard,6,12,Não,Privado,Interdito Micromobilidade,11/8/2021 12:00:00 AM,-1022057.42981045,4685699.95544145
15873,1607,"Rua Gaivotas em Terra, Escola",Parque das Nações,Passeio,BICICLETA,Sheffield standard,15,30,Não,Público,Partilhado com Micromobilidade,2/15/2021 12:00:00 AM,-1012771.47760185,4686694.69104798
15874,1608,"Rua Virgílio Correia, Escola",São Domingos de Benfica,Passeio,BICICLETA,Sheffield standard,6,12,Não,Privado,Interdito Micromobilidade,10/26/2021 12:00:00 AM,-1021197.48219362,4686629.05875177
15875,1610,"Estrada das Laranjeiras, 122",Avenidas Novas,Passeio,BICICLETA,Sheffield standard,9,18,Não,Privado,Interdito Micromobilidade,10/26/2021 12:00:00 AM,-1020021.72982939,4684713.20960282
15876,1611,"Rua António Nobre, 55",São Domingos de Benfica,Passeio,BICICLETA,Sheffield standard,5,10,Não,Privado,Interdito Micromobilidade,10/14/2022 12:00:00 AM,-1021666.84475012,4685357.685599
15877,1612,"Praça de Londres, 5",Areeiro,Passeio,BICICLETA,Sheffield standard,7,14,Não,Público,Partilhado com Micromobilidade,1/17/2020 12:00:00 AM,-1017154.14569101,4684671.79711096
15878,1613,"Rua Cidade de Vila Cabral, Escola",Olivais,Via,BICICLETA,Sheffield standard,6,12,Não,Público,Partilhado com Micromobilidade,10/19/2021 12:00:00 AM,-1015421.63692482,4688149.90202838
15879,1614,"Rua Cidade de Vila Cabral, Escola",Olivais,Passeio,BICICLETA,Sheffield standard,3,6,Não,Privado,Interdito Micromobilidade,10/18/2021 12:00:00 AM,-1015390.98836653,4688419.57562521
15880,1616,"Avenida de António José de Almeida, Universidade",Areeiro,Passeio,BICICLETA,Sheffield standard,3,6,Não,Privado,Interdito Micromobilidade,10/11/2021 12:00:00 AM,-1017146.04841981,4684003.03408207
15881,1617,"Avenida de António José de Almeida, Universidade",Areeiro,Lugar estacionamento automóvel,BICICLETA,Sheffield standard,5,10,Não,Privado,Interdito Micromobilidade,10/11/2021 12:00:00 AM,-1017435.07833463,4683888.57451136
15882,1618,"Avenida de António José de Almeida, IST",Areeiro,Via,BICICLETA,Sheffield standard,5,10,Não,Privado,Interdito Micromobilidade,10/12/2021 12:00:00 AM,-1017442.51693719,4684048.18256812
15883,1619,"Rua Maestro Frederico de Freitas, Escola",São Domingos de Benfica,Passeio,BICICLETA,Sheffield standard,6,12,Não,Privado,Interdito Micromobilidade,10/15/2021 12:00:00 AM,-1022066.47445199,4685702.62257565
15884,1620,"Rua Cidade de Vila Cabral, Escola",Olivais,Passeio,BICICLETA,Sheffield standard,4,8,Não,Privado,Interdito Micromobilidade,10/18/2021 12:00:00 AM,-1015403.16076935,4688437.31750925
15885,1621,"Estrada de Benfica, 535",Benfica,Passeio,BICICLETA,Lisboa,10,20,Não,Privado,Interdito Micromobilidade,,-1023542.26680076,4685870.65187402
15886,1622,Travessa do Grilo,Beato,Passeio,BICICLETA,Sheffield standard,6,12,Não,Público,Partilhado com Micromobilidade,9/15/2021 12:00:00 AM,-1013714.04258802,4683111.3171625
15887,1634,"Rua Professor Sedas Nunes, Escola",Carnide,Passeio,BICICLETA,Sheffield standard,6,12,Não,Privado,Interdito Micromobilidade,12/13/2021 12:00:00 AM,-1023334.43120791,4688437.32032729
15888,1635,"Rua Diogo de Macedo, Escola",Avenidas Novas,Passeio,BICICLETA,Sheffield standard,5,10,Não,Privado,Interdito Micromobilidade,12/15/2021 12:00:00 AM,-1019242.21825994,4685292.57723292
15889,1636,"Estrada de Benfica, 535",Benfica,Passeio,BICICLETA,Sheffield standard,2,4,Não,Privado,Interdito Micromobilidade,12/15/2021 12:00:00 AM,-1023566.75009992,4685877.52965813
15890,1637,"Rua Dr. Cunha Seixas, Escola",Benfica,Passeio,BICICLETA,Sheffield standard,4,8,Não,Privado,Interdito Micromobilidade,12/8/2021 12:00:00 AM,-1025267.83485285,4685943.99109631
15891,1638,"Rua Fernando Pessoa, Escola",Alvalade,Passeio,BICICLETA,Sheffield standard,4,8,Não,Privado,Interdito Micromobilidade,12/5/2021 12:00:00 AM,-1018135.52528151,4685990.12694365
15892,1367,"Rua Ângela Pinto, 2",Arroios,Via,BICICLETA,Sheffield standard,1,2,Não,Público,Interdito Micromobilidade,3/4/2021 12:00:00 AM,-1016684.98235919,4683772.35213029
15893,1368,Rua Prof. Fernando da Fonseca,Lumiar,Via,BICICLETA,Entorta rodas,1,6,Sim,Privado,Interdito Micromobilidade,,-1019867.45303024,4687596.98112217
15894,1369,Rua Prof. Moniz Pereira,Lumiar,Passeio,BICICLETA,Entorta rodas,1,5,Não,Privado,Interdito Micromobilidade,,-1019766.36845351,4687384.62532349
15895,1370,"Avenida do Brasil, 53",Alvalade,Via,BICICLETA,Onda,1,5,Não,Privado,Interdito Micromobilidade,,-1018108.80339221,4686925.57443513
15896,1371,"Avenida do Brasil, 53",Alvalade,Lugar estacionamento automóvel,BICICLETA,Onda,1,5,Não,Privado,Interdito Micromobilidade,,-1018495.76373929,4687289.31361886
15897,1372,"Rua Cidade de Bolama, 4",Olivais,Passeio,BICICLETA,Entorta rodas,1,5,Não,Público,Partilhado com Micromobilidade,,-1014560.57714495,4687621.17942382
15898,1373,"Rua Cidade de Bissau, Lote 19",Olivais,Passeio,BICICLETA,Entorta rodas,1,5,Não,Público,Partilhado com Micromobilidade,,-1014578.5225905,4687730.02234803
15899,1374,Rua Cidade de Bissau,Olivais,Via,BICICLETA,Entorta rodas,1,5,Sim,Privado,Interdito Micromobilidade,,-1014503.69240629,4687668.3685889
15900,1375,"Rua Frederico George, Lote 2",Lumiar,Passeio,BICICLETA,Entorta rodas,1,6,Sim,Público,Partilhado com Micromobilidade,,-1020443.603337,4688627.91936848
15901,1376,"Avenida das Nações Unidas, 16B",Lumiar,Via,BICICLETA,Sheffield estreito,4,8,Sim,Privado,Interdito Micromobilidade,,-1021343.23111877,4687973.76379208
15902,1377,"Azinhaga da Torre do Fato, 6",Lumiar,Via,BICICLETA,Sheffield estreito,2,4,Sim,Privado,Interdito Micromobilidade,,-1021571.94122698,4688016.06075976
15903,1378,"Rua 11 do Bairro das Terras do Forno ou Novo de Belém, Lote 3",Belém,Passeio,BICICLETA,Sheffield estreito,3,6,Não,Público,Partilhado com Micromobilidade,,-1024645.88933207,4678901.59781495
15904,1379,"Rua Duarte Pacheco Pereira, 26",Belém,Passeio,BICICLETA,Grelha,1,5,Não,Público,Partilhado com Micromobilidade,,-1026228.61596714,4678499.20887317
15905,1380,"Rua Fernão Mendes Pinto, 41A",Belém,Lugar estacionamento automóvel,BICICLETA,Sheffield standard,4,8,Não,Público,Partilhado com Micromobilidade,2/1/2021 12:00:00 AM,-1026930.38551124,4678438.61217595
15906,1381,"Rua General Massano de Amorim, 15",Ajuda,Passeio,BICICLETA,Grelha,1,9,Não,Público,Partilhado com Micromobilidade,,-1024194.07298612,4679121.10426243
15908,1383,"Rua Nova do Calhariz, 34A",Ajuda,Passeio,BICICLETA,Grelha,1,4,Não,Público,Partilhado com Micromobilidade,,-1023752.76083872,4679149.45982845
15909,1384,"Estrada de Montes Claros, Centro Equestre",Ajuda,Passeio,BICICLETA,Sheffield estilizado,2,4,Não,Público,Partilhado com Micromobilidade,,-1024145.341422,4681497.78996709
15910,1385,"Estrada de Montes Claros, Centro Equestre",Ajuda,Passeio,BICICLETA,Sheffield estilizado,2,4,Não,Público,Partilhado com Micromobilidade,,-1024157.26396238,4681457.238908
15911,1386,Calçada da Estação,Campolide,Passeio,BICICLETA,Lisboa,3,6,Não,Público,Partilhado com Micromobilidade,7/1/2019 12:00:00 AM,-1020764.36500513,4683037.95758061
15912,1387,Calçada da Estação,Campolide,Passeio,BICICLETA,Lisboa,3,6,Não,Público,Partilhado com Micromobilidade,7/1/2019 12:00:00 AM,-1020813.62297762,4682954.75439704
15913,1388,Largo da Igreja a Campolide,Campolide,Passeio,BICICLETA,Cascata,1,4,Não,Público,Partilhado com Micromobilidade,,-1020615.40362591,4682607.36356255
15914,1389,Jardim Guerra Junqueiro,Estrela,Passeio,BICICLETA,Sheffield estilizado,1,10,Não,Privado,Interdito Micromobilidade,,-1019667.45113543,4680749.34550834
15915,1391,"Travessa André Valente, 7",Misericórdia,Passeio,BICICLETA,Sheffield standard,6,12,Sim,Público,Interdito Micromobilidade,,-1018303.14762033,4680381.01355675
15916,1392,Beco da Atafona,Santa Maria Maior,Passeio,BICICLETA,Sheffield standard,1,2,Sim,Público,Interdito Micromobilidade,,-1016906.98745202,4680546.19768065
15917,1393,"Campo dos Mártires da Pátria, Faculdade",Arroios,Passeio,BICICLETA,Entorta rodas,1,5,Não,Privado,Interdito Micromobilidade,,-1017367.81349325,4681538.29678336
15918,1394,"Rua Prof. Bento de Jesus Caraça, 71E",Lumiar,Passeio,BICICLETA,Entorta rodas,1,5,Não,Público,Partilhado com Micromobilidade,,-1020881.46622597,4688045.75355955
15919,1430,"Avenida de António José de Almeida, Universidade",Areeiro,Passeio,BICICLETA,Sheffield largo,4,8,Não,Privado,Interdito Micromobilidade,,-1017366.9285626,4684207.75617349
15920,1431,"Avenida de António José de Almeida, Universidade",Areeiro,Passeio,BICICLETA,Sheffield largo,6,12,Não,Privado,Interdito Micromobilidade,,-1017427.82488444,4684118.3778826
15921,1432,"Avenida de António José de Almeida, IST",Areeiro,Passeio,BICICLETA,Entorta rodas,1,5,Não,Privado,Interdito Micromobilidade,,-1017424.11891778,4684055.25633369
15922,1433,"Avenida de António José de Almeida, IST",Areeiro,Passeio,BICICLETA,Entorta rodas,1,5,Não,Privado,Interdito Micromobilidade,,-1017422.8237383,4684060.71267266
15923,1434,"Avenida de António José de Almeida, Universidade",Areeiro,Passeio,BICICLETA,Sheffield largo,2,4,Não,Privado,Interdito Micromobilidade,,-1017439.66083304,4683884.28944839
15924,1435,Estrada de Benfica,São Domingos de Benfica,Lugar estacionamento automóvel,HOTSPOT,Sheffield standard,2,9,Não,Público,Partilhado com Micromobilidade,5/5/2021 12:00:00 AM,-1022094.43903999,4685309.03039304
15925,1436,"Avenida Dom Carlos I, 51D",Estrela,Lugar estacionamento automóvel,HOTSPOT,Sheffield standard,2,9,Não,Público,Partilhado com Micromobilidade,5/5/2021 12:00:00 AM,-1018903.82983019,4679962.68197079
15926,1437,"Rua Padre Américo, 8A",Carnide,Lugar estacionamento automóvel,BICICLETA,Sheffield standard,2,4,Não,Público,Partilhado com Micromobilidade,5/5/2021 12:00:00 AM,-1021872.00581144,4687474.17981557
15927,1438,"Rua António Pedro, 68",Arroios,Lugar estacionamento automóvel,HOTSPOT,Sheffield standard,2,9,Não,Público,Partilhado com Micromobilidade,5/5/2021 12:00:00 AM,-1016916.46647469,4683472.03890095
15928,1439,"Calçadinha dos Olivais, Escola",Olivais,Lugar estacionamento automóvel,HOTSPOT,Sheffield standard,2,9,Não,Público,Partilhado com Micromobilidade,5/5/2021 12:00:00 AM,-1013808.6049443,4688730.09321142
15930,1441,Rua da Cintura do Porto de Lisboa,Estrela,Via,HOTSPOT,Sheffield standard,2,9,Não,Público,Partilhado com Micromobilidade,5/5/2021 12:00:00 AM,-1018846.11888923,4679563.4633795
15931,1442,Avenida de Brasília,Belém,Lugar estacionamento automóvel,HOTSPOT,Sheffield standard,2,9,Não,Público,Partilhado com Micromobilidade,5/5/2021 12:00:00 AM,-1024215.06235888,4678008.34107171
15932,1443,Avenida de Brasília,Belém,Lugar estacionamento automóvel,HOTSPOT,Sheffield standard,2,9,Não,Público,Partilhado com Micromobilidade,5/5/2021 12:00:00 AM,-1024467.11598454,4678101.44285393
15933,1444,"Rua da Praia do Bom Sucesso, 1",Belém,Lugar estacionamento automóvel,BICICLETA,Sheffield standard,3,6,Não,Público,Partilhado com Micromobilidade,5/5/2021 12:00:00 AM,-1025515.13807245,4678103.79746005
15934,2545,Rua João de Freitas Branco,São Domingos de Benfica,Passeio,HOTSPOT,,0,10,Não,Público,Dedicado Micromobilidade,6/2/2025 12:00:00 AM,-1021928.00763147,4686067.29393638
15935,1446,"Rua do Jardim do Tabaco, 32",Santa Maria Maior,Lugar estacionamento motociclo,BICICLETA,Sheffield standard,4,8,Não,Público,Partilhado com Micromobilidade,5/5/2021 12:00:00 AM,-1015887.07146672,4680522.77346587
15936,1447,"Rua António Champalimaud, 1",Carnide,Lugar estacionamento automóvel,HOTSPOT,Sheffield standard,2,9,Não,Público,Partilhado com Micromobilidade,5/5/2021 12:00:00 AM,-1021969.20578752,4688686.03667402
15937,1448,"Rua Nova de São Mamede, 76",Santo António,Via,BICICLETA,Sheffield standard,4,8,Não,Público,Partilhado com Micromobilidade,5/5/2021 12:00:00 AM,-1018672.57394371,4681595.71096698
15938,1449,"Rua Professor Gomes Teixeira, 5",Campo de Ourique,Lugar estacionamento automóvel,BICICLETA,Sheffield estilizado,4,8,Não,Público,Partilhado com Micromobilidade,,-1020443.15297802,4680725.51069022
15939,1450,"Azinhaga da Bela Vista, 2B",Marvila,Passeio,BICICLETA,Entorta rodas,1,5,Não,Privado,Interdito Micromobilidade,10/26/2020 12:00:00 AM,-1015911.45731846,4686733.78725195
15940,1451,Rua Prof.ª Teresa Ambrósio,Alvalade,Lugar estacionamento automóvel,BICICLETA,Sheffield standard,5,10,Sim,Privado,Interdito Micromobilidade,10/26/2020 12:00:00 AM,-1019239.57311261,4685960.25330908
15941,1452,"Rua Interior à Alameda da Universidade, Faculdade - Edif C5",Alvalade,Passeio,BICICLETA,Sheffield standard,10,40,Sim,Privado,Interdito Micromobilidade,10/26/2020 12:00:00 AM,-1019357.38568926,4686780.17555967
15942,1453,"Rua Prof. José Sebastião e Silva, Escola",Benfica,Passeio,BICICLETA,Borboleta,1,5,Não,Privado,Interdito Micromobilidade,10/26/2020 12:00:00 AM,-1023368.21180679,4685427.03924869
15943,1454,"Campus de Benfica do Instituto Politécnico de Lisboa, Escola",Benfica,Passeio,BICICLETA,Borboleta,1,5,Não,Privado,Interdito Micromobilidade,10/26/2020 12:00:00 AM,-1023755.27924615,4685321.24136351
15944,1455,Campus de Benfica do Instituto Politécnico de Lisboa,Benfica,Passeio,BICICLETA,Entorta rodas,2,10,Não,Privado,Interdito Micromobilidade,10/26/2020 12:00:00 AM,-1023583.11441999,4685345.13707514
15945,1457,"Avenida do Brasil, 168",Alvalade,Passeio,BICICLETA,Sheffield standard,4,8,Não,Público,Partilhado com Micromobilidade,5/20/2021 12:00:00 AM,-1017454.37682012,4687114.96602554
15946,1458,"Rua Aprígio Mafra, 112",Alvalade,Via,BICICLETA,Sheffield standard,3,6,Não,Público,Partilhado com Micromobilidade,5/15/2021 12:00:00 AM,-1017983.70011457,4686843.65881042
15947,1459,"Avenida do Brasil, 110",Alvalade,Lugar estacionamento automóvel,BICICLETA,Sheffield standard,4,8,Não,Público,Partilhado com Micromobilidade,5/15/2021 12:00:00 AM,-1018035.78539273,4686898.79706713
15948,1460,"Rua José Lins do Rego, 28A",Alvalade,Via,BICICLETA,Sheffield standard,4,8,Não,Público,Partilhado com Micromobilidade,5/15/2021 12:00:00 AM,-1018449.38578827,4686699.49411186
15949,1623,Travessa do Grilo,Beato,Passeio,BICICLETA,Sheffield standard,5,10,Não,Público,Partilhado com Micromobilidade,9/15/2021 12:00:00 AM,-1013715.5664183,4683127.28558102
15950,1624,Travessa do Grilo,Beato,Passeio,BICICLETA,Sheffield standard,4,8,Não,Público,Partilhado com Micromobilidade,9/15/2021 12:00:00 AM,-1013652.89371664,4683213.32002854
15951,1625,Travessa do Grilo,Beato,Passeio,BICICLETA,Sheffield standard,4,8,Não,Público,Partilhado com Micromobilidade,9/15/2021 12:00:00 AM,-1013603.77634595,4683302.33919052
15952,1626,Travessa do Grilo,Beato,Passeio,BICICLETA,Sheffield standard,8,16,Não,Público,Partilhado com Micromobilidade,9/15/2021 12:00:00 AM,-1013585.26344415,4683338.99607708
15953,1627,"Azinhaga da Cidade, Escola",Santa Clara,Via,BICICLETA,Sheffield standard,4,8,Não,Privado,Interdito Micromobilidade,12/1/2021 12:00:00 AM,-1019614.38025135,4690273.69276013
15954,1628,Rua Francisco Pedro Curado,Penha de França,Via,BICICLETA,Sheffield standard,2,4,Não,Público,Partilhado com Micromobilidade,,-1016130.58397515,4682683.22033438
15955,1629,Campus de Campolide,Campolide,Lugar estacionamento automóvel,BICIPARQUE,Sheffield standard,10,20,Sim,Privado,Interdito Micromobilidade,,-1019784.70159182,4683644.64419883
15956,1630,Avenida dos Combatentes,São Domingos de Benfica,Passeio,BICICLETA,Entorta rodas,1,6,Não,Privado,Interdito Micromobilidade,,-1020249.39841915,4685792.54051556
15957,1631,"Avenida Professor Egas Moniz, Hospital",Alvalade,Lugar estacionamento automóvel,BICICLETA,Sheffield standard,10,20,Sim,Privado,Interdito Micromobilidade,,-1019879.71661653,4685588.08388065
15958,1632,"Travessa dos Jerónimos, 6",Belém,Passeio,BICICLETA,Sheffield standard,4,8,Não,Público,Interdito Micromobilidade,4/1/2020 12:00:00 AM,-1024564.07017087,4678499.67555344
15959,1633,"Avenida de António José de Almeida, Universidade",Areeiro,Lugar estacionamento automóvel,BICICLETA,Sheffield standard,10,20,Sim,Privado,Interdito Micromobilidade,12/9/2021 12:00:00 AM,-1017519.48784524,4684148.76589966
15960,1461,"Rua José Lins do Rego, 20",Alvalade,Via,BICICLETA,Sheffield standard,2,4,Não,Público,Partilhado com Micromobilidade,5/15/2021 12:00:00 AM,-1018427.70323832,4686617.20068468
15961,1465,Rua Galileu Galilei,Carnide,Passeio,BICICLETA,Sheffield standard,5,10,Não,Público,Partilhado com Micromobilidade,5/31/2021 12:00:00 AM,-1022959.95139123,4686459.9773369
15962,1467,"Avenida Almirante Reis, 31",Arroios,Passeio,BICICLETA,Sheffield standard,5,10,Não,Público,Partilhado com Micromobilidade,5/31/2021 12:00:00 AM,-1016942.62280899,4682074.32195414
15963,1468,"Campo Grande, 5",Alvalade,Passeio,BICICLETA,Sheffield standard,5,10,Sim,Público,Partilhado com Micromobilidade,5/31/2021 12:00:00 AM,-1018477.43255516,4685720.66343829
15964,2544,Rua Marquês de Fronteira,Avenidas Novas,Passeio,BICICLETA,Sheffield standard,5,10,Não,Privado,Interdito Micromobilidade,,-1018835.57553552,4683777.97750384
15965,1470,Praça da Figueira,Santa Maria Maior,Passeio,BICICLETA,Sheffield standard,5,10,Não,Público,Partilhado com Micromobilidade,5/31/2021 12:00:00 AM,-1017184.54509529,4680815.49584891
15966,1471,"Avenida António Augusto de Aguiar, 142",Avenidas Novas,Passeio,BICICLETA,Sheffield standard,5,10,Não,Público,Partilhado com Micromobilidade,5/31/2021 12:00:00 AM,-1019036.95076116,4683751.24888564
15967,1472,"Praça do Duque de Saldanha, 32",Arroios,Passeio,BICICLETA,Sheffield standard,5,10,Não,Público,Partilhado com Micromobilidade,5/31/2021 12:00:00 AM,-1017929.65897021,4683650.28767708
15968,1473,Praça dos Restauradores,Santa Maria Maior,Passeio,BICICLETA,Sheffield standard,5,10,Não,Público,Partilhado com Micromobilidade,5/31/2021 12:00:00 AM,-1017571.27215701,4680978.62932518
15969,1474,"Tapada da Ajuda, ISA",Alcântara,Lugar estacionamento automóvel,BICICLETA,Sheffield standard,4,8,Não,Público,Partilhado com Micromobilidade,,-1022110.56254375,4679888.66611654
15970,1475,Tapada da Ajuda,Alcântara,Passeio,BICICLETA,Sheffield standard,4,8,Não,Público,Partilhado com Micromobilidade,,-1022449.73692919,4679927.6887233
15971,1477,Avenida Professor Egas Moniz,Alvalade,Via,BICICLETA,Entorta rodas,2,8,Não,Público,Partilhado com Micromobilidade,,-1019712.8378807,4685975.1776588
15972,1478,"Alameda da Encarnação, Escola",Olivais,Passeio,BICICLETA,Sheffield standard,10,20,Não,Privado,Interdito Micromobilidade,6/18/2021 12:00:00 AM,-1015074.76871778,4689376.75429381
15973,1479,"Avenida de Brasília, Estação Fluvial",Belém,Passeio,BICICLETA,Sheffield estreito,2,2,Não,Público,Partilhado com Micromobilidade,,-1024075.41204695,4678090.83558676
15974,1480,"Avenida de Madrid, 8",Areeiro,Passeio,BICICLETA,Sheffield standard,5,10,Não,Público,Partilhado com Micromobilidade,,-1016951.67055233,4685018.40828619
15975,1481,"Praça Francisco Sá Carneiro, 12",Areeiro,Passeio,BICICLETA,Sheffield standard,3,6,Não,Público,Partilhado com Micromobilidade,6/22/2021 12:00:00 AM,-1016660.69644885,4684786.5167365
15976,1482,Praça Francisco Sá Carneiro,Areeiro,Passeio,BICICLETA,Sheffield standard,5,10,Não,Público,Partilhado com Micromobilidade,5/31/2021 12:00:00 AM,-1016691.50056365,4684766.08451841
15977,1483,Rua Interior ao Aeroporto da Portela,Olivais,Passeio,BICICLETA,Sheffield standard,5,10,Não,Público,Partilhado com Micromobilidade,6/22/2021 12:00:00 AM,-1016124.52334976,4688589.67778575
15978,1484,Estrada Militar,Carnide,Passeio,BICICLETA,Sheffield standard,5,10,Não,Público,Partilhado com Micromobilidade,6/9/2021 12:00:00 AM,-1023768.2199268,4687699.59514028
15979,1485,Avenida Professor Gama Pinto,Alvalade,Passeio,BICICLETA,Sheffield standard,5,10,Não,Público,Partilhado com Micromobilidade,6/9/2021 12:00:00 AM,-1019579.73632998,4686058.38008064
15980,1486,Avenida da República,Avenidas Novas,Passeio,BICICLETA,Sheffield standard,5,10,Não,Público,Partilhado com Micromobilidade,6/22/2021 12:00:00 AM,-1018349.36000712,4685238.96491812
15981,1487,"Avenida Infante Dom Henrique, Estação",Santa Maria Maior,Passeio,BICICLETA,Sheffield standard,5,10,Não,Público,Partilhado com Micromobilidade,6/22/2021 12:00:00 AM,-1016891.59032866,4679741.56932747
15982,1488,"Avenida Afonso Costa, 6",Areeiro,Lugar estacionamento automóvel,BICICLETA,Sheffield standard,4,8,Não,Público,Partilhado com Micromobilidade,7/1/2021 12:00:00 AM,-1016550.84162335,4684773.08944559
15983,1489,"Avenida Afonso Costa, 10",Areeiro,Lugar estacionamento automóvel,BICICLETA,Sheffield standard,4,8,Não,Público,Partilhado com Micromobilidade,7/1/2021 12:00:00 AM,-1016434.18335405,4684756.88135684
15984,1490,"Rua Primeiro de Maio a Alcântara, 52",Alcântara,Via,BICICLETA,Sheffield standard,5,10,Não,Público,Partilhado com Micromobilidade,7/5/2021 12:00:00 AM,-1021847.03795985,4679309.08820844
15985,354,"Avenida Barbosa du Bocage, 27",Avenidas Novas,Lugar estacionamento automóvel,HOTSPOT,Sheffield standard,2,9,Não,Público,Partilhado com Micromobilidade,5/6/2019 12:00:00 AM,-1017956.87321345,4684582.91263649
15986,199,"Rua Fernão Mendes Pinto,19",Belém,Passeio,BICICLETA,Sheffield standard,6,12,Não,Público,Partilhado com Micromobilidade,2/1/2021 12:00:00 AM,-1026447.8342635,4678137.35320272
15987,1493,Rua Pedro de Azevedo,Marvila,Lugar estacionamento automóvel,BICICLETA,Sheffield standard,4,8,Não,Público,Partilhado com Micromobilidade,6/24/2021 12:00:00 AM,-1013867.63857806,4685152.61394136
15988,1494,"Rua do Salitre, 201",Santo António,Lugar estacionamento automóvel,HOTSPOT,Sheffield standard,2,9,Não,Público,Partilhado com Micromobilidade,2/4/2021 12:00:00 AM,-1019016.67912925,4681640.79862722
15989,1495,"Rua Morais Soares, 35A",Penha de França,Lugar estacionamento automóvel,HOTSPOT,Sheffield standard,3,11,Não,Público,Partilhado com Micromobilidade,7/5/2021 12:00:00 AM,-1015911.16341583,4683188.5329965
15990,1496,Rua Prof. Fernando da Fonseca,Lumiar,Passeio,BICICLETA,Sheffield standard,3,6,Não,Público,Partilhado com Micromobilidade,7/5/2021 12:00:00 AM,-1019802.2622631,4687706.26579972
15991,1497,"Rua António Stromp, 10",Lumiar,Lugar estacionamento automóvel,BICICLETA,Sheffield standard,4,8,Não,Público,Partilhado com Micromobilidade,7/5/2021 12:00:00 AM,-1019451.20150453,4687937.71644683
15992,1498,Rua Francisco Stromp,Lumiar,Lugar estacionamento automóvel,BICICLETA,Sheffield standard,4,8,Não,Público,Partilhado com Micromobilidade,7/5/2021 12:00:00 AM,-1019578.30307483,4687896.01513444
15993,1499,"Rua Bispo de Cochim, 1",Penha de França,Via,BICICLETA,Entorta rodas,1,5,Não,Público,Partilhado com Micromobilidade,,-1014402.86725406,4682281.46713443
15994,1500,"Rua Jorge de Sena, 3E",Santa Clara,Passeio,BICICLETA,Sheffield standard,4,8,Não,Público,Partilhado com Micromobilidade,4/1/2021 12:00:00 AM,-1019841.49296674,4690075.19957643
15995,1501,"Rua Vitorino Nemésio, 3",Santa Clara,Passeio,BICICLETA,Sheffield standard,4,8,Não,Público,Partilhado com Micromobilidade,4/1/2021 12:00:00 AM,-1019739.01662767,4690402.66843953
15996,1502,"Largo do Ministro, 1",Santa Clara,Passeio,BICICLETA,Sheffield standard,2,4,Não,Público,Partilhado com Micromobilidade,4/1/2021 12:00:00 AM,-1019624.30651468,4690568.61403447
15997,1503,"Largo do Ministro, 7",Santa Clara,Passeio,BICICLETA,Sheffield standard,4,8,Não,Público,Partilhado com Micromobilidade,4/1/2021 12:00:00 AM,-1019615.69972489,4690546.18923926
15998,1504,Largo da Boa-Hora,Santa Maria Maior,Passeio,BICICLETA,Sheffield standard,6,12,Não,Público,Interdito Micromobilidade,8/13/2021 12:00:00 AM,-1017371.949182,4680188.37907518
15999,1505,"Rua Professor Eduardo Araújo Coelho, 3B",Lumiar,Lugar estacionamento automóvel,BICIPARQUE,Entorta rodas com encosto,13,13,Sim,Público,Interdito Micromobilidade,7/1/2021 12:00:00 AM,-1020234.04854303,4687510.89035694
16000,1506,"Rua Prof. Vieira de Almeida, 4",Lumiar,Lugar estacionamento automóvel,BICIPARQUE,Entorta rodas com encosto,13,13,Sim,Público,Interdito Micromobilidade,7/1/2021 12:00:00 AM,-1020426.18035459,4687504.91949512
16001,1507,Avenida Machado Santos,São Domingos de Benfica,Lugar estacionamento automóvel,BICIPARQUE,Entorta rodas com encosto,11,11,Sim,Público,Interdito Micromobilidade,7/1/2021 12:00:00 AM,-1022150.36882518,4686443.18219052
16002,1508,"Rua João Chagas, 3",São Domingos de Benfica,Lugar estacionamento automóvel,BICIPARQUE,Entorta rodas com encosto,30,30,Sim,Público,Interdito Micromobilidade,7/1/2021 12:00:00 AM,-1021684.21453121,4685616.69832133
16003,1509,Rua Teixeira de Pascoais,Alvalade,Lugar estacionamento automóvel,BICIPARQUE,Entorta rodas com encosto,13,13,Sim,Público,Interdito Micromobilidade,7/1/2021 12:00:00 AM,-1017003.29374736,4685393.81903656
16004,1510,Rua Soeiro Pereira Gomes,Avenidas Novas,Lugar estacionamento automóvel,BICIPARQUE,Entorta rodas com encosto,16,16,Sim,Público,Interdito Micromobilidade,7/1/2021 12:00:00 AM,-1019691.71180406,4685146.62371174
16005,1511,Rua Manuel Gouveia,Areeiro,Lugar estacionamento automóvel,BICIPARQUE,Entorta rodas com encosto,42,42,Sim,Público,Interdito Micromobilidade,7/1/2021 12:00:00 AM,-1016440.34726411,4685136.12517776
16006,1512,Rua João da Silva,Areeiro,Lugar estacionamento automóvel,BICIPARQUE,Entorta rodas com encosto,13,13,Sim,Público,Interdito Micromobilidade,7/1/2021 12:00:00 AM,-1016232.22668545,4684853.85513301
16007,1513,Rua da Verónica,São Vicente,Lugar estacionamento automóvel,BICIPARQUE,Entorta rodas com encosto,7,7,Sim,Público,Interdito Micromobilidade,7/1/2021 12:00:00 AM,-1016269.5097825,4681180.79282416
16008,1514,Calçada do Marquês de Tancos,Santa Maria Maior,Lugar estacionamento automóvel,BICIPARQUE,Entorta rodas com encosto,9,9,Sim,Público,Interdito Micromobilidade,7/1/2021 12:00:00 AM,-1016911.71863297,4680540.34544669
16009,1516,Rua Sousa Pinto,Santo António,Lugar estacionamento automóvel,BICIPARQUE,Entorta rodas com encosto,20,20,Sim,Público,Interdito Micromobilidade,7/1/2021 12:00:00 AM,-1019427.3702674,4682253.15787497
16010,1517,"Rua Correia Teles, 103",Campo de Ourique,Lugar estacionamento automóvel,BICIPARQUE,Entorta rodas com encosto,29,29,Sim,Público,Interdito Micromobilidade,7/1/2021 12:00:00 AM,-1020879.83756865,4681454.52929744
16011,1518,"Rua de Ponta Delgada, 68",Arroios,Passeio,BICICLETA,Sheffield standard,3,6,Não,Público,Partilhado com Micromobilidade,,-1017199.15743114,4683552.56840017
16012,1519,"Largo Doutor António Viana, 1",Campo de Ourique,Passeio,BICICLETA,Sheffield standard,5,10,Não,Público,Partilhado com Micromobilidade,4/1/2022 12:00:00 AM,-1019941.7774822,4681366.06644881
16013,1520,"Rua Silva Carvalho, 54",Campo de Ourique,Lugar estacionamento automóvel,BICICLETA,Sheffield standard,5,10,Não,Público,Partilhado com Micromobilidade,,-1019940.45974061,4681398.17973729
16014,1521,Rua da Centieira,Parque das Nações,Passeio,BICICLETA,Sheffield standard,27,54,Não,Público,Partilhado com Micromobilidade,,-1012980.31140181,4688294.01378054
16015,1522,Praça das Novas Nações,Arroios,Lugar estacionamento automóvel,BICICLETA,Sheffield standard,4,8,Não,Público,Partilhado com Micromobilidade,8/24/2021 12:00:00 AM,-1016669.9281733,4682523.46888591
16016,1523,"Avenida Engenheiro Arantes e Oliveira, 24",Areeiro,Via,BICICLETA,Sheffield standard,2,4,Não,Público,Partilhado com Micromobilidade,8/24/2021 12:00:00 AM,-1015722.49526637,4684653.0022383
16017,1524,Rua Prof. Simões Raposo 13C,Lumiar,Lugar estacionamento automóvel,HOTSPOT,Sheffield standard,2,9,Não,Público,Partilhado com Micromobilidade,8/24/2021 12:00:00 AM,-1021243.01014535,4687649.45465091
16018,1525,"Avenida São João de Deus, 1",Areeiro,Via,BICICLETA,Sheffield standard,4,8,Não,Público,Partilhado com Micromobilidade,8/24/2021 12:00:00 AM,-1016615.03955459,4685295.51279274
16019,1526,"Praça Afrânio Peixoto, 13",Areeiro,Via,BICICLETA,Sheffield standard,1,2,Não,Público,Partilhado com Micromobilidade,8/24/2021 12:00:00 AM,-1017090.1760385,4685193.83595023
16020,1527,"Praça Afrânio Peixoto, 8",Areeiro,Via,BICICLETA,Sheffield standard,1,2,Não,Público,Partilhado com Micromobilidade,8/24/2021 12:00:00 AM,-1017043.02235055,4685135.12719375
16021,1528,"Praça Afrânio Peixoto, 2",Areeiro,Via,BICICLETA,Sheffield standard,1,2,Não,Público,Partilhado com Micromobilidade,8/24/2021 12:00:00 AM,-1016999.53622499,4685199.98657079
16022,1529,Rua Oliveira Cadornega,Marvila,Via,BICICLETA,Sheffield standard,3,6,Não,Público,Partilhado com Micromobilidade,8/24/2021 12:00:00 AM,-1014085.83102237,4686482.52292153
16023,1530,"Praça Afrânio Peixoto, 15",Areeiro,Via,BICICLETA,Sheffield standard,1,2,Não,Público,Partilhado com Micromobilidade,8/24/2021 12:00:00 AM,-1017091.83350128,4685243.49496212
16024,1531,"Praça Afrânio Peixoto, 14",Areeiro,Via,BICICLETA,Sheffield standard,1,2,Não,Público,Partilhado com Micromobilidade,8/24/2021 12:00:00 AM,-1017090.01693456,4685211.32583315
16025,1532,"Praça Afrânio Peixoto, 11",Areeiro,Via,BICICLETA,Sheffield standard,1,2,Não,Público,Partilhado com Micromobilidade,8/24/2021 12:00:00 AM,-1017083.05718819,4685155.85433396
16026,1533,"Praça Afrânio Peixoto, 7",Areeiro,Via,BICICLETA,Sheffield standard,1,2,Não,Público,Partilhado com Micromobilidade,8/24/2021 12:00:00 AM,-1017030.63743266,4685136.8206629
16027,1534,"Praça Afrânio Peixoto, 4",Areeiro,Via,BICICLETA,Sheffield standard,1,2,Não,Público,Partilhado com Micromobilidade,8/24/2021 12:00:00 AM,-1017001.51376166,4685163.84296196
16028,1535,"Praça Afrânio Peixoto, 2A",Areeiro,Via,BICICLETA,Sheffield standard,1,2,Não,Público,Partilhado com Micromobilidade,8/24/2021 12:00:00 AM,-1017000.53550215,4685214.15554846
16029,1536,"Praça Afrânio Peixoto, 1",Areeiro,Passeio,BICICLETA,Sheffield standard,1,2,Não,Público,Partilhado com Micromobilidade,8/24/2021 12:00:00 AM,-1017002.20705839,4685237.85907049
16030,1537,Avenida Professor Egas Moniz,Alvalade,Passeio,BICICLETA,Entorta rodas,1,9,Não,Público,Partilhado com Micromobilidade,,-1020167.36376141,4686019.16113636
16031,530,Rua da Verónica,São Vicente,Passeio,BICICLETA,Sheffield standard,3,6,Sim,Público,Interdito Micromobilidade,7/1/2021 12:00:00 AM,-1016259.64345561,4681181.04887595
16032,1539,Rua Sousa Pinto,Santo António,Lugar estacionamento automóvel,BICICLETA,Sheffield standard,5,10,Sim,Privado,Interdito Micromobilidade,7/1/2021 12:00:00 AM,-1019419.04996038,4682258.68843822
16033,1540,Rua Manuel Gouveia,Areeiro,Lugar estacionamento motociclo,BICICLETA,Sheffield standard,6,12,Sim,Público,Partilhado com Micromobilidade,9/1/2021 12:00:00 AM,-1016389.65688418,4685241.96335656
16034,1541,"Rua Correia Teles, 103",Campo de Ourique,Passeio,BICICLETA,Sheffield standard,2,4,Sim,Público,Partilhado com Micromobilidade,7/1/2021 12:00:00 AM,-1020887.03254038,4681423.48987406
16035,1542,Rua João da Silva,Areeiro,Passeio,BICICLETA,Sheffield standard,4,8,Sim,Privado,Interdito Micromobilidade,7/1/2021 12:00:00 AM,-1016227.30039012,4684853.16739005
16036,1543,"Calçada dos Barbadinhos, 114E",São Vicente,Passeio,BICICLETA,Sheffield standard,2,4,Não,Público,Partilhado com Micromobilidade,4/1/2022 12:00:00 AM,-1015630.43086473,4681807.04349033
16037,1544,"Rua Conde de Sabugosa, 25A",Alvalade,Lugar estacionamento automóvel,BICICLETA,Sheffield standard,2,4,Não,Público,Partilhado com Micromobilidade,9/22/2021 12:00:00 AM,-1017493.81075289,4685650.93996673
16038,1545,Doca do Jardim do Tabaco,Santa Maria Maior,Passeio,BICICLETA,Sheffield standard,6,12,Não,Público,Partilhado com Micromobilidade,,-1015683.67263823,4680475.05264501
16039,1547,Rua Jorge Dias,Belém,Passeio,BICICLETA,Sheffield estreito,4,8,Não,Público,Partilhado com Micromobilidade,,-1024805.15499618,4679735.15044787
16040,1548,Rua do Arco do Marquês de Alegrete,Santa Maria Maior,Via,HOTSPOT,Sheffield standard,4,13,Não,Público,Partilhado com Micromobilidade,10/1/2021 12:00:00 AM,-1017061.85060188,4680859.47867799
16041,1549,Rua Silva e Albuquerque,Alvalade,Lugar estacionamento automóvel,BICICLETA,Sheffield standard,4,8,Não,Público,Partilhado com Micromobilidade,10/1/2021 12:00:00 AM,-1017195.94145899,4685918.48427788
16042,1550,"Rua Silva e Albuquerque, 25",Alvalade,Lugar estacionamento automóvel,BICICLETA,Sheffield standard,4,8,Não,Público,Partilhado com Micromobilidade,10/10/2021 12:00:00 AM,-1017641.63869784,4686022.09604735
16043,1551,Avenida Rovisco Pais,Areeiro,Passeio,BICICLETA,Sheffield standard,10,20,Não,Privado,Interdito Micromobilidade,10/7/2021 12:00:00 AM,-1017212.43479918,4683920.28101451
16044,1552,"Avenida de António José de Almeida, Universidade",Areeiro,Passeio,BICICLETA,Sheffield standard,5,10,Não,Privado,Interdito Micromobilidade,10/7/2021 12:00:00 AM,-1017275.92346925,4684084.73304595
16045,1553,"Rua Capitão Santiago de Carvalho, Escola",Olivais,Via,HOTSPOT,Sheffield standard,2,9,Não,Público,Partilhado com Micromobilidade,12/14/2020 12:00:00 AM,-1014210.7160439,4688935.45535162
16046,1556,"Avenida 5 de Outubro, 18",Avenidas Novas,Passeio,BICICLETA,Sheffield standard,3,6,Não,Público,Partilhado com Micromobilidade,6/25/2021 12:00:00 AM,-1018435.84180424,4684663.4760899
16047,1557,"Avenida Poeta Mistral, 31",Avenidas Novas,Passeio,BICICLETA,Sheffield standard,3,6,Não,Público,Partilhado com Micromobilidade,6/25/2021 12:00:00 AM,-1018737.46602543,4684432.19581627
16049,1559,"Rua Carvalho Araújo, 28",Penha de França,Lugar estacionamento automóvel,BICICLETA,Sheffield standard,2,4,Não,Público,Partilhado com Micromobilidade,8/1/2021 12:00:00 AM,-1016487.35622894,4683610.47973319
16050,1560,"Rua Carvalho Araújo, 28",Penha de França,Lugar estacionamento automóvel,BICICLETA,Sheffield standard,2,4,Não,Público,Partilhado com Micromobilidade,8/1/2021 12:00:00 AM,-1016486.54088438,4683595.31837394
16051,1561,"Rua Professor Lima Basto, 69",São Domingos de Benfica,Passeio,BICICLETA,Sheffield standard,3,6,Não,Público,Partilhado com Micromobilidade,10/1/2021 12:00:00 AM,-1019757.31870758,4684305.65314746
16052,1562,Rua Professor Lima Basto,São Domingos de Benfica,Via,BICICLETA,Sheffield standard,6,12,Não,Público,Partilhado com Micromobilidade,10/1/2021 12:00:00 AM,-1019956.31515987,4684408.51871197
16053,1563,"Rua Doutor António Granjo, 1",São Domingos de Benfica,Via,BICICLETA,Sheffield standard,4,8,Não,Público,Partilhado com Micromobilidade,10/1/2021 12:00:00 AM,-1020226.00126534,4684489.38805301
16054,1564,"Rua Doutor António Granjo, 4",São Domingos de Benfica,Via,BICICLETA,Sheffield standard,2,4,Não,Público,Partilhado com Micromobilidade,10/1/2021 12:00:00 AM,-1020234.25375727,4684491.23358029
16055,1565,Estrada de Telheiras,Lumiar,Via,HOTSPOT,Sheffield standard,2,9,Não,Público,Partilhado com Micromobilidade,10/22/2021 12:00:00 AM,-1020456.16256929,4687323.28831618
16056,1566,Rua Castilho,Avenidas Novas,Via,HOTSPOT,Sheffield standard,2,9,Não,Público,Partilhado com Micromobilidade,10/22/2021 12:00:00 AM,-1019399.21994444,4682953.83086477
16057,1640,"Rua Eugénio de Castro, Escola",Alvalade,Passeio,BICICLETA,Sheffield standard,7,14,Não,Privado,Interdito Micromobilidade,12/6/2021 12:00:00 AM,-1018280.60776703,4686564.66821401
16058,1641,"Rua Abel Salazar, 31",Lumiar,Passeio,BICICLETA,Sheffield standard,2,4,Não,Privado,Interdito Micromobilidade,12/10/2021 12:00:00 AM,-1020571.8697544,4688425.49365155
16059,1642,"Rua Prof. Arsénio Nunes, Escola",Carnide,Passeio,BICICLETA,Sheffield standard,8,16,Não,Privado,Interdito Micromobilidade,12/14/2021 12:00:00 AM,-1023481.73958966,4688544.6530881
16060,1643,"Rua Maria Amália Vaz de Carvalho, Escola",Alvalade,Passeio,BICICLETA,Sheffield standard,4,8,Sim,Privado,Interdito Micromobilidade,12/6/2021 12:00:00 AM,-1017660.29666887,4686092.51020297
16061,1644,"Largo do Ministro, 9",Santa Clara,Lugar estacionamento automóvel,BICICLETA,Sheffield standard,8,16,Sim,Privado,Interdito Micromobilidade,12/9/2021 12:00:00 AM,-1019584.74324262,4690518.75628217
16062,1645,"Largo do Poço, 6",Lumiar,Passeio,BICICLETA,Sheffield standard,6,12,Não,Privado,Interdito Micromobilidade,12/14/2021 12:00:00 AM,-1020514.33381483,4687302.2258868
16063,1646,"Avenida Santa Joana Princesa, 13",Alvalade,Passeio,BICICLETA,Sheffield standard,4,8,Não,Público,Partilhado com Micromobilidade,12/3/2021 12:00:00 AM,-1017146.82759193,4686464.01504647
16064,1647,"Rua Alexandre de Sá Pinto, 26",Belém,Lugar estacionamento automóvel,BICICLETA,Sheffield standard,5,10,Não,Privado,Interdito Micromobilidade,12/23/2021 12:00:00 AM,-1023603.1543751,4678539.19430436
16065,1648,"Praça de Malaca, 3",Belém,Via,BICICLETA,Sheffield standard,5,10,Não,Privado,Interdito Micromobilidade,12/22/2021 12:00:00 AM,-1025281.6115752,4678700.85239199
16066,1649,"Rua Gilberto Freyre, Escola",Marvila,Passeio,BICICLETA,Sheffield standard,5,10,Não,Privado,Interdito Micromobilidade,12/9/2021 12:00:00 AM,-1015375.21864221,4685119.22717651
16067,1650,"Azinhaga da Bela Vista, 2B-2C",Marvila,Via,BICICLETA,Sheffield standard,5,10,Não,Privado,Interdito Micromobilidade,12/8/2021 12:00:00 AM,-1015879.68629382,4686737.86080625
16068,1651,"Rua Corsário das Ilhas, 4-4B",Parque das Nações,Passeio,BICICLETA,Sheffield standard,5,10,Não,Privado,Interdito Micromobilidade,12/2/2021 12:00:00 AM,-1012817.89561903,4687175.82985497
16069,1652,Rua Madre de Deus,Penha de França,Passeio,BICICLETA,Sheffield standard,5,10,Não,Privado,Interdito Micromobilidade,12/10/2021 12:00:00 AM,-1014712.63694142,4682097.88338924
16070,1653,"Rua da Verónica, Escola",São Vicente,Passeio,BICICLETA,Sheffield standard,3,6,Sim,Privado,Interdito Micromobilidade,12/13/2021 12:00:00 AM,-1016158.97621429,4681113.65989522
16071,1654,"Rua Abel Salazar, 31",Lumiar,Passeio,BICICLETA,Sheffield standard,2,4,Não,Privado,Interdito Micromobilidade,12/10/2021 12:00:00 AM,-1020575.88276629,4688432.4798145
16072,1655,"Largo Frederico Valsassina, 2A",Marvila,Passeio,BICICLETA,Sheffield standard,6,12,Não,Público,Partilhado com Micromobilidade,12/9/2021 12:00:00 AM,-1015903.07856985,4686716.78680949
16073,1656,"Avenida Marechal Craveiro Lopes, 1",Lumiar,Via,BICICLETA,Sheffield standard,7,14,Não,Privado,Interdito Micromobilidade,12/9/2021 12:00:00 AM,-1019024.09653751,4687401.90569648
16074,1657,"Rua da Verónica, Escola",São Vicente,Passeio,BICICLETA,Sheffield standard,4,8,Não,Privado,Interdito Micromobilidade,12/13/2021 12:00:00 AM,-1016143.56382164,4681094.20703412
16075,1658,Rua Madre de Deus,Penha de França,Passeio,BICICLETA,Sheffield standard,5,10,Não,Privado,Interdito Micromobilidade,12/10/2021 12:00:00 AM,-1014683.03780681,4682094.83540861
16076,1659,Rua Armindo Rodrigues,Lumiar,Passeio,BICICLETA,Sheffield standard,11,22,Sim,Privado,Interdito Micromobilidade,12/23/2021 12:00:00 AM,-1020416.09929978,4688507.88545304
16077,1660,"Avenida Almirante Gago Coutinho, 82",Alvalade,Passeio,BICICLETA,Sheffield standard,3,6,Sim,Privado,Interdito Micromobilidade,12/7/2021 12:00:00 AM,-1016396.15660165,4686142.75526265
16078,1661,"Estrada de Telheiras, 113",Lumiar,Passeio,BICICLETA,Sheffield standard,3,6,Não,Privado,Interdito Micromobilidade,12/10/2021 12:00:00 AM,-1020182.57743311,4687223.97541537
16079,1662,"Estrada de Benfica, 535",Benfica,Passeio,BICICLETA,Sheffield standard,3,6,Não,Privado,Interdito Micromobilidade,12/16/2021 12:00:00 AM,-1023555.65698398,4685874.0953969
16080,1663,"Estrada de Benfica, 535",Benfica,Passeio,BICICLETA,Sheffield standard,3,6,Não,Privado,Interdito Micromobilidade,12/17/2021 12:00:00 AM,-1023547.76124908,4685872.48643031
16081,1664,"Campo de Santa Clara, Mercado",São Vicente,Passeio,BICICLETA,Sheffield standard,3,6,Não,Público,Partilhado com Micromobilidade,1/28/2022 12:00:00 AM,-1015882.10297066,4680975.94451346
16082,1665,Campo de Santa Clara,São Vicente,Passeio,BICICLETA,Sheffield standard,2,4,Não,Privado,Interdito Micromobilidade,1/28/2022 12:00:00 AM,-1015785.74689721,4681050.59492009
16083,1666,Campo de Santa Clara,São Vicente,Passeio,BICICLETA,Sheffield standard,2,4,Não,Privado,Interdito Micromobilidade,1/28/2022 12:00:00 AM,-1015723.19160267,4681074.89355106
16084,1667,Campus de Campolide,Campolide,Passeio,BICICLETA,Sheffield standard,25,50,Não,Privado,Interdito Micromobilidade,,-1019660.38782279,4683508.49236832
16085,1668,"Rua de Campolide, 28",Campolide,Passeio,BICICLETA,Sheffield estilizado,1,5,Não,Público,Partilhado com Micromobilidade,,-1019928.08387941,4682530.42658242
16086,1669,"Tapada das Necessidades, Escola",Estrela,Passeio,BICICLETA,Sheffield standard,4,8,Não,Privado,Interdito Micromobilidade,2/2/2022 12:00:00 AM,-1020918.56799494,4680074.57435702
16087,1670,"Rua Prista Monteiro, Escola",Carnide,Passeio,BICICLETA,Sheffield standard,3,6,Não,Privado,Interdito Micromobilidade,2/2/2022 12:00:00 AM,-1022129.81813918,4688188.28315443
16088,1671,"Rua Maria Brown, 1 ",Carnide,Passeio,BICICLETA,Sheffield standard,3,6,Não,Privado,Interdito Micromobilidade,1/31/2022 12:00:00 AM,-1022630.15950692,4687301.33803381
16089,1672,"Rua Dom Luís da Cunha, Escola",Alvalade,Passeio,BICICLETA,Sheffield standard,8,16,Não,Privado,Interdito Micromobilidade,2/1/2022 12:00:00 AM,-1020517.57276736,4686832.29715353
16090,1673,"Rua Luís de Freitas Branco, Escola",Lumiar,Passeio,BICICLETA,Sheffield standard,5,10,Não,Privado,Interdito Micromobilidade,1/17/2022 12:00:00 AM,-1019964.86791949,4688927.94520565
16091,1674,"Rua Mário Sampaio Ribeiro, Escola",Lumiar,Passeio,BICICLETA,Sheffield standard,5,10,Não,Privado,Interdito Micromobilidade,1/17/2022 12:00:00 AM,-1020002.46966146,4688633.01589383
16092,1675,"Rua Mário Sampaio Ribeiro, Escola",Lumiar,Via,BICICLETA,Sheffield standard,4,8,Não,Privado,Interdito Micromobilidade,1/17/2022 12:00:00 AM,-1019891.50949947,4688719.99876029
16093,1676,"Rua Prof. Mário Chicó, Escola",Lumiar,Passeio,BICICLETA,Sheffield standard,9,18,Não,Privado,Interdito Micromobilidade,2/2/2022 12:00:00 AM,-1020615.59685105,4687708.75826423
16094,1677,"Rua Rodrigo da Fonseca, Escola",Avenidas Novas,Passeio,BICICLETA,Sheffield standard,2,4,Sim,Privado,Interdito Micromobilidade,2/4/2022 12:00:00 AM,-1019355.94869152,4682599.75890052
16095,1678,"Rua Professor Mira Fernandes, Escola",Beato,Passeio,BICICLETA,Sheffield standard,5,10,Não,Privado,Interdito Micromobilidade,1/27/2022 12:00:00 AM,-1015364.45978921,4684426.32816242
16096,1679,"Rua Dom Francisco de Almeida, 1",Belém,Via,BICICLETA,Sheffield standard,7,14,Não,Privado,Interdito Micromobilidade,1/13/2022 12:00:00 AM,-1025229.33529159,4678600.9949256
16097,1680,"Rua Bartolomeu Dias, 53",Belém,Via,BICICLETA,Sheffield standard,4,8,Não,Privado,Interdito Micromobilidade,1/13/2022 12:00:00 AM,-1025446.38318433,4678071.00248133
16098,1681,"Rua Direita ao Lumiar, 9",Lumiar,Passeio,BICICLETA,Sheffield standard,2,4,Não,Privado,Interdito Micromobilidade,1/14/2022 12:00:00 AM,-1021039.04862672,4689218.37927942
16099,1682,"Rua Dom Luís I, Escola",Misericórdia,Via,BICICLETA,Sheffield standard,5,10,Não,Privado,Interdito Micromobilidade,1/18/2022 12:00:00 AM,-1018543.82110676,4680009.74310441
16100,1683,Rua Prof. Fernando de Mello Moser,Lumiar,Passeio,BICICLETA,Sheffield standard,6,12,Não,Privado,Interdito Micromobilidade,2/14/2022 12:00:00 AM,-1020818.57276914,4689269.39490072
16101,1684,Rua Prof. Fernando de Mello Moser,Lumiar,Passeio,BICICLETA,Sheffield standard,4,8,Não,Privado,Interdito Micromobilidade,2/14/2022 12:00:00 AM,-1020822.31889254,4689264.99635773
16102,1685,"Avenida Almirante Gago Coutinho, 141",Alvalade,Passeio,BICICLETA,Sheffield standard,2,4,Não,Privado,Interdito Micromobilidade,1/31/2022 12:00:00 AM,-1016373.83773991,4687289.54253082
16103,1686,"Travessa de Francisco Resende, 59",Benfica,Passeio,BICICLETA,Sheffield standard,8,16,Não,Privado,Interdito Micromobilidade,1/31/2022 12:00:00 AM,-1023712.60535728,4684859.10153767
16105,1688,"Rua Major Neutel de Abreu, 11",São Domingos de Benfica,Passeio,BICICLETA,Sheffield standard,8,16,Não,Privado,Interdito Micromobilidade,1/18/2022 12:00:00 AM,-1022057.76764782,4685548.2213034
16106,1689,Rua Alexandre de Sá Pinto,Belém,Passeio,BICICLETA,Sheffield standard,4,8,Não,Privado,Interdito Micromobilidade,1/13/2022 12:00:00 AM,-1023684.23968174,4678809.89635975
16107,1690,"Rua Matateu, Escola",Belém,Passeio,BICICLETA,Sheffield standard,3,6,Não,Privado,Interdito Micromobilidade,1/28/2022 12:00:00 AM,-1023560.39817535,4678901.39295177
16108,1691,Rua Alexandre de Sá Pinto,Belém,Passeio,BICICLETA,Sheffield standard,4,8,Não,Privado,Interdito Micromobilidade,1/28/2022 12:00:00 AM,-1023408.22176824,4678749.93506602
16109,1692,"Avenida Engenheiro Duarte Pacheco, 32",Campolide,Passeio,BICICLETA,Sheffield standard,10,20,Não,Privado,Interdito Micromobilidade,1/25/2022 12:00:00 AM,-1020059.9962351,4682235.41900703
16110,1693,Rua Afonso Lopes Vieira,Alvalade,Lugar estacionamento automóvel,BICICLETA,Sheffield standard,4,8,Não,Público,Partilhado com Micromobilidade,,-1018382.43875379,4686188.44544848
16111,1694,"Avenida do Brasil, 101",Alvalade,Lugar estacionamento automóvel,BICICLETA,Entorta rodas,1,5,Não,Privado,Interdito Micromobilidade,,-1017542.07260189,4687167.01566461
16112,1695,"Avenida do Brasil, 101",Alvalade,Passeio,BICICLETA,Sheffield standard,4,8,Não,Privado,Interdito Micromobilidade,,-1017708.21184922,4687236.31832681
16113,1696,"Jardim Prof. António de Sousa Franco, 1-1C",Lumiar,Passeio,BICICLETA,Entorta rodas,1,5,Não,Público,Partilhado com Micromobilidade,,-1020430.33294444,4687401.4870822
16114,1697,"Rua Cidade de Bolama, 20",Olivais,Passeio,BICICLETA,Sheffield estilizado,4,8,Não,Público,Partilhado com Micromobilidade,5/27/2021 12:00:00 AM,-1014871.63085338,4687720.46272686
16115,1698,Travessa do Grilo,Beato,Passeio,BICICLETA,Sheffield standard,5,10,Não,Público,Partilhado com Micromobilidade,9/15/2021 12:00:00 AM,-1013813.42867111,4683083.69613203
16116,1699,Travessa do Grilo,Beato,Passeio,BICICLETA,Sheffield standard,5,10,Não,Público,Partilhado com Micromobilidade,9/15/2021 12:00:00 AM,-1013805.20906219,4683123.8562449
16117,1700,Alameda do Beato,Beato,Passeio,BICICLETA,Sheffield standard,4,8,Não,Público,Partilhado com Micromobilidade,3/1/2022 12:00:00 AM,-1013634.37313172,4683604.40821185
16118,1701,"Paço da Rainha, 90",Arroios,Passeio,BICICLETA,Sheffield standard,4,8,Não,Público,Partilhado com Micromobilidade,2/10/2022 12:00:00 AM,-1017181.06265326,4682161.84351005
16119,1702,"Paço da Rainha, 41",Arroios,Passeio,BICICLETA,Sheffield standard,4,8,Não,Público,Partilhado com Micromobilidade,2/10/2022 12:00:00 AM,-1017190.94517355,4682170.46235226
16120,1703,"Rua de Ponta Delgada, 29",Arroios,Via,BICICLETA,Sheffield standard,2,4,Não,Público,Partilhado com Micromobilidade,,-1017333.85303986,4683472.19180362
16121,1705,"Rua Gomes Freire, 68",Arroios,Passeio,BICICLETA,Sheffield standard,5,10,Não,Público,Partilhado com Micromobilidade,4/5/2022 12:00:00 AM,-1017466.887022,4682279.76872898
16122,1706,"Rua dos Heróis de Quionga, 13",Arroios,Passeio,BICICLETA,Sheffield standard,2,4,Não,Público,Partilhado com Micromobilidade,,-1016655.71073017,4683206.96000203
16123,1707,"Rua Damasceno Monteiro, 113",Arroios,Lugar estacionamento automóvel,BICICLETA,Sheffield standard,2,4,Não,Público,Partilhado com Micromobilidade,3/1/2022 12:00:00 AM,-1016605.1610594,4682044.61527607
16124,1709,"Calçadinha dos Olivais, Escola",Olivais,Passeio,BICICLETA,Sheffield standard,8,16,Não,Privado,Interdito Micromobilidade,11/22/2021 12:00:00 AM,-1013735.45671258,4688720.62099385
16125,1710,"Rua Cidade de Nampula, Escola",Olivais,Passeio,BICICLETA,Sheffield standard,8,16,Não,Privado,Interdito Micromobilidade,11/24/2021 12:00:00 AM,-1015413.8709398,4687949.27350313
16126,1711,"Rua Fernando Namora, Escola",Lumiar,Passeio,BICICLETA,Sheffield standard,10,20,Não,Privado,Interdito Micromobilidade,11/24/2021 12:00:00 AM,-1021235.44601956,4687323.67281464
16127,1712,"Rua Prof. José Sebastião e Silva, Escola",Benfica,Passeio,BICICLETA,Sheffield standard,10,20,Não,Privado,Interdito Micromobilidade,11/25/2021 12:00:00 AM,-1023483.24652133,4685563.30384072
16128,1713,"Rua Fernando Namora, Escola",Lumiar,Passeio,BICICLETA,Sheffield standard,3,6,Não,Privado,Interdito Micromobilidade,11/25/2021 12:00:00 AM,-1021174.56729618,4687291.85601581
16129,1715,"Rua Prof. José Sebastião e Silva, Escola",Benfica,Passeio,BICICLETA,Sheffield standard,10,20,Não,Privado,Interdito Micromobilidade,11/26/2021 12:00:00 AM,-1023505.49375198,4685563.56250923
16130,1716,"Praça de Alvalade, 14",Alvalade,Passeio,BICICLETA,Sheffield standard,2,4,Não,Público,Partilhado com Micromobilidade,4/6/2022 12:00:00 AM,-1017852.00658256,4686361.40999523
16131,1717,Rua Augusto Pina,São Domingos de Benfica,Lugar estacionamento automóvel,BICICLETA,Sheffield standard,4,8,Não,Público,Partilhado com Micromobilidade,5/4/2022 12:00:00 AM,-1022711.61042318,4685867.49123893
16132,1718,"Rua Augusto Pina, 21",São Domingos de Benfica,Lugar estacionamento automóvel,BICICLETA,Sheffield standard,4,8,Não,Público,Partilhado com Micromobilidade,5/4/2022 12:00:00 AM,-1022433.50137898,4685855.50059774
16133,1719,"Rua Maestro Frederico de Freitas, Escola",São Domingos de Benfica,Passeio,BICICLETA,Sheffield standard,4,8,Não,Público,Partilhado com Micromobilidade,5/4/2022 12:00:00 AM,-1022041.6707316,4685692.36130127
16134,1720,"Rua Saraiva de Carvalho, 35",Campo de Ourique,Passeio,BICICLETA,Sheffield standard,5,10,Não,Público,Partilhado com Micromobilidade,5/5/2022 12:00:00 AM,-1019629.32335335,4681288.28124297
16135,1721,"Rua Saraiva de Carvalho, 1",Campo de Ourique,Passeio,BICICLETA,Sheffield standard,5,10,Não,Público,Partilhado com Micromobilidade,5/5/2022 12:00:00 AM,-1019464.21407513,4681440.44967645
16136,1722,"Passeio do Adamastor, 2.01.01",Parque das Nações,Passeio,BICICLETA,Sheffield standard,4,6,Não,Público,Partilhado com Micromobilidade,5/1/2022 12:00:00 AM,-1012279.26783315,4687158.46373543
16137,1723,Rua da Cintura do Porto de Lisboa,Marvila,Passeio,BICICLETA,Sheffield standard,8,16,Não,Público,Partilhado com Micromobilidade,2/7/2020 12:00:00 AM,-1012604.6748137,4685708.30439386
16138,1724,"Estrada das Oliveiras de Baixo, CML (Oficinas)",Benfica,Passeio,BICICLETA,Sheffield standard,4,8,Não,Privado,Interdito Micromobilidade,,-1023806.56585381,4682619.45867129
16139,1725,Rua Fernão Álvares do Oriente,Alvalade,Passeio,BICICLETA,Sheffield standard,2,4,Não,Público,Partilhado com Micromobilidade,5/16/2022 12:00:00 AM,-1018034.4987881,4685603.71642836
16140,1726,"Rua Eduardo Costa, Escola",Penha de França,Passeio,BICICLETA,Sheffield standard,5,10,Não,Privado,Interdito Micromobilidade,5/10/2022 12:00:00 AM,-1015804.19618417,4682597.82799769
16141,1727,Avenida Professor Aníbal de Bettencourt,Alvalade,Passeio,BICICLETA,Sheffield standard,10,20,Não,Privado,Interdito Micromobilidade,3/30/2022 12:00:00 AM,-1018958.16222893,4685851.92635044
16142,1728,Campus de Benfica do Instituto Politécnico de Lisboa,Benfica,Passeio,BICICLETA,Sheffield standard,5,10,Não,Privado,Interdito Micromobilidade,3/30/2022 12:00:00 AM,-1023368.55914534,4685416.87614704
16143,1729,Alameda da Universidade,Alvalade,Passeio,BICICLETA,Sheffield standard,10,20,Não,Privado,Interdito Micromobilidade,3/18/2022 12:00:00 AM,-1019371.9456759,4686266.230548
16144,1730,"Avenida Professor Aníbal de Bettencourt, ISCTE (Edifício I)",Alvalade,Passeio,BICICLETA,Sheffield standard,16,32,Não,Público,Partilhado com Micromobilidade,2/25/2022 12:00:00 AM,-1019032.84612898,4685771.05686016
16145,1731,Avenida da Universidade Técnica,Ajuda,Passeio,BICICLETA,Sheffield standard,5,10,Não,Privado,Interdito Micromobilidade,2/22/2022 12:00:00 AM,-1023637.3107696,4680798.54478242
16146,1732,Alameda da Universidade,Alvalade,Passeio,BICICLETA,Sheffield standard,8,16,Não,Privado,Interdito Micromobilidade,2/25/2022 12:00:00 AM,-1019438.99237148,4686428.1270508
16147,1733,"Praça Eduardo Mondlane, 7C",Marvila,Passeio,BICICLETA,Sheffield standard,2,4,Sim,Privado,Interdito Micromobilidade,2/22/2022 12:00:00 AM,-1014519.02811817,4685029.04699203
16148,1734,Rua Primeiro de Maio a Alcântara,Alcântara,Passeio,BICICLETA,Sheffield standard,3,6,Não,Público,Partilhado com Micromobilidade,3/17/2022 12:00:00 AM,-1021721.36460352,4679346.01929912
16149,1735,Avenida de Ceuta,Alcântara,Passeio,BICICLETA,Sheffield standard,5,10,Não,Público,Partilhado com Micromobilidade,3/15/2022 12:00:00 AM,-1021473.00479597,4680630.67862724
16150,1736,"Avenida Álvares Cabral, 69",Campo de Ourique,Passeio,BICICLETA,Sheffield standard,2,4,Não,Privado,Interdito Micromobilidade,3/17/2022 12:00:00 AM,-1019494.92785873,4681061.22438432
16151,1737,Tapada da Ajuda,Alcântara,Via,BICICLETA,Sheffield standard,10,20,Sim,Privado,Interdito Micromobilidade,3/15/2022 12:00:00 AM,-1022486.21565684,4680632.02245178
16152,1738,"Campo Grande, 376 ",Alvalade,Passeio,BICICLETA,Sheffield standard,16,32,Não,Privado,Interdito Micromobilidade,3/21/2022 12:00:00 AM,-1018824.76167735,4686985.99931363
16153,1739,"Avenida Professor Egas Moniz, Escola",Alvalade,Via,BICICLETA,Sheffield standard,4,8,Não,Privado,Interdito Micromobilidade,2/22/2022 12:00:00 AM,-1020032.56361583,4685796.35953085
16154,1740,Rua Almerindo Lessa,Ajuda,Lugar estacionamento automóvel,BICICLETA,Sheffield standard,5,10,Não,Privado,Interdito Micromobilidade,3/18/2022 12:00:00 AM,-1023875.37713151,4680703.87459243
16155,1741,"Rua José Escada, Escola",Lumiar,Passeio,BICICLETA,Sheffield standard,10,20,Não,Privado,Interdito Micromobilidade,3/17/2022 12:00:00 AM,-1020979.84523865,4687291.31332249
16156,1742,"Rua Raul Carapinha, Escola",São Domingos de Benfica,Passeio,BICICLETA,Sheffield standard,8,16,Sim,Privado,Interdito Micromobilidade,2/17/2022 12:00:00 AM,-1020953.31239131,4684657.33497872
16157,1743,"Estrada de Benfica, 628",Benfica,Passeio,BICICLETA,Sheffield standard,2,4,Não,Privado,Interdito Micromobilidade,5/6/2022 12:00:00 AM,-1024192.78899721,4686027.66699846
16158,1744,"Largo do Leão, 9",Arroios,Passeio,BICICLETA,Sheffield standard,2,4,Não,Privado,Interdito Micromobilidade,5/9/2022 12:00:00 AM,-1017125.35076673,4683771.5786381
16159,1745,"Avenida do Rio de Janeiro, 26",Alvalade,Passeio,HOTSPOT,Sheffield standard,2,9,Não,Público,Partilhado com Micromobilidade,3/21/2022 12:00:00 AM,-1017219.06910108,4686258.59401586
16160,1746,"Avenida do Rio de Janeiro, 4",Alvalade,Passeio,BICICLETA,Sheffield standard,2,4,Não,Público,Partilhado com Micromobilidade,4/4/2022 12:00:00 AM,-1017162.50267866,4685926.76440827
16161,1747,"Avenida dos Estados Unidos da América, 52",Alvalade,Passeio,BICICLETA,Sheffield standard,2,4,Não,Público,Partilhado com Micromobilidade,5/19/2022 12:00:00 AM,-1017188.99602632,4685870.60733639
16162,1748,"Avenida dos Estados Unidos da América, 82",Alvalade,Passeio,BICICLETA,Sheffield standard,3,6,Não,Público,Partilhado com Micromobilidade,5/20/2022 12:00:00 AM,-1017477.69106542,4685858.40697864
16163,1749,"Avenida dos Estados Unidos da América, 90",Alvalade,Passeio,BICICLETA,Sheffield standard,2,4,Não,Público,Partilhado com Micromobilidade,5/19/2022 12:00:00 AM,-1017604.14149411,4685850.0354128
16164,1750,"Avenida dos Estados Unidos da América, 94",Alvalade,Passeio,BICICLETA,Sheffield standard,3,6,Não,Público,Partilhado com Micromobilidade,5/16/2022 12:00:00 AM,-1017647.61762775,4685890.88758719
16165,1751,"Avenida de Roma, 72",Alvalade,Passeio,BICICLETA,Sheffield standard,4,8,Não,Público,Partilhado com Micromobilidade,5/16/2022 12:00:00 AM,-1017733.78855877,4686055.60823018
16166,1752,"Praça de Alvalade, 4",Alvalade,Passeio,BICICLETA,Sheffield standard,2,4,Não,Público,Partilhado com Micromobilidade,5/16/2022 12:00:00 AM,-1017940.18499257,4686323.00948262
16167,1753,"Avenida de Roma, 97",Alvalade,Passeio,BICICLETA,Sheffield standard,2,4,Não,Público,Partilhado com Micromobilidade,4/6/2022 12:00:00 AM,-1017868.91598347,4686243.00133658
16168,1754,"Avenida dos Estados Unidos da América, 102",Alvalade,Passeio,BICICLETA,Sheffield standard,2,4,Não,Público,Partilhado com Micromobilidade,4/6/2022 12:00:00 AM,-1017743.62542673,4685836.61345099
16169,1755,"Avenida dos Estados Unidos da América, 142",Alvalade,Passeio,BICICLETA,Sheffield standard,3,6,Não,Público,Partilhado com Micromobilidade,4/6/2022 12:00:00 AM,-1018289.42858865,4685722.61316298
16170,1756,"Campo Grande, 28",Alvalade,Passeio,BICICLETA,Sheffield standard,4,8,Não,Público,Partilhado com Micromobilidade,4/6/2022 12:00:00 AM,-1018325.1283604,4685862.91761336
16171,1757,"Campo Grande, 376 ",Alvalade,Passeio,BICICLETA,Sheffield standard,6,12,Não,Público,Partilhado com Micromobilidade,5/17/2022 12:00:00 AM,-1018842.96702025,4687157.94951312
16172,1758,"Campo Grande, 376 ",Alvalade,Passeio,BICICLETA,Sheffield standard,6,12,Não,Público,Partilhado com Micromobilidade,3/18/2022 12:00:00 AM,-1018806.09349881,4687178.69080736
16173,1759,Rua Almerindo Lessa,Ajuda,Lugar estacionamento automóvel,BICICLETA,Sheffield standard,5,10,Não,Privado,Interdito Micromobilidade,3/30/2022 12:00:00 AM,-1023826.49499585,4680646.70973336
16174,1760,Rua Almerindo Lessa,Ajuda,Lugar estacionamento automóvel,BICICLETA,Sheffield standard,5,10,Não,Privado,Interdito Micromobilidade,5/20/2022 12:00:00 AM,-1023830.48566244,4680704.80635632
16175,1761,Campus de Benfica do Instituto Politécnico de Lisboa,Benfica,Via,BICICLETA,Sheffield standard,10,20,Não,Privado,Interdito Micromobilidade,3/16/2022 12:00:00 AM,-1023575.08476307,4685349.5456295
16176,1762,Campus de Benfica do Instituto Politécnico de Lisboa,Benfica,Lugar estacionamento automóvel,BICICLETA,Sheffield standard,4,8,Não,Privado,Interdito Micromobilidade,3/18/2022 12:00:00 AM,-1023642.36725224,4685442.63097138
16177,1763,"Rua Conselheiro Emídio Navarro, ISEL",Marvila,Passeio,BICICLETA,Sheffield standard,5,10,Não,Privado,Interdito Micromobilidade,3/17/2022 12:00:00 AM,-1014968.4791028,4686930.10617147
16178,1764,"Rua Conselheiro Emídio Navarro, ISEL",Marvila,Passeio,BICICLETA,Sheffield standard,5,10,Sim,Privado,Interdito Micromobilidade,2/17/2022 12:00:00 AM,-1014981.26578875,4686890.16167295
16179,1765,"Rua Conselheiro Emídio Navarro, ISEL",Marvila,Passeio,BICICLETA,Sheffield standard,10,20,Não,Privado,Interdito Micromobilidade,3/28/2022 12:00:00 AM,-1014875.02643182,4686915.47158287
16180,1766,"Avenida do Rio de Janeiro, 14",Alvalade,Passeio,BICICLETA,Sheffield standard,2,4,Sim,Privado,Interdito Micromobilidade,2/25/2022 12:00:00 AM,-1017152.79147802,4686085.15732617
16181,1767,Rua Primeiro de Maio a Alcântara,Alcântara,Via,BICICLETA,Sheffield standard,1,2,Sim,Privado,Interdito Micromobilidade,2/18/2022 12:00:00 AM,-1021715.15287465,4679354.6486769
16182,1768,Rua Primeiro de Maio a Alcântara,Alcântara,Via,BICICLETA,Sheffield standard,1,2,Não,Privado,Interdito Micromobilidade,2/18/2022 12:00:00 AM,-1021712.6369581,4679356.7173401
16183,1769,"Avenida Professor Aníbal de Bettencourt, ISCTE (Edifício II)",Alvalade,Lugar estacionamento automóvel,BICICLETA,Sheffield standard,9,18,Não,Privado,Interdito Micromobilidade,5/13/2022 12:00:00 AM,-1018924.59550754,4685904.07908771
16184,1770,"Campo Grande, 400",Lumiar,Passeio,BICICLETA,Sheffield standard,3,6,Sim,Privado,Interdito Micromobilidade,5/13/2022 12:00:00 AM,-1019218.83680645,4687323.54635811
16185,1771,Campus de Benfica do Instituto Politécnico de Lisboa,Benfica,Passeio,BICICLETA,Sheffield standard,5,10,Sim,Privado,Interdito Micromobilidade,5/12/2022 12:00:00 AM,-1023375.77957583,4685414.6992045
16186,1772,Tapada da Ajuda,Alcântara,Via,BICICLETA,Sheffield standard,5,10,Não,Privado,Interdito Micromobilidade,5/12/2022 12:00:00 AM,-1022131.46731966,4679831.59968451
16187,1773,Tapada da Ajuda,Alcântara,Passeio,BICICLETA,Sheffield standard,10,20,Sim,Privado,Interdito Micromobilidade,2/23/2022 12:00:00 AM,-1022536.11576048,4679882.20546014
16188,1774,Tapada da Ajuda,Alcântara,Passeio,BICICLETA,Sheffield standard,6,12,Não,Privado,Interdito Micromobilidade,2/17/2022 12:00:00 AM,-1022452.1450544,4680049.77134983
16189,1775,Tapada da Ajuda,Alcântara,Passeio,BICICLETA,Sheffield standard,5,10,Não,Privado,Interdito Micromobilidade,2/18/2022 12:00:00 AM,-1022447.56370816,4679927.45972729
16190,1776,Tapada da Ajuda,Alcântara,Via,BICICLETA,Sheffield standard,6,12,Não,Privado,Interdito Micromobilidade,2/6/2022 12:00:00 AM,-1022439.8281817,4680618.09901579
16191,1777,Tapada da Ajuda,Alcântara,Via,BICICLETA,Sheffield standard,10,20,Não,Privado,Interdito Micromobilidade,2/16/2022 12:00:00 AM,-1022338.18269947,4679835.31097876
16192,1778,Tapada da Ajuda,Alcântara,Passeio,BICICLETA,Sheffield standard,10,20,Não,Privado,Interdito Micromobilidade,2/11/2022 12:00:00 AM,-1022944.7563306,4681054.44881568
16193,1779,Estrada da Pontinha,Carnide,Passeio,BICICLETA,Sheffield standard,8,16,Não,Público,Partilhado com Micromobilidade,4/1/2022 12:00:00 AM,-1023557.53324419,4687767.52624483
16194,1780,Estrada do Alvito,Alcântara,Lugar estacionamento automóvel,BICICLETA,Sheffield standard,4,8,Não,Público,Partilhado com Micromobilidade,,-1022540.05415212,4681573.08423496
16195,1781,"Avenida D. João II, 40",Parque das Nações,Via,BICIPARQUE,,,,Sim,Privado,Interdito Micromobilidade,,-1012656.05719162,4688445.70865985
16196,1782,"Alameda dos Oceanos, 37 B",Parque das Nações,Passeio,BICICLETA,Sheffield standard,9,18,Não,Público,Partilhado com Micromobilidade,4/1/2022 12:00:00 AM,-1012614.25728661,4687617.17305066
16197,1783,Praça Príncipe Perfeito,Parque das Nações,Passeio,BICICLETA,Grelha,3,12,Não,Público,Partilhado com Micromobilidade,4/1/2022 12:00:00 AM,-1012841.20095245,4687548.64012223
16198,1786,Avenida Infante Dom Henrique,Santa Maria Maior,Passeio,HOTSPOT,Sheffield standard,2,9,Não,Público,Partilhado com Micromobilidade,7/3/2022 12:00:00 AM,-1016083.47136455,4680271.14804822
16199,1785,Largo José Saramago,Santa Maria Maior,Passeio,BICICLETA,Sheffield standard,3,6,Não,Público,Partilhado com Micromobilidade,7/8/2022 12:00:00 AM,-1016635.71590258,4680049.83040106
16200,1831,"Avenida Infante Dom Henrique, Armazém B",São Vicente,Passeio,HOTSPOT,Sheffield standard,2,9,Não,Público,Partilhado com Micromobilidade,7/8/2022 12:00:00 AM,-1015425.93757917,4680800.10570606
16201,1784,"Calçada da Patriarcal, 11",Santo António,Passeio,BICICLETA,Sheffield standard,2,4,Não,Público,Partilhado com Micromobilidade,7/23/2022 12:00:00 AM,-1018257.21009352,4681171.95490535
16202,1832,"Rua Barata Salgueiro, 19",Santo António,Passeio,HOTSPOT,Sheffield standard,2,9,Não,Público,Partilhado com Micromobilidade,8/12/2022 12:00:00 AM,-1018313.70389697,4681875.64138038
16203,1808,"Rua Prof. Mário Chicó, 2M",Lumiar,Passeio,BICICLETA,Sheffield standard,2,4,Não,Público,Partilhado com Micromobilidade,6/25/2022 12:00:00 AM,-1020583.90712079,4687521.72858086
16204,1975,"Rua Fernando Lopes Graça, 19H",Lumiar,Passeio,BICICLETA,Sheffield standard,2,4,Não,Público,Partilhado com Micromobilidade,7/13/2022 12:00:00 AM,-1020895.55409635,4688686.47383079
16205,1976,"Rua Fernando Lopes Graça, 23A",Lumiar,Passeio,BICICLETA,Sheffield standard,2,4,Não,Público,Partilhado com Micromobilidade,7/13/2022 12:00:00 AM,-1020976.8070206,4688661.2519042
16206,1977,"Alameda Mahatma Gandhi, 2",Lumiar,Passeio,BICICLETA,Sheffield standard,2,4,Não,Público,Partilhado com Micromobilidade,7/11/2022 12:00:00 AM,-1021160.85342968,4688671.93595287
16207,1978,"Alameda Mahatma Gandhi, 12",Lumiar,Passeio,BICICLETA,Sheffield standard,2,4,Não,Público,Partilhado com Micromobilidade,7/15/2022 12:00:00 AM,-1021186.77844948,4688811.74639577
16208,1979,"Rua Prof. Alfredo de Sousa, 8B",Lumiar,Passeio,BICICLETA,Sheffield standard,2,4,Não,Público,Partilhado com Micromobilidade,7/16/2022 12:00:00 AM,-1020963.25438296,4688836.92527576
16209,1980,"Rua Professor Orlando Ribeiro, 6E",Lumiar,Passeio,BICICLETA,Sheffield standard,2,4,Não,Público,Partilhado com Micromobilidade,7/18/2022 12:00:00 AM,-1020807.27104634,4688889.03047788
16210,1981,"Rua Duarte Vidal, 8",Lumiar,Passeio,BICICLETA,Sheffield standard,3,6,Não,Público,Partilhado com Micromobilidade,7/16/2022 12:00:00 AM,-1020825.43599943,4688949.05510798
16211,1982,"Rua Cidade da Beira, 46",Olivais,Passeio,BICICLETA,Sheffield standard,2,4,Não,Público,Partilhado com Micromobilidade,7/17/2022 12:00:00 AM,-1015685.13622713,4688279.12849559
16212,1983,Rua Mem de Sá,Alvalade,Passeio,BICICLETA,Sheffield standard,4,8,Não,Público,Partilhado com Micromobilidade,7/27/2022 12:00:00 AM,-1020657.17866869,4686788.33873482
16213,1984,"Rua Tomás da Fonseca, 36",Alvalade,Passeio,BICICLETA,Sheffield standard,2,4,Não,Público,Partilhado com Micromobilidade,7/14/2022 12:00:00 AM,-1020520.90696325,4686722.54363352
16214,1985,"Rua Tomás da Fonseca, 44",Alvalade,Passeio,BICICLETA,Sheffield standard,2,4,Não,Público,Partilhado com Micromobilidade,7/18/2022 12:00:00 AM,-1020396.6013225,4686714.37768288
16215,1986,"Rua Paul Harris, 9B",Alvalade,Passeio,BICICLETA,Sheffield standard,2,4,Não,Público,Partilhado com Micromobilidade,7/12/2022 12:00:00 AM,-1020407.26725785,4686251.08942056
16216,1987,"Rua Paul Harris, 1D",Alvalade,Passeio,BICICLETA,Sheffield standard,2,4,Não,Público,Partilhado com Micromobilidade,7/12/2022 12:00:00 AM,-1020330.62921213,4686153.24864815
16217,1988,"Avenida Rui Nogueira Simões, 2A",Alvalade,Passeio,BICICLETA,Sheffield standard,3,6,Não,Público,Partilhado com Micromobilidade,7/12/2022 12:00:00 AM,-1020369.10379223,4686145.94065226
16218,1989,"Avenida Rui Nogueira Simões, 12",Alvalade,Passeio,BICICLETA,Sheffield standard,3,6,Não,Público,Partilhado com Micromobilidade,7/12/2022 12:00:00 AM,-1020440.54294971,4686231.8819426
16219,1990,"Avenida Rui Nogueira Simões, 11",São Domingos de Benfica,Passeio,BICICLETA,Sheffield standard,3,6,Não,Público,Partilhado com Micromobilidade,7/22/2022 12:00:00 AM,-1020470.40650073,4686206.02810752
16220,1991,"Avenida Rui Nogueira Simões, 1A",São Domingos de Benfica,Passeio,BICICLETA,Sheffield standard,3,6,Não,Público,Partilhado com Micromobilidade,7/22/2022 12:00:00 AM,-1020401.01504466,4686121.42477835
16221,1992,"Rua Melvin Jones, 2D",São Domingos de Benfica,Passeio,BICICLETA,Sheffield standard,2,4,Não,Público,Partilhado com Micromobilidade,7/21/2022 12:00:00 AM,-1020414.15265402,4686084.53455538
16222,1993,"Rua Melvin Jones, 10B",São Domingos de Benfica,Passeio,BICICLETA,Sheffield standard,2,4,Não,Público,Partilhado com Micromobilidade,7/21/2022 12:00:00 AM,-1020494.88398284,4686183.29709215
16223,1994,"Largo Mário Neves, Polidesportivo",São Domingos de Benfica,Passeio,BICICLETA,Sheffield standard,2,4,Não,Público,Partilhado com Micromobilidade,7/22/2022 12:00:00 AM,-1020556.60321797,4686218.31775945
16224,1995,"Rua António Albino Machado, 19A",São Domingos de Benfica,Passeio,BICICLETA,Sheffield standard,2,4,Não,Público,Partilhado com Micromobilidade,7/22/2022 12:00:00 AM,-1020630.94111875,4686392.95110657
16225,1787,"Calçada da Ajuda, 25",Belém,Passeio,BICICLETA,Sheffield standard,3,6,Não,Público,Partilhado com Micromobilidade,7/30/2022 12:00:00 AM,-1024137.21243453,4678888.68404215
16226,1788,"Calçada da Ajuda, 10-12",Belém,Passeio,HOTSPOT,Sheffield standard,2,9,Não,Público,Interdito Micromobilidade,6/23/2022 12:00:00 AM,-1024080.18496772,4678477.14615843
16227,1789,"Rua Gonçalves Zarco, 2",Belém,Passeio,BICICLETA,Sheffield standard,2,4,Não,Público,Partilhado com Micromobilidade,7/5/2022 12:00:00 AM,-1024459.76990987,4679575.77099872
16228,1790,"Rua Gonçalves Zarco, 22",Belém,Passeio,BICICLETA,Sheffield standard,2,4,Não,Público,Partilhado com Micromobilidade,7/5/2022 12:00:00 AM,-1024757.14800335,4679529.7771078
16229,1791,"Rua Tristão Vaz, 2",Belém,Passeio,BICICLETA,Sheffield standard,2,4,Não,Público,Partilhado com Micromobilidade,7/5/2022 12:00:00 AM,-1024686.35815437,4679587.61473431
16230,1792,"Rua Conselheiro Martins de Carvalho, 10",Belém,Passeio,HOTSPOT,Sheffield standard,2,9,Não,Público,Partilhado com Micromobilidade,7/18/2022 12:00:00 AM,-1024709.58169601,4679697.52909332
16231,1793,Rua Nuno Bragança,Belém,Passeio,BICICLETA,Sheffield standard,2,4,Não,Público,Partilhado com Micromobilidade,7/7/2022 12:00:00 AM,-1024746.13556048,4679800.6920169
16232,1794,"Rua Tristão Vaz, 31",Belém,Passeio,BICICLETA,Sheffield standard,2,4,Não,Público,Partilhado com Micromobilidade,6/18/2022 12:00:00 AM,-1024795.9446764,4679855.86360613
16233,1795,Rua Tristão Vaz,Belém,Passeio,HOTSPOT,Sheffield standard,2,9,Não,Público,Partilhado com Micromobilidade,6/18/2022 12:00:00 AM,-1024851.36910509,4679997.46235779
16234,1796,"Rua Rodrigo Reinel, 3A",Belém,Passeio,BICICLETA,Sheffield standard,2,4,Não,Público,Partilhado com Micromobilidade,6/8/2022 12:00:00 AM,-1025080.47932517,4679992.51781067
16235,1797,Rua Diogo Afonso,Belém,Passeio,BICICLETA,Sheffield standard,2,4,Não,Público,Partilhado com Micromobilidade,7/17/2022 12:00:00 AM,-1024820.05075752,4679624.67191997
16236,1798,Rua Gonçalves Zarco,Belém,Passeio,BICICLETA,Sheffield standard,2,4,Não,Público,Partilhado com Micromobilidade,6/18/2022 12:00:00 AM,-1024913.62278944,4679379.25517139
16237,1799,"Avenida da Ilha da Madeira, 36",Belém,Passeio,BICICLETA,Sheffield standard,3,6,Não,Público,Partilhado com Micromobilidade,7/24/2022 12:00:00 AM,-1025051.37002923,4679779.55477015
16238,1800,"Avenida da Ilha da Madeira, 48",Belém,Passeio,HOTSPOT,Sheffield standard,2,9,Não,Público,Partilhado com Micromobilidade,6/18/2022 12:00:00 AM,-1025142.14979384,4679901.65014332
16239,1801,"Rua Gonçalo Velho Cabral, 48",Belém,Passeio,BICICLETA,Sheffield standard,2,4,Não,Público,Partilhado com Micromobilidade,7/21/2022 12:00:00 AM,-1025589.25295588,4679739.56086634
16240,1802,Rua dos Jerónimos,Belém,Passeio,HOTSPOT,Sheffield standard,2,9,Não,Público,Partilhado com Micromobilidade,6/18/2022 12:00:00 AM,-1024777.23375855,4678698.77871055
16241,1803,"Rua dos Jerónimos, 10",Belém,Passeio,HOTSPOT,Sheffield standard,2,9,Não,Público,Partilhado com Micromobilidade,6/23/2022 12:00:00 AM,-1024719.80392797,4678611.73321375
16242,1804,"Rua Professor Eduardo Araújo Coelho, 5",Lumiar,Passeio,HOTSPOT,Sheffield standard,2,9,Não,Público,Partilhado com Micromobilidade,6/28/2022 12:00:00 AM,-1020229.09602725,4687532.37710243
16243,1805,"Rua Prof. Fernando da Fonseca, 25C",Lumiar,Passeio,BICICLETA,Sheffield standard,2,4,Não,Público,Partilhado com Micromobilidade,7/5/2022 12:00:00 AM,-1020390.54049797,4687571.18268983
16244,1806,"Rua Prof. Vieira de Almeida, 4F",Lumiar,Passeio,BICICLETA,Sheffield standard,2,4,Não,Público,Partilhado com Micromobilidade,6/25/2022 12:00:00 AM,-1020427.04352145,4687559.11096542
16245,1807,"Rua Prof. Vieira de Almeida, 1B",Lumiar,Passeio,HOTSPOT,Sheffield standard,2,9,Não,Público,Partilhado com Micromobilidade,6/25/2022 12:00:00 AM,-1020455.69722049,4687480.2365103
16246,1809,"Rua Prof. Mário Chicó, Escola",Lumiar,Passeio,HOTSPOT,Sheffield standard,2,9,Não,Público,Partilhado com Micromobilidade,6/25/2022 12:00:00 AM,-1020653.59732282,4687744.57409342
16247,1810,"Rua Prof. Mário Chicó, 7",Lumiar,Passeio,BICICLETA,Sheffield standard,2,4,Não,Público,Partilhado com Micromobilidade,6/27/2022 12:00:00 AM,-1020658.29272859,4687598.7104433
16248,1811,"Rua Professor João Barreira, 21-25",Lumiar,Passeio,BICICLETA,Sheffield standard,3,6,Não,Público,Partilhado com Micromobilidade,6/25/2022 12:00:00 AM,-1020903.01091561,4687651.676921
16249,1812,"Rua Hermano Neves, 13",Lumiar,Passeio,HOTSPOT,Sheffield standard,2,9,Não,Público,Partilhado com Micromobilidade,7/5/2022 12:00:00 AM,-1020812.72771895,4687356.89585762
16250,1813,"Rua Hermano Neves, 18D",Lumiar,Passeio,HOTSPOT,Sheffield standard,2,9,Não,Público,Partilhado com Micromobilidade,6/27/2022 12:00:00 AM,-1020781.73696604,4687281.68275643
16251,1814,Jardim Prof. António de Sousa Franco,Lumiar,Passeio,BICICLETA,Sheffield standard,3,6,Não,Público,Partilhado com Micromobilidade,7/5/2022 12:00:00 AM,-1020668.73583294,4687370.64751281
16252,1815,"Rua Professor Francisco Gentil, 27C",Lumiar,Passeio,HOTSPOT,Sheffield standard,2,9,Não,Público,Partilhado com Micromobilidade,6/25/2022 12:00:00 AM,-1020620.5048542,4687420.5985904
16253,1816,"Rua Professor Francisco Gentil, 21A",Lumiar,Passeio,BICICLETA,Sheffield standard,3,6,Não,Público,Partilhado com Micromobilidade,6/25/2022 12:00:00 AM,-1020509.94517543,4687424.30522569
16254,1818,"Rua Poeta Bocage, 20C",Carnide,Passeio,BICICLETA,Sheffield standard,2,4,Não,Público,Partilhado com Micromobilidade,7/27/2022 12:00:00 AM,-1021877.77432845,4687877.35575833
16255,1819,"Rua Poeta Bocage, 5B",Carnide,Passeio,BICICLETA,Sheffield standard,2,4,Não,Público,Partilhado com Micromobilidade,6/27/2022 12:00:00 AM,-1021748.92456651,4687870.33002148
16256,1820,"Azinhaga da Torre do Fato, 29",Carnide,Passeio,BICICLETA,Sheffield standard,2,4,Não,Público,Partilhado com Micromobilidade,8/24/2022 12:00:00 AM,-1021588.52689625,4687845.46102325
16257,1821,Avenida das Nações Unidas,Carnide,Passeio,BICICLETA,Sheffield standard,2,4,Não,Público,Partilhado com Micromobilidade,6/27/2022 12:00:00 AM,-1021636.43706858,4687987.85198865
16258,1822,"Rua Aristides de Sousa Mendes, 2E",Carnide,Passeio,BICICLETA,Sheffield standard,2,4,Não,Público,Partilhado com Micromobilidade,6/25/2022 12:00:00 AM,-1021750.46498629,4687565.41685296
16259,1823,"Alameda da Quinta de Santo António, 2A",Lumiar,Passeio,HOTSPOT,Sheffield standard,2,9,Não,Público,Partilhado com Micromobilidade,6/25/2022 12:00:00 AM,-1021341.11222625,4687479.70061769
16260,1817,"Rua Padre Américo, 1A",Carnide,Passeio,BICICLETA,Sheffield standard,2,4,Não,Público,Partilhado com Micromobilidade,6/18/2022 12:00:00 AM,-1021891.01177782,4687393.66521341
16261,2010,"Jardim dos Jacarandás, 8D",Parque das Nações,Passeio,BICICLETA,Sheffield standard,4,8,Não,Público,Partilhado com Micromobilidade,8/1/2022 12:00:00 AM,-1012412.9822562,4690084.74751899
16263,1827,"Avenida Nuno Krus Abecasis, 40",Santa Clara,Passeio,BICICLETA,Sheffield standard,2,4,Não,Público,Partilhado com Micromobilidade,7/2/2022 12:00:00 AM,-1018702.31335058,4690152.45844742
16264,1828,"Avenida Sérgio Vieira de Mello, 17A",Santa Clara,Passeio,BICICLETA,Sheffield standard,2,4,Não,Público,Partilhado com Micromobilidade,7/2/2022 12:00:00 AM,-1018580.81500949,4690331.97815323
16265,1829,Rua Tavares Belo,Santa Clara,Passeio,BICICLETA,Sheffield standard,2,4,Não,Público,Partilhado com Micromobilidade,7/2/2022 12:00:00 AM,-1019440.90192493,4690531.15925146
16266,1833,"Avenida de Pádua, 10L",Olivais,Passeio,HOTSPOT,Sheffield standard,2,9,Não,Público,Partilhado com Micromobilidade,7/17/2022 12:00:00 AM,-1013617.40533606,4687781.85834357
16267,1830,"Rua Frederico de Brito, 1B",Santa Clara,Passeio,BICICLETA,Sheffield standard,2,4,Não,Público,Partilhado com Micromobilidade,7/2/2022 12:00:00 AM,-1019521.99134055,4690491.1916942
16268,1825,Largo José Saramago,Santa Maria Maior,Passeio,BICICLETA,Sheffield standard,3,6,Não,Público,Partilhado com Micromobilidade,7/8/2022 12:00:00 AM,-1016709.60024154,4680054.05806553
16269,1834,"Praça Nuno Rodrigues dos Santos, 2 H",São Domingos de Benfica,Passeio,BICICLETA,Sheffield standard,2,4,Não,Público,Partilhado com Micromobilidade,7/15/2022 12:00:00 AM,-1020505.27800724,4685132.35878783
16270,1835,"Praça Nuno Rodrigues dos Santos, 2H",São Domingos de Benfica,Passeio,BICICLETA,Sheffield standard,2,4,Não,Público,Partilhado com Micromobilidade,7/15/2022 12:00:00 AM,-1020450.05246428,4685089.79043283
16271,1836,Rua Cintura do Porto de Lisboa,Misericórdia,Passeio,HOTSPOT,Sheffield standard,2,9,Não,Público,Partilhado com Micromobilidade,7/5/2022 12:00:00 AM,-1018176.55649239,4679551.62754251
16272,1837,Avenida de Brasília,Estrela,Passeio,BICICLETA,Sheffield standard,3,6,Não,Público,Partilhado com Micromobilidade,7/24/2022 12:00:00 AM,-1020614.23097737,4679178.85802642
16273,1838,"Rua da Cintura do Porto de Lisboa, Edif Gonçalves Zarco",Estrela,Passeio,BICICLETA,Sheffield standard,3,6,Não,Público,Partilhado com Micromobilidade,7/24/2022 12:00:00 AM,-1020871.99755355,4679110.31644407
16274,1839,"Rua da Cintura do Porto de Lisboa, Edif Infante D. Henrique",Estrela,Passeio,BICICLETA,Sheffield standard,3,6,Não,Público,Partilhado com Micromobilidade,7/24/2022 12:00:00 AM,-1021050.37643801,4679075.78584407
16275,1840,Avenida de Brasília,Belém,Passeio,HOTSPOT,Sheffield standard,2,9,Não,Público,Partilhado com Micromobilidade,7/18/2022 12:00:00 AM,-1023042.71786063,4678306.33762201
16276,1841,Avenida de Brasília,Belém,Passeio,HOTSPOT,Sheffield standard,6,12,Não,Público,Partilhado com Micromobilidade,7/11/2022 12:00:00 AM,-1023884.97979776,4678113.18499089
16277,1842,Avenida de Brasília,Belém,Passeio,HOTSPOT,Sheffield standard,2,9,Não,Público,Partilhado com Micromobilidade,7/18/2022 12:00:00 AM,-1024902.72475967,4677986.56315808
16278,1843,"Rua Vila Correia, 1",Belém,Passeio,BICICLETA,Sheffield standard,2,4,Não,Público,Partilhado com Micromobilidade,7/17/2022 12:00:00 AM,-1025447.00431095,4678158.7951687
16279,1844,"Rua Bartolomeu Dias, 170",Belém,Passeio,BICICLETA,Sheffield standard,2,4,Não,Público,Partilhado com Micromobilidade,7/17/2022 12:00:00 AM,-1025735.51277981,4678087.9654487
16280,1853,"Avenida Miguel Bombarda, 16",Avenidas Novas,Passeio,BICICLETA,Sheffield standard,6,12,Não,Público,Partilhado com Micromobilidade,7/11/2022 12:00:00 AM,-1018206.96453759,4684098.46987921
16281,1854,"Avenida Carlos Paredes, Escola",Lumiar,Passeio,BICICLETA,Sheffield standard,6,12,Não,Privado,Interdito Micromobilidade,9/16/2021 12:00:00 AM,-1019030.92589047,4689424.51551532
16282,1855,"Largo de Santos, 2D",Estrela,Passeio,HOTSPOT,Sheffield standard,4,12,Não,Público,Partilhado com Micromobilidade,7/16/2022 12:00:00 AM,-1019139.72786515,4679802.42903495
16283,1845,"Rua Cidade de Cádiz, 9",São Domingos de Benfica,Passeio,BICICLETA,Sheffield standard,2,4,Não,Público,Partilhado com Micromobilidade,7/16/2022 12:00:00 AM,-1021597.34316656,4686682.91316482
16284,1846,"Rua Raquel Roque Gameiro, 10",São Domingos de Benfica,Passeio,BICICLETA,Sheffield standard,2,4,Não,Público,Partilhado com Micromobilidade,7/16/2022 12:00:00 AM,-1021349.35526688,4685162.42021454
16285,1847,"Rua Prof. Simões Raposo, 5D",Lumiar,Passeio,BICICLETA,Sheffield standard,2,4,Não,Público,Partilhado com Micromobilidade,6/25/2022 12:00:00 AM,-1021226.88937009,4687490.788331
16286,1848,"Rua Professor Mira Fernandes, Lote 10",Beato,Passeio,BICICLETA,Sheffield standard,2,4,Não,Público,Partilhado com Micromobilidade,7/21/2022 12:00:00 AM,-1015555.57712081,4684284.43394289
16287,1849,"Rua Professor Mira Fernandes, Lote 11",Beato,Passeio,BICICLETA,Sheffield standard,2,4,Não,Público,Partilhado com Micromobilidade,7/19/2022 12:00:00 AM,-1015518.0994822,4684282.88987366
16288,1850,Rua Sousa Pinto,Santo António,Passeio,HOTSPOT,Sheffield standard,4,12,Não,Público,Partilhado com Micromobilidade,7/2/2022 12:00:00 AM,-1019363.68950132,4682268.93078839
16289,1851,"Travessa dos Prazeres, Escola",Campo de Ourique,Passeio,BICICLETA,Sheffield standard,12,24,Não,Privado,Interdito Micromobilidade,8/24/2022 12:00:00 AM,-1020455.33836676,4680808.93723714
16290,1852,"Rua Príncipe do Mónaco, Escola",Parque das Nações,Passeio,BICICLETA,Sheffield standard,8,16,Não,Privado,Interdito Micromobilidade,8/18/2022 12:00:00 AM,-1012729.91431383,4690922.96849877
16291,1856,"Avenida Magalhães Lima, Escola",Areeiro,Passeio,BICICLETA,Sheffield standard,5,10,Não,Público,Partilhado com Micromobilidade,7/28/2022 12:00:00 AM,-1017489.86426419,4684428.20592896
16292,1857,"Avenida Magalhães Lima, Escola",Areeiro,Passeio,BICICLETA,Sheffield standard,5,10,Não,Público,Partilhado com Micromobilidade,7/28/2022 12:00:00 AM,-1017503.29790555,4684467.03798865
16293,1858,"Rua Conde de Sabugosa, 14 ",Alvalade,Passeio,BICICLETA,Sheffield standard,1,2,Não,Público,Partilhado com Micromobilidade,6/16/2022 12:00:00 AM,-1017464.33924716,4685604.93012112
16294,1859,"Avenida dos Estados Unidos da América, 91",Alvalade,Passeio,BICICLETA,Sheffield standard,2,4,Não,Público,Partilhado com Micromobilidade,6/16/2022 12:00:00 AM,-1017499.63491674,4685789.80496593
16295,1860,"Rua Coronel Bento Roma, 14",Alvalade,Passeio,BICICLETA,Sheffield standard,2,4,Não,Público,Partilhado com Micromobilidade,6/18/2022 12:00:00 AM,-1017179.70765372,4685696.3647104
16296,1861,"Rua Antero de Figueiredo, 16",Alvalade,Passeio,BICICLETA,Sheffield standard,4,8,Não,Público,Partilhado com Micromobilidade,6/16/2022 12:00:00 AM,-1017333.70341606,4685465.35069286
16297,1862,Rua Bulhão Pato,Alvalade,Passeio,HOTSPOT,Sheffield standard,2,9,Não,Público,Partilhado com Micromobilidade,6/17/2022 12:00:00 AM,-1017298.82370429,4685451.27794035
16298,1863,Rua Antero de Figueiredo,Alvalade,Passeio,BICICLETA,Sheffield standard,2,4,Não,Público,Partilhado com Micromobilidade,7/18/2022 12:00:00 AM,-1017126.41047296,4685376.46851395
16299,1864,"Rua General Pimenta de Castro, 7D",Alvalade,Passeio,BICICLETA,Sheffield standard,2,4,Não,Público,Partilhado com Micromobilidade,6/16/2022 12:00:00 AM,-1016862.49660025,4685454.20996337
16300,1865,"Rua dos Lagares D'El-Rei, Lote 1335",Alvalade,Passeio,BICICLETA,Sheffield standard,2,4,Não,Público,Partilhado com Micromobilidade,6/16/2022 12:00:00 AM,-1016830.8946216,4685523.27318411
16301,1866,"Avenida Frei Miguel Contreiras, 14",Alvalade,Passeio,BICICLETA,Sheffield standard,2,4,Não,Público,Partilhado com Micromobilidade,6/17/2022 12:00:00 AM,-1016711.49015624,4685384.94118243
16302,1867,"Avenida Frei Miguel Contreiras, 10",Alvalade,Passeio,BICICLETA,Sheffield standard,2,4,Não,Público,Partilhado com Micromobilidade,6/17/2022 12:00:00 AM,-1016662.24343862,4685389.22325665
16303,1868,"Largo Cristovão Aires, 6B",Alvalade,Passeio,BICICLETA,Sheffield standard,2,4,Não,Público,Partilhado com Micromobilidade,6/17/2022 12:00:00 AM,-1016595.28805456,4685478.57327688
16304,1869,"Largo Fernandes Costa, 6B",Alvalade,Passeio,BICICLETA,Sheffield standard,2,4,Não,Público,Partilhado com Micromobilidade,7/17/2022 12:00:00 AM,-1016593.34780117,4685565.00010268
16305,1870,"Largo Rodrigues Cordeiro, 6B",Alvalade,Passeio,BICICLETA,Sheffield standard,2,4,Não,Público,Partilhado com Micromobilidade,6/18/2022 12:00:00 AM,-1016593.82529142,4685650.21056741
16306,1871,"Avenida São João de Deus, 7H",Areeiro,Passeio,BICICLETA,Sheffield standard,2,4,Não,Público,Partilhado com Micromobilidade,6/18/2022 12:00:00 AM,-1016711.5105068,4685294.18267822
16307,1872,"Avenida São João de Deus, 23",Areeiro,Passeio,HOTSPOT,Sheffield standard,2,9,Não,Público,Partilhado com Micromobilidade,6/17/2022 12:00:00 AM,-1016992.21938363,4685262.52478339
16308,1873,"Avenida de Madrid, 29A",Areeiro,Passeio,BICICLETA,Sheffield standard,2,4,Não,Público,Partilhado com Micromobilidade,7/13/2022 12:00:00 AM,-1017209.898314,4685125.45205471
16309,1874,"Rua Edison, 8A",Areeiro,Passeio,BICICLETA,Sheffield standard,2,4,Não,Público,Partilhado com Micromobilidade,6/17/2022 12:00:00 AM,-1017300.71403961,4685107.65611122
16310,1875,"Avenida Padre Manuel da Nóbrega, 7",Areeiro,Passeio,BICICLETA,Sheffield standard,4,8,Não,Público,Partilhado com Micromobilidade,6/17/2022 12:00:00 AM,-1016777.8715546,4684976.00190929
16311,1876,"Avenida de Madrid, 2D",Areeiro,Passeio,BICICLETA,Sheffield standard,2,4,Não,Público,Partilhado com Micromobilidade,7/13/2022 12:00:00 AM,-1016825.59579061,4684997.14867379
16312,1877,"Avenida Padre Manuel da Nóbrega, 17C",Areeiro,Passeio,BICICLETA,Sheffield standard,2,4,Não,Público,Partilhado com Micromobilidade,6/17/2022 12:00:00 AM,-1016852.59519781,4685176.35692736
16313,1878,"Avenida do Rio de Janeiro, 30A",Alvalade,Passeio,BICICLETA,Sheffield standard,3,6,Não,Público,Partilhado com Micromobilidade,6/30/2022 12:00:00 AM,-1017226.51445294,4686349.22750952
16314,1879,"Avenida do Rio de Janeiro, 6",Alvalade,Passeio,BICICLETA,Sheffield standard,2,4,Não,Público,Partilhado com Micromobilidade,7/9/2022 12:00:00 AM,-1017160.68696517,4685967.61099656
16315,1880,"Avenida de Roma, 76",Alvalade,Passeio,BICICLETA,Sheffield standard,2,4,Não,Público,Partilhado com Micromobilidade,7/9/2022 12:00:00 AM,-1017779.34780027,4686112.87674527
16316,1916,"Avenida de Ceuta, Estação",Estrela,Passeio,BICICLETA,Sheffield standard,8,16,Não,Público,Partilhado com Micromobilidade,7/7/2022 12:00:00 AM,-1021186.76585723,4679768.96617318
16317,1917,Largo dos Caminhos de Ferro,São Vicente,Passeio,BICICLETA,Sheffield standard,4,8,Não,Privado,Interdito Micromobilidade,7/23/2022 12:00:00 AM,-1015574.58248412,4680705.03587984
16318,1918,Cais do Gás,Misericórdia,Passeio,BICICLETA,Sheffield standard,4,8,Não,Público,Partilhado com Micromobilidade,7/17/2022 12:00:00 AM,-1018000.99979377,4679544.70018428
16319,1919,Rua da Venezuela,Benfica,Passeio,BICICLETA,Sheffield standard,6,12,Não,Público,Partilhado com Micromobilidade,7/28/2022 12:00:00 AM,-1024147.1102464,4685170.13517808
16320,1905,"Rua Jorge Colaço, 2",Alvalade,Passeio,BICICLETA,Sheffield standard,2,4,Não,Público,Partilhado com Micromobilidade,6/16/2022 12:00:00 AM,-1017328.65595847,4687244.04171417
16321,1906,"Rua Bartolomeu Dias, 84",Belém,Passeio,BICICLETA,Sheffield standard,3,6,Não,Público,Partilhado com Micromobilidade,9/1/2022 12:00:00 AM,-1025372.11588388,4678177.79622763
16322,1907,"Rua Martins Barata, 6",Belém,Passeio,BICICLETA,Sheffield standard,2,4,Não,Público,Partilhado com Micromobilidade,7/22/2022 12:00:00 AM,-1025406.16231283,4678263.50003872
16323,1908,"Avenida Dom Rodrigo da Cunha, 6A",Alvalade,Passeio,BICICLETA,Sheffield standard,2,4,Não,Público,Partilhado com Micromobilidade,6/16/2022 12:00:00 AM,-1016505.7314279,4686572.69858558
16324,1909,"Rua Conde de Ficalho, 2",Alvalade,Passeio,BICICLETA,Sheffield standard,4,8,Não,Privado,Interdito Micromobilidade,5/30/2022 12:00:00 AM,-1016564.85680828,4686611.70277452
16325,1910,"Avenida Dom Rodrigo da Cunha, 13",Alvalade,Passeio,BICICLETA,Sheffield standard,2,4,Não,Público,Partilhado com Micromobilidade,6/16/2022 12:00:00 AM,-1016795.26183807,4686593.30420661
16326,1911,"Avenida Dom Rodrigo da Cunha, 20",Alvalade,Passeio,BICICLETA,Sheffield standard,2,4,Não,Público,Partilhado com Micromobilidade,6/16/2022 12:00:00 AM,-1016805.5990819,4686616.47433363
16327,1912,"Avenida Santa Joana Princesa, 3",Alvalade,Passeio,BICICLETA,Sheffield standard,2,4,Não,Público,Partilhado com Micromobilidade,7/9/2022 12:00:00 AM,-1017011.91125781,4686625.5056859
16328,1913,Avenida Dom Rodrigo da Cunha,Alvalade,Passeio,BICICLETA,Sheffield standard,2,4,Não,Público,Partilhado com Micromobilidade,7/9/2022 12:00:00 AM,-1017009.59418843,4686646.04619881
16329,1914,"Avenida Santa Joana Princesa, 23B",Alvalade,Passeio,BICICLETA,Sheffield standard,2,4,Não,Público,Partilhado com Micromobilidade,5/30/2022 12:00:00 AM,-1017248.4447281,4686572.68464231
16330,1915,"Largo Frei Heitor Pinto, 7",Alvalade,Passeio,BICICLETA,Sheffield standard,4,8,Não,Público,Partilhado com Micromobilidade,5/30/2022 12:00:00 AM,-1017320.70294472,4686562.19148622
16331,2011,"Estrada de Benfica, 521B",Benfica,Passeio,BICICLETA,Sheffield standard,2,4,Não,Público,Partilhado com Micromobilidade,7/17/2022 12:00:00 AM,-1023353.04753184,4685853.35353821
16332,2012,"Estrada de Benfica, 604",Benfica,Passeio,HOTSPOT,Sheffield standard,2,9,Não,Público,Partilhado com Micromobilidade,7/12/2022 12:00:00 AM,-1024125.86922816,4686025.75644398
16333,1920,"Alameda das Linhas de Torres, 37",Lumiar,Passeio,BICICLETA,Sheffield standard,2,4,Não,Público,Partilhado com Micromobilidade,7/4/2022 12:00:00 AM,-1019293.60428054,4687677.17237088
16334,1921,"Rua Frederico George, 39",Lumiar,Passeio,BICICLETA,Sheffield standard,5,10,Não,Público,Partilhado com Micromobilidade,7/12/2022 12:00:00 AM,-1020265.22380396,4688747.59837295
16335,1922,"Rua Rainha Dona Luísa de Gusmão, 7C",Lumiar,Passeio,BICICLETA,Sheffield standard,2,4,Não,Público,Partilhado com Micromobilidade,7/28/2022 12:00:00 AM,-1019656.1611512,4688436.91982231
16336,1923,"Rua Rainha Dona Luísa de Gusmão, 10C",Lumiar,Passeio,BICICLETA,Sheffield standard,6,12,Não,Público,Partilhado com Micromobilidade,7/10/2022 12:00:00 AM,-1019597.74704948,4688405.85394116
16337,1924,"Rua Rainha Dona Luísa de Gusmão, 3-7",Lumiar,Passeio,BICICLETA,Sheffield standard,6,12,Não,Público,Partilhado com Micromobilidade,7/10/2022 12:00:00 AM,-1019643.38678086,4688365.69808739
16338,1925,"Avenida Rainha Dona Amélia, 26",Lumiar,Passeio,BICICLETA,Sheffield standard,2,4,Não,Público,Partilhado com Micromobilidade,6/28/2022 12:00:00 AM,-1019719.10208945,4688336.15980885
16339,1926,"Avenida Rainha Dona Amélia, 32",Lumiar,Passeio,BICICLETA,Sheffield standard,2,4,Não,Público,Partilhado com Micromobilidade,6/28/2022 12:00:00 AM,-1019774.78006525,4688333.08206318
16340,1927,"Praça Rainha Santa, 11",Lumiar,Passeio,BICICLETA,Sheffield standard,2,4,Não,Público,Partilhado com Micromobilidade,6/28/2022 12:00:00 AM,-1019858.45316246,4688348.47117291
16341,1928,Praça Rainha Santa,Lumiar,Passeio,BICICLETA,Sheffield standard,2,4,Não,Público,Partilhado com Micromobilidade,6/28/2022 12:00:00 AM,-1019894.74480554,4688381.51029844
16342,1929,"Praça Rainha Santa, 1",Lumiar,Passeio,BICICLETA,Sheffield standard,2,4,Não,Público,Partilhado com Micromobilidade,7/4/2022 12:00:00 AM,-1019933.26389755,4688356.23533763
16343,1930,"Praça Rainha Santa, 6 ",Lumiar,Passeio,BICICLETA,Sheffield standard,2,4,Não,Público,Partilhado com Micromobilidade,6/29/2022 12:00:00 AM,-1019911.38478811,4688445.12371644
16344,1931,"Praça Rainha Santa, 7 ",Lumiar,Passeio,BICICLETA,Sheffield standard,2,4,Não,Público,Partilhado com Micromobilidade,6/28/2022 12:00:00 AM,-1019856.70289467,4688441.83148582
16345,1932,"Praça Rainha Dona Filipa, 4D",Lumiar,Passeio,BICICLETA,Sheffield standard,2,4,Não,Público,Partilhado com Micromobilidade,7/4/2022 12:00:00 AM,-1020057.86430726,4688419.30559715
16346,1933,"Rua Prof. Aires de Sousa, 2A",Lumiar,Passeio,BICICLETA,Sheffield standard,2,4,Não,Público,Partilhado com Micromobilidade,7/18/2022 12:00:00 AM,-1020663.74824598,4687063.51172517
16347,1934,Rua Prof. Manuel Cavaleiro de Ferreira,Lumiar,Passeio,BICICLETA,Sheffield standard,2,4,Não,Público,Partilhado com Micromobilidade,7/20/2022 12:00:00 AM,-1020890.72523554,4687173.20567846
16348,1935,"Alameda da Quinta de Santo António, 1B",Lumiar,Passeio,BICICLETA,Sheffield standard,2,4,Não,Público,Partilhado com Micromobilidade,6/25/2022 12:00:00 AM,-1021345.21339157,4687452.30587746
16349,1936,"Alameda da Quinta de Santo António, 5F",Lumiar,Passeio,HOTSPOT,Sheffield standard,2,9,Não,Público,Partilhado com Micromobilidade,7/4/2022 12:00:00 AM,-1021421.41764423,4687484.82218884
16350,1937,"Rua Prof. Mário de Albuquerque, 15G",Lumiar,Passeio,BICICLETA,Sheffield standard,2,4,Não,Público,Partilhado com Micromobilidade,7/4/2022 12:00:00 AM,-1021340.4835849,4687637.35901431
16351,1938,"Rua Prof. Carlos Teixeira, 7D",Lumiar,Passeio,BICICLETA,Sheffield standard,2,4,Não,Público,Partilhado com Micromobilidade,6/23/2022 12:00:00 AM,-1021308.05273607,4687767.47251951
16352,1939,"Rua Prof. Moisés Amzalak, 9D",Lumiar,Passeio,BICICLETA,Sheffield standard,2,4,Não,Público,Partilhado com Micromobilidade,6/23/2022 12:00:00 AM,-1021364.60641978,4687831.47416937
16353,1940,"Rua Prof. Moisés Amzalak, 6",Lumiar,Passeio,HOTSPOT,Sheffield standard,2,9,Não,Público,Partilhado com Micromobilidade,7/4/2022 12:00:00 AM,-1021401.20214623,4687848.24421167
16354,1941,"Rua Prof. Luís da Cunha Gonçalves, Escola",Lumiar,Passeio,BICICLETA,Sheffield standard,2,4,Não,Público,Partilhado com Micromobilidade,6/20/2022 12:00:00 AM,-1021494.64810436,4687757.51807697
16355,1942,"Rua José Pontes, 7A",Lumiar,Passeio,BICICLETA,Sheffield standard,2,4,Não,Público,Partilhado com Micromobilidade,6/20/2022 12:00:00 AM,-1021678.72344631,4687485.45336055
16356,1943,"Avenida Dr. Augusto de Castro, 2B",Marvila,Passeio,BICICLETA,Sheffield standard,2,4,Não,Público,Partilhado com Micromobilidade,6/29/2022 12:00:00 AM,-1014609.55686201,4686516.23069416
16357,1944,"Rua Luiz Pacheco, Lote 107",Marvila,Via,BICICLETA,Sheffield standard,2,4,Não,Público,Partilhado com Micromobilidade,6/29/2022 12:00:00 AM,-1014612.36570424,4686366.90197903
16358,1945,"Rua Luiz Pacheco, Lote 25",Marvila,Passeio,HOTSPOT,Sheffield standard,2,9,Não,Público,Partilhado com Micromobilidade,6/29/2022 12:00:00 AM,-1014709.93571981,4686445.63004536
16359,1946,"Rua Actriz Palmira Bastos, 8",Marvila,Passeio,BICICLETA,Sheffield standard,2,4,Não,Público,Partilhado com Micromobilidade,7/30/2022 12:00:00 AM,-1014488.31790345,4686493.78268764
16360,1947,"Rua Actriz Palmira Bastos, 8",Marvila,Passeio,BICICLETA,Sheffield standard,2,4,Não,Público,Partilhado com Micromobilidade,7/30/2022 12:00:00 AM,-1014493.00631873,4686466.37919598
16361,1948,"Rua Actriz Palmira Bastos, Lote 41",Marvila,Passeio,BICICLETA,Sheffield standard,2,4,Não,Público,Partilhado com Micromobilidade,7/30/2022 12:00:00 AM,-1014506.1325706,4686550.25013709
16362,1949,"Rua Actriz Palmira Bastos, Lote 39",Marvila,Passeio,BICICLETA,Sheffield standard,2,4,Não,Público,Partilhado com Micromobilidade,7/30/2022 12:00:00 AM,-1014491.11101603,4686615.86898014
16363,1950,"Rua Actriz Palmira Bastos, Lote 37",Marvila,Passeio,BICICLETA,Sheffield standard,2,4,Não,Público,Partilhado com Micromobilidade,7/30/2022 12:00:00 AM,-1014473.58779066,4686637.55908468
16364,1951,"Rua Actriz Palmira Bastos, 14",Marvila,Passeio,BICICLETA,Sheffield standard,2,4,Não,Público,Partilhado com Micromobilidade,7/30/2022 12:00:00 AM,-1014397.13619796,4686674.57994638
16365,1952,"Rua Actriz Palmira Bastos, 12",Marvila,Passeio,BICICLETA,Sheffield standard,2,4,Não,Público,Partilhado com Micromobilidade,7/30/2022 12:00:00 AM,-1014451.06525291,4686622.55948959
16366,1953,"Rua Manuel Teixeira Gomes, Lote 103",Marvila,Passeio,BICICLETA,Sheffield standard,2,4,Não,Público,Partilhado com Micromobilidade,6/29/2022 12:00:00 AM,-1014485.0999017,4686309.60496275
16367,1954,"Rua Oliveira Cadumega, Lote 55",Marvila,Passeio,BICICLETA,Sheffield standard,2,4,Não,Público,Partilhado com Micromobilidade,7/2/2022 12:00:00 AM,-1014076.48188987,4686545.13498761
16368,1955,"Rua Oliveira Cadumega, Lote 51",Marvila,Passeio,BICICLETA,Sheffield standard,2,4,Não,Público,Partilhado com Micromobilidade,7/2/2022 12:00:00 AM,-1014175.51343681,4686569.96378188
16369,1956,"Avenida dos Estados Unidos da América, 38-40",Alvalade,Passeio,BICICLETA,Sheffield standard,4,8,Não,Público,Partilhado com Micromobilidade,7/9/2022 12:00:00 AM,-1017037.54617127,4685865.08393791
16370,1957,"Avenida dos Estados Unidos da América, 30-32",Alvalade,Passeio,BICICLETA,Sheffield standard,4,8,Não,Público,Partilhado com Micromobilidade,7/10/2022 12:00:00 AM,-1016945.86499039,4685858.74430018
16371,1958,"Avenida dos Estados Unidos da América, 22-24",Alvalade,Passeio,BICICLETA,Sheffield standard,4,8,Não,Público,Partilhado com Micromobilidade,7/10/2022 12:00:00 AM,-1016853.30254732,4685853.2744608
16372,1959,Rua Francisco Lourenço da Fonseca,Alvalade,Passeio,BICICLETA,Sheffield standard,2,4,Não,Público,Partilhado com Micromobilidade,7/18/2022 12:00:00 AM,-1016739.36495352,4685819.01828933
16373,1960,"Avenida dos Estados Unidos da América, 35 ",Alvalade,Passeio,BICICLETA,Sheffield standard,2,4,Não,Público,Partilhado com Micromobilidade,7/10/2022 12:00:00 AM,-1016929.95969294,4685758.66754737
16374,1961,"Avenida dos Estados Unidos da América, 55",Alvalade,Passeio,BICICLETA,Sheffield standard,3,6,Não,Público,Partilhado com Micromobilidade,7/10/2022 12:00:00 AM,-1017184.23305126,4685774.64745918
16375,1962,"Rua Abel Salazar, 4",Lumiar,Passeio,BICICLETA,Sheffield standard,2,4,Não,Público,Partilhado com Micromobilidade,7/11/2022 12:00:00 AM,-1020533.39524687,4688430.08648102
16376,1963,"Rua Armindo Rodrigues, 36A",Lumiar,Passeio,BICICLETA,Sheffield standard,2,4,Não,Público,Partilhado com Micromobilidade,7/12/2022 12:00:00 AM,-1020492.02474095,4688612.88537634
16377,1964,"Rua Frederico George, 37 ",Lumiar,Passeio,BICICLETA,Sheffield standard,5,10,Não,Público,Partilhado com Micromobilidade,7/11/2022 12:00:00 AM,-1020290.81382772,4688788.11605815
16378,1965,"Rua Frederico George, 23",Lumiar,Via,BICICLETA,Sheffield standard,1,2,Não,Público,Partilhado com Micromobilidade,7/27/2022 12:00:00 AM,-1020610.56902533,4688606.9735029
16379,1966,"Rua Frederico George, 10C",Lumiar,Via,BICICLETA,Sheffield standard,1,2,Não,Público,Partilhado com Micromobilidade,7/12/2022 12:00:00 AM,-1020652.92703877,4688567.21281666
16380,1967,"Rua Prof. Prado Coelho, 19A",Lumiar,Passeio,BICICLETA,Sheffield standard,3,6,Não,Público,Partilhado com Micromobilidade,7/16/2022 12:00:00 AM,-1021016.17096178,4688124.90965483
16381,1968,"Rua Prof. Prado Coelho, 15A",Lumiar,Passeio,BICICLETA,Sheffield standard,3,6,Não,Público,Partilhado com Micromobilidade,7/15/2022 12:00:00 AM,-1021028.80499075,4688075.80814534
16382,1969,"Rua Mário Dionísio, 4A",Lumiar,Passeio,BICICLETA,Sheffield standard,2,4,Não,Público,Partilhado com Micromobilidade,7/11/2022 12:00:00 AM,-1020929.04896001,4687851.66729658
16383,1970,"Rua Fernando Lopes Graça, 4",Lumiar,Passeio,BICICLETA,Sheffield standard,2,4,Não,Público,Partilhado com Micromobilidade,7/10/2022 12:00:00 AM,-1020683.08120238,4688825.95834949
16384,1971,"Rua Fernando Lopes Graça, 9C",Lumiar,Passeio,BICICLETA,Sheffield standard,2,4,Não,Público,Partilhado com Micromobilidade,7/12/2022 12:00:00 AM,-1020760.77240251,4688764.26565541
16385,1972,"Rua Fernando Lopes Graça, 11",Lumiar,Passeio,BICICLETA,Sheffield standard,2,4,Não,Público,Partilhado com Micromobilidade,7/13/2022 12:00:00 AM,-1020806.16879748,4688740.34440726
16386,1973,"Rua Fernando Lopes Graça, 12C",Lumiar,Passeio,BICICLETA,Sheffield standard,2,4,Não,Público,Partilhado com Micromobilidade,7/11/2022 12:00:00 AM,-1020841.22969903,4688737.52242431
16387,1974,"Rua Fernando Lopes Graça, 14",Lumiar,Passeio,BICICLETA,Sheffield standard,1,2,Não,Público,Partilhado com Micromobilidade,7/11/2022 12:00:00 AM,-1020877.60665962,4688717.71201212
16388,1996,"Rua Joaquim Rocha Cabral, 24A",Alvalade,Passeio,BICICLETA,Sheffield standard,2,4,Não,Público,Partilhado com Micromobilidade,7/14/2022 12:00:00 AM,-1020394.47228756,4686480.56765288
16389,1997,"Rua António Albino Machado, 28",Alvalade,Passeio,BICICLETA,Sheffield standard,1,2,Não,Público,Partilhado com Micromobilidade,9/13/2022 12:00:00 AM,-1020632.47896574,4686434.0845957
16390,1998,"Rua Tomás da Fonseca, 26B",São Domingos de Benfica,Passeio,BICICLETA,Sheffield standard,2,4,Não,Público,Partilhado com Micromobilidade,7/22/2022 12:00:00 AM,-1020868.44264767,4686753.78511519
16391,1999,Rua Primeiro de Dezembro,Santa Maria Maior,Passeio,BICICLETA,Sheffield standard,2,4,Não,Privado,Interdito Micromobilidade,7/18/2022 12:00:00 AM,-1017521.37823815,4680847.0268345
16392,1881,"Rua João de Freitas Branco, 2",São Domingos de Benfica,Passeio,BICICLETA,Sheffield standard,2,4,Não,Público,Partilhado com Micromobilidade,7/15/2022 12:00:00 AM,-1021888.01568598,4685746.61790653
16393,1882,"Rua Cidade de Rabat, 56",São Domingos de Benfica,Passeio,BICICLETA,Sheffield standard,3,6,Não,Público,Partilhado com Micromobilidade,7/15/2022 12:00:00 AM,-1021902.79018295,4685669.33431269
16394,1883,"Rua Maestro Frederico de Freitas, 1",São Domingos de Benfica,Passeio,BICICLETA,Sheffield standard,2,4,Não,Público,Partilhado com Micromobilidade,7/16/2022 12:00:00 AM,-1021997.63887042,4685662.08527217
16395,1884,"Rua Maestro Frederico de Freitas, 9",São Domingos de Benfica,Passeio,BICICLETA,Sheffield standard,3,3,Não,Público,Partilhado com Micromobilidade,7/16/2022 12:00:00 AM,-1022085.22566691,4685676.17157917
16396,1885,"Rua Maestro Frederico de Freitas, 13F",São Domingos de Benfica,Passeio,BICICLETA,Sheffield standard,2,4,Não,Público,Partilhado com Micromobilidade,7/15/2022 12:00:00 AM,-1022133.80858659,4685701.90589414
16397,1886,Largo Carlos Selvagem,São Domingos de Benfica,Passeio,BICICLETA,Sheffield standard,2,4,Não,Público,Partilhado com Micromobilidade,7/20/2022 12:00:00 AM,-1022749.37239865,4685992.57626092
16398,1887,"Rua Professor Reinaldo dos Santos, 22E",São Domingos de Benfica,Passeio,BICICLETA,Sheffield standard,2,4,Não,Público,Partilhado com Micromobilidade,7/16/2022 12:00:00 AM,-1022836.83062685,4685868.78255228
16399,1888,"Rua Professor Reinaldo dos Santos, 14C",São Domingos de Benfica,Passeio,BICICLETA,Sheffield standard,2,4,Não,Público,Partilhado com Micromobilidade,7/16/2022 12:00:00 AM,-1022823.22194378,4685782.00411564
16400,1889,"Rua Professor Reinaldo dos Santos, 21",São Domingos de Benfica,Passeio,HOTSPOT,Sheffield standard,2,9,Não,Público,Partilhado com Micromobilidade,7/20/2022 12:00:00 AM,-1022849.77266446,4685764.34672582
16401,1890,"Rua Professor Reinaldo dos Santos, 11",São Domingos de Benfica,Passeio,BICICLETA,Sheffield standard,2,4,Não,Público,Partilhado com Micromobilidade,7/20/2022 12:00:00 AM,-1022859.59534218,4685668.05212698
16402,1891,"Estrada de Benfica, 431A",São Domingos de Benfica,Passeio,BICICLETA,Sheffield standard,2,4,Não,Público,Partilhado com Micromobilidade,7/21/2022 12:00:00 AM,-1022468.22614139,4685463.90597911
16403,1892,"Rua Professor Reinaldo dos Santos, 5B",São Domingos de Benfica,Passeio,BICICLETA,Sheffield standard,3,6,Não,Público,Partilhado com Micromobilidade,7/20/2022 12:00:00 AM,-1022865.38244477,4685613.12441187
16404,1893,"Estrada de Benfica, 461A",São Domingos de Benfica,Passeio,BICICLETA,Sheffield standard,3,6,Não,Público,Partilhado com Micromobilidade,7/22/2022 12:00:00 AM,-1022864.45186867,4685508.49601211
16405,1894,"Estrada de Benfica, 420",São Domingos de Benfica,Passeio,BICICLETA,Sheffield standard,2,4,Não,Público,Partilhado com Micromobilidade,7/21/2022 12:00:00 AM,-1022811.89644312,4685522.43934764
16406,1895,"Rua Professor Reinaldo dos Santos, 4",São Domingos de Benfica,Passeio,HOTSPOT,Sheffield standard,2,9,Não,Público,Partilhado com Micromobilidade,7/21/2022 12:00:00 AM,-1022839.2255292,4685573.18037434
16407,1896,"Rua Professor Reinaldo dos Santos, 8A",São Domingos de Benfica,Passeio,BICICLETA,Sheffield standard,3,6,Não,Público,Partilhado com Micromobilidade,7/22/2022 12:00:00 AM,-1022802.87632472,4685645.68899404
16408,1897,"Rua Manuel Ferreira de Andrade, 18B",São Domingos de Benfica,Passeio,BICICLETA,Sheffield standard,2,4,Não,Público,Partilhado com Micromobilidade,7/22/2022 12:00:00 AM,-1022701.86814762,4685629.71223166
16409,1898,"Estrada de Benfica, 421",São Domingos de Benfica,Passeio,BICICLETA,Sheffield standard,2,4,Não,Público,Partilhado com Micromobilidade,7/24/2022 12:00:00 AM,-1022385.01608722,4685447.87124315
16410,1899,"Estrada de Benfica, 415",São Domingos de Benfica,Passeio,BICICLETA,Sheffield standard,2,4,Não,Público,Partilhado com Micromobilidade,7/22/2022 12:00:00 AM,-1022293.72125284,4685412.65201791
16411,1900,"Estrada de Benfica, 407",São Domingos de Benfica,Passeio,BICICLETA,Sheffield standard,2,4,Não,Público,Partilhado com Micromobilidade,7/21/2022 12:00:00 AM,-1022208.79907159,4685362.09614962
16412,1901,"Estrada de Benfica, 405",São Domingos de Benfica,Passeio,BICICLETA,Sheffield standard,2,4,Não,Público,Partilhado com Micromobilidade,7/21/2022 12:00:00 AM,-1022185.05496319,4685347.67405703
16413,1902,"Estrada de Benfica, 399",São Domingos de Benfica,Passeio,BICICLETA,Sheffield standard,2,4,Não,Público,Partilhado com Micromobilidade,7/20/2022 12:00:00 AM,-1022084.54385086,4685273.94184797
16414,1903,"Rua Major Neutel de Abreu, 9",São Domingos de Benfica,Passeio,BICICLETA,Sheffield standard,2,4,Não,Público,Partilhado com Micromobilidade,7/22/2022 12:00:00 AM,-1022046.86466997,4685502.12150137
16415,1904,Travessa Carlo Paggi,São Domingos de Benfica,Passeio,BICICLETA,Sheffield standard,2,4,Não,Público,Partilhado com Micromobilidade,7/22/2022 12:00:00 AM,-1022024.42224687,4685488.13258316
16416,2000,"Rua Luís Pastor de Macedo, 39",Lumiar,Passeio,BICICLETA,Sheffield standard,3,6,Não,Público,Partilhado com Micromobilidade,7/15/2022 12:00:00 AM,-1019277.86572525,4688643.0915806
16417,2001,"Rua António Patrício, 15",Alvalade,Passeio,BICICLETA,Sheffield standard,2,4,Não,Público,Partilhado com Micromobilidade,7/14/2022 12:00:00 AM,-1018195.07177222,4685840.95073033
16418,2002,"Rua António Patrício, 26",Alvalade,Passeio,BICICLETA,Sheffield standard,3,6,Não,Público,Partilhado com Micromobilidade,7/14/2022 12:00:00 AM,-1018222.24903822,4685847.58838589
16419,2003,"Avenida do Rio de Janeiro, 28 A",Alvalade,Passeio,BICICLETA,Sheffield standard,3,6,Não,Público,Partilhado com Micromobilidade,7/14/2022 12:00:00 AM,-1017214.9877792,4686308.40522115
16420,2004,"Rua Primeiro de Maio a Alcântara, 18",Alcântara,Passeio,BICICLETA,Sheffield standard,4,8,Não,Público,Partilhado com Micromobilidade,7/11/2022 12:00:00 AM,-1021742.6309393,4679418.87830789
16421,2005,"Rua Possidónio da Silva, Escola",Campo de Ourique,Passeio,BICICLETA,Sheffield standard,2,2,Não,Público,Partilhado com Micromobilidade,7/19/2022 12:00:00 AM,-1020423.94891206,4680623.02477181
16422,2034,"Praça Rainha Dona Filipa, 1 ",Lumiar,Passeio,BICICLETA,Sheffield standard,2,4,Não,Público,Partilhado com Micromobilidade,7/16/2022 12:00:00 AM,-1020079.97963392,4688362.17034758
16423,2033,Praça Rainha Dona Filipa,Lumiar,Passeio,BICICLETA,Sheffield standard,1,2,Não,Público,Partilhado com Micromobilidade,7/16/2022 12:00:00 AM,-1020090.8240913,4688362.18377458
16424,2032,"Avenida Duque d' Ávila, 38B",Avenidas Novas,Passeio,BICICLETA,Sheffield standard,2,4,Não,Público,Partilhado com Micromobilidade,7/14/2022 12:00:00 AM,-1018095.25665036,4683804.77634757
16425,2007,"Rua Professor Gomes Teixeira, 2",Campo de Ourique,Passeio,BICICLETA,Sheffield standard,4,8,Não,Público,Partilhado com Micromobilidade,7/17/2022 12:00:00 AM,-1020394.91210699,4680734.3027484
16426,2008,"Rua Professor Gomes Teixeira, 19A",Campo de Ourique,Passeio,BICICLETA,Sheffield standard,2,4,Não,Público,Partilhado com Micromobilidade,7/19/2022 12:00:00 AM,-1020326.41074133,4680795.45122848
16427,2006,"Rua Saraiva de Carvalho, 275",Campo de Ourique,Passeio,BICICLETA,Sheffield standard,2,2,Não,Público,Partilhado com Micromobilidade,7/20/2022 12:00:00 AM,-1020663.52675655,4680826.21807246
16428,2013,"Avenida das Nações Unidas, 21 ",Carnide,Passeio,BICICLETA,Sheffield standard,2,4,Não,Público,Partilhado com Micromobilidade,6/27/2022 12:00:00 AM,-1021717.7006554,4687938.08681985
16429,2014,"Estrada de Telheiras, 113",Lumiar,Passeio,BICICLETA,Sheffield standard,4,8,Não,Público,Partilhado com Micromobilidade,7/15/2022 12:00:00 AM,-1020220.07565728,4687304.39106281
16431,2016,"Avenida João XXI, 9
",Areeiro,Passeio,BICICLETA,Sheffield standard,3,6,Não,Público,Partilhado com Micromobilidade,7/13/2022 12:00:00 AM,-1016968.67809412,4684817.30995135
16432,2017,"Avenida Álvares Cabral, 61A",Campo de Ourique,Passeio,BICICLETA,Sheffield standard,2,2,Não,Público,Partilhado com Micromobilidade,7/18/2022 12:00:00 AM,-1019426.92179606,4681224.47953918
16433,2018,"Rua da Junqueira, 297",Belém,Passeio,BICICLETA,Sheffield standard,4,8,Não,Privado,Interdito Micromobilidade,7/24/2022 12:00:00 AM,-1023710.13724724,4678391.18493518
16434,2019,"Rua do Arco do Marquês de Alegrete, 6E",Santa Maria Maior,Passeio,BICICLETA,Sheffield standard,4,4,Não,Público,Interdito Micromobilidade,7/17/2022 12:00:00 AM,-1017004.41081306,4680967.04484699
16435,2020,"Avenida de Roma, 106",Alvalade,Passeio,BICICLETA,Sheffield standard,2,2,Não,Público,Partilhado com Micromobilidade,7/14/2022 12:00:00 AM,-1018068.22507232,4686786.98354745
16436,2030,"Alameda António Sérgio, 2",Santa Clara,Passeio,BICICLETA,Sheffield standard,2,4,Não,Público,Partilhado com Micromobilidade,7/25/2022 12:00:00 AM,-1019722.83053252,4690148.00765268
16437,2031,"Alameda António Sérgio, 8F",Santa Clara,Passeio,BICICLETA,Sheffield standard,2,4,Não,Público,Partilhado com Micromobilidade,7/17/2022 12:00:00 AM,-1019683.38627125,4690347.34396041
16438,2029,"Rua Cidade de Nampula,12",Olivais,Passeio,BICICLETA,Sheffield standard,4,8,Não,Público,Partilhado com Micromobilidade,7/16/2022 12:00:00 AM,-1015259.75062935,4687920.7290703
16439,2026,"Rua General José Celestino da Silva, 4",São Domingos de Benfica,Passeio,BICICLETA,Sheffield standard,3,6,Não,Público,Partilhado com Micromobilidade,7/20/2022 12:00:00 AM,-1021703.0629798,4686636.53524385
16440,2035,"Rua dos Lagares D'El-Rei, 27",Alvalade,Passeio,BICICLETA,Sheffield standard,4,8,Não,Público,Partilhado com Micromobilidade,7/19/2022 12:00:00 AM,-1016970.0538488,4685526.29241023
16441,2036,"Rua Conde de Sabugosa, 13",Alvalade,Passeio,BICICLETA,Sheffield standard,1,2,Não,Público,Partilhado com Micromobilidade,7/22/2022 12:00:00 AM,-1017494.20465869,4685589.62241072
16442,2021,Rua Moura Girão,Alvalade,Passeio,BICICLETA,Sheffield standard,4,8,Não,Privado,Interdito Micromobilidade,8/31/2022 12:00:00 AM,-1016982.29975451,4685662.25902396
16443,2023,Avenida Professor Aníbal de Bettencourt,Alvalade,Passeio,BICICLETA,Sheffield standard,4,8,Não,Público,Partilhado com Micromobilidade,7/20/2022 12:00:00 AM,-1018833.88631095,4685880.56595504
16444,2024,Avenida Professor Aníbal de Bettencourt,Alvalade,Lugar estacionamento automóvel,BICICLETA,Sheffield standard,5,10,Sim,Privado,Interdito Micromobilidade,7/27/2022 12:00:00 AM,-1018840.78377263,4685876.23644454
16445,2025,"Rua Afonso Lopes Vieira, 20",Alvalade,Via,BICICLETA,Sheffield standard,6,12,Não,Público,Partilhado com Micromobilidade,7/27/2022 12:00:00 AM,-1018371.47091908,4686253.45462015
16446,2027,"Calçada da Patriarcal, 7",Santo António,Passeio,BICICLETA,Sheffield standard,2,2,Não,Público,Partilhado com Micromobilidade,7/23/2022 12:00:00 AM,-1018253.32567989,4681175.58988358
16447,2028,"Praça de Londres, 2",Areeiro,Passeio,BICICLETA,Sheffield standard,3,6,Não,Público,Partilhado com Micromobilidade,7/22/2022 12:00:00 AM,-1017236.62645161,4684696.57265619
16448,2043,"Rua Conselheiro Emídio Navarro, ISEL",Marvila,Passeio,BICICLETA,Sheffield standard,5,10,Não,Privado,Interdito Micromobilidade,9/21/2022 12:00:00 AM,-1014744.71146268,4686785.01554376
16449,2038,"Rua Ricardo Jorge, 1",Alvalade,Via,BICICLETA,Sheffield standard,4,8,Não,Público,Partilhado com Micromobilidade,9/19/2022 12:00:00 AM,-1017241.68193863,4686973.53823269
16450,2039,"Rua Ricardo Jorge,14",Alvalade,Via,BICICLETA,Sheffield standard,4,8,Não,Público,Partilhado com Micromobilidade,9/20/2022 12:00:00 AM,-1017353.07091842,4686942.23187211
16451,2040,"Rua Ricardo Jorge, 6",Alvalade,Via,HOTSPOT,Sheffield standard,2,9,Não,Público,Partilhado com Micromobilidade,9/21/2022 12:00:00 AM,-1017271.21045826,4686976.51221101
16452,2041,"Estrada de Benfica, 393-397",São Domingos de Benfica,Via,HOTSPOT,Sheffield standard,4,12,Não,Público,Partilhado com Micromobilidade,9/22/2022 12:00:00 AM,-1022048.88675622,4685248.81881345
16453,2037,"Largo da Boa-Hora à Ajuda, 19",Ajuda,Passeio,BICICLETA,Sheffield standard,3,6,Não,Público,Partilhado com Micromobilidade,1/1/2022 12:00:00 AM,-1023497.49853282,4679337.82044148
16454,2044,"Estrada de Benfica, 535",Benfica,Passeio,BICICLETA,Sheffield standard,3,6,Não,Privado,Interdito Micromobilidade,9/23/2022 12:00:00 AM,-1023560.67987438,4685875.91190958
16455,2042,"Avenida Infante Dom Henrique, Lote 308",Marvila,Passeio,BICICLETA,Sheffield standard,5,10,Sim,Privado,Interdito Micromobilidade,9/12/2022 12:00:00 AM,-1013345.06629642,4686178.95284396
16456,2045,"Avenida Columbano Bordalo Pinheiro, 64",São Domingos de Benfica,Passeio,BICICLETA,Sheffield standard,4,8,Não,Público,Partilhado com Micromobilidade,9/21/2022 12:00:00 AM,-1019933.10098264,4684270.16100919
16457,2046,Tapada da Ajuda,Alcântara,Passeio,BICICLETA,Sheffield standard,3,6,Não,Privado,Interdito Micromobilidade,9/23/2022 12:00:00 AM,-1022555.42184105,4680058.44814214
16458,2047,"Rua Álvaro Benamor, 1A",Carnide,Passeio,BICICLETA,Sheffield standard,3,6,Não,Público,Partilhado com Micromobilidade,9/23/2022 12:00:00 AM,-1022936.58428099,4687958.71433384
16459,2048,"Rua Álvaro Benamor, 8",Carnide,Passeio,BICICLETA,Sheffield standard,4,8,Não,Público,Partilhado com Micromobilidade,9/23/2022 12:00:00 AM,-1022945.54486792,4687942.27812239
16460,2049,Rua dos Táxis Palhinhas,Carnide,Via,BICICLETA,Entorta rodas,1,10,Não,Público,Partilhado com Micromobilidade,,-1022667.34092431,4687411.35081299
16461,2051,"Rua da Manutenção, 114",Beato,Via,BICICLETA,Sheffield standard,4,8,Não,Público,Partilhado com Micromobilidade,11/11/2022 12:00:00 AM,-1013843.12523378,4683030.58118485
16462,2052,"Rua Coronel Bento Roma, 53A",Alvalade,Via,BICICLETA,Sheffield standard,2,4,Não,Público,Partilhado com Micromobilidade,11/11/2022 12:00:00 AM,-1017435.23973043,4685688.69845233
16463,2053,"Rua José Pinheiro de Melo, 62",Alvalade,Via,BICICLETA,Sheffield standard,3,6,Não,Público,Partilhado com Micromobilidade,11/11/2022 12:00:00 AM,-1017309.3225292,4685683.19947741
16464,2054,"Rua Professor Reinaldo dos Santos, 54C",São Domingos de Benfica,Via,BICICLETA,Sheffield standard,2,4,Não,Público,Partilhado com Micromobilidade,11/11/2022 12:00:00 AM,-1022432.32956445,4685896.49200591
16465,2055,"Rua do Telhal aos Olivais, 8 ",Marvila,Lugar estacionamento automóvel,BICICLETA,Sheffield standard,4,8,Não,Público,Partilhado com Micromobilidade,11/11/2022 12:00:00 AM,-1013059.1195957,4685492.40041826
16466,2056,"Avenida de Pádua, 10B",Olivais,Via,BICICLETA,Sheffield standard,3,6,Não,Público,Partilhado com Micromobilidade,11/11/2022 12:00:00 AM,-1013497.53149651,4687780.08593552
16467,2057,Rua do Desterro,Arroios,Via,HOTSPOT,Sheffield standard,4,9,Não,Público,Partilhado com Micromobilidade,11/11/2022 12:00:00 AM,-1017127.73165675,4681544.20419957
16468,2058,Travessa do Conde da Ribeira ,Alcântara,Via,BICICLETA,Sheffield standard,2,4,Não,Público,Partilhado com Micromobilidade,,-1022388.07924635,4679149.45358906
16469,2059,Travessa do Conde da Ribeira ,Alcântara,Via,BICICLETA,Sheffield standard,2,4,Não,Público,Partilhado com Micromobilidade,,-1022378.98907946,4679145.12367134
16470,2060,Travessa de Francisco Rezende,Benfica,Passeio,BICICLETA,Entorta rodas,1,6,Não,Público,Partilhado com Micromobilidade,,-1023722.47948044,4684812.1416171
16471,2061,Estrada do Desvio,Santa Clara,Passeio,BICICLETA,Lisboa,4,,Não,Público,Partilhado com Micromobilidade,,-1019949.46352567,4690787.65471791
16472,2062,"Largo Willy Brandt, Escola",Lumiar,Passeio,BICICLETA,Entorta rodas,3,24,Não,Privado,Interdito Micromobilidade,,-1020056.20655115,4687191.66840491
16473,2063,Rua das Francesinhas,Estrela,Passeio,BICICLETA,Cascata,2,16,Não,Privado,Interdito Micromobilidade,,-1019135.4816658,4680283.49334613
16474,2064,"Rua Afonso Lopes Vieira, 45",Alvalade,Lugar estacionamento automóvel,HOTSPOT,Sheffield standard,4,10,Não,Público,Partilhado com Micromobilidade,,-1018539.84226508,4686563.30093338
16475,2065,"Avenida 24 de Julho, 3",Misericórdia,Passeio,BICICLETA,Sheffield standard,3,6,Não,Público,Partilhado com Micromobilidade,,-1018294.83455461,4679731.5514717
16476,2068,"Rua Filipe da Mata, 23",Avenidas Novas,Lugar estacionamento automóvel,BICICLETA,Sheffield standard,5,10,Não,Público,Partilhado com Micromobilidade,1/25/2023 12:00:00 AM,-1019328.23321993,4684694.17672643
16477,2069,"Rua da Beneficência, 159A",Avenidas Novas,Lugar estacionamento automóvel,BICICLETA,Sheffield standard,3,6,Não,Público,Partilhado com Micromobilidade,1/25/2023 12:00:00 AM,-1019365.31314399,4684887.58961725
16478,2070,"Rua do Barão de Monte Pedral, Escola",São Vicente,Passeio,BICICLETA,Sheffield standard,4,8,Não,Público,Partilhado com Micromobilidade,,-1015302.77830929,4681787.01432092
16479,2071,"Rua Félix Bermudes, Piscina",Marvila,Passeio,BICICLETA,Onda,1,5,Não,Privado,Interdito Micromobilidade,,-1013664.81570031,4686135.69115811
16480,2072,Rua F ao Braço de Prata,Marvila,Passeio,BICICLETA,Sheffield standard,4,8,Não,Público,Partilhado com Micromobilidade,,-1012854.16462552,4685264.80733621
16481,2073,Rua Coronel Ferreira do Amaral,Penha de França,Lugar estacionamento automóvel,BICICLETA,Sheffield standard,11,22,Não,Público,Partilhado com Micromobilidade,,-1016057.02723554,4683831.24808656
16482,2074,"Rua do Barão, 2",Santa Maria Maior,Passeio,BICICLETA,Sheffield standard,2,4,Não,Público,Interdito Micromobilidade,2/22/2023 12:00:00 AM,-1016395.90958162,4680220.24898894
16483,2075,"Rua de São João da Praça, 77",Santa Maria Maior,Via,BICICLETA,Sheffield standard,2,4,Não,Público,Interdito Micromobilidade,2/22/2023 12:00:00 AM,-1016448.45945275,4680156.27052865
16484,2076,Avenida Barbosa du Bocage,Avenidas Novas,Passeio,BICICLETA,Entorta rodas,2,10,Não,Privado,Interdito Micromobilidade,,-1017858.15239844,4684619.42355885
16485,2078,"Alameda dos Oceanos, 59",Parque das Nações,Passeio,HOTSPOT,Sheffield standard,2,10,Não,Público,Partilhado com Micromobilidade,,-1012518.98753139,4688824.50808076
16486,2077,Avenida Aquilino Ribeiro Machado,Parque das Nações,Passeio,HOTSPOT,,0,10,Não,Público,Dedicado Micromobilidade,3/9/2023 12:00:00 AM,-1012884.99863954,4688557.87779389
16487,2079,Avenida do Pacífico,Parque das Nações,Passeio,HOTSPOT,,0,10,Não,Público,Dedicado Micromobilidade,3/9/2023 12:00:00 AM,-1012679.58355006,4688308.82976826
16488,2080,"Avenida do Índico, 1C",Parque das Nações,Passeio,HOTSPOT,,0,10,Não,Público,Dedicado Micromobilidade,3/9/2023 12:00:00 AM,-1012610.01411899,4688573.30434473
16489,2081,Avenida de Berlim,Parque das Nações,Passeio,HOTSPOT,,0,10,Não,Público,Dedicado Micromobilidade,3/9/2023 12:00:00 AM,-1012899.72333393,4688380.63550641
16490,2082,Alameda dos Oceanos,Parque das Nações,Passeio,HOTSPOT,,0,10,Não,Público,Dedicado Micromobilidade,3/9/2023 12:00:00 AM,-1012416.2589756,4689854.25273842
16491,2083,"Alameda dos Oceanos, 104A",Parque das Nações,Passeio,HOTSPOT,,0,10,Não,Público,Dedicado Micromobilidade,3/9/2023 12:00:00 AM,-1012590.20953351,4690316.10399221
16492,2091,"Rua General João de Almeida, 30A",Ajuda,Passeio,HOTSPOT,,0,10,Não,Público,Dedicado Micromobilidade,4/17/2023 12:00:00 AM,-1024292.25908218,4678994.38485383
16493,2092,Rua dos Marcos,Ajuda,Passeio,HOTSPOT,,0,10,Não,Público,Dedicado Micromobilidade,4/17/2023 12:00:00 AM,-1024098.70648336,4680071.08782367
16494,2093,Largo da Ajuda,Ajuda,Passeio,HOTSPOT,,0,10,Não,Público,Dedicado Micromobilidade,4/17/2023 12:00:00 AM,-1023793.17011798,4679910.56967145
16495,2094,Rua do Guarda-Jóias,Ajuda,Passeio,HOTSPOT,,0,10,Não,Público,Dedicado Micromobilidade,4/17/2023 12:00:00 AM,-1023476.89554843,4679594.85107009
16496,2095,"Rua Aliança Operária, 112A",Ajuda,Passeio,HOTSPOT,,0,10,Não,Público,Dedicado Micromobilidade,4/17/2023 12:00:00 AM,-1023400.09597213,4679238.84474447
16497,2096,"Rua de Diogo Cão, 6",Alcântara,Passeio,HOTSPOT,,0,10,Não,Público,Dedicado Micromobilidade,4/17/2023 12:00:00 AM,-1023229.60755826,4679000.95243795
16498,2097,Rua Rui de Pina,Ajuda,Passeio,HOTSPOT,,0,10,Não,Público,Dedicado Micromobilidade,4/17/2023 12:00:00 AM,-1023275.64138204,4679474.58891081
16499,2098,"Largo do Rio Seco, 13",Ajuda,Passeio,HOTSPOT,,0,10,Não,Público,Dedicado Micromobilidade,4/17/2023 12:00:00 AM,-1023189.97587484,4679358.24319486
16500,2099,Rua Eduardo Bairrada,Ajuda,Passeio,HOTSPOT,,0,10,Não,Público,Dedicado Micromobilidade,4/17/2023 12:00:00 AM,-1023427.40107866,4679826.59534134
16501,2146,"Avenida Carlos Pinhão, 8",Beato,Passeio,HOTSPOT,,0,10,Não,Público,Dedicado Micromobilidade,9/6/2023 12:00:00 AM,-1015627.37060524,4684560.19690443
16502,2432,"Avenida da Liberdade, 190B",Santo António,Lugar estacionamento automóvel,BICICLETA,Sheffield standard,7,14,Não,Público,Partilhado com Micromobilidade,12/31/2023 12:00:00 AM,-1018071.24289598,4681745.80661851
16503,2100,"Rua do Cruzeiro, 75",Ajuda,Passeio,HOTSPOT,,0,10,Não,Público,Dedicado Micromobilidade,4/17/2023 12:00:00 AM,-1023162.7682055,4679758.19827539
16504,2101,"Rua do Casalinho da Ajuda, Escola",Ajuda,Passeio,HOTSPOT,,0,10,Não,Público,Dedicado Micromobilidade,4/17/2023 12:00:00 AM,-1023364.8619666,4680128.35658364
16505,2102,Rua Sá Nogueira,Ajuda,Passeio,HOTSPOT,,0,10,Não,Público,Dedicado Micromobilidade,4/17/2023 12:00:00 AM,-1023614.51210383,4680709.698452
16506,2103,Rua das Açucenas,Ajuda,Passeio,HOTSPOT,,0,10,Não,Público,Dedicado Micromobilidade,4/17/2023 12:00:00 AM,-1024500.07406104,4680167.91624422
16507,2104,Rua da Guarda Nacional Republicana,Ajuda,Passeio,HOTSPOT,,0,10,Não,Público,Dedicado Micromobilidade,4/17/2023 12:00:00 AM,-1024516.50953644,4680242.2610015
16508,2105,"Rua dos Marcos, Escola",Ajuda,Passeio,HOTSPOT,,0,10,Não,Público,Dedicado Micromobilidade,4/17/2023 12:00:00 AM,-1024316.89369399,4680547.22103513
16509,2106,Largo Ocidental,Ajuda,Passeio,HOTSPOT,,0,10,Não,Público,Dedicado Micromobilidade,4/17/2023 12:00:00 AM,-1025171.72052673,4680556.82016813
16510,2107,Calçada da Memória,Ajuda,Passeio,HOTSPOT,,0,10,Não,Público,Dedicado Micromobilidade,4/17/2023 12:00:00 AM,-1024368.84893578,4679271.14969864
16511,2108,Largo da Paz,Ajuda,Passeio,HOTSPOT,,0,10,Não,Público,Dedicado Micromobilidade,4/17/2023 12:00:00 AM,-1024188.10807906,4679420.6629531
16512,2109,Avenida da Universidade Técnica,Ajuda,Passeio,HOTSPOT,,0,10,Não,Público,Dedicado Micromobilidade,4/17/2023 12:00:00 AM,-1023871.33160532,4680780.89482729
16513,2110,Avenida do Colégio Militar,Carnide,Via,BICIPARQUE,Estacionamento Dois Níveis,,,Sim,Privado,Interdito Micromobilidade,,-1022902.48173503,4686616.76946689
16514,2111,Rua A do PUAL,Lumiar,Passeio,BICICLETA,Sheffield standard,4,8,Sim,Privado,Interdito Micromobilidade,,-1019487.58229138,4689700.61171553
16515,2112,Rua A do PUAL,Lumiar,Passeio,BICICLETA,Sheffield standard,4,8,Não,Privado,Interdito Micromobilidade,,-1019494.66492186,4689689.89705672
16516,2113,Rua A do PUAL,Lumiar,Passeio,BICICLETA,Sheffield standard,4,8,Não,Privado,Interdito Micromobilidade,,-1019503.43257209,4689678.31272835
16517,2114,Rua A do PUAL,Lumiar,Passeio,BICICLETA,Sheffield standard,4,8,Sim,Privado,Interdito Micromobilidade,,-1019511.35281099,4689666.73794279
16518,2115,Rua Marques da Silva,Arroios,Passeio,BICICLETA,,,,Não,Privado,Interdito Micromobilidade,7/14/2023 12:00:00 AM,-1016762.58688612,4683022.54467423
16519,2116,Rua Cidade de Cardiff,Penha de França,Passeio,BICICLETA,,,,Não,Privado,Interdito Micromobilidade,7/14/2023 12:00:00 AM,-1016650.79917171,4682909.09053685
16520,2117,"Largo de São Julião, 15",Santa Maria Maior,Lugar estacionamento motociclo,HOTSPOT,,0,20,Não,Público,Dedicado Micromobilidade,7/19/2023 12:00:00 AM,-1017365.95245747,4680041.29379606
16521,2118,"Travessa do Pregoeiro, 26B",Carnide,Passeio,BICICLETA,Sheffield standard,4,8,Não,Público,Partilhado com Micromobilidade,,-1022734.84678498,4687493.49192243
16522,2119,Alameda Cardeal Cerejeira,Avenidas Novas,Passeio,HOTSPOT,,0,10,Não,Público,Dedicado Micromobilidade,9/6/2023 12:00:00 AM,-1019325.9966055,4682979.62337251
16523,2120,Alameda Cardeal Cerejeira,Avenidas Novas,Passeio,HOTSPOT,,0,10,Não,Público,Dedicado Micromobilidade,9/6/2023 12:00:00 AM,-1019022.14186388,4683170.38858299
16524,2161,Rua Dr. Manuel Espírito Santo,Beato,Passeio,HOTSPOT,,0,10,Não,Público,Dedicado Micromobilidade,9/7/2023 12:00:00 AM,-1014714.26081735,4683694.85029535
16525,2162,"Calçada do Carrascal, 189",Beato,Passeio,HOTSPOT,,0,10,Não,Público,Dedicado Micromobilidade,9/7/2023 12:00:00 AM,-1015663.19055774,4683988.18774085
16526,2163,"Rua Gualdim Pais, 44",Beato,Passeio,HOTSPOT,,0,10,Não,Público,Dedicado Micromobilidade,9/7/2023 12:00:00 AM,-1014618.24838057,4682692.35428219
16527,2164,"Rua Engenheiro Maciel Chaves, 11",Beato,Passeio,HOTSPOT,,0,10,Não,Público,Dedicado Micromobilidade,9/7/2023 12:00:00 AM,-1015782.33659885,4684035.78541125
16528,2165,"Rua Marquês de Olhão, USF Beato",Beato,Passeio,HOTSPOT,,0,10,Não,Público,Dedicado Micromobilidade,9/7/2023 12:00:00 AM,-1014254.81262834,4683291.63698729
16529,2166,"Rua Marquês de Olhão, 102",Beato,Passeio,HOTSPOT,,0,10,Não,Público,Dedicado Micromobilidade,9/7/2023 12:00:00 AM,-1014491.51781868,4683726.95151138
16530,2121,Alameda Edgar Cardoso,Avenidas Novas,Passeio,HOTSPOT,,0,10,Não,Público,Dedicado Micromobilidade,9/6/2023 12:00:00 AM,-1018733.79551679,4682504.39479917
16531,2122,"Avenida Álvaro Pais, 11",Avenidas Novas,Passeio,HOTSPOT,,0,10,Não,Público,Dedicado Micromobilidade,9/6/2023 12:00:00 AM,-1018835.56522888,4685200.66115264
16532,2123,"Avenida das Forças Armadas, 101",Avenidas Novas,Passeio,HOTSPOT,,0,10,Não,Público,Dedicado Micromobilidade,9/6/2023 12:00:00 AM,-1019169.31836425,4685499.22836946
16533,2124,Rua Soeiro Pereira Gomes,Avenidas Novas,Passeio,HOTSPOT,,0,10,Não,Público,Dedicado Micromobilidade,9/6/2023 12:00:00 AM,-1019659.1563485,4685322.6913332
16534,2125,Praça de Espanha,Avenidas Novas,Passeio,HOTSPOT,,0,10,Não,Público,Dedicado Micromobilidade,9/6/2023 12:00:00 AM,-1019236.73221932,4684146.46479596
16535,2126,Avenida Sidónio Pais,Avenidas Novas,Passeio,HOTSPOT,,0,10,Não,Público,Dedicado Micromobilidade,9/6/2023 12:00:00 AM,-1018873.63130787,4683259.96884905
16536,2169,Estrada do Alvito,Alcântara,Passeio,HOTSPOT,,0,10,Não,Público,Dedicado Micromobilidade,9/8/2023 12:00:00 AM,-1021998.61411828,4680734.14452722
16537,2170,"Calçada da Tapada, 151",Alcântara,Lugar estacionamento automóvel,HOTSPOT,,0,10,Não,Público,Dedicado Micromobilidade,9/8/2023 12:00:00 AM,-1022622.97126203,4679611.94032696
16538,2171,Calçada da Tapada,Alcântara,Via,HOTSPOT,,0,10,Não,Público,Dedicado Micromobilidade,9/8/2023 12:00:00 AM,-1022223.80744209,4679648.38412238
16539,2172,Calçada da Tapada,Alcântara,Lugar estacionamento automóvel,HOTSPOT,,0,10,Não,Público,Dedicado Micromobilidade,9/8/2023 12:00:00 AM,-1021745.79688154,4679735.22750644
16540,2173,Calçada de Santo Amaro,Alcântara,Passeio,HOTSPOT,,0,10,Não,Público,Dedicado Micromobilidade,9/8/2023 12:00:00 AM,-1022245.3622194,4679139.28815858
16541,2174,Doca de Santo Amaro,Alcântara,Passeio,HOTSPOT,,0,20,Não,Público,Dedicado Micromobilidade,9/26/2025 12:00:00 AM,-1021414.65253118,4678827.4888127
16542,2175,Avenida de Brasília,Estrela,Passeio,HOTSPOT,,0,10,Não,Público,Dedicado Micromobilidade,9/8/2023 12:00:00 AM,-1019420.63971929,4679515.43202165
16543,2176,Estrada do Alvito,Alcântara,Via,HOTSPOT,,0,10,Não,Público,Dedicado Micromobilidade,9/8/2023 12:00:00 AM,-1022337.01439127,4681203.13023559
16544,2177,Rua Prof. Vieira Natividade,Alcântara,Passeio,HOTSPOT,,0,10,Não,Público,Dedicado Micromobilidade,9/8/2023 12:00:00 AM,-1021892.40255437,4680093.62848893
16545,2178,"Rua Fradesso da Silveira, 30",Alcântara,Passeio,HOTSPOT,,0,10,Não,Público,Dedicado Micromobilidade,9/8/2023 12:00:00 AM,-1021495.7148374,4679450.72700786
16546,2179,"Travessa do Conde da Ribeira, 11",Alcântara,Passeio,HOTSPOT,,0,10,Não,Público,Dedicado Micromobilidade,9/8/2023 12:00:00 AM,-1022434.7594924,4678952.72064876
16547,2180,Rua da Fábrica da Pólvora,Alcântara,Lugar estacionamento automóvel,HOTSPOT,,0,10,Não,Público,Dedicado Micromobilidade,9/8/2023 12:00:00 AM,-1021455.7967522,4680640.92188369
16548,2181,"Rua da Junqueira, 59",Alcântara,Passeio,HOTSPOT,,0,10,Não,Público,Dedicado Micromobilidade,9/11/2023 12:00:00 AM,-1022361.3390864,4678766.05863144
16549,2127,Avenida Sidónio Pais,Avenidas Novas,Passeio,HOTSPOT,,0,10,Não,Público,Dedicado Micromobilidade,9/6/2023 12:00:00 AM,-1018702.53080478,4683027.50382781
16550,2128,"Avenida Santos Dumont, 74",Avenidas Novas,Lugar estacionamento automóvel,HOTSPOT,,0,10,Não,Público,Dedicado Micromobilidade,9/6/2023 12:00:00 AM,-1019325.57313052,4684417.72185503
16551,2129,"Avenida Visconde de Valmor, 1",Avenidas Novas,Passeio,HOTSPOT,,0,10,Não,Público,Dedicado Micromobilidade,9/6/2023 12:00:00 AM,-1017758.62460272,4684345.91772247
16553,2131,"Rua Filipe da Mata, 79",Avenidas Novas,Lugar estacionamento automóvel,HOTSPOT,,0,10,Não,Público,Dedicado Micromobilidade,9/6/2023 12:00:00 AM,-1019650.45762356,4684675.40716185
16554,2132,Rua Castilho,Avenidas Novas,Passeio,HOTSPOT,,0,10,Não,Público,Dedicado Micromobilidade,9/6/2023 12:00:00 AM,-1019131.43150614,4682583.93982103
16555,2182,Rua da Junqueira,Alcântara,Passeio,HOTSPOT,,0,10,Não,Público,Dedicado Micromobilidade,9/11/2023 12:00:00 AM,-1022522.16320296,4678680.26974064
16556,2183,"Rua da Junqueira, 5",Alcântara,Passeio,HOTSPOT,,0,10,Não,Público,Dedicado Micromobilidade,9/11/2023 12:00:00 AM,-1022131.24050359,4678902.58904664
16557,2184,"Rua Mécia Mouzinho de Albuquerque, 1",Alcântara,Passeio,HOTSPOT,,0,10,Não,Público,Dedicado Micromobilidade,9/11/2023 12:00:00 AM,-1022796.69314991,4678540.80281845
16558,2185,Rua da Fábrica da Pólvora,Alcântara,Lugar estacionamento automóvel,HOTSPOT,,0,10,Não,Público,Dedicado Micromobilidade,9/11/2023 12:00:00 AM,-1021445.68187746,4680476.06104219
16559,2186,Calçada da Tapada,Alcântara,Lugar estacionamento automóvel,HOTSPOT,,0,10,Não,Público,Dedicado Micromobilidade,9/11/2023 12:00:00 AM,-1021444.65800693,4679725.34276588
16560,2187,"Rua do Alvito, 36",Alcântara,Via,HOTSPOT,,0,10,Não,Público,Dedicado Micromobilidade,9/12/2023 12:00:00 AM,-1021389.16795918,4679924.4169321
16561,2188,"Rua Padre Manuel Alves Correia, 1",Alcântara,Passeio,HOTSPOT,,0,10,Não,Público,Dedicado Micromobilidade,9/12/2023 12:00:00 AM,-1022857.71970146,4679659.67512892
16562,2133,Rua Castilho,Avenidas Novas,Passeio,HOTSPOT,,0,10,Não,Público,Dedicado Micromobilidade,9/6/2023 12:00:00 AM,-1019009.65186053,4682404.90239802
16563,2134,"Rua da Cruz Vermelha, 13D",Avenidas Novas,Passeio,HOTSPOT,,0,10,Não,Público,Dedicado Micromobilidade,9/6/2023 12:00:00 AM,-1018738.15807968,4685257.70944659
16564,2135,Rua de Artilharia Um,Campolide,Passeio,HOTSPOT,,0,10,Não,Público,Dedicado Micromobilidade,9/6/2023 12:00:00 AM,-1019677.06237749,4682819.48780199
16565,2136,"Rua Tenente Espanca, 3C",Avenidas Novas,Lugar estacionamento automóvel,HOTSPOT,,0,10,Não,Público,Dedicado Micromobilidade,9/6/2023 12:00:00 AM,-1019125.83891769,4684328.31036233
16566,2137,"Rua Dr. Nicolau de Bettencourt, 29",Avenidas Novas,Passeio,HOTSPOT,,0,10,Não,Público,Dedicado Micromobilidade,9/6/2023 12:00:00 AM,-1018953.80586168,4683744.72359373
16567,2138,"Rua Fialho de Almeida, 21B",Avenidas Novas,Passeio,HOTSPOT,,0,10,Não,Público,Dedicado Micromobilidade,9/6/2023 12:00:00 AM,-1019460.42687957,4683707.84923601
16568,2139,"Rua Francisco de Holanda, 47",Avenidas Novas,Lugar estacionamento automóvel,HOTSPOT,,0,10,Não,Público,Dedicado Micromobilidade,9/6/2023 12:00:00 AM,-1019428.53435048,4685124.37055842
16569,2189,"Rua do Giestal, 2",Alcântara,Passeio,HOTSPOT,,0,10,Não,Público,Dedicado Micromobilidade,9/13/2023 12:00:00 AM,-1023073.07963006,4678818.63416827
16570,2190,Travessa dos Fornos,Ajuda,Via,HOTSPOT,,0,10,Não,Público,Dedicado Micromobilidade,9/13/2023 12:00:00 AM,-1022947.25820283,4679709.01459521
16571,2191,Rua Luís de Camões,Alcântara,Passeio,HOTSPOT,,0,10,Não,Público,Dedicado Micromobilidade,9/13/2023 12:00:00 AM,-1022222.68186894,4679376.75488215
16572,2192,"Rua dos Lusíadas, 106",Alcântara,Lugar estacionamento automóvel,HOTSPOT,,0,10,Não,Público,Dedicado Micromobilidade,9/18/2023 12:00:00 AM,-1022083.27876714,4679468.84898392
16573,2193,"Rua dos Lusíadas, 9",Alcântara,Lugar estacionamento automóvel,HOTSPOT,,0,10,Não,Público,Dedicado Micromobilidade,9/18/2023 12:00:00 AM,-1021763.78019312,4679593.1600629
16574,2194,Rua Gil Vicente,Alcântara,Passeio,HOTSPOT,,0,10,Não,Público,Dedicado Micromobilidade,9/18/2023 12:00:00 AM,-1022366.40842583,4679392.08562212
16575,2140,"Rua Francisco Lyon de Castro, 12",Avenidas Novas,Passeio,HOTSPOT,,0,10,Não,Público,Dedicado Micromobilidade,9/6/2023 12:00:00 AM,-1018974.66283144,4685434.55515938
16576,2141,Rua Rodrigo da Fonseca,Avenidas Novas,Passeio,HOTSPOT,,0,10,Não,Público,Dedicado Micromobilidade,9/6/2023 12:00:00 AM,-1019551.93191094,4682958.47740261
16577,2142,"Rua Rodrigo da Fonseca, 103",Avenidas Novas,Passeio,HOTSPOT,,0,10,Não,Público,Dedicado Micromobilidade,9/6/2023 12:00:00 AM,-1019156.55032428,4682382.58748164
16578,2143,"Rua Sousa Lopes, Lote PQ",Avenidas Novas,Passeio,HOTSPOT,,0,10,Não,Público,Dedicado Micromobilidade,9/6/2023 12:00:00 AM,-1019086.44707204,4685069.34324449
16579,2144,"Rua Sousa Lopes, 51D",Avenidas Novas,Passeio,HOTSPOT,,0,10,Não,Público,Dedicado Micromobilidade,9/6/2023 12:00:00 AM,-1018870.61055377,4685044.04474273
16580,2145,"Avenida das Forças Armadas, 51C",Avenidas Novas,Passeio,HOTSPOT,,0,8,Não,Público,Dedicado Micromobilidade,9/6/2023 12:00:00 AM,-1018788.80813444,4685585.1680196
16581,2195,"Rua José Dias Coelho, 29",Alcântara,Via,HOTSPOT,,0,10,Não,Público,Dedicado Micromobilidade,9/18/2023 12:00:00 AM,-1021664.1843186,4679712.10522372
16582,2196,"Rua Luís de Camões, 126",Alcântara,Lugar estacionamento automóvel,HOTSPOT,,0,10,Não,Público,Dedicado Micromobilidade,9/18/2023 12:00:00 AM,-1022348.43280781,4679545.87279991
16583,2197,"Rua Luís de Camões, 1",Alcântara,Via,HOTSPOT,,0,10,Não,Público,Dedicado Micromobilidade,9/18/2023 12:00:00 AM,-1022001.22432873,4679120.69384194
16584,2198,"Rua Primeiro de Maio a Alcântara, 24",Alcântara,Passeio,HOTSPOT,,0,10,Não,Público,Dedicado Micromobilidade,9/18/2023 12:00:00 AM,-1021780.00102236,4679357.41642304
16585,2199,Travessa do Conde da Ponte,Alcântara,Passeio,HOTSPOT,,0,10,Não,Público,Dedicado Micromobilidade,9/18/2023 12:00:00 AM,-1022018.3949008,4678733.84531158
16586,2201,"Rua João de Barros, 31",Alcântara,Passeio,HOTSPOT,,0,10,Não,Público,Dedicado Micromobilidade,9/18/2023 12:00:00 AM,-1022771.7272122,4679495.59866963
16587,2202,Largo da Revista Militar,Benfica,Passeio,HOTSPOT,,0,10,Não,Público,Dedicado Micromobilidade,9/18/2023 12:00:00 AM,-1022909.95370025,4686325.12100195
16588,2147,Avenida Infante Dom Henrique,Beato,Passeio,HOTSPOT,,0,8,Não,Público,Dedicado Micromobilidade,9/6/2023 12:00:00 AM,-1014151.37346993,4682598.82344162
16589,2148,Rua General Vassalo e Silva,Beato,Passeio,HOTSPOT,,0,5,Não,Público,Dedicado Micromobilidade,9/6/2023 12:00:00 AM,-1015851.66497518,4684005.9758068
16590,2149,"Calçada de Dom Gastão, 33",Beato,Passeio,HOTSPOT,,0,10,Não,Público,Dedicado Micromobilidade,9/6/2023 12:00:00 AM,-1014052.10002853,4682849.18953883
16591,2150,Largo do Marquês de Nisa,Penha de França,Passeio,HOTSPOT,,0,10,Não,Público,Dedicado Micromobilidade,9/6/2023 12:00:00 AM,-1014494.37027152,4682488.5785425
16592,2151,"Rua Aquiles Machado, 2",Beato,Passeio,HOTSPOT,,0,10,Não,Público,Dedicado Micromobilidade,9/6/2023 12:00:00 AM,-1015846.14692466,4684212.01164745
16593,2152,Rua Rocha Santos,Beato,Via,HOTSPOT,,0,10,Não,Público,Dedicado Micromobilidade,9/6/2023 12:00:00 AM,-1014535.71243132,4683094.16744499
16594,2153,"Rua Professor Mira Fernandes, Lote 1",Beato,Passeio,HOTSPOT,,0,8,Não,Público,Dedicado Micromobilidade,9/6/2023 12:00:00 AM,-1015740.29364366,4684232.40022867
16595,2154,Rua Carlos Botelho,Beato,Passeio,HOTSPOT,,0,10,Não,Público,Dedicado Micromobilidade,9/6/2023 12:00:00 AM,-1015389.46234279,4683787.84770756
16596,2155,"Rua da Manutenção, 69",Beato,Passeio,HOTSPOT,,0,10,Não,Público,Dedicado Micromobilidade,9/7/2023 12:00:00 AM,-1013844.98953554,4683061.45721056
16597,2156,"Rua da Manutenção, 22",Beato,Passeio,HOTSPOT,,0,10,Não,Público,Dedicado Micromobilidade,9/7/2023 12:00:00 AM,-1014268.46590873,4682568.74215306
16598,2157,"Rua da Manutenção, 78",Beato,Passeio,HOTSPOT,,0,10,Não,Público,Dedicado Micromobilidade,9/7/2023 12:00:00 AM,-1013988.0685906,4682807.45413363
16599,2158,"Rua de Xabregas, 4",Beato,Passeio,HOTSPOT,,0,10,Não,Público,Dedicado Micromobilidade,9/7/2023 12:00:00 AM,-1014093.7736664,4682819.80039512
16600,2159,Largo da Madre de Deus,Beato,Passeio,HOTSPOT,,0,10,Não,Público,Dedicado Micromobilidade,9/7/2023 12:00:00 AM,-1014593.02095848,4683357.86066897
16601,2160,"Rua Doutor Faria de Vasconcelos, 6B",Beato,Passeio,HOTSPOT,,0,10,Não,Público,Dedicado Micromobilidade,9/7/2023 12:00:00 AM,-1015295.65353625,4684360.82647413
16602,2203,"Avenida do Uruguai, 7B",Benfica,Passeio,HOTSPOT,,0,10,Não,Público,Dedicado Micromobilidade,9/18/2023 12:00:00 AM,-1023860.77315941,4686093.83600669
16603,2204,"Avenida do Uruguai, 27",Benfica,Passeio,HOTSPOT,,0,10,Não,Público,Dedicado Micromobilidade,9/18/2023 12:00:00 AM,-1023801.83320908,4686302.35639009
16605,2206,"Avenida Gomes Pereira, 98B",Benfica,Passeio,HOTSPOT,,0,10,Não,Público,Dedicado Micromobilidade,9/18/2023 12:00:00 AM,-1023922.73430721,4685261.91410564
16607,2208,"Calçada do Tojal, 52",Benfica,Passeio,HOTSPOT,,0,10,Não,Público,Dedicado Micromobilidade,9/18/2023 12:00:00 AM,-1024532.4158564,4686553.05386318
16608,2209,Rua do Bom Pastor,Benfica,Passeio,HOTSPOT,,0,10,Não,Público,Dedicado Micromobilidade,9/20/2023 12:00:00 AM,-1024453.07211615,4684822.03070828
16609,2210,"Estrada da Buraca, 1",Benfica,Via,HOTSPOT,,0,10,Não,Público,Dedicado Micromobilidade,9/20/2023 12:00:00 AM,-1024529.95124879,4685140.47053969
16610,2211,Estrada da Circunvalação,Benfica,Passeio,HOTSPOT,,0,10,Não,Público,Dedicado Micromobilidade,9/20/2023 12:00:00 AM,-1024744.50211541,4684052.54990993
16611,2212,Estrada da Circunvalação,Benfica,Passeio,HOTSPOT,,0,10,Não,Público,Dedicado Micromobilidade,9/20/2023 12:00:00 AM,-1025004.75665993,4682293.82842019
16612,2213,Estrada das Oliveiras de Baixo,Benfica,Via,HOTSPOT,,0,10,Não,Público,Dedicado Micromobilidade,9/20/2023 12:00:00 AM,-1023765.28259956,4682371.28411119
16613,2214,"Estrada de A-da-Maia, 58",Benfica,Passeio,HOTSPOT,,0,10,Não,Público,Dedicado Micromobilidade,9/20/2023 12:00:00 AM,-1025134.67764167,4686056.07824247
16614,2215,"Estrada de Benfica, 717",Benfica,Passeio,HOTSPOT,,0,10,Não,Público,Dedicado Micromobilidade,9/20/2023 12:00:00 AM,-1024342.76233805,4686034.76189105
16615,2216,Estrada de Monsanto,Benfica,Via,HOTSPOT,,0,10,Não,Público,Dedicado Micromobilidade,9/20/2023 12:00:00 AM,-1024393.709763,4684034.64218256
16616,2217,Estrada de Monsanto,Benfica,Via,HOTSPOT,,0,5,Não,Público,Dedicado Micromobilidade,9/20/2023 12:00:00 AM,-1023533.81457394,4682611.38310447
16617,2218,Estrada do Forte,Benfica,Via,HOTSPOT,,0,10,Não,Público,Dedicado Micromobilidade,9/20/2023 12:00:00 AM,-1024192.54029262,4683164.64674671
16618,2219,Estrada do Forte,Benfica,Passeio,HOTSPOT,,0,5,Não,Público,Dedicado Micromobilidade,9/20/2023 12:00:00 AM,-1023032.45675244,4683553.46055813
16619,2220,Estrada dos Arneiros,Benfica,Passeio,HOTSPOT,,0,10,Não,Público,Dedicado Micromobilidade,9/20/2023 12:00:00 AM,-1024159.84246372,4686765.58770315
16620,2221,Rua 4 do Bairro da Boavista,Benfica,Via,HOTSPOT,,0,10,Não,Público,Dedicado Micromobilidade,9/20/2023 12:00:00 AM,-1024496.40236389,4683608.05938774
16621,2222,Rua António Pinho,Benfica,Passeio,HOTSPOT,,0,10,Não,Público,Dedicado Micromobilidade,9/20/2023 12:00:00 AM,-1024510.73000974,4683901.42886573
16622,2223,"Rua Maria Lalande, 19",Benfica,Passeio,HOTSPOT,,0,10,Não,Público,Dedicado Micromobilidade,9/20/2023 12:00:00 AM,-1024603.45308575,4686453.83361599
16623,2224,Rua Prof. Jorge da Silva Horta,Benfica,Passeio,HOTSPOT,,0,10,Não,Público,Dedicado Micromobilidade,9/20/2023 12:00:00 AM,-1024813.64217196,4685294.2724166
16624,2225,Rua Actor Estevão Amarante,Benfica,Passeio,HOTSPOT,,0,3,Não,Público,Dedicado Micromobilidade,9/20/2023 12:00:00 AM,-1024370.83399579,4685243.8273844
16625,2226,Rua José Augusto Seabra,Benfica,Passeio,HOTSPOT,,0,10,Não,Público,Dedicado Micromobilidade,9/21/2023 12:00:00 AM,-1024238.4391462,4685084.66734812
16626,2227,"Rua das Acácias, Lote D",Benfica,Passeio,HOTSPOT,,0,10,Não,Público,Dedicado Micromobilidade,9/21/2023 12:00:00 AM,-1024753.31444324,4683331.33482901
16627,2228,Rua das Azáleas,Benfica,Passeio,HOTSPOT,,0,10,Não,Público,Dedicado Micromobilidade,9/21/2023 12:00:00 AM,-1024816.75527914,4683710.81530561
16628,2229,"Rua das Garridas, 37",Benfica,Lugar estacionamento automóvel,HOTSPOT,,0,10,Não,Público,Dedicado Micromobilidade,9/21/2023 12:00:00 AM,-1024187.1923161,4685543.29209705
16629,2230,Rua Dr Joaquim Manso,Benfica,Passeio,HOTSPOT,,0,3,Não,Público,Dedicado Micromobilidade,9/21/2023 12:00:00 AM,-1023776.97572138,4686699.82765598
16630,2231,"Rua Dr. João de Barros, 2",Benfica,Passeio,HOTSPOT,,0,10,Não,Público,Dedicado Micromobilidade,9/21/2023 12:00:00 AM,-1024147.53959782,4686380.74600898
16631,2232,Rua Dr. José Baptista de Sousa,Benfica,Passeio,HOTSPOT,,0,10,Não,Público,Dedicado Micromobilidade,9/21/2023 12:00:00 AM,-1023453.02721042,4685991.80387828
16632,2233,Rua João Ortigão Ramos,Benfica,Passeio,HOTSPOT,,0,10,Não,Público,Dedicado Micromobilidade,9/22/2023 12:00:00 AM,-1024635.85010308,4686792.7986002
16633,2234,Rua Joaquim Paço d'Arcos,Benfica,Passeio,HOTSPOT,,0,10,Não,Público,Dedicado Micromobilidade,9/22/2023 12:00:00 AM,-1023158.00128313,4685659.14962408
16634,2235,"Rua José dos Santos Pereira, 10A",Benfica,Passeio,HOTSPOT,,0,10,Não,Público,Dedicado Micromobilidade,9/22/2023 12:00:00 AM,-1023337.37756935,4685216.1952487
16635,2236,"Rua Lucília Simões, 11",Benfica,Passeio,HOTSPOT,,0,10,Não,Público,Dedicado Micromobilidade,9/22/2023 12:00:00 AM,-1024814.22366017,4686341.45431507
16636,2237,Rua Maria Violante Vieira,Benfica,Passeio,HOTSPOT,,0,10,Não,Público,Dedicado Micromobilidade,9/22/2023 12:00:00 AM,-1024842.64625587,4685139.10803907
16637,2238,"Avenida Gomes Pereira, 16A",Benfica,Passeio,HOTSPOT,,0,10,Não,Público,Dedicado Micromobilidade,9/22/2023 12:00:00 AM,-1023876.20819918,4685870.3316418
16638,2239,"Rua Prof. Jorge da Silva Horta, 6A",Benfica,Passeio,HOTSPOT,,0,10,Não,Público,Dedicado Micromobilidade,9/22/2023 12:00:00 AM,-1024698.88031553,4685333.26468693
16639,2240,"Rua Prof. José Sebastião e Silva, Escola",Benfica,Passeio,HOTSPOT,,0,10,Não,Público,Dedicado Micromobilidade,9/22/2023 12:00:00 AM,-1023323.97126859,4685672.03276808
16640,2241,Rua Ten. Coronel Ribeiro dos Reis,Benfica,Passeio,HOTSPOT,,0,10,Não,Público,Dedicado Micromobilidade,9/22/2023 12:00:00 AM,-1023012.0738552,4685360.90989147
16641,2242,Rua Ten. Coronel Ribeiro dos Reis,Benfica,Via,BICICLETA,Sheffield standard,5,10,Não,Privado,Interdito Micromobilidade,,-1023009.91259098,4685446.22679085
16642,2243,Avenida Calouste Gulbenkian,Campolide,Passeio,HOTSPOT,,0,10,Não,Público,Dedicado Micromobilidade,9/25/2023 12:00:00 AM,-1019802.97647082,4683954.43170199
16643,2244,Rua Professor Lima Basto,São Domingos de Benfica,Passeio,HOTSPOT,,0,10,Não,Público,Dedicado Micromobilidade,9/25/2023 12:00:00 AM,-1020473.17668243,4684539.38120859
16644,2245,"Avenida Columbano Bordalo Pinheiro, 78",São Domingos de Benfica,Passeio,HOTSPOT,,0,10,Não,Público,Dedicado Micromobilidade,9/25/2023 12:00:00 AM,-1020096.76261431,4684304.09763976
16645,2246,"Avenida Conselheiro Fernando de Sousa, 27",Campolide,Passeio,HOTSPOT,,0,5,Não,Público,Dedicado Micromobilidade,9/25/2023 12:00:00 AM,-1019873.31917569,4682567.11928211
16646,2247,Rua Aviador Plácido de Abreu,Campolide,Passeio,HOTSPOT,,0,10,Não,Público,Dedicado Micromobilidade,9/25/2023 12:00:00 AM,-1019777.0816112,4682471.90666251
16648,2249,Rua Basílio Teles,Campolide,Passeio,HOTSPOT,,0,10,Não,Público,Dedicado Micromobilidade,9/25/2023 12:00:00 AM,-1020124.04743633,4684149.4013924
16649,2250,"Avenida José Malhoa, 27C",Campolide,Passeio,HOTSPOT,,0,10,Não,Público,Dedicado Micromobilidade,9/25/2023 12:00:00 AM,-1020486.6742382,4684235.58400687
16650,2251,Avenida Miguel Torga,Campolide,Passeio,HOTSPOT,,0,8,Não,Público,Dedicado Micromobilidade,9/25/2023 12:00:00 AM,-1019918.06250861,4683354.69478099
16651,2252,Avenida Miguel Torga,Campolide,Passeio,HOTSPOT,,0,10,Não,Público,Dedicado Micromobilidade,9/25/2023 12:00:00 AM,-1019823.45045326,4683245.89280318
16652,2253,"Avenida Miguel Torga, 4",Campolide,Lugar estacionamento automóvel,HOTSPOT,,0,10,Não,Público,Dedicado Micromobilidade,9/25/2023 12:00:00 AM,-1019837.77909285,4683102.49822323
16653,2254,Calçada da Quintinha,Campolide,Passeio,HOTSPOT,,0,10,Não,Público,Dedicado Micromobilidade,9/25/2023 12:00:00 AM,-1020286.67302454,4682590.93883059
16654,2255,Avenida Calouste Gulbenkian,Campolide,Passeio,HOTSPOT,,0,10,Não,Público,Dedicado Micromobilidade,9/25/2023 12:00:00 AM,-1020355.61943459,4683051.96845985
16655,2256,Rua Inácio Pardelhas Sanchez,Campolide,Passeio,HOTSPOT,,0,10,Não,Público,Dedicado Micromobilidade,9/25/2023 12:00:00 AM,-1020960.60310989,4683807.48062658
16656,2257,Calçada da Quintinha,Campolide,Passeio,HOTSPOT,,0,10,Não,Público,Dedicado Micromobilidade,9/25/2023 12:00:00 AM,-1020374.7490976,4682581.55914676
16657,2258,Rua 12 do Bairro da Calçada dos Mestres,Campolide,Passeio,HOTSPOT,,0,10,Não,Público,Dedicado Micromobilidade,9/25/2023 12:00:00 AM,-1020691.152407,4682868.06226425
16658,2259,"Alto do Carvalhão, 3",Campolide,Passeio,HOTSPOT,,0,10,Não,Público,Dedicado Micromobilidade,9/25/2023 12:00:00 AM,-1020326.88786565,4682204.77820469
16659,2260,"Rua Ramalho Ortigão, Teatro",Campolide,Passeio,HOTSPOT,,0,10,Não,Público,Dedicado Micromobilidade,9/25/2023 12:00:00 AM,-1019567.83570061,4683923.40640969
16660,2261,Rua Cardeal Saraiva,Campolide,Passeio,HOTSPOT,,0,10,Não,Público,Dedicado Micromobilidade,9/25/2023 12:00:00 AM,-1019971.66283227,4684009.68103585
16661,2262,Rua da Mesquita,Campolide,Passeio,HOTSPOT,,0,10,Não,Público,Dedicado Micromobilidade,9/25/2023 12:00:00 AM,-1019496.30514313,4683842.85223354
16662,2263,"Rua Padre António Vieira, 44",Avenidas Novas,Lugar estacionamento automóvel,HOTSPOT,,0,10,Não,Público,Dedicado Micromobilidade,9/26/2023 12:00:00 AM,-1019545.04683953,4682695.38657235
16663,2264,Rua de Artilharia Um,Campolide,Via,HOTSPOT,,0,10,Não,Público,Dedicado Micromobilidade,9/26/2023 12:00:00 AM,-1019501.39947619,4682588.20339123
16664,2265,"Rua de Artilharia Um, 70",Campolide,Lugar estacionamento automóvel,HOTSPOT,,0,10,Não,Público,Dedicado Micromobilidade,9/26/2023 12:00:00 AM,-1019388.86772693,4682443.36444162
16665,2266,Rua de Artilharia Um,Campolide,Passeio,HOTSPOT,,0,10,Não,Público,Dedicado Micromobilidade,9/26/2023 12:00:00 AM,-1019363.54465188,4682365.9298666
16666,2267,"Rua de Campolide, 372",Campolide,Passeio,HOTSPOT,,0,10,Não,Público,Dedicado Micromobilidade,9/26/2023 12:00:00 AM,-1020552.99844183,4684080.16460149
16667,623,"Rua de Entrecampos, 44B",Alvalade,Lugar estacionamento automóvel,HOTSPOT,Sheffield standard,2,9,Não,Público,Partilhado com Micromobilidade,,-1018197.36744916,4685437.45650977
16668,2268,"Rua Vila de Catió, Escola",Olivais,Passeio,BICICLETA,Sheffield standard,12,24,Não,Privado,Interdito Micromobilidade,9/22/2023 12:00:00 AM,-1014517.0136914,4687450.10849379
16669,2269,"Rua do Saco, 1",Arroios,Passeio,BICICLETA,Sheffield standard,2,4,Não,Público,Partilhado com Micromobilidade,9/22/2023 12:00:00 AM,-1017244.71946744,4681715.42149435
16670,2270,"Rua do Centro Cultural, 14",Alvalade,Via,BICICLETA,Sheffield standard,2,4,Não,Público,Partilhado com Micromobilidade,9/22/2023 12:00:00 AM,-1017820.44561522,4686768.01369508
16671,2271,"Rua do Centro Cultural, 12",Alvalade,Via,HOTSPOT,,0,4,Não,Público,Dedicado Micromobilidade,9/22/2023 12:00:00 AM,-1017758.57083722,4686795.38956716
16672,2272,Rua de Campolide,Campolide,Passeio,HOTSPOT,,0,10,Não,Público,Dedicado Micromobilidade,9/27/2023 12:00:00 AM,-1020140.93223224,4683657.84307901
16673,2273,"Rua de Campolide, 223",Campolide,Passeio,HOTSPOT,,0,10,Não,Público,Dedicado Micromobilidade,9/27/2023 12:00:00 AM,-1020016.4764109,4683476.97617663
16674,2274,Rua Marquês de Fronteira,Campolide,Passeio,HOTSPOT,,0,10,Não,Público,Dedicado Micromobilidade,9/27/2023 12:00:00 AM,-1019309.87957652,4683224.58189114
16675,2275,Rua dos Arcos,Campolide,Passeio,HOTSPOT,,0,10,Não,Público,Dedicado Micromobilidade,9/27/2023 12:00:00 AM,-1021004.79437638,4683414.98307464
16676,2276,"Rua B do Bairro da Liberdade, 75",Campolide,Passeio,HOTSPOT,,0,8,Não,Público,Dedicado Micromobilidade,9/27/2023 12:00:00 AM,-1020697.13402405,4683602.53834534
16677,2277,Avenida de Brasília,Estrela,Passeio,HOTSPOT,,0,10,Não,Público,Dedicado Micromobilidade,9/29/2023 12:00:00 AM,-1019374.83910958,4679532.68953681
16678,2434,Avenida Dr. Augusto de Castro,Marvila,Passeio,HOTSPOT,,0,10,Não,Público,Dedicado Micromobilidade,1/12/2024 12:00:00 AM,-1014426.92583987,4687043.35416859
16679,2435,Avenida Francisco Salgado Zenha,Marvila,Passeio,HOTSPOT,,0,10,Não,Público,Dedicado Micromobilidade,1/12/2024 12:00:00 AM,-1015068.40059682,4685595.45120162
16680,2436,"Avenida François Mitterrand, 35A",Marvila,Passeio,HOTSPOT,,0,10,Não,Público,Dedicado Micromobilidade,1/12/2024 12:00:00 AM,-1015066.19411527,4685265.80651546
16681,2437,Avenida João Paulo II,Marvila,Passeio,HOTSPOT,,0,10,Não,Público,Dedicado Micromobilidade,1/12/2024 12:00:00 AM,-1014401.89760052,4685554.27162289
16682,2438,Avenida João Paulo II,Marvila,Passeio,HOTSPOT,,0,10,Não,Público,Dedicado Micromobilidade,1/12/2024 12:00:00 AM,-1014463.75034562,4685407.0824867
16683,2439,Avenida Paulo VI,Marvila,Passeio,HOTSPOT,,0,10,Não,Público,Dedicado Micromobilidade,1/12/2024 12:00:00 AM,-1014273.72879317,4684959.9443397
16684,2440,Avenida Paulo VI,Marvila,Passeio,HOTSPOT,,0,4,Não,Público,Dedicado Micromobilidade,1/12/2024 12:00:00 AM,-1013999.21702296,4685545.8816743
16685,2278,Rua Cascais,Estrela,Passeio,HOTSPOT,,0,10,Não,Público,Dedicado Micromobilidade,9/29/2023 12:00:00 AM,-1021328.39368389,4679230.02723503
16686,2279,"Avenida Infante Santo, 374",Estrela,Passeio,HOTSPOT,,0,8,Não,Público,Dedicado Micromobilidade,9/29/2023 12:00:00 AM,-1019859.55980841,4680726.25975193
16687,2280,Rua de San'Ana (Santana) à Lapa,Estrela,Passeio,HOTSPOT,,0,10,Não,Público,Dedicado Micromobilidade,9/29/2023 12:00:00 AM,-1020127.98021174,4680409.12900671
16688,2281,"Avenida Infante Santo, 51",Estrela,Passeio,HOTSPOT,,0,5,Não,Público,Dedicado Micromobilidade,9/29/2023 12:00:00 AM,-1020438.94813585,4680121.87806209
16689,2284,Rua Cascais,Estrela,Passeio,HOTSPOT,,0,10,Não,Público,Dedicado Micromobilidade,10/11/2023 12:00:00 AM,-1021292.69678719,4679375.16862021
16690,2285,Avenida Álvares Cabral,Estrela,Passeio,HOTSPOT,,0,8,Não,Público,Dedicado Micromobilidade,10/11/2023 12:00:00 AM,-1019541.36333253,4681017.04613376
16691,2286,Praça da Estrela,Estrela,Passeio,HOTSPOT,,0,5,Não,Público,Dedicado Micromobilidade,10/11/2023 12:00:00 AM,-1019772.56803586,4680764.95519371
16692,2287,Rua Presidente Arriaga,Estrela,Passeio,HOTSPOT,,0,5,Não,Público,Dedicado Micromobilidade,10/11/2023 12:00:00 AM,-1020019.77193809,4679442.88605852
16693,2288,Rua Capitão Afonso Pala,Estrela,Passeio,HOTSPOT,,0,10,Não,Público,Dedicado Micromobilidade,10/11/2023 12:00:00 AM,-1020957.95058533,4679817.58203818
16694,2289,"Praça da Armada, Ministério",Estrela,Passeio,HOTSPOT,,0,10,Não,Público,Dedicado Micromobilidade,10/11/2023 12:00:00 AM,-1020855.67668175,4679510.7669024
16695,2290,Praça da Estrela,Estrela,Passeio,HOTSPOT,,0,4,Não,Público,Dedicado Micromobilidade,10/11/2023 12:00:00 AM,-1019763.18998386,4680715.10437109
16696,2291,Praça São João Bosco,Estrela,Passeio,HOTSPOT,,0,10,Não,Público,Dedicado Micromobilidade,10/11/2023 12:00:00 AM,-1020734.11499465,4680869.5367259
16697,2292,Rocha Conde de Óbidos,Estrela,Passeio,HOTSPOT,,0,10,Não,Público,Dedicado Micromobilidade,10/16/2023 12:00:00 AM,-1019950.86885145,4679219.53244056
16698,2293,"Rua Cascais, 35",Alcântara,Passeio,HOTSPOT,,0,10,Não,Público,Dedicado Micromobilidade,10/16/2023 12:00:00 AM,-1021338.37992082,4679389.36378134
16699,2294,"Rua Coronel Ribeiro Viana, 13",Estrela,Passeio,HOTSPOT,,0,10,Não,Público,Dedicado Micromobilidade,10/16/2023 12:00:00 AM,-1020618.39957072,4680572.29082949
16700,2295,"Rua da Esperança, 154",Estrela,Passeio,HOTSPOT,,0,10,Não,Público,Dedicado Micromobilidade,10/16/2023 12:00:00 AM,-1019240.66163802,4679905.26488609
16701,2296,"Rua da Esperança, 2",Estrela,Passeio,HOTSPOT,,0,10,Não,Público,Dedicado Micromobilidade,10/16/2023 12:00:00 AM,-1018956.76893348,4680056.20127484
16702,2297,"Rua da Lapa, 74",Estrela,Passeio,HOTSPOT,,0,10,Não,Público,Dedicado Micromobilidade,10/16/2023 12:00:00 AM,-1019702.10667526,4680242.04330306
16703,2298,Rua das Francesinhas,Estrela,Passeio,HOTSPOT,,0,10,Não,Público,Dedicado Micromobilidade,10/16/2023 12:00:00 AM,-1019078.80225947,4680331.20483071
16704,2299,Rua das Francesinhas,Estrela,Passeio,HOTSPOT,,0,10,Não,Público,Dedicado Micromobilidade,10/16/2023 12:00:00 AM,-1019024.77158432,4680427.65839675
16705,2300,Rua das Janelas Verdes,Estrela,Passeio,HOTSPOT,,0,10,Não,Público,Dedicado Micromobilidade,10/16/2023 12:00:00 AM,-1019815.00847776,4679548.10918196
16706,2301,"Rua da Cintura do Porto de Lisboa, Museu",Estrela,Via,HOTSPOT,,0,10,Não,Público,Dedicado Micromobilidade,10/16/2023 12:00:00 AM,-1020927.17952184,4679164.27400715
16707,2302,Rua de Sant'Ana (Santana) à Lapa,Estrela,Passeio,HOTSPOT,,0,5,Não,Público,Dedicado Micromobilidade,10/16/2023 12:00:00 AM,-1019837.80664866,4680277.13967298
16708,2303,Calçada Ribeiro Santos,Estrela,Passeio,HOTSPOT,,0,10,Não,Público,Dedicado Micromobilidade,10/16/2023 12:00:00 AM,-1019452.17757454,4679737.61550338
16709,2304,Rua das Praças,Estrela,Passeio,HOTSPOT,,0,3,Não,Público,Dedicado Micromobilidade,10/16/2023 12:00:00 AM,-1019638.62410857,4680093.51282719
16710,2305,Rua de São Ciro,Estrela,Via,HOTSPOT,,0,4,Não,Público,Dedicado Micromobilidade,10/16/2023 12:00:00 AM,-1019842.57160708,4680542.82412736
16711,2306,"Rua Domingos Sequeira, 11C",Estrela,Passeio,HOTSPOT,,0,10,Não,Público,Dedicado Micromobilidade,10/16/2023 12:00:00 AM,-1019977.91029445,4680886.42090129
16712,2307,Largo do Rilvas,Estrela,Passeio,HOTSPOT,,0,10,Não,Público,Dedicado Micromobilidade,10/18/2023 12:00:00 AM,-1020741.98658565,4679736.23810955
16713,2308,Rua Jorge Alves,Estrela,Passeio,HOTSPOT,,0,10,Não,Público,Dedicado Micromobilidade,10/18/2023 12:00:00 AM,-1019258.0941769,4680244.20611029
16714,2337,"Rua Cidade da Beira, 54",Olivais,Passeio,HOTSPOT,,0,10,Não,Público,Dedicado Micromobilidade,10/24/2023 12:00:00 AM,-1015544.29433544,4688397.60803626
16715,2338,Rua Cidade da Praia,Olivais,Passeio,HOTSPOT,,0,10,Não,Público,Dedicado Micromobilidade,10/24/2023 12:00:00 AM,-1015133.85479202,4687586.5987591
16716,2339,"Rua Cidade da Praia, Lote 362",Olivais,Passeio,HOTSPOT,,0,10,Não,Público,Dedicado Micromobilidade,10/24/2023 12:00:00 AM,-1014858.79395268,4687503.72348262
16717,2340,Rua Cidade de Benguela,Olivais,Passeio,HOTSPOT,,0,10,Não,Público,Dedicado Micromobilidade,10/24/2023 12:00:00 AM,-1014197.81942478,4687926.98232975
16718,2341,"Rua Cidade de Bolama, 38",Olivais,Passeio,HOTSPOT,,0,10,Não,Público,Dedicado Micromobilidade,10/24/2023 12:00:00 AM,-1014927.72168847,4687733.8389506
16719,2342,Rua Cidade de Cabinda,Olivais,Passeio,HOTSPOT,,0,10,Não,Público,Dedicado Micromobilidade,10/24/2023 12:00:00 AM,-1014259.46676784,4688463.42244774
16720,2343,"Rua Cidade da Beira, 22",Olivais,Passeio,HOTSPOT,,0,10,Não,Público,Dedicado Micromobilidade,10/24/2023 12:00:00 AM,-1015545.65270461,4687883.90071166
16721,2433,Avenida Dr. Arlindo Vicente,Marvila,Passeio,HOTSPOT,,0,10,Não,Público,Dedicado Micromobilidade,1/12/2024 12:00:00 AM,-1015766.21014162,4686051.65108442
16722,2309,"Rua da Costa, 12",Estrela,Passeio,HOTSPOT,,0,10,Não,Público,Dedicado Micromobilidade,10/18/2023 12:00:00 AM,-1021150.33809415,4679745.92958528
16723,2310,Rua Gilberto Rola,Estrela,Passeio,HOTSPOT,,0,10,Não,Público,Dedicado Micromobilidade,10/18/2023 12:00:00 AM,-1021117.17704107,4679635.63294899
16724,2311,Rua do Arco do Chafariz das Terras,Estrela,Via,HOTSPOT,,0,10,Não,Público,Dedicado Micromobilidade,10/18/2023 12:00:00 AM,-1020325.22204457,4680051.82526035
16725,2312,"Rua Cidade de Carmona, 2A",Olivais,Passeio,HOTSPOT,,0,10,Não,Público,Dedicado Micromobilidade,10/18/2023 12:00:00 AM,-1014590.92907196,4688143.91568044
16726,2313,Alameda da Encarnação,Olivais,Passeio,HOTSPOT,,0,10,Não,Público,Dedicado Micromobilidade,10/18/2023 12:00:00 AM,-1015008.48224207,4689331.1741247
16727,2314,Alameda da Encarnação,Olivais,Via,HOTSPOT,,0,10,Não,Público,Dedicado Micromobilidade,10/18/2023 12:00:00 AM,-1015396.78883332,4688919.8222057
16728,2315,Rua Cidade de Bissau,Olivais,Passeio,HOTSPOT,,0,10,Não,Público,Dedicado Micromobilidade,10/18/2023 12:00:00 AM,-1014332.13367543,4687534.67606837
16729,2351,Rua Dom Aleixo Corte-Real,Olivais,Passeio,HOTSPOT,,0,10,Não,Público,Dedicado Micromobilidade,10/31/2023 12:00:00 AM,-1014623.53005956,4687481.49584839
16730,2352,Rua Furriel Galrão Nogueira,Olivais,Passeio,HOTSPOT,,0,3,Não,Público,Dedicado Micromobilidade,10/31/2023 12:00:00 AM,-1014238.26711323,4688605.66339417
16731,2353,"Rua General Silva Freire, 19",Olivais,Passeio,HOTSPOT,,0,8,Não,Público,Dedicado Micromobilidade,10/31/2023 12:00:00 AM,-1014676.4978644,4689438.69443947
16732,2354,Rua Padre Joaquim Aguiar,Olivais,Passeio,HOTSPOT,,0,10,Não,Público,Dedicado Micromobilidade,10/31/2023 12:00:00 AM,-1014113.42695682,4689772.73145949
16733,2355,Jardim Eduardo Prado Coelho,Olivais,Passeio,HOTSPOT,,0,10,Não,Público,Dedicado Micromobilidade,10/31/2023 12:00:00 AM,-1014010.29482615,4688935.74835501
16734,2356,Rua Vice Almirante Augusto de Castro Guedes,Olivais,Passeio,HOTSPOT,,0,10,Não,Público,Dedicado Micromobilidade,10/31/2023 12:00:00 AM,-1015128.73408148,4689916.93371189
16735,2357,"Rua Cidade da Praia, Lote 368",Olivais,Passeio,HOTSPOT,,0,10,Não,Público,Dedicado Micromobilidade,10/31/2023 12:00:00 AM,-1015034.44841327,4687560.8502134
16736,2323,Avenida Marechal Gomes da Costa,Olivais,Passeio,HOTSPOT,,0,10,Não,Público,Dedicado Micromobilidade,10/23/2023 12:00:00 AM,-1014858.18957651,4687348.0141501
16737,2324,"Travessa do Adro aos Olivais, Igreja",Olivais,Passeio,HOTSPOT,,0,10,Não,Público,Dedicado Micromobilidade,10/23/2023 12:00:00 AM,-1013786.91733734,4688574.69975007
16738,2325,Praça Cidade de Salazar,Olivais,Passeio,HOTSPOT,,0,10,Não,Público,Dedicado Micromobilidade,10/23/2023 12:00:00 AM,-1015012.59186184,4687914.81085702
16739,2326,Praça de Chinde,Olivais,Passeio,HOTSPOT,,0,10,Não,Público,Dedicado Micromobilidade,10/23/2023 12:00:00 AM,-1015544.571307,4688555.1842767
16740,2327,Praça do Norte,Olivais,Passeio,HOTSPOT,,0,10,Não,Público,Dedicado Micromobilidade,10/31/2023 12:00:00 AM,-1015091.75702306,4689759.16738563
16741,2328,Rua da Portela,Olivais,Passeio,HOTSPOT,,0,10,Não,Público,Dedicado Micromobilidade,10/23/2023 12:00:00 AM,-1014535.46724336,4688696.68839802
16742,2329,Rua 26 do Bairro da Encarnação,Olivais,Passeio,HOTSPOT,,0,5,Não,Público,Dedicado Micromobilidade,10/23/2023 12:00:00 AM,-1014698.96881525,4689024.80153448
16743,2330,Rua Alferes Barrilaro Ruas,Olivais,Passeio,HOTSPOT,,0,10,Não,Público,Dedicado Micromobilidade,10/23/2023 12:00:00 AM,-1014834.48444842,4689787.73262657
16744,2316,Avenida Cidade do Porto,Olivais,Passeio,HOTSPOT,,0,10,Não,Público,Dedicado Micromobilidade,10/18/2023 12:00:00 AM,-1015660.45005804,4688683.86564856
16745,2317,"Avenida de Berlim, Lote H",Olivais,Passeio,HOTSPOT,,0,10,Não,Público,Dedicado Micromobilidade,10/18/2023 12:00:00 AM,-1013902.68237496,4688501.25987422
16746,2318,Jardim Eduardo Prado Coelho,Olivais,Passeio,HOTSPOT,,0,10,Não,Público,Dedicado Micromobilidade,10/18/2023 12:00:00 AM,-1013990.82037583,4688818.87167084
16747,2321,Via Pedonal sobre a Avenida Infante Dom Henrique,Olivais,Passeio,HOTSPOT,,0,10,Não,Público,Dedicado Micromobilidade,10/23/2023 12:00:00 AM,-1013419.66269462,4687316.21801878
16748,2322,"Avenida Infante Dom Henrique, 345A",Olivais,Via,HOTSPOT,,0,10,Não,Público,Dedicado Micromobilidade,10/23/2023 12:00:00 AM,-1013496.71574691,4688272.69033614
16749,2344,"Rua Cidade de João Belo, Lote 61",Olivais,Passeio,HOTSPOT,,0,10,Não,Público,Dedicado Micromobilidade,10/24/2023 12:00:00 AM,-1015459.76176188,4687986.84296424
16750,2345,Praça Cidade do Luso,Olivais,Passeio,HOTSPOT,,0,10,Não,Público,Dedicado Micromobilidade,10/24/2023 12:00:00 AM,-1014811.23118892,4688115.39806084
16751,2346,"Rua Cidade de Lobito, Lote 281",Olivais,Passeio,HOTSPOT,,0,10,Não,Público,Dedicado Micromobilidade,10/24/2023 12:00:00 AM,-1014434.20987613,4688038.29001873
16752,2347,"Rua Cidade de Vila, Cabral, Lote 41",Olivais,Passeio,HOTSPOT,,0,10,Não,Público,Dedicado Micromobilidade,10/24/2023 12:00:00 AM,-1015299.20797571,4688188.40341207
16753,2348,Rua da Quinta de Santa Maria,Olivais,Via,HOTSPOT,,0,5,Não,Público,Dedicado Micromobilidade,10/24/2023 12:00:00 AM,-1015293.14548337,4689826.0425806
16754,2349,"Rua de Manhiça, Lote 469",Olivais,Passeio,HOTSPOT,,0,10,Não,Público,Dedicado Micromobilidade,10/24/2023 12:00:00 AM,-1013863.75239524,4687246.1826762
16755,2350,"Rua do Conselheiro Mariano de Carvalho, 69",Olivais,Passeio,HOTSPOT,,0,5,Não,Público,Dedicado Micromobilidade,10/31/2023 12:00:00 AM,-1013569.06852446,4688592.04552463
16756,2358,Rua Vila de Catió,Olivais,Passeio,HOTSPOT,,0,10,Não,Público,Dedicado Micromobilidade,10/31/2023 12:00:00 AM,-1014500.33256827,4687530.05255181
16757,2359,"Rua Lino Ferreira, Escola",Marvila,Passeio,BICICLETA,Entorta rodas,1,6,Sim,Privado,Interdito Micromobilidade,,-1013669.04931234,4685527.84408876
16758,2360,Rua Jorge de Sena,Santa Clara,Passeio,HOTSPOT,,0,10,Não,Público,Dedicado Micromobilidade,11/2/2023 12:00:00 AM,-1019959.80287954,4690157.33202034
16759,2361,"Avenida Nuno Krus Abecassis, 32",Santa Clara,Passeio,HOTSPOT,,0,10,Não,Público,Dedicado Micromobilidade,11/2/2023 12:00:00 AM,-1018550.82172978,4690055.22960337
16760,2362,Rua Cidade de Tomar,Santa Clara,Passeio,HOTSPOT,,0,10,Não,Público,Dedicado Micromobilidade,11/2/2023 12:00:00 AM,-1020217.23455262,4690669.50912238
16761,2363,"Rua Tito de Morais, 5C",Santa Clara,Passeio,HOTSPOT,,0,10,Não,Público,Dedicado Micromobilidade,11/2/2023 12:00:00 AM,-1018409.97036691,4690178.25048557
16762,2331,"Rua Alferes Barrilaro Ruas, 7B",Olivais,Passeio,HOTSPOT,,0,10,Não,Público,Dedicado Micromobilidade,10/23/2023 12:00:00 AM,-1014445.58934534,4689571.49695062
16763,2332,"Rua Almada Negreiros, Lote 473",Olivais,Passeio,HOTSPOT,,0,10,Não,Público,Dedicado Micromobilidade,10/23/2023 12:00:00 AM,-1014118.51631828,4687278.50183713
16764,2333,"Rua Almada Negreiros, Lote L",Olivais,Passeio,HOTSPOT,,0,10,Não,Público,Dedicado Micromobilidade,10/23/2023 12:00:00 AM,-1013697.67969307,4687046.53270767
16765,2334,Rua Cândido de Oliveira,Olivais,Passeio,HOTSPOT,,0,10,Não,Público,Dedicado Micromobilidade,10/23/2023 12:00:00 AM,-1013924.86132265,4688195.92022181
16766,2335,"Rua Carlos George, 34A",Olivais,Passeio,HOTSPOT,,0,5,Não,Público,Dedicado Micromobilidade,10/24/2023 12:00:00 AM,-1013755.81202947,4689414.61074151
16767,2336,"Rua Cidade da Beira, 83",Olivais,Passeio,HOTSPOT,,0,10,Não,Público,Dedicado Micromobilidade,10/24/2023 12:00:00 AM,-1015268.79272656,4688608.80350449
16768,2384,"Largo da Anunciada, 18",Santo António,Passeio,HOTSPOT,,0,10,Não,Público,Dedicado Micromobilidade,11/3/2023 12:00:00 AM,-1017696.29769219,4681326.42798382
16769,2385,Travessa do Fala-Só,Santo António,Passeio,HOTSPOT,,0,10,Não,Público,Dedicado Micromobilidade,11/3/2023 12:00:00 AM,-1017930.08890672,4681127.77752648
16770,2386,"Rua Júlio César Machado, 6",Santo António,Passeio,HOTSPOT,,0,10,Não,Público,Dedicado Micromobilidade,11/3/2023 12:00:00 AM,-1018210.87960038,4681654.04963965
16771,2387,Rua da Alegria,Santo António,Via,HOTSPOT,,0,10,Não,Público,Dedicado Micromobilidade,11/3/2023 12:00:00 AM,-1018119.94523819,4681352.04936252
16772,2388,Rua das Amoreiras,Santo António,Passeio,HOTSPOT,,0,10,Não,Público,Dedicado Micromobilidade,11/3/2023 12:00:00 AM,-1019341.74802553,4681932.1728576
16773,2389,"Rua Castilho, 6",Santo António,Passeio,HOTSPOT,,0,10,Não,Público,Dedicado Micromobilidade,11/3/2023 12:00:00 AM,-1018451.85105804,4681634.45979708
16774,2390,"Rua Castilho, 75A",Santo António,Passeio,HOTSPOT,,0,10,Não,Público,Dedicado Micromobilidade,11/3/2023 12:00:00 AM,-1018950.7195764,4682321.65400601
16775,2391,Rua da Escola Politécnica,Santo António,Via,HOTSPOT,,0,10,Não,Público,Dedicado Micromobilidade,11/3/2023 12:00:00 AM,-1018613.00292941,4681280.8624373
16776,2364,Rua Ruy Cinatti,Santa Clara,Lugar estacionamento automóvel,HOTSPOT,,0,10,Não,Público,Dedicado Micromobilidade,11/2/2023 12:00:00 AM,-1018348.56542241,4690996.18007006
16777,2365,"Rua Rogério de Moura, Lote 22.4.59",Santa Clara,Passeio,HOTSPOT,,0,10,Não,Público,Dedicado Micromobilidade,11/2/2023 12:00:00 AM,-1018509.68983448,4690709.46605966
16778,2366,Rua Maluda (Maria de Lurdes Ribeiro),Santa Clara,Lugar estacionamento automóvel,HOTSPOT,,0,10,Não,Público,Dedicado Micromobilidade,11/2/2023 12:00:00 AM,-1018773.18453018,4691778.91819421
16779,2367,Avenida Sérgio Vieira de Mello,Santa Clara,Passeio,HOTSPOT,,0,10,Não,Público,Dedicado Micromobilidade,11/2/2023 12:00:00 AM,-1018363.16810773,4690396.15372974
16780,2368,"Rua João Amaral, Lote 22.1-1",Santa Clara,Passeio,HOTSPOT,,0,10,Não,Público,Dedicado Micromobilidade,11/2/2023 12:00:00 AM,-1018902.37921967,4690565.84511058
16781,2369,"Rua João Amaral, Pista de Atletismo",Santa Clara,Passeio,HOTSPOT,,0,5,Não,Público,Dedicado Micromobilidade,11/2/2023 12:00:00 AM,-1018923.89537534,4690534.48595117
16782,2370,Estrada da Ameixoeira,Santa Clara,Passeio,HOTSPOT,,0,5,Não,Público,Dedicado Micromobilidade,11/2/2023 12:00:00 AM,-1019772.14305212,4690487.27580458
16783,2371,Largo das Galinheiras,Santa Clara,Passeio,HOTSPOT,,0,10,Não,Público,Dedicado Micromobilidade,11/2/2023 12:00:00 AM,-1018619.58861006,4691933.59878432
16784,2372,Estrada do Desvio,Santa Clara,Passeio,HOTSPOT,,0,10,Não,Público,Dedicado Micromobilidade,11/2/2023 12:00:00 AM,-1020013.36910201,4690221.50721474
16785,2373,"Rua Prof. Adelino da Palma Carlos, Piscina",Santa Clara,Lugar estacionamento automóvel,HOTSPOT,,0,10,Não,Público,Dedicado Micromobilidade,11/2/2023 12:00:00 AM,-1019667.86417646,4690961.32731272
16786,2374,Avenida Glicínia Quartin,Santa Clara,Passeio,HOTSPOT,,0,10,Não,Público,Dedicado Micromobilidade,11/2/2023 12:00:00 AM,-1019105.3076369,4691258.32777153
16787,2375,"Rua Fernando Gusmão, 2A",Santa Clara,Passeio,HOTSPOT,,0,10,Não,Público,Dedicado Micromobilidade,11/2/2023 12:00:00 AM,-1019096.97663585,4691337.69858147
16788,2376,Azinhaga do Reguengo,Santa Clara,Passeio,HOTSPOT,,0,10,Não,Público,Dedicado Micromobilidade,11/2/2023 12:00:00 AM,-1018250.0583357,4691983.54223259
16789,2377,Rua Hermínio da Palma Inácio,Santa Clara,Passeio,HOTSPOT,,0,10,Não,Público,Dedicado Micromobilidade,11/2/2023 12:00:00 AM,-1018483.30705902,4691260.95359531
16790,2392,"Rua da Glória, 2A",Santo António,Passeio,HOTSPOT,,0,5,Não,Público,Dedicado Micromobilidade,11/6/2023 12:00:00 AM,-1017811.67711418,4681091.16311478
16791,2393,"Rua da Mãe D'Água, 13",Santo António,Via,HOTSPOT,,0,5,Não,Público,Dedicado Micromobilidade,11/6/2023 12:00:00 AM,-1018201.04565604,4681267.03900429
16792,2394,"Rua de Artilharia Um, 63",Santo António,Passeio,HOTSPOT,,0,5,Não,Público,Dedicado Micromobilidade,11/6/2023 12:00:00 AM,-1019158.41432611,4682226.02846657
16793,2395,"Rua de Santa Marta, 49C",Santo António,Passeio,HOTSPOT,,0,10,Não,Público,Dedicado Micromobilidade,11/6/2023 12:00:00 AM,-1018131.42191697,4682264.97171358
16794,2396,"Rua Barata Salgueiro, 1B",Santo António,Passeio,HOTSPOT,,0,10,Não,Público,Dedicado Micromobilidade,11/6/2023 12:00:00 AM,-1018116.10779233,4682013.2995969
16795,2397,"Rua do Salitre, 177",Santo António,Via,HOTSPOT,,0,10,Não,Público,Dedicado Micromobilidade,11/7/2023 12:00:00 AM,-1018777.48123343,4681619.49867346
16796,2398,Rua Dom Pedro V,Misericórdia,Via,HOTSPOT,,0,10,Não,Público,Dedicado Micromobilidade,11/7/2023 12:00:00 AM,-1018305.59014614,4681088.92973498
16797,2378,Rua Hermínio da Palma Inácio,Santa Clara,Passeio,HOTSPOT,,0,10,Não,Público,Dedicado Micromobilidade,11/2/2023 12:00:00 AM,-1018105.7243213,4691358.75268351
16798,2379,"Largo dos Defensores da República, Igreja",Santa Clara,Lugar estacionamento automóvel,HOTSPOT,,0,10,Não,Público,Dedicado Micromobilidade,11/2/2023 12:00:00 AM,-1017863.52984834,4690648.8020695
16799,2380,"Rua Alberto Barbosa, 5",Santa Clara,Passeio,HOTSPOT,,0,10,Não,Público,Dedicado Micromobilidade,11/2/2023 12:00:00 AM,-1019406.54225278,4690619.22490403
16800,2381,"Rua Engº Quartin Graça, 49A",Santa Clara,Passeio,HOTSPOT,,0,10,Não,Público,Dedicado Micromobilidade,11/2/2023 12:00:00 AM,-1019874.52957487,4690588.43937493
16801,2382,"Avenida Engenheiro Duarte Pacheco, 21B",Santo António,Passeio,HOTSPOT,,0,10,Não,Público,Dedicado Micromobilidade,11/3/2023 12:00:00 AM,-1019645.35911858,4682250.19569809
16802,2383,Calçada Bento da Rocha Cabral,Santo António,Via,HOTSPOT,,0,10,Não,Público,Dedicado Micromobilidade,11/3/2023 12:00:00 AM,-1019149.85473429,4681809.31705847
16803,2399,Rua Ferreira Lapa,Santo António,Passeio,HOTSPOT,,0,10,Não,Público,Dedicado Micromobilidade,11/7/2023 12:00:00 AM,-1017904.33440208,4682666.89431317
16804,2400,"Rua Luciano Cordeiro, 31",Santo António,Passeio,HOTSPOT,,0,10,Não,Público,Dedicado Micromobilidade,11/7/2023 12:00:00 AM,-1017853.82216474,4682254.99374556
16805,2401,"Rua Bernardo Lima, 23",Santo António,Passeio,HOTSPOT,,0,10,Não,Público,Dedicado Micromobilidade,11/7/2023 12:00:00 AM,-1017995.33242253,4682634.8234797
16806,2402,Avenida Duque de Loulé,Santo António,Passeio,HOTSPOT,,0,10,Não,Público,Dedicado Micromobilidade,11/7/2023 12:00:00 AM,-1018125.06818245,4682703.66543153
16807,2403,Rua Rodrigo da Fonseca,Santo António,Passeio,HOTSPOT,,0,6,Não,Público,Dedicado Micromobilidade,11/7/2023 12:00:00 AM,-1019019.15666046,4682186.32016015
16808,2404,"Rua Barata Salgueiro, 6A",Santo António,Passeio,HOTSPOT,,0,10,Não,Público,Dedicado Micromobilidade,11/7/2023 12:00:00 AM,-1018185.24229223,4681986.73057401
16809,2405,"Travessa Águas Livres, 25",Santo António,Passeio,HOTSPOT,,0,10,Não,Público,Dedicado Micromobilidade,11/7/2023 12:00:00 AM,-1019374.78021823,4682089.4237925
16810,2406,"Rua das Taipas, 61",Santo António,Via,HOTSPOT,,0,3,Não,Público,Dedicado Micromobilidade,11/7/2023 12:00:00 AM,-1018118.42071883,4681178.28163278
16811,2407,Travessa Águas Livres,Santo António,Passeio,HOTSPOT,,0,10,Não,Público,Dedicado Micromobilidade,11/7/2023 12:00:00 AM,-1019322.8537812,4682037.03882505
16812,2408,Avenida Ribeira das Naus,Santa Maria Maior,Passeio,HOTSPOT,,0,10,Não,Público,Dedicado Micromobilidade,11/9/2023 12:00:00 AM,-1017549.06158115,4679635.00647286
16813,2409,"Avenida Vinte e Quatro de Julho, 28",Misericórdia,Passeio,HOTSPOT,,0,10,Não,Público,Dedicado Micromobilidade,11/9/2023 12:00:00 AM,-1018642.15175284,4679738.79739362
16814,2410,"Praça do Duque da Terceira, 6",Misericórdia,Passeio,HOTSPOT,,0,8,Não,Público,Dedicado Micromobilidade,11/9/2023 12:00:00 AM,-1017892.67988336,4679720.40050746
16815,2411,Cais do Sodré,Misericórdia,Passeio,HOTSPOT,,0,10,Não,Público,Dedicado Micromobilidade,11/9/2023 12:00:00 AM,-1017907.1160918,4679612.1079879
16816,2412,Praça de Luís de Camões,Misericórdia,Passeio,HOTSPOT,,0,10,Não,Público,Dedicado Micromobilidade,11/9/2023 12:00:00 AM,-1017858.63640157,4680320.5991818
16817,2413,"Largo do Conde Barão, 54",Misericórdia,Passeio,HOTSPOT,,0,10,Não,Público,Dedicado Micromobilidade,11/9/2023 12:00:00 AM,-1018686.51401721,4680059.36682789
16818,2414,Largo Trindade Coelho,Misericórdia,Passeio,HOTSPOT,,0,10,Não,Público,Dedicado Micromobilidade,11/9/2023 12:00:00 AM,-1017793.39519016,4680673.52893927
16819,2415,"Praça das Flores, 55",Misericórdia,Lugar estacionamento automóvel,HOTSPOT,,0,10,Não,Público,Dedicado Micromobilidade,11/9/2023 12:00:00 AM,-1018717.77615462,4680957.69656074
16820,2416,"Praça do Duque da Terceira, 23",Misericórdia,Passeio,HOTSPOT,,0,10,Não,Público,Dedicado Micromobilidade,11/9/2023 12:00:00 AM,-1017819.59252983,4679738.11013512
16821,2417,"Praça do Príncipe Real, 19",Misericórdia,Passeio,HOTSPOT,,0,10,Não,Público,Dedicado Micromobilidade,11/9/2023 12:00:00 AM,-1018490.76363107,4681202.95574377
16822,2418,Praça do Príncipe Real,Misericórdia,Passeio,HOTSPOT,,0,10,Não,Público,Dedicado Micromobilidade,11/9/2023 12:00:00 AM,-1018366.79046302,4681075.80447112
16823,2419,Praça do Príncipe Real,Misericórdia,Passeio,HOTSPOT,,0,10,Não,Público,Dedicado Micromobilidade,11/9/2023 12:00:00 AM,-1018473.15483595,4681047.78243956
16824,2420,Praça de Dom Luís I,Misericórdia,Passeio,HOTSPOT,,0,10,Não,Público,Dedicado Micromobilidade,11/9/2023 12:00:00 AM,-1018250.59203211,4679836.55258383
16825,2421,Rua da Academia das Ciências,Misericórdia,Via,HOTSPOT,,0,10,Não,Público,Dedicado Micromobilidade,11/13/2023 12:00:00 AM,-1018545.18726043,4680692.16031548
16826,2422,"Rua da Boavista, 81A",Misericórdia,Passeio,HOTSPOT,,0,10,Não,Público,Dedicado Micromobilidade,11/13/2023 12:00:00 AM,-1018560.39651926,4680057.20394674
16827,2423,Rua da Cintura do Porto de Lisboa,Misericórdia,Passeio,HOTSPOT,,0,10,Não,Público,Dedicado Micromobilidade,11/13/2023 12:00:00 AM,-1018718.63384364,4679655.55605229
16828,2424,Rua da Cintura do Porto de Lisboa,Misericórdia,Passeio,HOTSPOT,,0,10,Não,Público,Dedicado Micromobilidade,11/14/2023 12:00:00 AM,-1018494.64687153,4679648.37182475
16829,2425,Rua Dom Luís I,Misericórdia,Via,HOTSPOT,,0,10,Não,Público,Dedicado Micromobilidade,11/14/2023 12:00:00 AM,-1018475.051559,4679869.29095559
16830,2426,"Rua Dom Luís I, 3",Misericórdia,Passeio,HOTSPOT,,0,10,Não,Público,Dedicado Micromobilidade,11/14/2023 12:00:00 AM,-1018313.81068016,4679854.9321438
16831,2427,"Rua Ruben A. Leitão, 2",Misericórdia,Passeio,HOTSPOT,,0,10,Não,Público,Dedicado Micromobilidade,11/14/2023 12:00:00 AM,-1018531.45053601,4680822.0829686
16832,2428,Largo de Jesus,Misericórdia,Passeio,HOTSPOT,,0,10,Não,Público,Dedicado Micromobilidade,11/14/2023 12:00:00 AM,-1018604.68050435,4680535.26232594
16833,2429,Jardim Jorge Luis Borges,Avenidas Novas,Passeio,BICICLETA,Sheffield standard,10,20,Não,Público,Interdito Micromobilidade,12/31/2023 12:00:00 AM,-1017727.82515284,4683844.69625747
16834,2430,Avenida da Liberdade,Santo António,Via,BICICLETA,Sheffield standard,15,45,Não,Público,Partilhado com Micromobilidade,12/31/2023 12:00:00 AM,-1018305.41333755,4681907.49625182
16835,2431,"Avenida da Liberdade, 69",Santo António,Lugar estacionamento automóvel,BICICLETA,Sheffield standard,4,8,Não,Público,Partilhado com Micromobilidade,12/31/2023 12:00:00 AM,-1017909.11723762,4681325.9619071
16836,2441,"Avenida República da Bulgária, Lote 14",Marvila,Passeio,HOTSPOT,,0,10,Não,Público,Dedicado Micromobilidade,1/12/2024 12:00:00 AM,-1014780.67643959,4685672.88693724
16837,2442,Avenida Vergílio Ferreira,Marvila,Passeio,HOTSPOT,,0,10,Não,Público,Dedicado Micromobilidade,1/12/2024 12:00:00 AM,-1015116.7606519,4684986.08595123
16838,2443,Largo Artur Bual,Marvila,Passeio,HOTSPOT,,0,10,Não,Público,Dedicado Micromobilidade,1/12/2024 12:00:00 AM,-1014029.80005636,4684716.12369225
16839,2444,Praça David Leandro da Silva,Marvila,Via,HOTSPOT,,0,6,Não,Público,Dedicado Micromobilidade,1/12/2024 12:00:00 AM,-1013265.53412751,4684803.45495314
16840,2445,"Praça Dr. Fernando Amado, Lote 567",Marvila,Passeio,HOTSPOT,,0,10,Não,Público,Dedicado Micromobilidade,1/12/2024 12:00:00 AM,-1014539.10086981,4685467.07297356
16841,2446,Praça Eduardo Mondlane,Marvila,Passeio,HOTSPOT,,0,10,Não,Público,Dedicado Micromobilidade,1/12/2024 12:00:00 AM,-1014500.07592291,4685144.55065018
16842,2447,Rua Adães Bermudes,Marvila,Passeio,HOTSPOT,,0,10,Não,Público,Dedicado Micromobilidade,1/12/2024 12:00:00 AM,-1015390.74467139,4686709.6253236
16843,2521,Rua Dom João V,Campo de Ourique,Passeio,HOTSPOT,,0,10,Não,Público,Dedicado Micromobilidade,3/21/2024 12:00:00 AM,-1019289.20192715,4681747.08434856
16844,2522,"Rua de Dom Dinis (O Lavrador), 5",Campo de Ourique,Via,HOTSPOT,,0,10,Não,Público,Dedicado Micromobilidade,3/21/2024 12:00:00 AM,-1019316.93485362,4681589.37229779
16845,2523,Travessa de Santo Ildefonso,Campo de Ourique,Via,HOTSPOT,,0,10,Não,Público,Dedicado Micromobilidade,3/21/2024 12:00:00 AM,-1019362.80006363,4680987.9295036
16846,2524,Rua de São Jorge,Estrela,Passeio,HOTSPOT,,0,10,Não,Público,Dedicado Micromobilidade,3/21/2024 12:00:00 AM,-1019736.79034486,4681003.11614414
16847,2525,"Estrada dos Prazeres, 55",Campo de Ourique,Passeio,HOTSPOT,,0,10,Não,Público,Dedicado Micromobilidade,3/21/2024 12:00:00 AM,-1020984.83729331,4681026.87521376
16848,2526,Praça das Águas Livres,Campo de Ourique,Passeio,HOTSPOT,,0,10,Não,Público,Dedicado Micromobilidade,3/21/2024 12:00:00 AM,-1019434.76470963,4681822.68892286
16849,2448,"Rua António Gedeão, 2",Marvila,Passeio,HOTSPOT,,0,10,Não,Público,Dedicado Micromobilidade,1/12/2024 12:00:00 AM,-1014264.2075195,4684487.9385937
16850,2449,Rua Aquilino Ribeiro,Marvila,Passeio,HOTSPOT,,0,10,Não,Público,Dedicado Micromobilidade,1/12/2024 12:00:00 AM,-1014866.13581872,4686377.98339559
16851,2450,Rua Artur Duarte,Marvila,Passeio,HOTSPOT,,0,10,Não,Público,Dedicado Micromobilidade,1/12/2024 12:00:00 AM,-1014403.24132616,4684406.64540463
16852,2451,"Rua Artur Duarte, 9",Marvila,Passeio,HOTSPOT,,0,10,Não,Público,Dedicado Micromobilidade,1/12/2024 12:00:00 AM,-1014478.43497087,4684555.83693103
16853,2452,"Rua Botelho de Vasconcelos, Lote 560",Marvila,Passeio,HOTSPOT,,0,10,Não,Público,Dedicado Micromobilidade,1/12/2024 12:00:00 AM,-1014526.94424801,4685370.78445967
16854,2453,Rua Conselheiro Emídio Navarro,Marvila,Passeio,HOTSPOT,,0,6,Não,Público,Dedicado Micromobilidade,1/12/2024 12:00:00 AM,-1014844.15172085,4686923.52665963
16855,2454,Praceta B à Matinha,Marvila,Passeio,HOTSPOT,,0,10,Não,Público,Dedicado Micromobilidade,1/18/2024 12:00:00 AM,-1012836.47326251,4685425.35795623
16856,2455,Rua da Cintura do Porto de Lisboa,Marvila,Passeio,HOTSPOT,,0,10,Não,Público,Dedicado Micromobilidade,1/18/2024 12:00:00 AM,-1012578.71586285,4685959.05924623
16857,2456,Rua de José do Patrocínio,Marvila,Via,HOTSPOT,,0,5,Não,Público,Dedicado Micromobilidade,1/18/2024 12:00:00 AM,-1014192.20335153,4685145.31705084
16858,2457,Rua de José do Patrocínio,Marvila,Passeio,HOTSPOT,,0,5,Não,Público,Dedicado Micromobilidade,1/18/2024 12:00:00 AM,-1013529.25918691,4684883.65351599
16859,2458,Rua de Marvila,Marvila,Passeio,HOTSPOT,,0,10,Não,Público,Dedicado Micromobilidade,1/18/2024 12:00:00 AM,-1013604.91725858,4684702.58083258
16860,2459,Rua de Ovar,Marvila,Passeio,HOTSPOT,,0,5,Não,Público,Dedicado Micromobilidade,1/18/2024 12:00:00 AM,-1014441.48409668,4684955.37952091
16861,2460,Rua do Açúcar,Marvila,Passeio,HOTSPOT,,0,10,Não,Público,Dedicado Micromobilidade,1/18/2024 12:00:00 AM,-1013306.44343963,4684562.99634237
16862,2461,Rua do Açúcar,Marvila,Passeio,HOTSPOT,,0,5,Não,Público,Dedicado Micromobilidade,1/18/2024 12:00:00 AM,-1013357.15508135,4684391.49571733
16863,2462,Rua Fernando Maurício,Marvila,Passeio,HOTSPOT,,0,10,Não,Público,Dedicado Micromobilidade,1/18/2024 12:00:00 AM,-1013450.32574409,4685507.04942348
16864,2463,Rua do Vale Formoso de Cima,Marvila,Passeio,HOTSPOT,,0,10,Não,Público,Dedicado Micromobilidade,1/18/2024 12:00:00 AM,-1013491.77447208,4685881.52066862
16865,2464,"Rua Dr. José Espírito Santo, Lote 1",Marvila,Passeio,HOTSPOT,,0,10,Não,Público,Dedicado Micromobilidade,1/18/2024 12:00:00 AM,-1014024.2372166,4686573.48543653
16866,2465,Rua Duarte Lopes,Marvila,Passeio,HOTSPOT,,0,10,Não,Público,Dedicado Micromobilidade,1/18/2024 12:00:00 AM,-1014673.18565169,4686537.52037386
16867,2466,Rua Eduarda Lapa,Marvila,Passeio,HOTSPOT,,0,5,Não,Público,Dedicado Micromobilidade,1/18/2024 12:00:00 AM,-1013957.20125465,4684746.81083248
16868,2467,Rua Engº Rodrigues de Carvalho,Marvila,Passeio,HOTSPOT,,0,10,Não,Público,Dedicado Micromobilidade,1/18/2024 12:00:00 AM,-1014559.15645643,4686728.65252977
16869,2468,"Rua Engº Cunha Leal, Lote 594",Marvila,Passeio,HOTSPOT,,0,10,Não,Público,Dedicado Micromobilidade,1/19/2024 12:00:00 AM,-1014244.80759014,4685436.89879196
16870,2469,Rua Félix Bermudes,Marvila,Passeio,HOTSPOT,,0,10,Não,Público,Dedicado Micromobilidade,1/19/2024 12:00:00 AM,-1013596.01128896,4686215.26035883
16871,2470,"Rua Fernando Maurício, 19",Marvila,Passeio,HOTSPOT,,0,10,Não,Público,Dedicado Micromobilidade,1/19/2024 12:00:00 AM,-1013356.19057703,4685627.27867508
16872,2471,"Rua Ferreira de Castro, Lote 338",Marvila,Passeio,HOTSPOT,,0,10,Não,Público,Dedicado Micromobilidade,1/19/2024 12:00:00 AM,-1015611.75193491,4686338.35952011
16873,2472,"Rua Ferreira de Castro, Lote 396",Marvila,Passeio,HOTSPOT,,0,10,Não,Público,Dedicado Micromobilidade,1/19/2024 12:00:00 AM,-1015833.10765554,4686597.48037943
16874,2473,"Rua Gilberto Freyre, 5",Marvila,Passeio,HOTSPOT,,0,10,Não,Público,Dedicado Micromobilidade,1/19/2024 12:00:00 AM,-1015354.5672922,4685189.20848993
16875,2474,Avenida Dr. Arlindo Vicente,Marvila,Passeio,HOTSPOT,,0,10,Não,Público,Dedicado Micromobilidade,1/19/2024 12:00:00 AM,-1015433.85560519,4685703.77400921
16876,2475,"Rua João José Cochofel, Lote C2",Marvila,Passeio,HOTSPOT,,0,10,Não,Público,Dedicado Micromobilidade,1/19/2024 12:00:00 AM,-1014015.20088345,4684436.47208225
16877,2476,Rua Jorge Amado,Marvila,Passeio,HOTSPOT,,0,4,Não,Público,Dedicado Micromobilidade,1/19/2024 12:00:00 AM,-1015274.86414605,4684903.72458942
16878,2477,Rua Luís Cristino da Silva,Marvila,Passeio,HOTSPOT,,0,10,Não,Público,Dedicado Micromobilidade,1/22/2024 12:00:00 AM,-1015493.65719954,4687055.47647153
16879,2478,Rua Lino Ferreira,Marvila,Passeio,HOTSPOT,,0,10,Não,Público,Dedicado Micromobilidade,1/22/2024 12:00:00 AM,-1013670.90070168,4685505.55726694
16880,2479,Praça Raúl Lino,Marvila,Passeio,HOTSPOT,,0,10,Não,Público,Dedicado Micromobilidade,1/22/2024 12:00:00 AM,-1015703.96632501,4687260.5297626
16881,2480,Rua Luís Cristino da Silva,Marvila,Passeio,HOTSPOT,,0,10,Não,Público,Dedicado Micromobilidade,1/22/2024 12:00:00 AM,-1015558.12293452,4687220.08517624
16882,2481,Rua Prof. Lopo de Carvalho,Marvila,Passeio,HOTSPOT,,0,10,Não,Público,Dedicado Micromobilidade,1/22/2024 12:00:00 AM,-1014040.02921411,4686146.8193191
16883,2482,Rua Pedro José Pezerat,Marvila,Passeio,HOTSPOT,,0,10,Não,Público,Dedicado Micromobilidade,1/22/2024 12:00:00 AM,-1015521.22340801,4687373.73122497
16884,2483,Rua Pedro José Pezerat,Marvila,Passeio,HOTSPOT,,0,10,Não,Público,Dedicado Micromobilidade,1/22/2024 12:00:00 AM,-1015503.01534553,4687337.52471492
16885,2484,"Rua Sousa Bastos, Lote 23",Marvila,Passeio,HOTSPOT,,0,10,Não,Público,Dedicado Micromobilidade,1/22/2024 12:00:00 AM,-1013961.40675707,4685548.65488574
16886,2485,Rua Três à Matinha,Marvila,Passeio,HOTSPOT,,0,10,Não,Público,Dedicado Micromobilidade,1/22/2024 12:00:00 AM,-1012747.67834996,4685570.99206657
16887,2486,"Avenida da Liberdade, 242",Santo António,Lugar estacionamento automóvel,BICICLETA,Sheffield standard,1,10,Não,Público,Partilhado com Micromobilidade,1/22/2024 12:00:00 AM,-1018358.05632793,4682168.39833835
16888,2487,Rua Padre Francisco,Campo de Ourique,Lugar estacionamento automóvel,HOTSPOT,,0,10,Não,Público,Dedicado Micromobilidade,3/18/2024 12:00:00 AM,-1020643.84023549,4680989.53285593
16889,2488,Rua Saraiva de Carvalho,Campo de Ourique,Passeio,HOTSPOT,,0,10,Não,Público,Dedicado Micromobilidade,3/18/2024 12:00:00 AM,-1020554.95993895,4680858.45904125
16890,2489,"Rua Ferreira Borges, 30",Campo de Ourique,Via,HOTSPOT,,0,4,Não,Público,Dedicado Micromobilidade,3/18/2024 12:00:00 AM,-1020123.0096321,4681125.12915238
16891,2490,"Rua Almeida e Sousa, 54A",Campo de Ourique,Via,HOTSPOT,,0,8,Não,Público,Dedicado Micromobilidade,3/18/2024 12:00:00 AM,-1020598.64026513,4681271.9034882
16892,2491,"Rua Ferreira Borges, 128",Campo de Ourique,Passeio,HOTSPOT,,0,10,Não,Público,Dedicado Micromobilidade,3/18/2024 12:00:00 AM,-1020133.70820979,4681773.99092925
16893,2492,"Rua Coelho da Rocha, 119B",Campo de Ourique,Passeio,HOTSPOT,,0,10,Não,Público,Dedicado Micromobilidade,3/18/2024 12:00:00 AM,-1020730.91232202,4681114.55838909
16894,2493,Rua Domingos Sequeira,Estrela,Passeio,HOTSPOT,,0,10,Não,Público,Dedicado Micromobilidade,3/18/2024 12:00:00 AM,-1020083.08633258,4681001.53664902
16895,2494,Rua do Sol ao Rato,Campo de Ourique,Via,HOTSPOT,,0,10,Não,Público,Dedicado Micromobilidade,3/18/2024 12:00:00 AM,-1019595.80984457,4681609.62805827
16896,2495,Rua Freitas Gazul,Campo de Ourique,Passeio,HOTSPOT,,0,10,Não,Público,Dedicado Micromobilidade,3/18/2024 12:00:00 AM,-1020876.19387503,4681174.64387098
16897,2502,"Praça São João Bosco, 16",Campo de Ourique,Lugar estacionamento automóvel,HOTSPOT,,0,10,Não,Público,Dedicado Micromobilidade,3/20/2024 12:00:00 AM,-1020729.63140628,4680924.4685894
16898,2503,"Rua Correia Teles, 2",Campo de Ourique,Lugar estacionamento automóvel,HOTSPOT,,0,10,Não,Público,Dedicado Micromobilidade,3/20/2024 12:00:00 AM,-1020158.50780819,4681545.70823287
16899,2504,Rua Carlos da Maia,Campo de Ourique,Via,HOTSPOT,,0,10,Não,Público,Dedicado Micromobilidade,3/20/2024 12:00:00 AM,-1020677.2028011,4681602.28140221
16900,2505,"Rua de Campo de Ourique, 214",Campo de Ourique,Lugar estacionamento automóvel,HOTSPOT,,0,10,Não,Público,Dedicado Micromobilidade,3/20/2024 12:00:00 AM,-1020297.91662944,4681800.87035406
16901,2506,"Rua do Patrocínio, 3",Campo de Ourique,Lugar estacionamento automóvel,HOTSPOT,,0,10,Não,Público,Dedicado Micromobilidade,3/20/2024 12:00:00 AM,-1020232.16242281,4680640.27767116
16902,2507,Travessa de Campo de Ourique,Campo de Ourique,Passeio,HOTSPOT,,0,10,Não,Público,Dedicado Micromobilidade,3/20/2024 12:00:00 AM,-1020574.80312011,4681756.78059596
16903,2496,"Rua Maria Pia, 372A",Campo de Ourique,Lugar estacionamento automóvel,HOTSPOT,,0,10,Não,Público,Dedicado Micromobilidade,3/18/2024 12:00:00 AM,-1020934.38987676,4681490.89916571
16904,2497,Rua Francisco Metrass,Campo de Ourique,Passeio,HOTSPOT,,0,10,Não,Público,Dedicado Micromobilidade,3/18/2024 12:00:00 AM,-1020386.46687563,4680970.61300531
16905,2498,"Rua de Santo Amaro, 53",Campo de Ourique,Via,HOTSPOT,,0,4,Não,Público,Dedicado Micromobilidade,3/20/2024 12:00:00 AM,-1019305.41088037,4680852.87246107
16906,2499,"Rua Freitas Gazul, 10",Campo de Ourique,Passeio,HOTSPOT,,0,10,Não,Público,Dedicado Micromobilidade,3/20/2024 12:00:00 AM,-1020805.51619694,4681221.89574683
16907,2500,"Rua de Infantaria 16, 106",Campo de Ourique,Via,HOTSPOT,,0,10,Não,Público,Dedicado Micromobilidade,3/20/2024 12:00:00 AM,-1020651.16920652,4681403.26856139
16908,2501,Rua Freitas Gazul,Campo de Ourique,Passeio,HOTSPOT,,0,10,Não,Público,Dedicado Micromobilidade,3/20/2024 12:00:00 AM,-1020798.4282203,4681280.15664225
16909,2528,"Rua Coelho da Rocha, 92",Campo de Ourique,Lugar estacionamento automóvel,HOTSPOT,,0,10,Não,Público,Dedicado Micromobilidade,3/21/2024 12:00:00 AM,-1020375.70662093,4681147.57589933
16910,2529,"Rua do Cabo, 54A",Campo de Ourique,Passeio,HOTSPOT,,0,10,Não,Público,Dedicado Micromobilidade,3/21/2024 12:00:00 AM,-1019812.13674968,4681451.76996359
16911,2530,Rua Carlos Alberto da Mota Pinto,Campo de Ourique,Passeio,HOTSPOT,,0,10,Não,Público,Dedicado Micromobilidade,3/21/2024 12:00:00 AM,-1019787.55952371,4682210.9139271
16912,2531,Rua Vila de Bissorã,Olivais,Passeio,BICICLETA,Sheffield standard,5,10,Não,Público,Partilhado com Micromobilidade,4/1/2023 12:00:00 AM,-1014892.59850837,4687663.87480373
16913,2532,"Rua Cidade de Bolama, Lote 382",Olivais,Passeio,BICICLETA,Sheffield standard,4,8,Não,Público,Partilhado com Micromobilidade,4/1/2023 12:00:00 AM,-1014876.97054846,4687588.09991893
16914,2508,Rua Maria Pia,Campo de Ourique,Passeio,HOTSPOT,,0,10,Não,Público,Dedicado Micromobilidade,3/20/2024 12:00:00 AM,-1020497.4230976,4681845.95324378
16915,2509,"Rua Almeida e Sousa, 2",Campo de Ourique,Via,HOTSPOT,,0,4,Não,Público,Dedicado Micromobilidade,3/20/2024 12:00:00 AM,-1019976.22361899,4681286.69579018
16916,2510,"Rua Tomás de Anunciação, 62",Campo de Ourique,Via,HOTSPOT,,0,10,Não,Público,Dedicado Micromobilidade,3/20/2024 12:00:00 AM,-1020310.09407365,4681426.96739719
16917,2511,Rua de Infantaria 16,Campo de Ourique,Via,HOTSPOT,,0,10,Não,Público,Dedicado Micromobilidade,3/20/2024 12:00:00 AM,-1020498.0037303,4681410.55689391
16918,2512,"Rua Correia Teles, 18",Campo de Ourique,Lugar estacionamento automóvel,HOTSPOT,,0,10,Não,Público,Dedicado Micromobilidade,3/20/2024 12:00:00 AM,-1020250.62063957,4681543.57538487
16919,2513,"Rua Ferreira Borges, 181",Campo de Ourique,Passeio,HOTSPOT,,0,10,Não,Público,Dedicado Micromobilidade,3/20/2024 12:00:00 AM,-1020146.5383626,4681655.80390569
16920,2535,"Rua Jorge Barradas, Escola",Benfica,Passeio,BICICLETA,Sheffield largo,3,6,Não,Público,Partilhado com Micromobilidade,4/1/2024 12:00:00 AM,-1024496.90832246,4686747.14592683
16921,2536,"Rua Doutor António Cândido, 25",Avenidas Novas,Lugar estacionamento automóvel,BICICLETA,Sheffield standard,5,10,Não,Público,Partilhado com Micromobilidade,6/1/2024 12:00:00 AM,-1018655.32768419,4683661.75028607
16922,2537,"Rua Doutor António Cândido, 9",Avenidas Novas,Lugar estacionamento automóvel,BICICLETA,Sheffield standard,3,6,Não,Público,Partilhado com Micromobilidade,6/1/2024 12:00:00 AM,-1018698.68259586,4683604.74120138
16923,2514,"Rua Francisco Metrass, 97",Campo de Ourique,Via,HOTSPOT,,0,10,Não,Público,Dedicado Micromobilidade,3/20/2024 12:00:00 AM,-1020408.40023265,4681518.13770774
16925,2516,Beco do Paiol,Campo de Ourique,Passeio,BICICLETA,Sheffield standard,4,8,Não,Público,Partilhado com Micromobilidade,3/20/2024 12:00:00 AM,-1019958.23079503,4681715.12283153
16926,2517,Rua Coelho da Rocha,Campo de Ourique,Passeio,HOTSPOT,,0,8,Não,Público,Dedicado Micromobilidade,3/20/2024 12:00:00 AM,-1019862.40694445,4681151.32665169
16927,2518,"Campo Grande, 380",Alvalade,Passeio,BICICLETA,Entorta rodas,1,5,Não,Privado,Interdito Micromobilidade,3/21/2024 12:00:00 AM,-1019000.23419715,4687176.71017203
16928,2519,"Rua Silva Carvalho, 263A",Campo de Ourique,Passeio,HOTSPOT,,0,10,Não,Público,Dedicado Micromobilidade,3/21/2024 12:00:00 AM,-1019803.12094946,4681791.04110295
16929,2520,"Rua Dom João V, 23A",Campo de Ourique,Passeio,HOTSPOT,,0,10,Não,Público,Dedicado Micromobilidade,3/21/2024 12:00:00 AM,-1019628.94113531,4681700.2822734
16961,78,"Praça da Figueira, 3B",Santa Maria Maior,Passeio,BICICLETA,Sheffield estreito,3,6,Não,Público,Partilhado com Micromobilidade,,-1017276.36561512,4680773.74998244
16962,2015,Avenida Fontes Pereira de Melo,Avenidas Novas,Passeio,BICICLETA,Sheffield standard,3,6,Não,Público,Partilhado com Micromobilidade,7/14/2022 12:00:00 AM,-1018465.30135395,4682707.99724132
17283,2205,"Avenida do Uruguai, 43",Benfica,Passeio,HOTSPOT,,0,5,Não,Público,Dedicado Micromobilidade,9/18/2023 12:00:00 AM,-1023728.40592789,4686482.73991798
17284,2207,"Avenida Marechal Teixeira Rebelo, 34C",Benfica,Passeio,HOTSPOT,,0,3,Não,Público,Dedicado Micromobilidade,9/18/2023 12:00:00 AM,-1023686.13878483,4686466.95724263
17285,2546,"Rua do Vale de Santo António, 39",São Vicente,Passeio,BICICLETA,Sheffield standard,4,8,Não,Público,Partilhado com Micromobilidade,4/1/2023 12:00:00 AM,-1015532.88595425,4681354.23020519
17286,1558,"Calçada dos Barbadinhos, 113",São Vicente,Passeio,BICICLETA,Sheffield standard,2,4,Não,Público,Partilhado com Micromobilidade,4/1/2022 12:00:00 AM,-1015358.31661859,4681598.64441411
17601,2547,"Rua Alberto de Sousa, 8A",Avenidas Novas,Lugar estacionamento automóvel,BICICLETA,Sheffield standard,4,8,Não,Público,Partilhado com Micromobilidade,,-1019469.65701387,4685368.2565892
17602,2548,Alameda Dom Afonso Henriques,Areeiro,Passeio,BICICLETA,Sheffield estreito,4,8,Não,Público,Partilhado com Micromobilidade,,-1016612.69795075,4684149.09968665
17603,1132,"Avenida Sacadura Cabral, 39",Areeiro,Passeio,BICICLETA,Sheffield standard,2,4,Não,Público,Partilhado com Micromobilidade,9/17/2020 12:00:00 AM,-1017804.00880749,4685054.34568757
17921,1077,"Rua Maria Margarida, 6",Lumiar,Passeio,HOTSPOT,,0,4,Não,Público,Dedicado Micromobilidade,9/17/2025 12:00:00 AM,-1019084.66823015,4689838.67179225
17922,719,Rua Dr. Eduardo Neves,Avenidas Novas,Lugar estacionamento automóvel,BICIPARQUE,Sheffield standard,6,12,Sim,Público,Interdito Micromobilidade,10/25/2019 12:00:00 AM,-1018344.27485871,4685128.67416107
17923,2549,"Travessa André Valente, 7",Misericórdia,Passeio,BICIPARQUE,Dois níveis,,,Sim,Público,Interdito Micromobilidade,11/25/2025 12:00:00 AM,-1018302.93148542,4680378.79959501
17924,1253,Largo República da Turquia,Lumiar,Lugar estacionamento automóvel,BICIPARQUE,Entorta rodas com encosto,24,24,Sim,Público,Interdito Micromobilidade,5/3/2021 12:00:00 AM,-1019643.27478726,4689254.83006728
17925,2550,"Rua Rosália de Castro, 3",Alvalade,Passeio,BICICLETA,Sheffield standard,2,4,Não,Público,Interdito Micromobilidade,4/1/2025 12:00:00 AM,-1018117.44448753,4686121.56216422
17926,2248,"Avenida Engenheiro Duarte Pacheco, Liceu Francês",Campolide,Passeio,HOTSPOT,,0,10,Não,Público,Dedicado Micromobilidade,11/25/2025 12:00:00 AM,-1020006.740559,4682198.75945332
17927,2553,"Rua Prof. Manuel Valadares, 7",Lumiar,Passeio,BICICLETA,Sheffield standard,8,16,Não,Público,Partilhado com Micromobilidade,4/1/2025 12:00:00 AM,-1019787.32958229,4689521.91286316
17928,2551,"Rua Silva Carvalho, 243",Campo de Ourique,Passeio,BICICLETA,Sheffield standard,5,10,Não,Público,Partilhado com Micromobilidade,6/29/2021 12:00:00 AM,-1019809.30257724,4681746.78613972
17929,2552,"Praça Afonso do Paço, 3",Campo de Ourique,Via,BICICLETA,Sheffield standard,4,8,Não,Público,Interdito Micromobilidade,6/30/2025 12:00:00 AM,-1020460.47282208,4681670.56287068
17930,1687,"Rua João da Mota e Silva, 3",Campolide,Passeio,BICICLETA,Sheffield standard,4,8,Não,Privado,Interdito Micromobilidade,1/26/2022 12:00:00 AM,-1021224.61649418,4683231.71289727
17931,89,Rua Almada Negreiros,Olivais,Via,BICICLETA,Sheffield standard,5,10,Não,Público,Interdito Micromobilidade,4/1/2025 12:00:00 AM,-1014043.64461077,4687370.715892
17932,2554,"Praça Cidade de Dili, 3",Olivais,Passeio,BICICLETA,Sheffield standard,1,2,Não,Público,Interdito Micromobilidade,,-1014827.45686775,4687418.95049812
