objectid,cod_sig,morada,freguesia,localizacao,tipo_estacionamento,modelo,num_suportes,capacidade,coberto,dominialidade,estado,data_instalacao,lon,lat
14698,2,"Avenida Almirante Reis, Igreja",Arroios,Lugar estacionamento automóvel,HOTSPOT,Sheffield standard,3,6,0,Público,Partilhado com Micromobilidade,2019-01-09,-9.13504110978414,38.7243718444445
14699,3,"Rua da Palma, 270",Santa Maria Maior,Via,BICICLETA,Sheffield standard,2,4,0,Público,Partilhado com Micromobilidade,2019-01-09,-9.13560716491746,38.7190467900652
14700,4,Avenida Infante Dom Henrique,Marvila,Passeio,BICICLETA,Sheffield standard,4,8,0,Público,Partilhado com Micromobilidade,2020-02-07,-9.10096808331113,38.7445901887373
14701,5,Rua Cintura do Porto de Lisboa,Marvila,Passeio,BICICLETA,Sheffield standard,8,16,0,Público,Partilhado com Micromobilidade,2020-02-07,-9.09817270350955,38.7430825719573
14702,6,Rua Cintura do Porto de Lisboa,Marvila,Passeio,BICICLETA,Sheffield standard,8,16,0,Público,Partilhado com Micromobilidade,2020-02-07,-9.09759818915974,38.7433748486716
14703,7,Rua Cintura do Porto de Lisboa,Marvila,Passeio,BICICLETA,Sheffield standard,8,16,0,Público,Partilhado com Micromobilidade,2020-02-07,-9.09738313391911,38.7442622757856
14704,8,Rua Francisco Stromp,Lumiar,Passeio,BICICLETA,Sheffield standard,5,10,0,Público,Partilhado com Micromobilidade,,-9.15752218812571,38.7635450648203
14721,9,Parque da Quinta das Conchas e dos Lilases,Lumiar,Passeio,BICICLETA,Onda,1,5,0,Público,Interdito Micromobilidade,,-9.1561469144687,38.7707856508296
14722,10,"Alameda das Linhas de Torres, 262",Lumiar,Passeio,BICICLETA,Sheffield standard,10,20,0,Público,Partilhado com Micromobilidade,,-9.1614056649704,38.7734630638493
14723,11,"Alameda das Linhas de Torres, 250",Lumiar,Passeio,BICICLETA,Sheffield standard,10,20,0,Público,Partilhado com Micromobilidade,,-9.16081366783117,38.7726269765655
14724,12,"Avenida Gomes Pereira, 15",Benfica,Passeio,BICICLETA,Entorta rodas,1,5,0,Privado,Interdito Micromobilidade,,-9.19755363429694,38.7484601213855
14725,13,Rua Maria Pia,Campo de Ourique,Passeio,BICICLETA,Onda,1,5,0,Privado,Interdito Micromobilidade,,-9.17063735900139,38.7181737737969
14726,14,Rua Tomás Ribeiro,Avenidas Novas,Passeio,BICICLETA,Sheffield standard,4,8,0,Público,Partilhado com Micromobilidade,2018-12-03,-9.14701743362255,38.7309909998417
14727,15,Rua da Venezuela,Benfica,Passeio,BICICLETA,Sheffield estreito,5,10,0,Público,Partilhado com Micromobilidade,,-9.19957654608185,38.7446423088487
14728,16,"Rua Engº Paulo de Barros, 30",Benfica,Passeio,BICICLETA,Sheffield standard,3,6,0,Público,Partilhado com Micromobilidade,2018-11-23,-9.20697003981417,38.7477223054495
14729,17,"Rua Tomás de Figueiredo, 2",Benfica,Lugar estacionamento automóvel,BICICLETA,Sheffield estreito,6,12,0,Público,Partilhado com Micromobilidade,,-9.20717903505764,38.7479599042215
14730,18,"Estrada de Benfica, 701",Benfica,Passeio,BICICLETA,Entorta rodas,2,6,0,Público,Partilhado com Micromobilidade,,-9.20078025785615,38.7503065470987
14731,19,"Estrada de Benfica, 422",São Domingos de Benfica,Passeio,BICICLETA,Sheffield standard,3,6,0,Público,Partilhado com Micromobilidade,,-9.18891445695769,38.7474098986945
14732,20,"Estrada de Benfica, 463",São Domingos de Benfica,Passeio,BICICLETA,Sheffield standard,3,6,0,Público,Partilhado com Micromobilidade,,-9.1888972068686,38.7468595134422
14733,21,Rua Paulo Renato,Benfica,Passeio,BICICLETA,Sheffield standard,3,6,0,Público,Partilhado com Micromobilidade,,-9.19045227793245,38.7484666798139
14734,23,Rua Paulo Renato,Benfica,Via,BICICLETA,Sheffield standard,5,10,0,Público,Partilhado com Micromobilidade,,-9.18987623048535,38.7479463766929
14735,24,Alameda Manuel Ricardo Espírito Santo,São Domingos de Benfica,Via,BICICLETA,Sheffield standard,5,10,0,Público,Partilhado com Micromobilidade,,-9.18931300008193,38.7478299243871
14736,25,"Rua do Seminário, Escola",Carnide,Passeio,BICICLETA,Sheffield estreito,4,8,0,Público,Partilhado com Micromobilidade,,-9.18090233738876,38.7601727257642
14737,26,"Rua João de Oliveira Miguens, 60",Estrela,Passeio,BICICLETA,Sheffield standard,3,6,0,Público,Partilhado com Micromobilidade,,-9.17391972944248,38.7057344433669
14738,27,"Rua João de Oliveira Miguens, 38",Estrela,Passeio,BICICLETA,Sheffield standard,3,6,0,Público,Partilhado com Micromobilidade,,-9.17406839578913,38.7052898222551
14739,28,Jardim Aministia Internacional,Campolide,Passeio,BICICLETA,Sheffield standard,6,12,0,Público,Partilhado com Micromobilidade,2018-08-03,-9.16411642145701,38.7361373726382
14740,29,Calçada dos Mestres,Campolide,Passeio,BICICLETA,Sheffield standard,4,8,0,Público,Partilhado com Micromobilidade,2018-06-17,-9.16542624576605,38.7267082146921
14741,30,Rua Freitas Gazul,Campo de Ourique,Passeio,BICICLETA,Sheffield estreito,3,6,0,Privado,Interdito Micromobilidade,2018-11-16,-9.17002170176654,38.7174356051196
14742,32,"Avenida Álvares Cabral, 27",Campo de Ourique,Via,BICICLETA,Sheffield standard,2,4,0,Público,Partilhado com Micromobilidade,2018-08-03,-9.15636792977902,38.7190366468069
14743,33,"Avenida Álvares Cabral, 102",Campo de Ourique,Passeio,BICICLETA,Sheffield standard,3,6,0,Público,Partilhado com Micromobilidade,2018-11-16,-9.15779147270023,38.717107986154
14744,34,Rua Carlos Alberto da Mota Pinto,Campo de Ourique,Passeio,BICICLETA,Sheffield standard,6,12,0,Público,Partilhado com Micromobilidade,2018-11-28,-9.16096957609027,38.7229077862551
14745,35,"Rua Latino Coelho, 46B",Avenidas Novas,Lugar estacionamento automóvel,BICICLETA,Sheffield standard,9,18,0,Público,Partilhado com Micromobilidade,2018-12-12,-9.15092857009777,38.7334160579568
14746,36,"Rua Latino Coelho, 75",Avenidas Novas,Lugar estacionamento automóvel,BICICLETA,Sheffield standard,4,8,0,Público,Partilhado com Micromobilidade,2018-12-21,-9.15043866479779,38.7331612503499
14747,37,"Rua Mário Cesariny, 5",Avenidas Novas,Passeio,BICICLETA,Sheffield standard,4,8,0,Público,Partilhado com Micromobilidade,2018-08-26,-9.15309717191165,38.7465274440008
14748,38,"Rua Castilho, 237",Avenidas Novas,Passeio,BICICLETA,Sheffield standard,3,6,0,Público,Partilhado com Micromobilidade,2018-11-20,-9.15749934661375,38.7297715413456
14749,39,"Rua Rodrigo da Fonseca, 115",Avenidas Novas,Passeio,BICICLETA,Sheffield standard,3,6,0,Público,Partilhado com Micromobilidade,2018-11-20,-9.15677197979017,38.7267664448635
14750,40,"Rua Tomás Ribeiro, 97B",Avenidas Novas,Passeio,BICICLETA,Sheffield standard,4,8,0,Público,Partilhado com Micromobilidade,2019-01-08,-9.14951681738767,38.731756938497
14751,41,Avenida Marquês de Tomar,Avenidas Novas,Passeio,BICICLETA,Sheffield standard,4,8,0,Público,Partilhado com Micromobilidade,2018-11-20,-9.14887270477293,38.7352564802408
14752,42,Avenida António Augusto de Aguiar,Avenidas Novas,Passeio,BICICLETA,Sheffield standard,3,6,0,Público,Partilhado com Micromobilidade,2018-11-20,-9.1500917127676,38.7298154914144
14753,43,Avenida João Crisóstomo,Avenidas Novas,Passeio,BICICLETA,Sheffield standard,4,8,0,Privado,Interdito Micromobilidade,2019-01-08,-9.14206884295055,38.7362969336526
14754,44,"Avenida 5 de Outubro, 77",Avenidas Novas,Passeio,BICICLETA,Sheffield standard,3,6,0,Público,Partilhado com Micromobilidade,2018-11-20,-9.1476771621989,38.7367392870773
14755,45,Rua Cidade de Lobito,Olivais,Passeio,BICICLETA,Sheffield estreito,5,10,0,Público,Partilhado com Micromobilidade,,-9.11292288476304,38.76319488445
14756,46,"Avenida 24 de Julho, 49",Misericórdia,Passeio,BICICLETA,Sheffield standard,6,12,0,Público,Partilhado com Micromobilidade,2019-07-04,-9.14550667420231,38.7065778287374
14757,47,Estrada do Barçal,Benfica,Passeio,BICICLETA,Onda,1,5,1,Público,Partilhado com Micromobilidade,,-9.18677899892495,38.7398533012934
14758,48,Avenida Professor Egas Moniz,Alvalade,Passeio,BICICLETA,Desconhecido,7,14,0,Público,Partilhado com Micromobilidade,,-9.16073928046974,38.7539105657007
14759,49,"Campo Grande, 9",Alvalade,Lugar estacionamento automóvel,BICICLETA,Sheffield standard,4,8,0,Público,Partilhado com Micromobilidade,,-9.14960381356872,38.7490127466164
14760,50,Praça do Marquês de Pombal,Avenidas Novas,Passeio,BICICLETA,Sheffield standard,5,10,0,Público,Partilhado com Micromobilidade,,-9.15093567651145,38.7260098382571
14761,51,Praça do Marquês de Pombal,Avenidas Novas,Passeio,HOTSPOT,Sheffield standard,4,13,0,Público,Partilhado com Micromobilidade,2019-03-16,-9.15047337881397,38.7262355143741
14762,52,"Rua Andrade Corvo, 27",Avenidas Novas,Passeio,BICICLETA,Sheffield standard,4,8,0,Público,Partilhado com Micromobilidade,,-9.14738774993219,38.7300661283937
14763,53,"Rua Martens Ferrão, 24",Avenidas Novas,Passeio,BICICLETA,Sheffield standard,4,8,0,Público,Partilhado com Micromobilidade,,-9.14792320840654,38.7292034825548
14764,54,"Avenida da República, 3",Avenidas Novas,Lugar estacionamento automóvel,BICICLETA,Sheffield standard,5,10,0,Público,Partilhado com Micromobilidade,,-9.14516633100836,38.7343539226202
14765,56,"Avenida Marquês de Tomar, Igreja",Avenidas Novas,Passeio,BICICLETA,Sheffield standard,3,6,0,Público,Partilhado com Micromobilidade,2018-11-15,-9.15031611130208,38.7393594126731
14766,57,"Avenida 5 de Outubro, 184",Avenidas Novas,Passeio,BICICLETA,Sheffield standard,3,6,0,Público,Partilhado com Micromobilidade,2018-11-21,-9.14888475987901,38.7418552843783
14767,58,"Rua Diogo de Macedo, Escola",Avenidas Novas,Passeio,BICICLETA,Sheffield standard,4,8,0,Público,Partilhado com Micromobilidade,2018-11-19,-9.15656314621975,38.7455770845521
14768,59,Rua Padre Abel Varzim,Parque das Nações,Passeio,BICICLETA,Sheffield standard,3,6,0,Público,Partilhado com Micromobilidade,2018-11-14,-9.10434112459551,38.7723980212988
14769,60,"Rua Mário Botas ao Parque das Nações, 1",Parque das Nações,Passeio,BICICLETA,Sheffield standard,5,10,0,Público,Partilhado com Micromobilidade,2018-11-15,-9.09956053717588,38.7573801987554
14770,61,Praça do Tejo,Parque das Nações,Passeio,BICICLETA,Sheffield standard,4,8,0,Público,Partilhado com Micromobilidade,2018-11-14,-9.0918567932961,38.7760304689782
14771,62,Praça Mar da Palha,Parque das Nações,Passeio,BICICLETA,Sheffield standard,3,6,0,Público,Partilhado com Micromobilidade,2018-11-12,-9.09169745613496,38.7957636306242
14772,63,"Via do Oriente, 16A",Parque das Nações,Passeio,BICICLETA,Sheffield standard,3,6,0,Público,Partilhado com Micromobilidade,2018-11-12,-9.09902602904977,38.7922769579753
14773,64,"Via do Oriente, 2A",Parque das Nações,Passeio,BICICLETA,Sheffield standard,3,6,0,Público,Partilhado com Micromobilidade,2018-11-12,-9.09968936364713,38.7890938052701
14774,65,Alameda dos Oceanos,Parque das Nações,Passeio,BICICLETA,Sheffield standard,4,8,0,Público,Partilhado com Micromobilidade,2018-11-15,-9.09559103080905,38.7765375073552
14775,66,Rua João Pinto Ribeiro,Parque das Nações,Passeio,BICICLETA,Sheffield standard,3,6,0,Público,Partilhado com Micromobilidade,2018-11-14,-9.10261862079382,38.7745889507069
14776,67,"Rua Padre Joaquim Alves Correia, 10",Parque das Nações,Passeio,BICICLETA,Sheffield standard,3,6,0,Público,Partilhado com Micromobilidade,2018-11-14,-9.10339357070089,38.7726884966502
14777,70,Rua do Rio Zêzere,Carnide,,BICICLETA,Desconhecido,,6,0,Público,Partilhado com Micromobilidade,,-9.18287369288558,38.7735324340793
14778,72,"Avenida Cidade de Lourenço Marques, Mercado",Olivais,Passeio,BICICLETA,Sheffield standard,5,10,0,Público,Partilhado com Micromobilidade,,-9.11931790257097,38.7648229080933
14779,73,Estrada do Barçal,São Domingos de Benfica,Passeio,BICICLETA,Sheffield estilizado,5,10,0,Público,Partilhado com Micromobilidade,,-9.18968650921561,38.7435128954447
14780,2084,"Alameda das Linhas de Torres, 234",Lumiar,Passeio,BICICLETA,Sheffield standard,2,4,0,Público,Partilhado com Micromobilidade,2023-03-22,-9.16056981843635,38.7718835001235
14781,2085,Avenida da Universidade Técnica,Ajuda,Passeio,HOTSPOT,Desconhecido,0,10,0,Público,Dedicado Micromobilidade,2023-04-17,-9.19492841423633,38.7138587501129
14783,76,Avenida Professor Gama Pinto,Alvalade,Passeio,BICICLETA,Onda,2,10,0,Público,Partilhado com Micromobilidade,,-9.15973393635362,38.7527901130515
14784,77,"Avenida da Liberdade, 1",Santo António,Passeio,BICICLETA,Onda,1,5,0,Público,Partilhado com Micromobilidade,,-9.1425352363769,38.7162468108119
14786,79,Praça D. Pedro IV,Santa Maria Maior,Passeio,BICICLETA,Sheffield estreito,2,4,0,Público,Interdito Micromobilidade,,-9.13925072488728,38.712991707383
14787,80,Estrada do Alvito,Alcântara,Passeio,BICICLETA,Sheffield estilizado,2,20,0,Público,Partilhado com Micromobilidade,,-9.18589926657168,38.7196492365974
14788,81,Avenida de Brasília,Estrela,Via,BICICLETA,Entorta rodas,1,3,0,Público,Partilhado com Micromobilidade,,-9.15316263824935,38.7061266981618
14789,82,Rua Cintura do Porto de Lisboa,Estrela,Via,BICICLETA,Entorta rodas,1,5,0,Público,Partilhado com Micromobilidade,,-9.15238426840647,38.7059332939605
14790,83,Cais do Gás,Misericórdia,Passeio,BICICLETA,Entorta rodas,1,10,0,Público,Partilhado com Micromobilidade,,-9.14655755149608,38.7049329499838
14791,84,"Avenida da República, 25",Avenidas Novas,Lugar estacionamento automóvel,BICICLETA,Sheffield standard,5,10,0,Público,Partilhado com Micromobilidade,,-9.14564989295167,38.7362730631295
14792,85,"Via do Oriente, 2F-2G",Parque das Nações,Passeio,BICICLETA,Entorta rodas,5,5,0,Público,Partilhado com Micromobilidade,,-9.09943341595601,38.7878877049313
14793,86,"Passeio do Levante, 6",Parque das Nações,Passeio,BICICLETA,Cascata,1,8,0,Público,Partilhado com Micromobilidade,,-9.09650098989785,38.7850102945464
14794,87,Rua Padre Francisco,Campo de Ourique,Passeio,BICICLETA,Sheffield standard,5,10,0,Público,Partilhado com Micromobilidade,2018-06-18,-9.16703486073127,38.7157437071689
14795,88,"Avenida 5 de Outubro, 260",Alvalade,Passeio,BICICLETA,Onda,1,5,0,Público,Partilhado com Micromobilidade,,-9.15066696675189,38.7494217717446
14797,90,Metro Campo Grande,Lumiar,Passeio,BICICLETA,Grelha,1,6,0,Público,Interdito Micromobilidade,,-9.15787905199885,38.7599255189884
14798,92,Alameda das Comunidades Portuguesas,Olivais,Passeio,BICICLETA,Entorta rodas,10,40,1,Público,Partilhado com Micromobilidade,,-9.12861874733034,38.768139355486
14799,93,"Avenida da Liberdade, 175",Santo António,Passeio,BICICLETA,Sheffield estreito,3,6,0,Público,Partilhado com Micromobilidade,,-9.1462194795343,38.7204008383379
14800,95,Campo Grande,Alvalade,Passeio,BICICLETA,Onda,2,10,0,Público,Partilhado com Micromobilidade,,-9.15536892209337,38.7576074500843
14801,96,Praça de Dom Luís I,Misericórdia,Passeio,BICICLETA,Sheffield standard,3,3,0,Público,Partilhado com Micromobilidade,,-9.14623003001521,38.7067232785901
14802,97,Avenida 24 de Julho,Misericórdia,Passeio,BICICLETA,Sheffield standard,3,6,0,Público,Partilhado com Micromobilidade,,-9.14479308286605,38.7062018714879
14803,98,"Rua do Instituto Industrial, 7B",Misericórdia,Passeio,BICICLETA,Sheffield standard,8,16,0,Público,Partilhado com Micromobilidade,,-9.15054761022618,38.7078964729732
14804,99,"Rua do Instituto Industrial, 7",Misericórdia,Passeio,BICICLETA,Sheffield standard,8,16,0,Público,Partilhado com Micromobilidade,,-9.15059026334625,38.7083298650887
14805,100,"Avenida Dom Carlos I, 4B",Misericórdia,Passeio,BICICLETA,Sheffield standard,3,6,0,Público,Partilhado com Micromobilidade,,-9.15242090862139,38.7070126155016
14806,101,Avenida 24 de Julho,Misericórdia,Passeio,BICICLETA,Sheffield standard,6,12,0,Público,Partilhado com Micromobilidade,,-9.15225889793928,38.7067423317564
14807,103,"Avenida 5 de Outubro, 168",Avenidas Novas,Passeio,BICICLETA,Sheffield standard,4,8,0,Público,Partilhado com Micromobilidade,2018-11-21,-9.14862017623242,38.7407946308598
14808,104,Avenida Álvaro Pais,Avenidas Novas,Passeio,BICICLETA,Sheffield standard,6,12,0,Público,Partilhado com Micromobilidade,2018-11-27,-9.1509090370862,38.7447720800057
14809,105,Largo do Nautilus,Parque das Nações,Passeio,BICICLETA,Sheffield standard,10,20,0,Público,Partilhado com Micromobilidade,2018-11-12,-9.09401606801691,38.7610040415404
14810,106,"Passeio do Adamastor, 18",Parque das Nações,Passeio,BICICLETA,Sheffield standard,3,6,0,Público,Partilhado com Micromobilidade,2018-11-13,-9.09570949890993,38.7587557289284
14811,107,Passeio do Adamastor,Parque das Nações,Passeio,BICICLETA,Sheffield standard,3,6,0,Público,Partilhado com Micromobilidade,2018-11-14,-9.09494388009319,38.7586935229472
14812,108,Passeio de Neptuno,Parque das Nações,Passeio,BICICLETA,Sheffield standard,16,32,0,Público,Partilhado com Micromobilidade,2018-11-13,-9.09454856085282,38.7545301558496
14813,109,"Praça do Norte, Mercado",Olivais,Passeio,BICICLETA,Onda,1,5,0,Público,Interdito Micromobilidade,,-9.1184298924731,38.7770885275849
14814,110,Largo da Luz,Carnide,Passeio,BICICLETA,Sheffield estreito,4,8,0,Público,Partilhado com Micromobilidade,,-9.18379013328811,38.7605051761114
14815,111,"Avenida do Rio de Janeiro, Mercado",Alvalade,Passeio,BICICLETA,Sheffield standard,4,8,0,Público,Partilhado com Micromobilidade,2023-02-23,-9.13998975037782,38.7561105010941
14816,112,"Rua Prista Monteiro, Escola",Carnide,Passeio,BICICLETA,Onda,1,5,0,Público,Partilhado com Micromobilidade,,-9.1818697015683,38.7661918951285
14817,113,Rua Dr. Nicolau de Bettencourt,Avenidas Novas,Passeio,BICICLETA,Onda,1,5,0,Público,Partilhado com Micromobilidade,,-9.1545027152805,38.7358491299641
14818,114,Praça do Império,Belém,Passeio,BICICLETA,Onda,1,5,0,Público,Partilhado com Micromobilidade,,-9.20731954084911,38.6958602249435
14819,116,"Avenida do Colégio Militar, 23A",Benfica,Passeio,BICICLETA,Onda,1,5,0,Público,Partilhado com Micromobilidade,,-9.19053937014287,38.7513852022258
14820,117,"Largo da Madre de Deus, Polidesportivo",Beato,Passeio,BICICLETA,Borboleta,1,7,0,Público,Partilhado com Micromobilidade,,-9.11559677345255,38.7320183469691
14821,118,"Avenida da Igreja, 21",Alvalade,Passeio,BICICLETA,Sheffield estreito,3,6,0,Público,Partilhado com Micromobilidade,,-9.14196847489925,38.7536665024248
14822,120,"Avenida 24 de Julho, 3",Misericórdia,Passeio,BICICLETA,Sheffield standard,3,6,0,Público,Partilhado com Micromobilidade,,-9.14863813212291,38.706659465852
14823,121,"Avenida da República, 37",Avenidas Novas,Lugar estacionamento automóvel,BICICLETA,Sheffield standard,5,10,0,Público,Partilhado com Micromobilidade,,-9.14590207632009,38.7373219163195
14824,123,"Avenida da República, 67",Avenidas Novas,Lugar estacionamento automóvel,BICICLETA,Sheffield standard,5,10,0,Público,Partilhado com Micromobilidade,,-9.14661171494413,38.7403759288153
14825,124,"Avenida da República, 57",Avenidas Novas,Lugar estacionamento automóvel,BICICLETA,Sheffield standard,5,10,0,Público,Partilhado com Micromobilidade,,-9.14637035793507,38.7394485331301
14826,125,"Avenida da República, 77",Avenidas Novas,Lugar estacionamento automóvel,BICICLETA,Sheffield standard,5,10,0,Público,Partilhado com Micromobilidade,,-9.14688269135565,38.7414603655167
14827,126,"Avenida Duque d' Ávila, 122",Avenidas Novas,Passeio,BICICLETA,Sheffield estreito,3,6,0,Público,Partilhado com Micromobilidade,,-9.15171363772421,38.7350167429107
14828,127,"Avenida António Augusto de Aguiar, 29",Avenidas Novas,Passeio,BICICLETA,Sheffield estreito,3,6,0,Público,Partilhado com Micromobilidade,,-9.15234148658961,38.7322018176169
14829,128,Rua de Moscavide ao Parque das Nações,Parque das Nações,Passeio,BICICLETA,Sheffield standard,3,6,0,Público,Partilhado com Micromobilidade,2018-11-15,-9.09904389023059,38.777738613024
14830,129,"Avenida António Serpa, 38",Avenidas Novas,Lugar estacionamento automóvel,BICICLETA,Sheffield standard,3,6,0,Público,Partilhado com Micromobilidade,2018-08-11,-9.14894869118537,38.7431169029418
14831,130,"Avenida Visconde de Valmor, 63A",Avenidas Novas,Lugar estacionamento automóvel,BICICLETA,Sheffield standard,4,8,0,Público,Partilhado com Micromobilidade,2018-08-11,-9.14990883858187,38.737653148002
14832,131,"Rua Pinheiro Chagas, 47",Avenidas Novas,Via,BICICLETA,Sheffield standard,2,4,0,Público,Partilhado com Micromobilidade,2018-08-11,-9.14994371322903,38.7340016125686
14833,132,"Rua Pinheiro Chagas, 47B",Avenidas Novas,Via,BICICLETA,Sheffield standard,2,4,0,Público,Partilhado com Micromobilidade,2018-08-11,-9.15003669803087,38.734041021055
14834,134,Jardim Adão Barata,Carnide,,BICICLETA,Desconhecido,,6,0,Público,Partilhado com Micromobilidade,,-9.19402193491564,38.7583480105874
14835,136,Praça dos Restauradores,Santa Maria Maior,Passeio,BICICLETA,Sheffield estreito,3,6,0,Público,Partilhado com Micromobilidade,,-9.14153594648973,38.7151055553436
14836,137,Avenida Prof. Franscisco da Gama Caeiro,Carnide,Passeio,BICICLETA,Onda,1,5,0,Público,Partilhado com Micromobilidade,,-9.1881700234066,38.7693543872246
14837,138,Rua da Cintura do Porto de Lisboa,Misericórdia,Passeio,BICICLETA,Sheffield standard,6,12,1,Público,Interdito Micromobilidade,,-9.14503969686604,38.7055389900231
14838,139,Rua Professor Lima Basto,São Domingos de Benfica,Passeio,BICICLETA,Onda,2,10,0,Público,Partilhado com Micromobilidade,,-9.16686049943273,38.740367430542
14839,140,Largo dos Caminhos de Ferro,São Vicente,Passeio,BICICLETA,Sheffield estreito,5,10,0,Privado,Interdito Micromobilidade,,-9.1233855426497,38.7136424319244
14840,142,Campus de Campolide,Campolide,Passeio,BICICLETA,Sheffield standard,13,26,0,Privado,Interdito Micromobilidade,,-9.16039818901318,38.7345489584541
14841,143,"Rua Dom Luís I, 43",Misericórdia,Passeio,BICICLETA,Sheffield estreito,2,4,0,Público,Partilhado com Micromobilidade,,-9.15247558114867,38.7074770793655
14842,144,Rua Dr. Eduardo Neves,Avenidas Novas,Passeio,BICICLETA,Sheffield estreito,3,6,1,Público,Partilhado com Micromobilidade,,-9.14881605459979,38.7441293764818
14843,145,"Rua Abranches Ferrão, 9",São Domingos de Benfica,Passeio,BICICLETA,Sheffield estreito,3,6,0,Público,Partilhado com Micromobilidade,,-9.17193106333544,38.7507217118553
14844,2086,"Rua Nova do Calhariz, 46",Ajuda,Passeio,HOTSPOT,Desconhecido,0,10,0,Público,Dedicado Micromobilidade,2023-04-17,-9.19755650683728,38.7019555871159
14845,147,Avenida Frei Miguel Contreiras,Alvalade,Passeio,BICICLETA,Onda,1,5,0,Público,Partilhado com Micromobilidade,,-9.13215314133223,38.7460942479875
14846,148,Metro Campo Grande,Lumiar,Passeio,BICICLETA,Sheffield estreito,6,12,0,Público,Partilhado com Micromobilidade,,-9.15787602895852,38.7604759712556
14847,150,Rua Dr. Eduardo Neves,Avenidas Novas,Passeio,BICICLETA,Sheffield standard,5,10,1,Público,Partilhado com Micromobilidade,,-9.1483929085767,38.7443072093418
14848,151,Avenida da República,Avenidas Novas,Lugar estacionamento automóvel,BICICLETA,Sheffield standard,5,10,1,Público,Partilhado com Micromobilidade,,-9.14766656270112,38.7445923726915
14849,152,"Campo Grande, 27",Alvalade,Via,BICICLETA,Sheffield standard,4,8,0,Público,Partilhado com Micromobilidade,,-9.15001137066209,38.7497784584663
14850,153,"Avenida Brasília, DGRM",Belém,Passeio,BICICLETA,Grelha,5,10,0,Público,Partilhado com Micromobilidade,,-9.22530906995634,38.6961484754048
14852,155,Estrada de Montes Claros,Ajuda,Via,BICICLETA,Grelha,1,4,0,Público,Partilhado com Micromobilidade,,-9.20156844619527,38.7178600521793
14853,156,Jardim Fernando Pessa,Areeiro,Passeio,BICICLETA,Onda,1,5,0,Privado,Interdito Micromobilidade,,-9.13807942556108,38.7433667531575
14854,157,Avenida da Peregrinação,Parque das Nações,Passeio,BICICLETA,Cascata,1,6,0,Público,Partilhado com Micromobilidade,,-9.0957266990076,38.7822624294488
14855,158,Avenida Aquilino Ribeiro Machado,Parque das Nações,Passeio,BICICLETA,Cascata,1,12,1,Público,Partilhado com Micromobilidade,,-9.09899043925657,38.7687202805384
14856,159,Avenida Aquilino Ribeiro Machado,Parque das Nações,Passeio,BICICLETA,Cascata,1,12,1,Público,Partilhado com Micromobilidade,,-9.09923891469716,38.7687194283163
14857,160,Avenida de Berlim,Parque das Nações,Passeio,BICICLETA,Cascata,1,12,1,Público,Partilhado com Micromobilidade,,-9.09886005937679,38.7669368127181
14858,161,Avenida de Berlim,Parque das Nações,Passeio,BICICLETA,Cascata,1,20,1,Público,Partilhado com Micromobilidade,,-9.09913166999092,38.7669538554992
14859,162,Avenida de Berlim,Parque das Nações,Passeio,BICICLETA,Cascata,1,12,1,Público,Partilhado com Micromobilidade,,-9.09936621671982,38.7669645635203
14860,163,Alameda dos Oceanos,Parque das Nações,Passeio,BICICLETA,Cascata,1,8,0,Público,Partilhado com Micromobilidade,,-9.09609102938844,38.7665110348636
14861,164,Rua do Pólo Sul,Parque das Nações,Passeio,BICICLETA,Sheffield standard,7,14,0,Público,Partilhado com Micromobilidade,,-9.09701570136952,38.7648722089873
14862,165,"Boqueirão do Duro, 46",Misericórdia,Lugar estacionamento automóvel,BICICLETA,Sheffield standard,5,10,0,Público,Partilhado com Micromobilidade,,-9.15147902464584,38.7084815354718
14863,167,"Avenida Praia da Vitória, 35B",Arroios,Lugar estacionamento automóvel,BICICLETA,Sheffield standard,5,10,0,Público,Partilhado com Micromobilidade,,-9.14334959875453,38.7339178410364
14864,168,Rua de Pascoal de Melo,Arroios,Via,BICICLETA,Sheffield standard,4,8,0,Público,Partilhado com Micromobilidade,,-9.13704392398362,38.731329636127
14865,169,"Avenida Praia da Vitória, 1B",Arroios,Lugar estacionamento automóvel,BICICLETA,Sheffield standard,5,10,0,Público,Partilhado com Micromobilidade,,-9.14164490375316,38.7341636385387
14866,170,Passeio de Neptuno,Parque das Nações,Passeio,BICICLETA,Cascata,1,8,0,Público,Partilhado com Micromobilidade,,-9.09377237558085,38.7570909834076
14867,171,Passeio de Neptuno,Parque das Nações,Passeio,BICICLETA,Cascata,1,8,0,Público,Partilhado com Micromobilidade,,-9.09397163806191,38.7561832725857
14868,172,"Rua Gaivotas em Terra, Escola",Parque das Nações,Passeio,BICICLETA,Cascata,1,8,0,Público,Partilhado com Micromobilidade,,-9.09700964298852,38.754816053231
14869,175,Eixo Central,Lumiar,Passeio,BICICLETA,Onda,3,15,0,Público,Partilhado com Micromobilidade,2013-05-18,-9.14715713278235,38.7769926135033
14870,176,Eixo Central,Lumiar,Passeio,BICICLETA,Onda,3,15,0,Público,Partilhado com Micromobilidade,2013-05-18,-9.14739834191051,38.7770527513583
14871,177,Eixo Central,Lumiar,Passeio,BICICLETA,Onda,3,15,0,Público,Partilhado com Micromobilidade,2013-05-18,-9.14774846214216,38.7761956968118
14872,178,Eixo Central,Lumiar,Passeio,BICICLETA,Onda,3,15,0,Público,Partilhado com Micromobilidade,2013-05-18,-9.14750725563899,38.7761355596358
14873,179,Eixo Central,Lumiar,Passeio,BICICLETA,Onda,3,15,0,Público,Partilhado com Micromobilidade,2013-05-18,-9.1478108641727,38.775392349067
14874,180,Eixo Central,Lumiar,Passeio,BICICLETA,Onda,3,15,0,Público,Partilhado com Micromobilidade,2013-05-18,-9.14805206839964,38.7754524856542
14875,181,Eixo Central,Lumiar,Passeio,BICICLETA,Onda,3,15,0,Público,Partilhado com Micromobilidade,2013-05-18,-9.14839729937067,38.7739581682802
14876,182,Eixo Central,Lumiar,Passeio,BICICLETA,Onda,3,15,0,Público,Partilhado com Micromobilidade,2013-05-18,-9.14863849920575,38.7740183037301
14877,383,"Avenida dos Defensores de Chaves, 23",Arroios,Lugar estacionamento automóvel,HOTSPOT,Sheffield standard,2,9,0,Público,Partilhado com Micromobilidade,2019-05-14,-9.14327026896688,38.7346242804408
14878,384,"Avenida dos Defensores de Chaves, 12",Arroios,Lugar estacionamento automóvel,HOTSPOT,Sheffield standard,2,9,0,Público,Partilhado com Micromobilidade,2019-05-14,-9.14297375731423,38.733403724915
14879,385,"Avenida dos Defensores de Chaves, 45",Avenidas Novas,Lugar estacionamento automóvel,HOTSPOT,Sheffield standard,2,9,0,Público,Partilhado com Micromobilidade,2019-05-06,-9.14391716981475,38.7368457947534
14880,387,Avenida dos Defensores de Chaves,Avenidas Novas,Lugar estacionamento automóvel,HOTSPOT,Sheffield standard,2,9,0,Público,Partilhado com Micromobilidade,2019-05-06,-9.14431459714378,38.7384812638345
14881,388,"Avenida dos Defensores de Chaves, 42",Avenidas Novas,Lugar estacionamento automóvel,HOTSPOT,Sheffield standard,2,9,0,Público,Partilhado com Micromobilidade,2019-05-06,-9.14429537899955,38.7393168216026
14882,389,"Rua Eiffel, 2A",Avenidas Novas,Lugar estacionamento automóvel,HOTSPOT,Sheffield standard,2,9,0,Público,Partilhado com Micromobilidade,2019-05-06,-9.14314054139357,38.7395587445497
14883,390,"Rua de Dona Filipa de Vilhena, 12",Areeiro,Lugar estacionamento automóvel,HOTSPOT,Sheffield standard,2,9,0,Público,Partilhado com Micromobilidade,2019-05-06,-9.14188194325098,38.7367823693498
14884,391,"Rua de Dona Filipa de Vilhena, 2B",Avenidas Novas,Lugar estacionamento automóvel,HOTSPOT,Sheffield standard,2,9,0,Público,Partilhado com Micromobilidade,2019-05-21,-9.14172570184909,38.7354811205343
14885,394,"Avenida Duque d' Ávila, 72",Avenidas Novas,Lugar estacionamento automóvel,HOTSPOT,Sheffield standard,2,9,0,Público,Partilhado com Micromobilidade,2019-05-10,-9.14976022374699,38.7350208354996
14886,183,Eixo Central,Lumiar,Passeio,BICICLETA,Onda,3,15,0,Público,Partilhado com Micromobilidade,2013-05-18,-9.14882228872773,38.7735677859121
14887,184,"Calçada da Ajuda, 236",Ajuda,Passeio,BICICLETA,Sheffield standard,4,8,0,Público,Partilhado com Micromobilidade,2018-06-04,-9.19915782716611,38.7057745274209
14888,185,"Passeio dos Heróis do Mar, 14",Parque das Nações,Passeio,BICICLETA,Cascata,1,8,0,Público,Partilhado com Micromobilidade,,-9.09430126052972,38.7855619087573
14889,186,"Rua da Ilha dos Amores, 59",Parque das Nações,Passeio,BICICLETA,Cascata,1,12,0,Público,Partilhado com Micromobilidade,,-9.09517684576516,38.7825235254258
14890,350,"Avenida António Augusto de Aguiar, 104",Avenidas Novas,Lugar estacionamento automóvel,HOTSPOT,Sheffield standard,2,9,0,Público,Partilhado com Micromobilidade,2019-05-14,-9.15210029199086,38.7323703548586
14891,351,"Rua Tomás Ribeiro, 56",Avenidas Novas,Lugar estacionamento automóvel,HOTSPOT,Sheffield standard,2,9,0,Público,Partilhado com Micromobilidade,2019-05-14,-9.15049009074279,38.7322261838386
14892,352,"Avenida Manuel da Maia, Universidade",Areeiro,Lugar estacionamento automóvel,HOTSPOT,Sheffield standard,2,9,0,Público,Partilhado com Micromobilidade,2019-05-02,-9.13684208964409,38.7370890352291
14893,353,"Avenida Visconde de Valmor, 11",Avenidas Novas,Lugar estacionamento automóvel,HOTSPOT,Sheffield standard,2,9,0,Público,Partilhado com Micromobilidade,2019-05-06,-9.14390871166404,38.7386086475806
14894,2050,"Avenida de Brasília, Museu",Belém,Lugar estacionamento automóvel,HOTSPOT,Sheffield standard,2,9,0,Público,Partilhado com Micromobilidade,2022-10-20,-9.20795709432534,38.6941582292743
14895,355,"Campo Pequeno, 51",Areeiro,Lugar estacionamento automóvel,HOTSPOT,Sheffield standard,2,9,0,Público,Partilhado com Micromobilidade,2019-05-06,-9.14356604714684,38.7420551588743
14896,356,"Praça da Ilha do Faial, 18",Arroios,Lugar estacionamento automóvel,HOTSPOT,Sheffield standard,2,9,0,Público,Partilhado com Micromobilidade,2019-05-19,-9.14084648403941,38.7323420737947
14897,357,"Avenida João Crisóstomo, 12",Avenidas Novas,Lugar estacionamento automóvel,HOTSPOT,Sheffield standard,2,9,0,Público,Partilhado com Micromobilidade,2019-05-08,-9.14412172226448,38.7363435485768
14898,358,"Avenida João Crisóstomo, 22A",Avenidas Novas,Lugar estacionamento automóvel,HOTSPOT,Sheffield standard,2,9,0,Público,Partilhado com Micromobilidade,2019-05-08,-9.144965872158,38.7362752370504
14899,359,"Rua Latino Coelho, 31",Avenidas Novas,Lugar estacionamento automóvel,HOTSPOT,Sheffield standard,2,9,0,Público,Partilhado com Micromobilidade,2019-05-10,-9.14843044293624,38.7324046471457
14900,187,Passeio dos Heróis do Mar,Parque das Nações,Passeio,BICICLETA,Cascata,1,8,0,Público,Partilhado com Micromobilidade,,-9.09345823582476,38.7826540629301
14901,188,"Passeio das Garças, 14",Parque das Nações,Passeio,BICICLETA,Sheffield standard,5,10,0,Público,Partilhado com Micromobilidade,,-9.09612519663134,38.780963811673
14902,189,Eixo Central,Lumiar,Passeio,BICICLETA,Onda,3,15,0,Público,Partilhado com Micromobilidade,2013-05-18,-9.14858109142307,38.7735076508086
14903,190,Eixo Central,Lumiar,Passeio,BICICLETA,Onda,3,15,0,Público,Partilhado com Micromobilidade,2013-05-18,-9.14874792845814,38.7730986856127
14904,191,Eixo Central,Lumiar,Passeio,BICICLETA,Onda,3,15,0,Público,Partilhado com Micromobilidade,2013-05-18,-9.14898912566074,38.7731588203827
14905,192,Eixo Central,Lumiar,Passeio,BICICLETA,Onda,2,10,0,Público,Partilhado com Micromobilidade,2013-05-18,-9.14874801221186,38.7714944089774
14906,193,Eixo Central,Lumiar,Passeio,BICICLETA,Onda,2,10,0,Público,Partilhado com Micromobilidade,2013-05-18,-9.14914465810709,38.7714730229887
14907,197,Calçada dos Barbadinhos,São Vicente,,BICICLETA,Desconhecido,,,0,Privado,Interdito Micromobilidade,,-9.1206012080794,38.7188417226197
14908,198,Rua Chen He,Parque das Nações,Passeio,BICICLETA,Cascata,1,8,0,Público,Partilhado com Micromobilidade,,-9.09281949240691,38.7873635169782
14912,203,Avenida Álvares Cabral,Campo de Ourique,Lugar estacionamento automóvel,BICICLETA,Sheffield standard,4,8,0,Público,Partilhado com Micromobilidade,2018-08-03,-9.15840506721298,38.716283452225
14913,204,"Rua João de Oliveira Miguens, 84",Estrela,Passeio,BICICLETA,Sheffield standard,3,6,0,Público,Partilhado com Micromobilidade,,-9.17378435687537,38.7060959869736
14914,205,Largo do Chiado,Santa Maria Maior,Passeio,BICICLETA,Sheffield estreito,5,10,0,Público,Partilhado com Micromobilidade,,-9.142083397675,38.710351265584
14915,206,"Passeio da Vila Expo, 2",Parque das Nações,Passeio,BICICLETA,Sheffield standard,5,10,0,Público,Partilhado com Micromobilidade,,-9.09509459883594,38.7805493284644
14916,208,Alameda dos Oceanos,Parque das Nações,Passeio,BICICLETA,Sheffield standard,4,8,0,Público,Partilhado com Micromobilidade,,-9.09531633040353,38.7744271863857
14917,209,"Rua Bartolomeu Dias, 82",Belém,Passeio,BICICLETA,Entorta rodas,1,6,0,Público,Partilhado com Micromobilidade,,-9.21095792947045,38.6959363462933
14920,212,"Rua dos Lusíadas, 13",Alcântara,Passeio,BICICLETA,Entorta rodas,1,5,0,Público,Partilhado com Micromobilidade,,-9.17906196067603,38.7054621997405
14921,213,Estrada de Caselas,Belém,Lugar estacionamento automóvel,BICICLETA,Sheffield estilizado,5,10,0,Privado,Interdito Micromobilidade,,-9.20576412917478,38.7099217140829
14922,216,Alameda dos Oceanos,Parque das Nações,Passeio,BICICLETA,Entorta rodas,1,5,0,Público,Partilhado com Micromobilidade,,-9.09576042645647,38.7742605053686
14923,217,Avenida D. João II,Parque das Nações,Passeio,BICICLETA,Entorta rodas,1,5,0,Público,Partilhado com Micromobilidade,,-9.09690471893188,38.7741808270248
14924,218,"Avenida D. João II, 43",Parque das Nações,Passeio,BICICLETA,Cascata,1,8,0,Público,Partilhado com Micromobilidade,,-9.09778490838751,38.7717765425322
14925,219,"Alameda dos Oceanos, 2.14.01",Parque das Nações,Passeio,BICICLETA,Sheffield standard,5,10,0,Público,Partilhado com Micromobilidade,,-9.0953844749147,38.7703149023199
14926,220,"Alameda dos Oceanos, 49",Parque das Nações,Passeio,BICICLETA,Sheffield standard,5,10,0,Público,Partilhado com Micromobilidade,,-9.09562794067289,38.7677737199588
14927,221,"Alameda dos Oceanos, 49",Parque das Nações,Passeio,BICICLETA,Sheffield standard,5,10,0,Público,Partilhado com Micromobilidade,,-9.09566060507102,38.767327891893
14928,222,Alameda dos Oceanos,Parque das Nações,Passeio,BICICLETA,Cascata,1,12,0,Público,Partilhado com Micromobilidade,,-9.09608567594283,38.7673571552389
14929,223,Alameda dos Oceanos,Parque das Nações,Passeio,BICICLETA,Cascata,1,12,0,Público,Partilhado com Micromobilidade,,-9.09602653340364,38.7679391703283
14930,224,"Alameda dos Oceanos, 47",Parque das Nações,Passeio,BICICLETA,Entorta rodas,1,9,0,Público,Partilhado com Micromobilidade,,-9.09614339969602,38.7662174568063
14931,225,Rossio dos Olivais,Parque das Nações,Passeio,BICICLETA,Cascata,1,8,0,Público,Partilhado com Micromobilidade,,-9.09232431728896,38.767459641544
14932,226,Jardim Garcia de Orta ao Parque das Nações,Parque das Nações,Passeio,BICICLETA,Sheffield standard,4,8,0,Público,Partilhado com Micromobilidade,,-9.09228013614661,38.7699242775978
14933,228,"Alameda dos Oceanos, 2.11.01",Parque das Nações,Passeio,BICICLETA,Entorta rodas,2,10,1,Público,Partilhado com Micromobilidade,,-9.09547273603866,38.7635572672463
14934,229,"Alameda dos Oceanos, 2.11.01",Parque das Nações,Passeio,BICICLETA,Sheffield standard,3,6,0,Público,Partilhado com Micromobilidade,,-9.09587785241137,38.7646205102509
14935,230,"Alameda dos Oceanos, 43B",Parque das Nações,Passeio,BICICLETA,Entorta rodas,1,5,0,Público,Partilhado com Micromobilidade,,-9.09632867256614,38.7637614714772
14936,231,"Avenida do Mediterrâneo, 2",Parque das Nações,Passeio,BICICLETA,Cascata,1,12,0,Público,Partilhado com Micromobilidade,,-9.09647166157573,38.7630221508203
14937,232,"Rua do Arco do Cego, 75",Avenidas Novas,Lugar estacionamento automóvel,BICICLETA,Onda,2,10,0,Público,Partilhado com Micromobilidade,,-9.14287821928885,38.7405502131612
14938,233,"Avenida Elias Garcia, 1D",Avenidas Novas,Via,BICICLETA,Sheffield standard,3,6,0,Público,Partilhado com Micromobilidade,2018-08-11,-9.14278296741777,38.7397299859256
14939,234,"Avenida Magalhães Lima, Escola",Areeiro,Passeio,BICICLETA,Sheffield estreito,5,10,0,Público,Partilhado com Micromobilidade,,-9.14025541306518,38.7394944239579
14940,235,"Avenida Magalhães Lima, Escola",Areeiro,Passeio,BICICLETA,Entorta rodas,1,10,0,Público,Partilhado com Micromobilidade,,-9.14037800053311,38.7397722137852
14941,236,"Avenida de Roma, 9",Areeiro,Passeio,BICICLETA,Sheffield estreito,3,6,0,Público,Partilhado com Micromobilidade,,-9.13860263598613,38.7429704375024
14943,239,"Avenida de Brasília, 1",Belém,Via,BICICLETA,Sheffield standard,5,10,0,Público,Partilhado com Micromobilidade,2018-06-18,-9.22469087959766,38.6962936240746
14945,241,Avenida Frei Miguel Contreiras,Alvalade,Passeio,BICICLETA,Sheffield estreito,3,6,0,Público,Partilhado com Micromobilidade,,-9.13941577759975,38.7455735005191
14946,242,"Rua João Saraiva, 1",Alvalade,Passeio,BICICLETA,Entorta rodas,1,5,1,Privado,Interdito Micromobilidade,,-9.14084881850437,38.7569945439267
14947,243,"Avenida de Roma, 7",Alvalade,Passeio,BICICLETA,Sheffield estreito,3,6,0,Público,Partilhado com Micromobilidade,,-9.14453403214602,38.7533044621576
14948,244,Alameda da Universidade,Alvalade,Via,BICICLETA,Sheffield estreito,3,6,0,Público,Partilhado com Micromobilidade,,-9.15537870290395,38.7530126496958
14949,245,Alameda da Universidade,Alvalade,Passeio,BICICLETA,Sheffield standard,5,10,0,Público,Partilhado com Micromobilidade,,-9.15687660414894,38.7524778194469
14950,246,Alameda da Universidade,Alvalade,Passeio,BICICLETA,Sheffield standard,5,10,0,Público,Partilhado com Micromobilidade,,-9.15774280187478,38.7535393671974
14951,247,Alameda da Universidade,Alvalade,Passeio,BICICLETA,Sheffield standard,5,10,0,Privado,Interdito Micromobilidade,,-9.15825223940469,38.7539973316966
14952,248,"Calçada da Estação, Estação",Campolide,Passeio,BICICLETA,Sheffield estreito,5,10,1,Público,Partilhado com Micromobilidade,,-9.168051965958,38.7323228811936
14955,251,"Avenida Álvares Cabral, 102",Campo de Ourique,Passeio,BICICLETA,Sheffield standard,3,6,0,Público,Partilhado com Micromobilidade,2018-11-16,-9.15768499473122,38.7172504825758
14956,252,"Avenida Álvares Cabral, 44",Campo de Ourique,Via,BICICLETA,Sheffield standard,2,4,0,Público,Partilhado com Micromobilidade,2018-08-03,-9.15684679775467,38.718381711455
14957,253,Largo Duque do Cadaval,Santa Maria Maior,Passeio,BICICLETA,Sheffield estreito,5,10,0,Público,Partilhado com Micromobilidade,,-9.1406586545882,38.7140013421352
14958,254,"Praça Afonso de Albuquerque, 3",Belém,Passeio,BICICLETA,Grelha,1,8,0,Público,Partilhado com Micromobilidade,,-9.20158548383612,38.6970911203564
14959,255,Avenida de Brasília,Belém,Via,BICICLETA,Lisboa,14,28,0,Público,Partilhado com Micromobilidade,,-9.19333574154741,38.6963449064486
14960,256,Jardim Guerra Junqueiro,Estrela,Passeio,BICICLETA,Sheffield estilizado,1,10,0,Privado,Interdito Micromobilidade,,-9.15891584482053,38.7156389874401
14961,257,Praça do Duque de Saldanha,Avenidas Novas,Passeio,BICICLETA,Sheffield standard,2,4,0,Público,Partilhado com Micromobilidade,2018-11-30,-9.14551262274562,38.7335904141731
14962,258,Praça do Duque de Saldanha,Avenidas Novas,Passeio,BICICLETA,Sheffield standard,2,4,0,Público,Partilhado com Micromobilidade,2018-11-30,-9.14550367628104,38.7335554447888
14963,260,"Avenida Marquês de Tomar, 91",Avenidas Novas,Lugar estacionamento automóvel,BICICLETA,Sheffield standard,4,8,0,Público,Partilhado com Micromobilidade,2018-12-04,-9.14992423092526,38.7382899355475
14964,261,"Rua Filipe da Mata, 158",Avenidas Novas,Lugar estacionamento automóvel,BICICLETA,Sheffield standard,4,8,0,Público,Partilhado com Micromobilidade,2018-12-20,-9.16230658875745,38.7412164218672
14965,262,"Rua Filipe da Mata, 64",Avenidas Novas,Via,BICICLETA,Sheffield standard,3,6,0,Público,Partilhado com Micromobilidade,2018-12-20,-9.15833773087634,38.7413871883393
14966,263,"Rua Filipe da Mata, 22A",Avenidas Novas,Lugar estacionamento automóvel,BICICLETA,Sheffield standard,5,10,0,Público,Partilhado com Micromobilidade,2023-01-25,-9.1571709096454,38.741430996916
14967,264,"Rua Filipe da Mata, 5",Avenidas Novas,Via,BICICLETA,Sheffield standard,3,6,0,Público,Partilhado com Micromobilidade,2018-12-20,-9.15620914324081,38.7413939437569
14968,265,"Rua Portugal Durão, 66",Avenidas Novas,Via,BICICLETA,Sheffield standard,2,4,0,Público,Partilhado com Micromobilidade,2018-12-28,-9.15897867407833,38.7436421233549
14969,266,Rua Cardeal Mercier,Avenidas Novas,Lugar estacionamento automóvel,BICICLETA,Sheffield standard,4,8,0,Público,Partilhado com Micromobilidade,2018-12-28,-9.15793835759068,38.7426335881302
14970,267,"Rua Cardeal Mercier, 4",Avenidas Novas,Via,BICICLETA,Sheffield standard,3,6,0,Público,Partilhado com Micromobilidade,2018-12-27,-9.15772236301417,38.7426812432837
14971,268,"Rua Carlos Reis, 44",Avenidas Novas,Via,BICICLETA,Sheffield standard,3,6,0,Público,Partilhado com Micromobilidade,2018-12-28,-9.15700424141592,38.7430269268512
14972,270,Calçada da Tapada,Alcântara,Passeio,BICICLETA,Sheffield standard,3,6,0,Público,Partilhado com Micromobilidade,2018-12-13,-9.18496288651577,38.705733633217
14973,2087,"Travessa de Dom Vasco, 32B",Ajuda,Passeio,HOTSPOT,Desconhecido,0,10,0,Público,Dedicado Micromobilidade,2023-04-17,-9.197476639332,38.7027368668652
14974,271,Rua Jau,Alcântara,Passeio,BICICLETA,Sheffield standard,4,8,0,Público,Partilhado com Micromobilidade,2018-12-17,-9.18496886562638,38.7043925438539
14975,272,"Praça das Indústrias, Centro de Congressos",Alcântara,Passeio,HOTSPOT,Sheffield standard,2,9,0,Público,Partilhado com Micromobilidade,2019-02-20,-9.18336220246644,38.6985580833664
14976,273,"Rua da Cozinha Económica, 30K",Alcântara,Passeio,BICICLETA,Sheffield standard,3,6,0,Público,Partilhado com Micromobilidade,2019-01-18,-9.17622472139151,38.704199334209
14977,274,"Rua da Cozinha Económica, 30K",Alcântara,Passeio,BICICLETA,Sheffield standard,2,4,0,Público,Partilhado com Micromobilidade,2019-01-18,-9.17617425873131,38.704144975944
14978,275,"Avenida Almirante Reis, 3B",Arroios,Passeio,BICICLETA,Sheffield standard,2,4,0,Público,Partilhado com Micromobilidade,2019-01-07,-9.13557701836731,38.7206913898256
14979,276,"Avenida Almirante Reis, 18",Arroios,Passeio,BICICLETA,Sheffield standard,2,4,0,Público,Partilhado com Micromobilidade,2019-01-07,-9.13528544986806,38.7219598733793
14980,277,"Avenida Almirante Reis, 20",Arroios,Passeio,BICICLETA,Sheffield standard,2,4,0,Público,Partilhado com Micromobilidade,2019-01-07,-9.13522820839277,38.722340093026
14981,278,"Avenida Almirante Reis, 25",Arroios,Passeio,BICICLETA,Sheffield standard,3,6,0,Público,Partilhado com Micromobilidade,2019-01-07,-9.13542809226659,38.7223757117215
14982,279,"Rua da Palma, 159",Santa Maria Maior,Passeio,BICICLETA,Sheffield standard,2,4,0,Público,Partilhado com Micromobilidade,2019-01-08,-9.13590517766355,38.7174190883752
14983,280,"Travessa Cidadão João Gonçalves, 20",Arroios,Via,BICICLETA,Sheffield standard,2,4,0,Público,Partilhado com Micromobilidade,2019-01-09,-9.13524295649673,38.7213526299917
14984,281,"Avenida Almirante Reis, 17",Arroios,Lugar estacionamento automóvel,BICICLETA,Sheffield standard,3,6,0,Público,Partilhado com Micromobilidade,,-9.13545781668517,38.7217463600743
14985,282,Rua Julieta Ferrão,Avenidas Novas,Passeio,BICICLETA,Sheffield standard,4,8,0,Público,Partilhado com Micromobilidade,2018-12-03,-9.15378216927785,38.7451104504649
14986,283,"Avenida Guerra Junqueiro, 23",Areeiro,Via,BICICLETA,Sheffield standard,2,4,0,Público,Partilhado com Micromobilidade,2018-04-10,-9.13642948087555,38.7396519575397
14987,284,"Avenida de Roma, 26",Areeiro,Passeio,BICICLETA,Sheffield estreito,3,6,0,Público,Partilhado com Micromobilidade,,-9.138824100627,38.7447182574526
14988,285,Avenida Frei Miguel Contreiras,Alvalade,Passeio,BICICLETA,Sheffield standard,5,10,0,Público,Partilhado com Micromobilidade,,-9.13925834237697,38.7454553947141
14989,286,Campus de Campolide,Campolide,Passeio,BICICLETA,Sheffield standard,2,4,0,Público,Partilhado com Micromobilidade,,-9.16041907137587,38.7345830524911
14990,287,"Rua C do Bairro da Liberdade, 70",Campolide,Passeio,BICICLETA,Lisboa,2,4,0,Público,Partilhado com Micromobilidade,,-9.16986149779414,38.734969895059
14991,288,Rua B do Bairro da Liberdade,Campolide,Passeio,BICICLETA,Lisboa,4,8,0,Público,Partilhado com Micromobilidade,,-9.16940821515111,38.7344305254533
14992,289,Azinhaga dos Ulmeiros,Lumiar,Passeio,BICICLETA,Entorta rodas,1,6,0,Público,Partilhado com Micromobilidade,,-9.17334339166154,38.7687804962546
14993,290,Rua Rodriges Cabrilho,Belém,Passeio,BICICLETA,Sheffield estreito,2,4,0,Público,Partilhado com Micromobilidade,,-9.20789434494539,38.7073295897441
14994,291,Rua Prof. Mário Chicó,Lumiar,Passeio,BICICLETA,Onda,1,5,0,Público,Partilhado com Micromobilidade,,-9.16871361576427,38.761730349417
14995,292,"Estrada de Telheiras, 146",Lumiar,Passeio,BICICLETA,Onda,1,5,0,Público,Partilhado com Micromobilidade,,-9.1692785639245,38.7598023728783
14996,293,Praça Ginásio Clube Português,Campo de Ourique,Passeio,BICICLETA,Cascata,2,10,0,Público,Partilhado com Micromobilidade,,-9.15661916999435,38.7215641265705
14997,295,Avenida 24 de Julho,Estrela,Passeio,BICICLETA,Sheffield standard,5,10,0,Público,Interdito Micromobilidade,,-9.15489436750095,38.7062960723874
14998,296,Avenida da Índia,Estrela,Passeio,BICICLETA,Sheffield standard,4,8,0,Público,Interdito Micromobilidade,,-9.17389504216097,38.7025104689721
14999,297,Alameda Padre Álvaro Proença,Benfica,Passeio,BICICLETA,Sheffield standard,3,6,0,Público,Partilhado com Micromobilidade,2018-11-24,-9.20349253984947,38.7491680978027
15000,298,"Rua Amélia Rey Colaço, 7",Benfica,Passeio,BICICLETA,Sheffield standard,3,6,0,Público,Partilhado com Micromobilidade,2018-11-29,-9.20385989749882,38.7526605433902
15001,299,"Rua Jorge Barradas, 57",Benfica,Passeio,BICICLETA,Sheffield standard,3,6,0,Público,Partilhado com Micromobilidade,2018-11-23,-9.2032154878324,38.756215448285
15002,300,Rua João Ortigão Ramos,Benfica,Passeio,BICICLETA,Sheffield standard,3,6,0,Público,Partilhado com Micromobilidade,2018-11-23,-9.20172691690568,38.7568645143184
15003,301,Rua da Quinta do Charquinho,Benfica,Passeio,BICICLETA,Sheffield standard,3,6,0,Público,Partilhado com Micromobilidade,2018-11-23,-9.19807887761061,38.7565546489662
15004,302,Rua Jorge de Sena,Santa Clara,Passeio,BICICLETA,Sheffield standard,5,10,0,Público,Partilhado com Micromobilidade,2018-11-27,-9.16083781003482,38.7802451352061
15005,303,Azinhaga da Cidade,Santa Clara,Passeio,BICICLETA,Sheffield standard,3,6,0,Público,Partilhado com Micromobilidade,2018-11-29,-9.15967301373393,38.779892364723
15006,304,Avenida Sérgio Vieira de Mello,Santa Clara,Passeio,BICICLETA,Sheffield standard,3,6,0,Público,Partilhado com Micromobilidade,2018-11-29,-9.14936218275577,38.7809449270387
15007,305,Estrada Militar,Santa Clara,Passeio,BICICLETA,Sheffield standard,5,10,0,Público,Partilhado com Micromobilidade,2018-11-29,-9.15042555198962,38.7902015558593
15008,306,"Campo das Amoreiras, Junta de Freguesia",Santa Clara,Passeio,BICICLETA,Sheffield standard,3,6,0,Público,Partilhado com Micromobilidade,2018-11-29,-9.14215045610918,38.7864544005235
15009,307,Campo das Cebolas,Santa Maria Maior,Via,BICICLETA,Sheffield standard,4,8,1,Público,Interdito Micromobilidade,2018-12-08,-9.1314830201332,38.7088146605061
15010,308,"Rua Jau, 61",Alcântara,Passeio,BICICLETA,Sheffield standard,7,14,0,Privado,Interdito Micromobilidade,2018-12-13,-9.18819658443561,38.7020983264011
15011,310,"Rua Latino Coelho, 24",Avenidas Novas,Lugar estacionamento automóvel,BICICLETA,Sheffield standard,2,4,0,Público,Partilhado com Micromobilidade,2018-08-11,-9.15000422133998,38.7331059947304
15013,312,"Praça das Indústrias, Centro de Congressos",Alcântara,Passeio,BICICLETA,Sheffield standard,6,12,0,Público,Partilhado com Micromobilidade,2019-01-29,-9.18359359964523,38.6993469672068
15014,313,"Rua Martens Ferrão, 11",Avenidas Novas,Passeio,BICICLETA,Sheffield standard,9,18,0,Público,Partilhado com Micromobilidade,,-9.14858881464571,38.7293568435167
15015,2538,Avenida Infante Dom Henrique,São Vicente,Passeio,HOTSPOT,Desconhecido,0,20,0,Público,Dedicado Micromobilidade,2024-11-29,-9.12257096414648,38.7133057952044
15016,314,"Rua Viriato, 12",Avenidas Novas,Passeio,BICICLETA,Sheffield standard,5,10,0,Público,Partilhado com Micromobilidade,,-9.14807374372492,38.730369463748
15017,315,"Rua Viriato, 13H",Avenidas Novas,Passeio,BICICLETA,Sheffield standard,4,8,0,Público,Partilhado com Micromobilidade,,-9.14810816978126,38.7305443379814
15018,316,"Rua Viriato, 24",Avenidas Novas,Passeio,BICICLETA,Sheffield standard,4,8,0,Público,Partilhado com Micromobilidade,,-9.14776371997089,38.731037103524
15019,317,"Rua Viriato, 29A",Avenidas Novas,Passeio,BICICLETA,Sheffield standard,4,8,0,Público,Partilhado com Micromobilidade,,-9.14725542383812,38.7318852128288
15020,318,Rua Viriato,Avenidas Novas,Passeio,BICICLETA,Sheffield standard,5,10,0,Público,Partilhado com Micromobilidade,,-9.14690810884581,38.7328212971084
15021,319,"Praça do Marquês de Pombal, 12",Santo António,Passeio,HOTSPOT,Sheffield standard,4,13,0,Público,Partilhado com Micromobilidade,2019-03-16,-9.14940122635545,38.7258420316716
15022,320,Praça do Marquês de Pombal,Santo António,Passeio,HOTSPOT,Sheffield standard,2,9,0,Público,Partilhado com Micromobilidade,2019-03-16,-9.14922342757359,38.7252236892052
15023,321,"Rua de Diogo Cão, 20",Alcântara,Passeio,BICICLETA,Sheffield standard,3,6,0,Público,Partilhado com Micromobilidade,2019-01-29,-9.19111933299378,38.7022834982355
15024,322,Avenida de Brasília,Belém,Via,HOTSPOT,Sheffield standard,4,13,0,Público,Partilhado com Micromobilidade,2018-01-28,-9.20637738613767,38.6935032957404
15025,323,"Rua Fernão Lopes, 1",Arroios,Lugar estacionamento automóvel,HOTSPOT,Sheffield standard,2,4,0,Público,Partilhado com Micromobilidade,2019-05-21,-9.14378049746818,38.7328114906185
15026,324,"Rua Chaby Pinheiro, 21",Avenidas Novas,Lugar estacionamento automóvel,HOTSPOT,Sheffield standard,2,9,0,Público,Partilhado com Micromobilidade,2019-05-06,-9.14612910960954,38.7444969737512
15027,325,"Rua de Entrecampos, 1",Avenidas Novas,Lugar estacionamento automóvel,HOTSPOT,Sheffield standard,2,9,0,Público,Partilhado com Micromobilidade,2019-05-06,-9.14475622680383,38.7438759487651
15028,326,"Rua Sousa Martins, 1A",Arroios,Lugar estacionamento automóvel,HOTSPOT,Sheffield standard,2,9,0,Público,Partilhado com Micromobilidade,2019-05-19,-9.14673895760453,38.7282321585075
15029,328,"Avenida dos Defensores de Chaves, 33 C",Avenidas Novas,Lugar estacionamento automóvel,HOTSPOT,Sheffield standard,2,9,0,Público,Partilhado com Micromobilidade,2019-05-14,-9.14352084522996,38.7356681835083
15030,329,"Rua de Santa Marta, 80",Santo António,Lugar estacionamento automóvel,HOTSPOT,Sheffield standard,2,9,0,Público,Partilhado com Micromobilidade,2019-05-19,-9.14715659338727,38.7262817550132
15031,330,"Rua Filipe Folque, 24A",Avenidas Novas,Lugar estacionamento automóvel,HOTSPOT,Sheffield standard,2,9,0,Público,Partilhado com Micromobilidade,2019-05-10,-9.14921567347032,38.7325661973931
15032,2088,Calçada da Ajuda,Ajuda,Passeio,HOTSPOT,Desconhecido,0,10,0,Público,Dedicado Micromobilidade,2023-04-17,-9.19888960370235,38.7067229515117
15033,331,"Rua Filipe Folque, 1",Avenidas Novas,Lugar estacionamento automóvel,HOTSPOT,Sheffield standard,2,9,0,Público,Partilhado com Micromobilidade,2019-05-14,-9.1506077551113,38.7308579410163
15034,332,"Avenida António Augusto de Aguiar, 3",Avenidas Novas,Lugar estacionamento automóvel,HOTSPOT,Sheffield standard,2,9,0,Público,Partilhado com Micromobilidade,2019-05-21,-9.14897150072023,38.7283226211455
15035,333,"Rua Camilo Castelo Branco, 43",Santo António,Lugar estacionamento automóvel,HOTSPOT,Sheffield standard,2,9,0,Público,Partilhado com Micromobilidade,2019-05-19,-9.14846015863975,38.7259394453931
15036,334,Largo de Andaluz,Arroios,Lugar estacionamento automóvel,HOTSPOT,Sheffield standard,2,9,0,Público,Partilhado com Micromobilidade,2019-05-19,-9.14767251787645,38.7281756644305
15037,335,"Praça José Fontana, 4",Arroios,Lugar estacionamento automóvel,BICICLETA,Sheffield standard,2,4,0,Público,Partilhado com Micromobilidade,2022-06-01,-9.14383713286032,38.7294061475167
15038,658,Avenida Aquilino Ribeiro Machado,Parque das Nações,Passeio,BICICLETA,Cascata,1,12,1,Público,Partilhado com Micromobilidade,,-9.09869847872219,38.7687224931984
15039,659,Praça de Dom Luís I,Misericórdia,Passeio,BICICLETA,Sheffield standard,4,8,0,Público,Partilhado com Micromobilidade,2019-02-15,-9.14635885098899,38.7073158816821
15040,661,"Regueirão dos Anjos, 71",Arroios,Via,BICICLETA,Sheffield standard,4,8,0,Público,Partilhado com Micromobilidade,,-9.1359568077388,38.7265901917254
15041,662,Regueirão dos Anjos,Arroios,Via,BICICLETA,Sheffield standard,3,6,0,Público,Partilhado com Micromobilidade,,-9.13591958355551,38.7267665708108
15042,663,"Calçada de Arroios, 71",Arroios,Passeio,BICICLETA,Sheffield standard,4,8,0,Público,Partilhado com Micromobilidade,,-9.13907755751077,38.7345191781607
15043,664,Miradouro do Monte Agudo,Arroios,Passeio,BICICLETA,Sheffield standard,3,6,0,Privado,Interdito Micromobilidade,,-9.13136389085554,38.7264994512055
15044,2282,"Avenida Infante Santo, 25D",Estrela,Passeio,HOTSPOT,Desconhecido,0,10,0,Público,Dedicado Micromobilidade,2023-10-11,-9.16762096771336,38.7073351969162
15045,2283,"Avenida Infante Santo, 46",Estrela,Passeio,HOTSPOT,Desconhecido,0,10,0,Público,Dedicado Micromobilidade,2023-10-11,-9.16728726112988,38.7071783546642
15046,608,Rua da Cintura do Porto de Lisboa,Misericórdia,Passeio,BICICLETA,Sheffield standard,5,10,0,Público,Partilhado com Micromobilidade,2019-04-15,-9.14443108164255,38.7055139433676
15047,669,"Campus de Campolide, Reitoria",Campolide,Passeio,BICICLETA,Sheffield standard,6,12,0,Privado,Interdito Micromobilidade,,-9.16028203115091,38.7340092391004
15048,670,Campus de Campolide,Campolide,Passeio,BICICLETA,Sheffield standard,15,30,0,Privado,Interdito Micromobilidade,,-9.15986852776929,38.733097924062
15049,671,Campus de Campolide,Campolide,Passeio,BICICLETA,Sheffield standard,22,44,0,Privado,Interdito Micromobilidade,,-9.16023293351529,38.7323893793957
15050,672,"Campus de Campolide, Anfiteatro",Campolide,Passeio,BICICLETA,Sheffield standard,12,24,0,Privado,Interdito Micromobilidade,,-9.15987825907574,38.7325605933863
15051,705,"Rua Capitão-Mor Pedro Teixeira, Escola",Belém,Passeio,BICICLETA,Sheffield standard,4,8,0,Privado,Interdito Micromobilidade,2019-12-18,-9.20696431824718,38.7074655749341
15052,706,"Praça Afonso de Albuquerque, 1",Belém,Passeio,HOTSPOT,Sheffield standard,2,9,0,Público,Partilhado com Micromobilidade,2019-06-08,-9.20154804032702,38.6969641866267
15053,707,Praça Afonso de Albuquerque,Belém,Passeio,HOTSPOT,Sheffield standard,2,9,0,Público,Partilhado com Micromobilidade,2019-12-20,-9.20152387786541,38.6968289208501
15054,708,"Rua Dom Francisco Manuel de Melo, 21A",Avenidas Novas,Lugar estacionamento automóvel,BICICLETA,Sheffield estreito,5,10,0,Público,Partilhado com Micromobilidade,,-9.15893911878696,38.7282730647593
15055,709,Doca de Santo Amaro,Alcântara,Passeio,HOTSPOT,Sheffield standard,4,13,0,Público,Partilhado com Micromobilidade,2019-12-27,-9.17536572347722,38.7002004315831
15056,711,"Avenida Rovisco Pais, 16",Arroios,Lugar estacionamento automóvel,HOTSPOT,Sheffield standard,2,9,0,Público,Partilhado com Micromobilidade,2019-05-20,-9.13869545723478,38.7353023274014
15057,837,"Campo dos Mártires da Pátria, 57",Arroios,Lugar estacionamento automóvel,HOTSPOT,Sheffield standard,2,9,0,Público,Partilhado com Micromobilidade,2020-06-25,-9.14055701590237,38.7225968184739
15058,838,"Rua de São Paulo, 94",Misericórdia,Lugar estacionamento automóvel,HOTSPOT,Sheffield standard,2,9,0,Público,Partilhado com Micromobilidade,2021-07-01,-9.14457125637751,38.7078599311819
15059,839,"Rua de São Paulo, 90",Misericórdia,Lugar estacionamento automóvel,HOTSPOT,Sheffield standard,3,11,0,Público,Partilhado com Micromobilidade,2021-07-01,-9.144513872839,38.7078410200761
15060,840,"Rua de São Paulo, 110",Misericórdia,Lugar estacionamento automóvel,HOTSPOT,Sheffield standard,4,13,0,Público,Partilhado com Micromobilidade,2021-07-01,-9.14486284084551,38.7079557079082
15061,841,"Rua de São Paulo, 112",Misericórdia,Lugar estacionamento automóvel,HOTSPOT,Sheffield standard,4,13,0,Público,Partilhado com Micromobilidade,2021-07-01,-9.14492122392318,38.707974723691
15062,842,"Rua de São Paulo, 134",Misericórdia,Lugar estacionamento automóvel,HOTSPOT,Sheffield standard,7,19,0,Público,Partilhado com Micromobilidade,2021-07-01,-9.14523605473858,38.708078641418
15063,843,"Travessa do Carvalho, 14",Misericórdia,Lugar estacionamento automóvel,BICICLETA,Sheffield standard,4,8,0,Público,Interdito Micromobilidade,2021-07-01,-9.14594518542322,38.7081907391295
15064,844,"Calçada da Tapada, 7",Alcântara,Via,BICICLETA,Sheffield standard,6,12,0,Público,Partilhado com Micromobilidade,2020-04-01,-9.17611835899412,38.7066151739178
15065,845,"Rua Maria Amália Vaz de Carvalho, Escola",Alvalade,Passeio,BICICLETA,Entorta rodas,1,20,0,Privado,Interdito Micromobilidade,,-9.1418634224301,38.7513668633987
15066,846,"Rua Maria Amália Vaz de Carvalho, Escola",Alvalade,Passeio,BICICLETA,Entorta rodas,1,20,0,Privado,Interdito Micromobilidade,,-9.14163182011698,38.7513519165024
15067,847,"Rua Luíz Pacheco, Lote 101",Marvila,Passeio,BICICLETA,Onda,1,5,0,Público,Partilhado com Micromobilidade,,-9.11279279465228,38.7533744005173
15068,848,"Rua Luíz Pacheco, Lote 101",Marvila,Passeio,BICICLETA,Onda,1,5,0,Público,Partilhado com Micromobilidade,,-9.11282815125586,38.7533700398142
15069,849,"Rua Luíz Pacheco, Lote 101",Marvila,Passeio,BICICLETA,Onda,1,5,0,Público,Partilhado com Micromobilidade,,-9.1128666205491,38.7533644873927
15070,850,"Rua Luíz Pacheco, Lote 101",Marvila,Passeio,BICICLETA,Onda,1,5,0,Público,Partilhado com Micromobilidade,,-9.11291038568886,38.7533598300822
15071,336,"Rua Actor Taborda, 55",Arroios,Lugar estacionamento automóvel,HOTSPOT,Sheffield standard,2,9,0,Público,Partilhado com Micromobilidade,2019-05-19,-9.14421575073141,38.7317130340306
15072,337,"Rua Almirante Barroso, 32A",Arroios,Lugar estacionamento automóvel,HOTSPOT,Sheffield standard,4,12,0,Público,Partilhado com Micromobilidade,2019-05-19,-9.14237167809667,38.731415348366
15073,338,"Avenida Casal Ribeiro, 28",Arroios,Lugar estacionamento automóvel,HOTSPOT,Sheffield standard,2,9,0,Público,Partilhado com Micromobilidade,2019-05-19,-9.14239321682787,38.7324025572465
15074,339,"Rua de Dona Estefânia, 165",Arroios,Lugar estacionamento automóvel,HOTSPOT,Sheffield standard,2,9,0,Público,Partilhado com Micromobilidade,2019-05-21,-9.14123749790926,38.7331310211109
15075,340,"Rua Alves Redol, 13A",Areeiro,Lugar estacionamento automóvel,HOTSPOT,Sheffield standard,2,9,0,Público,Partilhado com Micromobilidade,2019-05-06,-9.14064665364341,38.7369986409044
15076,341,"Avenida Miguel Bombarda, 1A",Avenidas Novas,Lugar estacionamento automóvel,HOTSPOT,Sheffield standard,2,9,0,Público,Partilhado com Micromobilidade,2019-05-06,-9.14428116462662,38.7373906978525
15077,342,"Avenida António José Almeida, 5D",Areeiro,Lugar estacionamento automóvel,HOTSPOT,Sheffield standard,2,9,0,Público,Partilhado com Micromobilidade,2019-05-08,-9.14149367969508,38.7377952033152
15078,343,Rua do Arco do Cego,Avenidas Novas,Lugar estacionamento automóvel,HOTSPOT,Sheffield standard,2,9,0,Público,Partilhado com Micromobilidade,2019-05-06,-9.14215264817158,38.739374940911
15079,344,"Avenida Elias Garcia, 48E",Avenidas Novas,Lugar estacionamento automóvel,HOTSPOT,Sheffield standard,2,9,0,Público,Partilhado com Micromobilidade,2019-05-06,-9.14424207510353,38.7396774894338
15080,345,"Campo Pequeno, 36",Areeiro,Lugar estacionamento automóvel,HOTSPOT,Sheffield standard,2,9,0,Público,Partilhado com Micromobilidade,2019-05-14,-9.14427216999429,38.7433211006253
15081,346,"Avenida Miguel Bombarda, 167",Avenidas Novas,Lugar estacionamento automóvel,HOTSPOT,Sheffield standard,2,9,0,Público,Partilhado com Micromobilidade,2019-05-10,-9.15211478082282,38.7362203516696
15082,347,"Avenida Miguel Bombarda, 123",Avenidas Novas,Lugar estacionamento automóvel,HOTSPOT,Sheffield standard,2,9,0,Público,Partilhado com Micromobilidade,2019-05-07,-9.1504941959155,38.7364592611621
15083,348,"Avenida António Augusto de Aguiar, 130A",Avenidas Novas,Lugar estacionamento automóvel,HOTSPOT,Sheffield standard,2,9,0,Público,Partilhado com Micromobilidade,2019-05-20,-9.15337687082052,38.7338644825612
15084,360,"Rua Pedro Nunes, 26",Avenidas Novas,Lugar estacionamento automóvel,HOTSPOT,Sheffield standard,2,9,0,Público,Partilhado com Micromobilidade,2019-05-08,-9.14748892450771,38.7333531204151
15085,361,"Rua Filipe Folque, 40",Avenidas Novas,Lugar estacionamento automóvel,HOTSPOT,Sheffield standard,2,9,0,Público,Partilhado com Micromobilidade,2019-05-10,-9.1481439459375,38.7344522235893
15086,362,"Avenida António Augusto de Aguiar, 100",Avenidas Novas,Lugar estacionamento automóvel,HOTSPOT,Sheffield standard,2,9,0,Público,Partilhado com Micromobilidade,2019-05-14,-9.15184037285654,38.7320722353483
15087,365,"Rua Pinheiro Chagas, 2",Avenidas Novas,Lugar estacionamento automóvel,HOTSPOT,Sheffield standard,2,9,0,Público,Partilhado com Micromobilidade,2019-05-19,-9.14592944675183,38.7326072810194
15088,366,"Avenida João Crisóstomo, 75A",Avenidas Novas,Lugar estacionamento automóvel,HOTSPOT,Sheffield standard,2,9,0,Público,Partilhado com Micromobilidade,2019-05-07,-9.15111076494105,38.7356611773062
15089,367,"Avenida João Crisóstomo, Casa da Moeda",Avenidas Novas,Lugar estacionamento automóvel,HOTSPOT,Sheffield standard,2,9,0,Público,Partilhado com Micromobilidade,2019-05-08,-9.14339608373858,38.7364287500343
15090,368,"Avenida 5 de Outubro, 12E/F",Avenidas Novas,Lugar estacionamento automóvel,HOTSPOT,Sheffield standard,2,9,0,Público,Partilhado com Micromobilidade,2019-05-10,-9.14675225160035,38.7333023044164
15091,369,"Rua Sousa Martins, 21",Arroios,Lugar estacionamento automóvel,HOTSPOT,Sheffield standard,2,9,0,Público,Partilhado com Micromobilidade,2019-05-19,-9.14565704567627,38.7300034535779
15092,370,"Praça José Fontana, 26B",Arroios,Lugar estacionamento automóvel,HOTSPOT,Sheffield standard,2,9,0,Público,Partilhado com Micromobilidade,2019-05-15,-9.14502536649144,38.7302209016611
15093,371,"Rua Gonçalves Crespo, 49",Arroios,Lugar estacionamento automóvel,HOTSPOT,Sheffield standard,2,9,0,Público,Partilhado com Micromobilidade,2019-05-19,-9.14405624681888,38.7283980681171
15094,372,"Rua Ferreira Lapa, 52",Arroios,Lugar estacionamento automóvel,HOTSPOT,Sheffield standard,2,9,0,Público,Partilhado com Micromobilidade,2019-05-20,-9.14474959579442,38.728124050981
15095,373,"Rua de São Sebastião da Pedreira, 51",Avenidas Novas,Lugar estacionamento automóvel,HOTSPOT,Sheffield standard,2,9,0,Público,Partilhado com Micromobilidade,2019-05-21,-9.14957070380907,38.7302661496423
15096,374,"Rua Bernardo Lima, 66",Santo António,Lugar estacionamento automóvel,HOTSPOT,Sheffield standard,2,9,0,Público,Partilhado com Micromobilidade,2019-05-20,-9.14535310073029,38.7276393841297
15097,375,"Rua Eça de Queiroz, 11",Santo António,Lugar estacionamento automóvel,HOTSPOT,Sheffield standard,2,9,0,Público,Partilhado com Micromobilidade,2019-05-21,-9.14786095546954,38.7264278769196
15098,376,"Largo de Andaluz, 16",Santo António,Lugar estacionamento automóvel,HOTSPOT,Sheffield standard,2,9,0,Público,Partilhado com Micromobilidade,2019-05-19,-9.14775408435967,38.7275579007472
15099,377,"Rua Camilo Castelo Branco, 28",Santo António,Lugar estacionamento automóvel,HOTSPOT,Sheffield standard,2,9,0,Público,Partilhado com Micromobilidade,2019-05-19,-9.14804802645497,38.7255769670145
15100,378,"Rua Sousa Martins, 10",Arroios,Lugar estacionamento automóvel,HOTSPOT,Sheffield standard,2,9,0,Público,Partilhado com Micromobilidade,2019-05-19,-9.14627967601006,38.7287735328521
15101,379,"Rua Engenheiro Vieira da Silva, 3D",Arroios,Lugar estacionamento automóvel,HOTSPOT,Sheffield standard,2,9,0,Público,Partilhado com Micromobilidade,2019-05-19,-9.14509440834713,38.732344165496
15102,380,"Avenida dos Defensores de Chaves, 1A",Arroios,Lugar estacionamento automóvel,HOTSPOT,Sheffield standard,2,9,0,Público,Partilhado com Micromobilidade,2019-05-10,-9.14295821155541,38.7328819483993
15103,381,"Avenida da República, 14",Avenidas Novas,Lugar estacionamento automóvel,HOTSPOT,Sheffield standard,2,9,0,Público,Partilhado com Micromobilidade,2019-05-08,-9.14513163715974,38.7356914002206
15104,382,"Avenida da República, 8",Arroios,Lugar estacionamento automóvel,HOTSPOT,Sheffield standard,2,9,0,Público,Partilhado com Micromobilidade,2019-05-25,-9.14495483671073,38.7349705990424
15105,395,"Avenida João Crisóstomo, 45",Avenidas Novas,Lugar estacionamento automóvel,HOTSPOT,Sheffield standard,2,9,0,Público,Partilhado com Micromobilidade,2019-05-10,-9.14871476792922,38.7358651087163
15106,399,"Avenida Praia da Vitória, 57",Arroios,Lugar estacionamento automóvel,HOTSPOT,Sheffield standard,2,9,0,Público,Partilhado com Micromobilidade,2019-05-14,-9.14384229096051,38.7339091159749
15107,400,"Avenida Casal Ribeiro, 56A",Arroios,Lugar estacionamento automóvel,HOTSPOT,Sheffield standard,2,9,0,Público,Partilhado com Micromobilidade,2019-05-19,-9.14411456395835,38.7333744682965
15108,401,"Avenida D. João II, 45",Parque das Nações,Passeio,BICICLETA,Cascata,1,10,0,Público,Partilhado com Micromobilidade,,-9.09778528564391,38.7722204045936
15109,402,"Avenida D. João II, 50",Parque das Nações,Passeio,BICICLETA,Cascata,1,10,0,Público,Partilhado com Micromobilidade,,-9.09716093248709,38.7706216021857
15110,403,Avenida Conselheiro Fernando de Sousa,Campolide,Passeio,BICICLETA,Grelha,4,8,0,Público,Partilhado com Micromobilidade,,-9.16187653720903,38.7271751537032
15111,404,Avenida de Brasília,Belém,Passeio,HOTSPOT,Sheffield standard,2,9,0,Público,Partilhado com Micromobilidade,2019-06-08,-9.1905529103497,38.6963599982309
15112,405,Praça do Império,Belém,Passeio,HOTSPOT,Sheffield standard,2,9,0,Público,Partilhado com Micromobilidade,2019-06-08,-9.20594145537609,38.6950104802252
15113,406,Avenida de Brasília,Belém,Passeio,HOTSPOT,Sheffield standard,2,9,0,Público,Partilhado com Micromobilidade,2019-06-08,-9.21006982587015,38.6929462378722
15114,407,Avenida de Brasília,Belém,Passeio,HOTSPOT,Sheffield standard,2,9,0,Público,Partilhado com Micromobilidade,2019-06-08,-9.21381204831882,38.6935525442175
15115,408,"Avenida da Universidade Técnica, ISCSP",Ajuda,Passeio,BICICLETA,Sheffield standard,4,8,0,Público,Partilhado com Micromobilidade,,-9.19811471946031,38.7135660039844
15116,409,"Rua da Palma, 43",Santa Maria Maior,Passeio,BICICLETA,Sheffield standard,4,8,0,Público,Partilhado com Micromobilidade,2018-12-30,-9.13679571228447,38.7160730979528
15117,410,"Avenida 24 de Julho, Mercado",Misericórdia,Passeio,BICICLETA,Sheffield standard,6,12,0,Público,Partilhado com Micromobilidade,,-9.14582166335489,38.7065849672314
15118,412,Avenida 24 de Julho,Estrela,Passeio,BICICLETA,Sheffield standard,2,4,0,Público,Partilhado com Micromobilidade,2019-07-04,-9.15416623779706,38.7067886855975
15119,413,"Rua do Instituto Bacteriológico, 3A",Arroios,Passeio,BICICLETA,Sheffield standard,2,4,0,Público,Partilhado com Micromobilidade,,-9.13937434654824,38.7185247593242
15120,414,"Rua de Dona Estefânia, 8",Arroios,Passeio,BICICLETA,Sheffield standard,3,6,0,Privado,Interdito Micromobilidade,2018-11-21,-9.14020453446146,38.7290879970616
15121,415,"Rua Dr. Almeida Amaral, 26",Arroios,Passeio,BICICLETA,Sheffield standard,3,6,0,Público,Partilhado com Micromobilidade,,-9.14190424372537,38.7237620679678
15122,416,"Avenida de Roma, 42C",Alvalade,Passeio,BICICLETA,Sheffield standard,5,10,0,Público,Partilhado com Micromobilidade,2019-02-13,-9.14053697116358,38.7470190140254
15123,417,"Avenida de Roma, 50",Alvalade,Passeio,BICICLETA,Sheffield standard,3,6,0,Público,Partilhado com Micromobilidade,2019-02-13,-9.14096042892187,38.7477610575687
15124,418,"Praça de São Paulo, Igreja",Misericórdia,Via,BICICLETA,Sheffield standard,2,4,0,Público,Interdito Micromobilidade,2019-02-15,-9.1450477385048,38.7078467624876
15125,419,Largo dos Stephens,Misericórdia,Passeio,BICICLETA,Sheffield standard,3,6,0,Público,Interdito Micromobilidade,2019-02-15,-9.14391794063385,38.7079645697856
15126,420,"Avenida da Igreja, 61",Alvalade,Via,BICICLETA,Sheffield standard,2,4,0,Público,Partilhado com Micromobilidade,2019-03-28,-9.14828308372219,38.7516136103746
15127,421,"Avenida da Igreja, 57",Alvalade,Via,BICICLETA,Sheffield standard,2,4,0,Público,Partilhado com Micromobilidade,2019-03-28,-9.14757414405259,38.7518438048459
15128,422,"Avenida da Igreja, 53",Alvalade,Via,BICICLETA,Sheffield standard,2,4,0,Público,Partilhado com Micromobilidade,2019-03-28,-9.14693201794568,38.752063882522
15129,423,"Avenida da Igreja, 49",Alvalade,Via,BICICLETA,Sheffield standard,2,4,0,Público,Partilhado com Micromobilidade,2019-03-28,-9.14628954979507,38.7522601267348
15130,424,"Avenida da Igreja, 45",Alvalade,Via,BICICLETA,Sheffield standard,2,4,0,Público,Partilhado com Micromobilidade,2019-03-28,-9.14565938533254,38.752465792921
15131,425,"Avenida da Igreja, 41A",Alvalade,Via,BICICLETA,Sheffield standard,2,4,0,Público,Partilhado com Micromobilidade,2019-03-28,-9.14518679437972,38.7526224237532
15132,426,"Rua José Duro, 20A",Alvalade,Lugar estacionamento automóvel,HOTSPOT,Sheffield standard,6,17,0,Público,Partilhado com Micromobilidade,2019-04-06,-9.14071672067849,38.7543786967926
15133,427,"Avenida da Igreja, 40A",Alvalade,Lugar estacionamento automóvel,BICICLETA,Sheffield standard,4,8,0,Público,Partilhado com Micromobilidade,2019-04-06,-9.14475646668154,38.7529251919934
15134,428,"Avenida da Igreja, 18",Alvalade,Via,BICICLETA,Sheffield standard,2,4,0,Público,Partilhado com Micromobilidade,2019-04-05,-9.14128615220085,38.7540369512319
15135,429,"Rua Marquesa de Alorna, 20",Alvalade,Via,BICICLETA,Sheffield standard,2,4,0,Público,Partilhado com Micromobilidade,2019-03-18,-9.14294224064541,38.7536056856215
15136,430,"Rua Luís Augusto Palmeirim, 18",Alvalade,Via,BICICLETA,Sheffield standard,2,4,0,Público,Partilhado com Micromobilidade,2019-04-05,-9.14303214958511,38.7550537861659
15137,431,Travessa de Estêvão Pinto,Campolide,Passeio,BICICLETA,Sheffield standard,4,8,0,Privado,Interdito Micromobilidade,,-9.16172224172062,38.7331411458007
15138,432,Travessa de Estêvão Pinto,Campolide,Passeio,BICICLETA,Sheffield standard,4,8,0,Privado,Interdito Micromobilidade,,-9.16176283897775,38.733128871184
15139,433,Travessa de Estêvão Pinto,Campolide,Passeio,BICICLETA,Sheffield standard,5,10,0,Privado,Interdito Micromobilidade,,-9.16194017067665,38.7335868503812
15140,434,Travessa de Estêvão Pinto,Campolide,Passeio,BICICLETA,Sheffield standard,,,0,Privado,Interdito Micromobilidade,,-9.16214797829254,38.7335433113074
15141,435,Campus de Campolide,Campolide,Passeio,BICICLETA,Sheffield standard,4,8,0,Privado,Interdito Micromobilidade,,-9.16147785742731,38.7337239903961
15142,436,"Avenida de Berna, 26",Avenidas Novas,,BICICLETA,Sheffield standard,,,0,Privado,Interdito Micromobilidade,,-9.15101057111857,38.7401623779753
15143,437,"Avenida de Berna, 26",Avenidas Novas,,BICICLETA,Sheffield standard,,,0,Privado,Interdito Micromobilidade,,-9.15134832660714,38.740117486744
15144,438,"Avenida de Berna, 26",Avenidas Novas,,BICICLETA,Sheffield standard,,,0,Privado,Interdito Micromobilidade,,-9.1515490679155,38.7401958149295
15145,439,"Avenida de Berna, 26",Avenidas Novas,,BICICLETA,Sheffield standard,,,0,Privado,Interdito Micromobilidade,,-9.15210021487493,38.7400918605066
15146,440,"Avenida de Berna, 26",Avenidas Novas,,BICICLETA,Sheffield standard,,,0,Privado,Interdito Micromobilidade,,-9.15215665481679,38.7399521829012
15147,442,"Rua Câmara Reis, Piscina",Parque das Nações,Passeio,BICICLETA,Onda,1,5,0,Público,Partilhado com Micromobilidade,,-9.09975794602376,38.7715118131283
15148,443,"Avenida de Pádua, Cemitério",Olivais,Via,BICICLETA,Sheffield standard,8,16,0,Público,Partilhado com Micromobilidade,,-9.10806426431264,38.76348650283
15149,444,Rua Prof. Manuel Valadares,Lumiar,Passeio,BICICLETA,Sheffield standard,10,20,0,Público,Partilhado com Micromobilidade,,-9.16125678032034,38.7746944311492
15150,445,"Rua Alexandre Ferreira, 26",Lumiar,Via,BICICLETA,Sheffield standard,3,6,0,Público,Partilhado com Micromobilidade,,-9.16219763168951,38.775545911079
15151,446,Campo Pequeno,Avenidas Novas,Passeio,BICICLETA,Lisboa,3,6,0,Público,Partilhado com Micromobilidade,,-9.14422249877647,38.7424139054389
15152,447,"Avenida Óscar Monteiro Torres, 20A",Areeiro,Passeio,BICICLETA,Onda,1,5,0,Público,Partilhado com Micromobilidade,,-9.14264834688656,38.7428580712086
15153,448,"Campo Pequeno, Palácio Galveias",Avenidas Novas,Passeio,BICICLETA,Entorta rodas,1,5,0,Privado,Interdito Micromobilidade,,-9.14369089130278,38.7416060627055
15154,449,"Praça David Leandro da Silva, 24",Marvila,Lugar estacionamento automóvel,BICICLETA,Sheffield standard,2,4,0,Público,Partilhado com Micromobilidade,2019-11-12,-9.1023076045446,38.7425798853431
15155,450,"Rua do Beato, 40",Beato,Via,HOTSPOT,Sheffield standard,2,9,0,Público,Partilhado com Micromobilidade,2019-11-12,-9.10522303698519,38.7345571420714
15156,451,"Rua de Nossa Senhora do Amparo, 3A",Benfica,Via,BICICLETA,Sheffield standard,2,4,0,Público,Partilhado com Micromobilidade,2019-11-13,-9.2045303257869,38.7501549568551
15157,452,"Alameda dos Oceanos, 2.14.01",Parque das Nações,Passeio,HOTSPOT,Sheffield standard,2,9,0,Público,Partilhado com Micromobilidade,2019-11-14,-9.09534751020014,38.7715948202648
15158,453,"Alameda dos Oceanos, 2.14.01",Parque das Nações,Passeio,HOTSPOT,Sheffield standard,2,9,0,Público,Partilhado com Micromobilidade,2019-11-15,-9.09517736197577,38.7735445763798
15159,454,"Rua do Bojador, 16D",Parque das Nações,Via,HOTSPOT,Sheffield standard,2,9,0,Público,Partilhado com Micromobilidade,2019-11-14,-9.09243454210886,38.7742173886278
15160,455,Alameda dos Oceanos,Parque das Nações,Via,BICICLETA,Sheffield standard,2,4,0,Público,Partilhado com Micromobilidade,2019-11-18,-9.09469039942629,38.7776683167572
15161,456,"Avenida Padre Cruz, Instituto Ricardo Jorge",Lumiar,Passeio,BICICLETA,Sheffield standard,3,6,0,Público,Partilhado com Micromobilidade,2019-11-13,-9.16426079671928,38.7645125695423
15162,457,"Rua Jorge Ferreira de Vasconcelos, Escola",Alvalade,Passeio,BICICLETA,Sheffield standard,4,8,0,Privado,Interdito Micromobilidade,2019-10-25,-9.14430507393132,38.746598668036
15163,458,"Rua de Fernando Pedroso, Escola",Areeiro,Passeio,BICICLETA,Sheffield standard,4,8,0,Privado,Interdito Micromobilidade,2019-10-29,-9.1403289824635,38.7401994226873
15164,459,"Rua Caetano Alberto, Escola",Areeiro,Passeio,BICICLETA,Sheffield standard,11,22,0,Privado,Interdito Micromobilidade,2019-10-29,-9.13992944959789,38.7392490675319
15165,460,"Rua Jorge Ferreira de Vasconcelos, Escola",Alvalade,Passeio,BICICLETA,Sheffield standard,6,12,0,Público,Partilhado com Micromobilidade,2019-10-24,-9.14536302644147,38.7468588801569
15166,461,"Rua Dr. Júlio Dantas, Escola",Campolide,Via,BICICLETA,Sheffield standard,4,8,0,Privado,Interdito Micromobilidade,2019-10-28,-9.15879218497672,38.7346459297011
15167,462,"Rua Professor Mira Fernandes, Escola",Beato,Passeio,BICICLETA,Sheffield standard,5,10,0,Público,Partilhado com Micromobilidade,2019-11-11,-9.12120839397832,38.7394708373856
15168,463,"Rua Dr. Júlio Dantas, Escola",Campolide,Passeio,BICICLETA,Sheffield standard,3,6,0,Privado,Interdito Micromobilidade,2019-10-28,-9.1583872494197,38.7350776619164
15169,464,"Avenida Maria Helena Vieira da Silva, 39",Lumiar,Passeio,BICICLETA,Sheffield standard,5,10,0,Privado,Interdito Micromobilidade,2019-10-30,-9.15049730812269,38.7672423123205
15170,465,"Rua de Xabregas, 50",Beato,Lugar estacionamento automóvel,BICICLETA,Sheffield standard,2,4,0,Público,Partilhado com Micromobilidade,2019-11-23,-9.11118508075801,38.7267946168615
15171,466,"Alameda dos Oceanos, 2.14.01",Parque das Nações,Passeio,HOTSPOT,Sheffield standard,2,9,0,Público,Partilhado com Micromobilidade,2019-11-22,-9.09523345357144,38.7729613946933
15172,467,"Via do Oriente, 2H",Parque das Nações,Passeio,HOTSPOT,Sheffield standard,2,9,0,Público,Partilhado com Micromobilidade,2019-11-18,-9.09968802979728,38.7884038169709
15173,468,"Rua Cidade de Carmona, Escola",Olivais,Passeio,BICICLETA,Sheffield standard,5,10,0,Público,Partilhado com Micromobilidade,2019-12-18,-9.11650000168253,38.7663878127536
15174,469,"Passeio dos Heróis do Mar, 100",Parque das Nações,Passeio,HOTSPOT,Sheffield standard,2,9,0,Público,Partilhado com Micromobilidade,2019-11-19,-9.09775278629413,38.793085155474
15175,470,"Rua Braamcamp, 90",Santo António,Passeio,HOTSPOT,Sheffield standard,2,9,0,Público,Partilhado com Micromobilidade,2019-11-20,-9.15265587815522,38.7211563999308
15176,471,Campo Grande,Alvalade,Passeio,HOTSPOT,Sheffield standard,2,9,0,Público,Partilhado com Micromobilidade,2019-11-28,-9.1535609412876,38.7547843045821
15177,472,"Campo Grande, 37A",Alvalade,Passeio,HOTSPOT,Sheffield standard,2,9,0,Público,Partilhado com Micromobilidade,2019-11-28,-9.15019528497996,38.7501316856128
15178,473,Rua Alexandre Herculano,Santo António,Passeio,HOTSPOT,Sheffield standard,2,9,0,Público,Partilhado com Micromobilidade,2019-11-21,-9.15108270057232,38.7221027667506
15179,474,"Rua Castilho, 26",Santo António,Passeio,HOTSPOT,Sheffield standard,2,9,0,Público,Partilhado com Micromobilidade,2019-11-21,-9.15025081119708,38.721482833589
15180,475,"Rua Castilho, 22",Santo António,Passeio,HOTSPOT,Sheffield standard,2,9,0,Público,Partilhado com Micromobilidade,2019-11-21,-9.14976782811419,38.7209163662134
15181,476,"Rua Rodrigo da Fonseca, 15",Santo António,Passeio,HOTSPOT,Sheffield standard,2,9,0,Público,Partilhado com Micromobilidade,2019-11-23,-9.15122049752892,38.7205403396968
15182,477,"Rua Alexandre Herculano, 50B",Santo António,Passeio,BICICLETA,Sheffield standard,2,4,0,Público,Partilhado com Micromobilidade,2019-11-25,-9.15194472427855,38.7214944478511
15183,478,"Rua Alexandre Herculano, 46",Santo António,Passeio,BICICLETA,Sheffield estreito,3,6,0,Público,Partilhado com Micromobilidade,,-9.15109781281389,38.7219573571311
15184,479,"Praça das Casas Novas, Mercado",Olivais,Passeio,BICICLETA,Onda,1,5,0,Público,Partilhado com Micromobilidade,,-9.11322097012927,38.7716827562045
15185,480,"Rua da Escola Politécnica, 54",Santo António,Passeio,BICICLETA,Sheffield standard,4,8,0,Privado,Interdito Micromobilidade,,-9.15032744390665,38.7175148935874
15186,481,Rua Dr. João Couto,Benfica,Passeio,BICICLETA,Onda,2,10,0,Público,Partilhado com Micromobilidade,,-9.18874280287523,38.7517898055234
15187,483,"Rua José Domingos Barreiros, 1",Marvila,Lugar estacionamento automóvel,BICICLETA,Sheffield standard,4,8,0,Público,Partilhado com Micromobilidade,2019-11-11,-9.10372743873567,38.7374910830691
15188,485,"Alameda das Linhas de Torres, Mercado",Lumiar,Passeio,BICICLETA,Onda,1,5,0,Público,Partilhado com Micromobilidade,,-9.16218751364966,38.7735666547955
15189,488,"Rua João de Oliveira Miguens, 12",Estrela,Passeio,BICICLETA,Sheffield standard,3,6,0,Público,Partilhado com Micromobilidade,,-9.17415072349062,38.7048814042701
15190,490,Estrada da Serafina,Benfica,Passeio,BICICLETA,Sheffield estilizado,1,10,0,Público,Partilhado com Micromobilidade,,-9.17893687863397,38.7347659729644
15191,491,"Avenida Frei Miguel Contreiras, 53",Alvalade,Passeio,BICICLETA,Onda,1,5,0,Público,Partilhado com Micromobilidade,,-9.13848051798672,38.7457487072133
15193,493,"Campo Grande, 245",Alvalade,Passeio,BICICLETA,Sheffield standard,4,8,0,Público,Partilhado com Micromobilidade,,-9.15608897702776,38.758316489118
15194,494,"Avenida Professor Gama Pinto, Cantina",Alvalade,Passeio,BICICLETA,Onda,2,10,0,Público,Partilhado com Micromobilidade,,-9.15922830525033,38.7511826929709
15196,496,"Avenida Almirante Gago Coutinho, Estacionamento",Areeiro,Passeio,BICICLETA,Onda,2,10,0,Público,Partilhado com Micromobilidade,,-9.13260810156755,38.7440964472782
15197,497,Avenida do Rio de Janeiro,Alvalade,Passeio,BICICLETA,Sheffield estreito,3,6,0,Público,Partilhado com Micromobilidade,,-9.13759535676878,38.7516354362343
15198,498,"Avenida Afonso Costa, 41",Areeiro,Passeio,BICICLETA,Sheffield estreito,3,6,0,Público,Partilhado com Micromobilidade,,-9.12688884736034,38.7404206427947
15199,499,"Avenida Fontes Pereira de Melo, 38",Arroios,Passeio,BICICLETA,Sheffield standard,8,16,0,Público,Partilhado com Micromobilidade,,-9.14638591941638,38.7308267052519
15200,500,"Avenida do Colégio Militar, 29",Benfica,Passeio,BICICLETA,Sheffield estreito,4,8,0,Público,Partilhado com Micromobilidade,,-9.18987783921852,38.7519060352319
15202,502,Campo Pequeno,Avenidas Novas,Passeio,BICICLETA,Sheffield estreito,3,6,0,Público,Partilhado com Micromobilidade,,-9.14654378740432,38.7422238635303
15204,504,Praça do Duque de Saldanha,Arroios,Passeio,BICICLETA,Sheffield standard,7,14,0,Público,Partilhado com Micromobilidade,2018-11-30,-9.14471230282582,38.7332008997334
15205,505,"Avenida do Colégio Militar, 15",Benfica,Passeio,BICICLETA,Sheffield estreito,5,10,0,Público,Partilhado com Micromobilidade,,-9.19142108716581,38.7506692897404
15206,506,"Rua João Frederico Ludovice, Mercado",Benfica,Passeio,BICICLETA,Onda,1,5,0,Público,Partilhado com Micromobilidade,,-9.20618505322272,38.7509082368065
15207,507,Avenida de Brasília,Estrela,Passeio,BICICLETA,Sheffield estreito,6,12,0,Público,Partilhado com Micromobilidade,,-9.16922019925007,38.7025488172914
15208,508,Alameda dos Oceanos,Parque das Nações,Passeio,BICICLETA,Sheffield standard,1,6,1,Público,Interdito Micromobilidade,,-9.09571548896196,38.7627491860725
15209,509,Passeio de Neptuno,Parque das Nações,Passeio,BICICLETA,Cascata,1,6,0,Público,Partilhado com Micromobilidade,,-9.09274509711791,38.7625695851177
15210,510,"Rua do Fogo de Santelmo, 2.22.01",Parque das Nações,Passeio,BICICLETA,Sheffield standard,3,6,0,Público,Partilhado com Micromobilidade,,-9.09503231290661,38.7611803462277
15211,512,"Largo dos Arautos, 4",Parque das Nações,Passeio,BICICLETA,Sheffield standard,4,8,0,Público,Partilhado com Micromobilidade,,-9.09587850218265,38.7603243343022
15212,513,Avenida Fernando Pessoa ao Parque das Nações,Parque das Nações,Passeio,BICICLETA,Entorta rodas,1,5,0,Público,Partilhado com Micromobilidade,,-9.09752884649385,38.7583891388332
15213,515,"Alameda dos Oceanos, 15C",Parque das Nações,Passeio,BICICLETA,Cascata,1,8,0,Público,Partilhado com Micromobilidade,,-9.09682270793984,38.7568100720957
15214,516,Largo Frei Heitor Pinto,Alvalade,Passeio,BICICLETA,Sheffield estreito,3,6,0,Público,Partilhado com Micromobilidade,,-9.13800168009242,38.7549386445392
15215,517,Largo da Paz,Ajuda,Passeio,BICICLETA,Sheffield standard,4,8,0,Público,Partilhado com Micromobilidade,2018-06-04,-9.20044031668487,38.704431970899
15216,518,"Calçada da Ajuda, 202",Ajuda,Passeio,BICICLETA,Sheffield standard,3,6,0,Público,Partilhado com Micromobilidade,2018-06-04,-9.1993476279202,38.704258998856
15217,519,"Travessa da Boa-Hora à Ajuda, 35",Ajuda,Passeio,BICICLETA,Sheffield standard,4,8,0,Público,Partilhado com Micromobilidade,2018-06-04,-9.19668059051166,38.7034344008614
15218,520,Largo da Boa-Hora à Ajuda,Ajuda,Passeio,HOTSPOT,Sheffield standard,2,9,0,Público,Partilhado com Micromobilidade,2018-06-04,-9.19478072113551,38.7036308131529
15219,521,Rocha Conde de Óbidos,Estrela,Passeio,BICICLETA,Borboleta,2,10,0,Público,Partilhado com Micromobilidade,,-9.16186051955187,38.7029473558987
15220,522,"Avenida de Brasília, Edif 115",Estrela,Passeio,BICICLETA,Borboleta,1,5,0,Público,Partilhado com Micromobilidade,,-9.16155903813563,38.7029214107279
15221,524,"Campo Grande, 83",Alvalade,Passeio,BICICLETA,Grelha,1,5,0,Público,Partilhado com Micromobilidade,,-9.15071273047203,38.7509178384215
15222,525,"Campo Grande, 173",Alvalade,Passeio,BICICLETA,Sheffield standard,4,8,0,Público,Partilhado com Micromobilidade,,-9.1535644807315,38.7550537047627
15223,526,"Rua Dr. João Soares, 17",Alvalade,Passeio,BICICLETA,Onda,3,15,0,Público,Partilhado com Micromobilidade,,-9.15323378893579,38.7527805439742
15224,527,Metro Campo Grande,Lumiar,Passeio,BICICLETA,Grelha,1,6,1,Privado,Interdito Micromobilidade,,-9.15761585676239,38.7597419133655
15225,528,"Rua Marquês de Sá da Bandeira, 94",Avenidas Novas,Passeio,BICICLETA,Sheffield standard,3,6,0,Público,Partilhado com Micromobilidade,,-9.15257773703577,38.7373089758817
15226,529,"Avenida Conde de Valbom, 122",Avenidas Novas,Passeio,BICICLETA,Onda,2,10,0,Público,Partilhado com Micromobilidade,,-9.15227143785303,38.7379700392955
15227,531,"Avenida Elias Garcia, 169",Avenidas Novas,Lugar estacionamento automóvel,BICICLETA,Sheffield standard,3,6,0,Público,Partilhado com Micromobilidade,2018-08-11,-9.1513743479411,38.7384088476646
15228,532,"Avenida Elias Garcia, 137",Avenidas Novas,Lugar estacionamento automóvel,BICICLETA,Sheffield standard,4,8,0,Público,Partilhado com Micromobilidade,2018-08-11,-9.15015835664518,38.7386017690112
15229,533,"Avenida Visconde de Valmor, 60A",Avenidas Novas,Lugar estacionamento automóvel,BICICLETA,Sheffield standard,5,10,0,Público,Partilhado com Micromobilidade,2018-08-11,-9.14950842021233,38.7377267960984
15230,534,"Avenida Visconde de Valmor, 47B",Avenidas Novas,Lugar estacionamento automóvel,BICICLETA,Sheffield standard,4,8,0,Público,Partilhado com Micromobilidade,2018-08-11,-9.14822735024955,38.7378415508126
15231,535,"Avenida Visconde de Valmor, 42B",Avenidas Novas,Lugar estacionamento automóvel,BICICLETA,Sheffield standard,5,10,0,Público,Partilhado com Micromobilidade,2018-08-11,-9.1477537476251,38.7380494031088
15232,536,"Rua Tomás de Anunciação, 45",Campo de Ourique,Via,BICICLETA,Sheffield standard,3,6,0,Público,Partilhado com Micromobilidade,2018-08-03,-9.16562074696451,38.7175433206662
15233,537,"Rua Almeida e Sousa, 25",Campo de Ourique,Passeio,BICICLETA,Sheffield estreito,4,8,0,Privado,Interdito Micromobilidade,,-9.16501232920855,38.7175439308378
15234,538,"Avenida Engenheiro Duarte Pacheco, 26",Campolide,Passeio,BICICLETA,Sheffield standard,6,12,0,Público,Partilhado com Micromobilidade,2018-06-17,-9.16098377728275,38.7244165637786
15235,539,"Alameda dos Oceanos, 2.11.01",Parque das Nações,Passeio,BICICLETA,Entorta rodas,1,9,0,Público,Partilhado com Micromobilidade,,-9.09555496781521,38.7641256649147
15236,540,Jardim Mário Ruivo,Parque das Nações,Passeio,BICIPARQUE,Cacifo,0,6,1,Privado,Interdito Micromobilidade,,-9.09338360511785,38.7618324523583
15237,541,"Avenida Praia da Vitória, 16",Arroios,Lugar estacionamento automóvel,BICICLETA,Sheffield standard,5,10,0,Público,Partilhado com Micromobilidade,,-9.14289716084449,38.7340646310333
15238,542,Passeio do Parque,Parque das Nações,Passeio,BICICLETA,Cascata,1,8,0,Público,Partilhado com Micromobilidade,,-9.09404959123306,38.7850966102791
15239,641,"Avenida António José Almeida, IST",Areeiro,Lugar estacionamento automóvel,HOTSPOT,Sheffield standard,2,9,0,Público,Partilhado com Micromobilidade,2019-04-29,-9.13936163890893,38.7380827675994
15240,642,Calçada da Tapada,Alcântara,Passeio,BICICLETA,Sheffield standard,3,6,0,Público,Partilhado com Micromobilidade,2019-01-29,-9.18441234174488,38.7059593929788
15241,643,Praceta do Chinquilho,Alcântara,Passeio,BICICLETA,Sheffield standard,2,4,0,Público,Partilhado com Micromobilidade,2019-01-29,-9.19140767711291,38.7019341152916
15242,644,"Rua do Instituto Industrial, 7C",Misericórdia,Passeio,BICICLETA,Sheffield standard,4,8,0,Público,Partilhado com Micromobilidade,2019-02-20,-9.1505721018718,38.708117482847
15243,645,Passeio dos Heróis do Mar,Parque das Nações,Passeio,BICICLETA,Cascata,1,8,0,Público,Partilhado com Micromobilidade,,-9.09282115965619,38.7816137868863
15244,646,"Rua da Ilha dos Amores, Escola",Parque das Nações,Passeio,BICICLETA,Sheffield standard,14,28,0,Público,Partilhado com Micromobilidade,,-9.09302832376749,38.7782622607445
15245,647,Passeio do Tejo,Parque das Nações,Passeio,BICICLETA,Cascata,1,8,0,Público,Partilhado com Micromobilidade,,-9.09132094495227,38.777155080527
15246,649,Travessa do Açafrão,Parque das Nações,Passeio,BICICLETA,Cascata,1,4,0,Público,Partilhado com Micromobilidade,,-9.09197099682449,38.7734544088626
15247,650,"Rua Marquês do Soveral, Escola",Alvalade,Via,HOTSPOT,Sheffield standard,2,9,0,Público,Partilhado com Micromobilidade,2019-04-06,-9.13613929549207,38.7579418719342
15248,651,Travessa da Canela,Parque das Nações,Passeio,BICICLETA,Cascata,1,4,0,Público,Partilhado com Micromobilidade,,-9.09215237781086,38.7715521099422
15249,653,"Avenida D. João II, 49",Parque das Nações,Passeio,BICICLETA,Cascata,1,8,0,Público,Partilhado com Micromobilidade,,-9.09764024065835,38.7733348501789
15250,654,"Alameda dos Oceanos, 57",Parque das Nações,Passeio,BICICLETA,Cascata,1,8,0,Público,Partilhado com Micromobilidade,,-9.09590238878776,38.7701802518982
15251,655,Jardim Garcia de Orta ao Parque das Nações,Parque das Nações,Passeio,BICICLETA,Cascata,1,8,0,Público,Partilhado com Micromobilidade,,-9.09232931034806,38.7693977606629
15252,656,"Alameda dos Oceanos, 49",Parque das Nações,Passeio,BICICLETA,Sheffield standard,5,10,0,Público,Partilhado com Micromobilidade,,-9.09580350518974,38.7677829499674
15253,657,"Alameda dos Oceanos, 49",Parque das Nações,Passeio,BICICLETA,Sheffield standard,5,10,0,Público,Partilhado com Micromobilidade,,-9.09586372909032,38.7673378478562
15254,2540,Rua Cipriano Dourado,Lumiar,Lugar estacionamento automóvel,BICICLETA,Sheffield estreito,12,12,1,Privado,Interdito Micromobilidade,,-9.15750508198133,38.7597793903106
15255,2541,"Avenida de Berlim, 19",Olivais,Passeio,BICICLETA,Sheffield standard,8,16,0,Público,Partilhado com Micromobilidade,,-9.10644996312561,38.767680150711
15256,665,"Rua Lopes de Mendonça, Escola",Alvalade,Via,BICICLETA,Sheffield standard,2,4,0,Público,Partilhado com Micromobilidade,2022-06-01,-9.13780888408225,38.7562890116405
15258,667,"Rua Dr. João Soares, 15",Alvalade,Lugar estacionamento automóvel,HOTSPOT,Sheffield standard,2,9,0,Público,Partilhado com Micromobilidade,2019-08-01,-9.15302774099113,38.7528770089911
15259,668,"Rua Dr. João Soares, 15",Alvalade,Lugar estacionamento automóvel,BICICLETA,Sheffield standard,4,8,0,Público,Partilhado com Micromobilidade,2022-06-01,-9.15307876467803,38.7528562249721
15260,543,"Alameda dos Oceanos, 1.08.01",Parque das Nações,Passeio,BICICLETA,Sheffield standard,6,12,0,Público,Partilhado com Micromobilidade,,-9.09534646011957,38.7735539061758
15261,544,"Alameda dos Oceanos, 1.08.01",Parque das Nações,Passeio,BICICLETA,Sheffield standard,6,12,0,Público,Partilhado com Micromobilidade,,-9.09536916076836,38.7729781506777
15262,609,Praça do Marquês de Pombal,Santo António,Passeio,BICICLETA,Sheffield standard,4,8,0,Público,Partilhado com Micromobilidade,2019-04-15,-9.15024528761655,38.7245555549841
15263,610,Praça do Marquês de Pombal,Santo António,Passeio,BICICLETA,Sheffield standard,6,12,0,Público,Partilhado com Micromobilidade,2019-04-15,-9.1491211104119,38.725521049885
15264,611,Avenida Almirante Reis,Areeiro,Passeio,BICICLETA,Sheffield standard,5,10,0,Público,Partilhado com Micromobilidade,2019-04-15,-9.13351713591577,38.7372288817248
15265,612,"Avenida 5 de Outubro, 345",Avenidas Novas,Lugar estacionamento automóvel,HOTSPOT,Sheffield standard,2,9,0,Público,Partilhado com Micromobilidade,2019-04-17,-9.15042661501991,38.7477418758535
15266,613,"Avenida 5 de Outubro, 293",Avenidas Novas,Lugar estacionamento automóvel,HOTSPOT,Sheffield standard,2,9,0,Público,Partilhado com Micromobilidade,2019-04-17,-9.15004243334048,38.7468196200271
15267,614,"Avenida 5 de Outubro, 265A",Avenidas Novas,Lugar estacionamento automóvel,HOTSPOT,Sheffield standard,2,9,0,Público,Partilhado com Micromobilidade,2019-04-17,-9.1497413984639,38.7455397419485
15268,615,"Avenida Álvaro Pais, 2",Avenidas Novas,Lugar estacionamento automóvel,HOTSPOT,Sheffield standard,2,9,0,Público,Partilhado com Micromobilidade,2019-04-17,-9.14988321768539,38.7446523903986
15269,616,Rua Ivone Silva,Avenidas Novas,Lugar estacionamento automóvel,HOTSPOT,Sheffield standard,2,9,0,Público,Partilhado com Micromobilidade,2019-04-17,-9.15099303359009,38.7426996404886
15270,617,"Rua de Entrecampos, 66D",Alvalade,Lugar estacionamento automóvel,HOTSPOT,Sheffield standard,2,9,0,Público,Partilhado com Micromobilidade,2019-04-22,-9.14740456737634,38.7482334500363
15271,618,"Rua de Entrecampos, 19",Alvalade,Lugar estacionamento automóvel,HOTSPOT,Sheffield standard,2,9,0,Público,Partilhado com Micromobilidade,2019-04-22,-9.14621056059855,38.7458117040854
15272,619,"Rua Domingos Monteiro, 7B",Avenidas Novas,Lugar estacionamento automóvel,HOTSPOT,Sheffield standard,2,9,0,Público,Partilhado com Micromobilidade,2019-04-18,-9.14700844516807,38.7446740976231
15273,620,"Rua de Entrecampos, 9",Avenidas Novas,Lugar estacionamento automóvel,HOTSPOT,Sheffield standard,2,9,0,Público,Partilhado com Micromobilidade,2019-04-22,-9.14520772138255,38.744618243467
15274,621,Rua Chaby Pinheiro,Avenidas Novas,Lugar estacionamento automóvel,HOTSPOT,Sheffield standard,2,9,0,Público,Partilhado com Micromobilidade,2019-04-18,-9.14590479677227,38.7436135495649
15275,622,"Campo Pequeno, 17",Avenidas Novas,Lugar estacionamento automóvel,HOTSPOT,Sheffield standard,2,9,0,Público,Partilhado com Micromobilidade,2019-04-22,-9.14535476875825,38.7435827087878
15276,624,"Avenida 5 de Outubro, 186",Avenidas Novas,Lugar estacionamento automóvel,HOTSPOT,Sheffield standard,2,9,0,Público,Partilhado com Micromobilidade,2019-04-29,-9.14893984520143,38.742173332855
15277,625,"Rua Laura Alves, 12A",Avenidas Novas,Lugar estacionamento automóvel,HOTSPOT,Sheffield standard,2,9,0,Público,Partilhado com Micromobilidade,2019-04-25,-9.15011688805888,38.7408771545416
15278,627,"Avenida Barbosa du Bocage, 117",Avenidas Novas,Lugar estacionamento automóvel,HOTSPOT,Sheffield standard,2,9,0,Público,Partilhado com Micromobilidade,2019-04-29,-9.14984216982357,38.7397183451073
15279,628,"Avenida Barbosa du Bocage, 120",Avenidas Novas,Lugar estacionamento automóvel,HOTSPOT,Sheffield standard,2,9,0,Público,Partilhado com Micromobilidade,2019-04-29,-9.1487607604066,38.7399663992566
15280,629,"Avenida Barbosa du Bocage, 67",Avenidas Novas,Lugar estacionamento automóvel,HOTSPOT,Sheffield standard,2,9,0,Público,Partilhado com Micromobilidade,2019-04-29,-9.14747778137143,38.7400842413805
15281,630,"Avenida Elias Garcia, 84",Avenidas Novas,Lugar estacionamento automóvel,HOTSPOT,Sheffield standard,2,9,0,Público,Partilhado com Micromobilidade,2019-04-29,-9.14781341899469,38.7391294358759
15282,633,"Avenida Conde de Valbom, 61",Avenidas Novas,Lugar estacionamento automóvel,HOTSPOT,Sheffield standard,2,9,0,Público,Partilhado com Micromobilidade,2019-04-29,-9.15085037868606,38.7368627559524
15283,876,"Avenida 24 de Julho, 102",Estrela,Passeio,BICICLETA,Sheffield standard,2,4,0,Público,Partilhado com Micromobilidade,2020-08-13,-9.16132680684294,38.7041459222298
15284,877,"Avenida 24 de Julho, 140C",Estrela,Lugar estacionamento automóvel,HOTSPOT,Sheffield standard,4,13,0,Público,Partilhado com Micromobilidade,2020-08-13,-9.16697063385809,38.703721911712
15285,879,"Avenida D. João II, 1.15.01",Parque das Nações,Lugar estacionamento automóvel,BICICLETA,Car Bike Port,5,10,0,Público,Partilhado com Micromobilidade,2020-08-28,-9.09806055402959,38.7676577965347
15286,880,"Rua dos Anjos, 86",Arroios,Lugar estacionamento automóvel,BICICLETA,Sheffield standard,4,8,0,Público,Partilhado com Micromobilidade,2020-09-01,-9.13625484026431,38.7261490386735
15287,881,"Rua Rebelo da Silva, 9",Arroios,Lugar estacionamento automóvel,HOTSPOT,Sheffield standard,4,9,0,Público,Partilhado com Micromobilidade,2020-09-01,-9.13826403660285,38.7316883900196
15288,882,"Rua António Pedro, 38",Arroios,Lugar estacionamento automóvel,HOTSPOT,Sheffield standard,2,9,0,Público,Partilhado com Micromobilidade,2020-09-01,-9.13525816988208,38.7314228090968
15289,883,"Rua Passos Manuel, 108A",Arroios,Lugar estacionamento automóvel,HOTSPOT,Sheffield standard,4,13,0,Público,Partilhado com Micromobilidade,2020-09-01,-9.13686386841678,38.7304052602126
15290,884,"Rua Passos Manuel, 64A",Arroios,Lugar estacionamento automóvel,BICICLETA,Sheffield standard,4,8,0,Público,Partilhado com Micromobilidade,2020-09-01,-9.13681701245897,38.7286582371115
15291,885,"Rua Passos Manuel, 2A",Arroios,Lugar estacionamento automóvel,HOTSPOT,Sheffield standard,2,9,0,Público,Partilhado com Micromobilidade,2020-09-01,-9.1367768600768,38.7271609586041
15292,886,"Rua José Estevão, 35",Arroios,Lugar estacionamento automóvel,HOTSPOT,Sheffield standard,2,9,0,Público,Partilhado com Micromobilidade,2020-09-01,-9.13761380296958,38.7287487160227
15293,887,"Rua Bernardim Ribeiro, 16",Arroios,Lugar estacionamento automóvel,BICICLETA,Sheffield standard,2,4,0,Público,Partilhado com Micromobilidade,2022-06-01,-9.14254742523796,38.7270239408901
15294,888,"Rua Bernardim Ribeiro, 28",Santo António,Lugar estacionamento automóvel,BICICLETA,Sheffield standard,2,4,0,Público,Partilhado com Micromobilidade,2022-06-01,-9.14345351646061,38.7263578139373
15295,889,"Rua José Estêvão, 117B",Arroios,Lugar estacionamento automóvel,BICICLETA,Sheffield standard,4,8,0,Público,Partilhado com Micromobilidade,2020-09-01,-9.13765843887136,38.7304387992258
15296,890,"Rua Alexandre Braga, 20",Arroios,Lugar estacionamento automóvel,HOTSPOT,Sheffield standard,4,9,0,Público,Partilhado com Micromobilidade,2020-09-01,-9.13958601234828,38.730752958278
15297,891,"Rua General Garcia Rosado, 2",Arroios,Lugar estacionamento automóvel,HOTSPOT,Sheffield standard,2,9,0,Público,Partilhado com Micromobilidade,2020-09-01,-9.14052526466206,38.7292749959551
15298,892,"Campo dos Mártires da Pátria, 50",Arroios,Lugar estacionamento automóvel,HOTSPOT,Sheffield standard,2,9,0,Público,Partilhado com Micromobilidade,2020-09-01,-9.14038313281548,38.7221625607799
15299,893,"Campo dos Mártires da Pátria, 117",Arroios,Lugar estacionamento automóvel,HOTSPOT,Sheffield standard,2,9,0,Público,Partilhado com Micromobilidade,2020-09-01,-9.13943278885735,38.7225136164045
15300,1220,"Rua do Grilo, 129",Beato,Lugar estacionamento automóvel,HOTSPOT,Sheffield standard,2,9,0,Público,Partilhado com Micromobilidade,2020-10-26,-9.10782032315048,38.7303320399389
15301,1221,"Estrada de Benfica, 535",Benfica,Lugar estacionamento automóvel,BICICLETA,Sheffield standard,4,8,0,Público,Partilhado com Micromobilidade,2020-10-26,-9.19447286007573,38.7497471182229
15302,1222,"Estrada de Benfica, 537",Benfica,Lugar estacionamento automóvel,HOTSPOT,Sheffield standard,2,9,0,Público,Partilhado com Micromobilidade,2020-10-26,-9.19594981833825,38.750010145571
15303,1223,Rua Afonso Lopes Vieira,Alvalade,Via,HOTSPOT,Sheffield standard,2,9,0,Público,Partilhado com Micromobilidade,2020-10-09,-9.14930160588791,38.7547207254743
15304,1224,"Alameda Padre Álvaro Proença, 2A",Benfica,Lugar estacionamento automóvel,HOTSPOT,Sheffield standard,2,9,0,Público,Partilhado com Micromobilidade,2020-10-26,-9.20148460839325,38.7489615135345
15305,1225,"Rua Laura Ayres, 4",Carnide,Lugar estacionamento automóvel,HOTSPOT,Sheffield standard,2,9,0,Público,Partilhado com Micromobilidade,2020-10-26,-9.18342567651872,38.7650774233124
15307,1227,"Avenida Professor Aníbal de Bettencourt, ISCTE (Edifício II)",Alvalade,Passeio,BICICLETA,Cascata,2,20,0,Público,Partilhado com Micromobilidade,,-9.15316866845856,38.7495976901585
15309,1231,"Praça de Goa, 3-3B",Belém,Passeio,BICICLETA,Sheffield standard,6,12,0,Privado,Interdito Micromobilidade,2020-11-26,-9.21797885957895,38.7012868752787
15310,1232,"Avenida Infante Dom Henrique, 319",Marvila,Passeio,BICICLETA,Sheffield estilizado,4,8,0,Público,Partilhado com Micromobilidade,,-9.10342966708339,38.755624409277
15311,2319,Avenida Dr. Francisco Luís Gomes,Olivais,Passeio,HOTSPOT,Desconhecido,0,10,0,Público,Dedicado Micromobilidade,2023-10-23,-9.10581558304927,38.7728901122336
15312,2320,Rua Alferes Santos Sasso,Olivais,Passeio,HOTSPOT,Desconhecido,0,10,0,Público,Dedicado Micromobilidade,2023-10-23,-9.11159253594994,38.7696339192754
15313,2539,Rua Mário Sampaio Ribeiro,Lumiar,Passeio,BICICLETA,Sheffield standard,4,8,0,Privado,Interdito Micromobilidade,2025-01-09,-9.16158239897803,38.7688128601057
15314,1233,"Avenida Infante Dom Henrique, Lote 17-18",Olivais,Via,BICICLETA,Entorta rodas,6,6,0,Privado,Interdito Micromobilidade,,-9.10407800073217,38.7568494203541
15315,1234,Campus de Benfica do Instituto Politécnico de Lisboa,Benfica,Passeio,BICICLETA,Entorta rodas,1,5,0,Privado,Interdito Micromobilidade,,-9.19568000951826,38.7465933169089
15316,1235,Eixo Central,Lumiar,Passeio,BICICLETA,Onda,2,10,0,Público,Partilhado com Micromobilidade,2013-05-18,-9.14903661459934,38.768634207573
15317,1236,Eixo Central,Lumiar,Passeio,BICICLETA,Onda,2,10,0,Público,Partilhado com Micromobilidade,2013-05-18,-9.14903044401696,38.7684674286196
15318,1237,"Rua João Saraiva, 24",Alvalade,Lugar estacionamento automóvel,HOTSPOT,Sheffield standard,2,9,0,Público,Partilhado com Micromobilidade,2020-07-24,-9.14238469176164,38.7567107915665
15319,1238,"Avenida Maria Helena Vieira da Silva, 39",Lumiar,Passeio,BICICLETA,Sheffield standard,4,8,0,Público,Partilhado com Micromobilidade,2020-09-09,-9.15041395170168,38.7671820263025
15320,1239,Rua de Moscavide ao Parque das Nações,Parque das Nações,Lugar estacionamento automóvel,HOTSPOT,Sheffield standard,2,9,0,Público,Partilhado com Micromobilidade,2020-10-26,-9.09808729118886,38.7780992632454
15321,1240,"Rua Hermínio da Palma Inácio, Lote 29.02",Santa Clara,Passeio,BICICLETA,Entorta rodas,1,6,1,Privado,Interdito Micromobilidade,,-9.14583984855901,38.7885618639096
15322,1241,"Rua Princípe do Mónaco, Escola",Parque das Nações,Passeio,BICICLETA,Cascata,1,8,0,Privado,Interdito Micromobilidade,,-9.09719098567925,38.7857400345288
15323,1242,"Rua Conselheiro Emídio Navarro, ISEL",Marvila,Passeio,BICICLETA,Cascata,4,8,0,Privado,Interdito Micromobilidade,,-9.11673591523333,38.7569311445362
15324,1243,"Rua Conselheiro Emídio Navarro, ISEL",Marvila,Passeio,BICICLETA,Entorta rodas,2,10,1,Privado,Interdito Micromobilidade,,-9.11762667151091,38.7570294641749
15325,1244,"Avenida António Augusto de Aguiar, 167",Avenidas Novas,Lugar estacionamento automóvel,BICICLETA,Sheffield standard,5,10,0,Público,Partilhado com Micromobilidade,,-9.15506609060789,38.7355453931763
15326,1245,Avenida Columbano Bordalo Pinheiro,Campolide,Passeio,BICICLETA,Sheffield standard,12,24,0,Público,Partilhado com Micromobilidade,2020-12-11,-9.15974053130815,38.7379426032067
15327,634,"Avenida Marquês de Tomar, 56",Avenidas Novas,Lugar estacionamento automóvel,HOTSPOT,Sheffield standard,2,9,0,Público,Partilhado com Micromobilidade,2019-04-29,-9.14938113913443,38.73689617119
15328,636,"Avenida da República, 44",Avenidas Novas,Lugar estacionamento automóvel,HOTSPOT,Sheffield standard,2,9,0,Público,Partilhado com Micromobilidade,2019-04-29,-9.14596253835786,38.7391127095131
15329,637,"Avenida da República, 36",Avenidas Novas,Lugar estacionamento automóvel,HOTSPOT,Sheffield standard,2,9,0,Público,Partilhado com Micromobilidade,2019-04-29,-9.14570263519409,38.7380425633608
15330,638,"Avenida da República, 28A",Avenidas Novas,Lugar estacionamento automóvel,HOTSPOT,Sheffield standard,2,9,0,Público,Partilhado com Micromobilidade,2019-04-29,-9.14546113401693,38.7370590404739
15331,639,"Avenida da República, 56D",Avenidas Novas,Lugar estacionamento automóvel,HOTSPOT,Sheffield standard,2,9,0,Público,Partilhado com Micromobilidade,2019-04-29,-9.14632636551192,38.7410911474263
15332,640,"Avenida dos Defensores de Chaves, 99",Avenidas Novas,Lugar estacionamento automóvel,HOTSPOT,Sheffield standard,2,9,0,Público,Partilhado com Micromobilidade,2019-04-29,-9.14490376983386,38.7413538808741
15333,545,"Alameda dos Oceanos, 2.14.01",Parque das Nações,Passeio,BICICLETA,Cascata,1,10,0,Público,Partilhado com Micromobilidade,,-9.09547680484542,38.7715877951249
15334,546,Alameda dos Oceanos,Parque das Nações,Passeio,BICICLETA,Sheffield standard,5,10,0,Público,Partilhado com Micromobilidade,,-9.09605528863687,38.7624816806024
15335,548,"Rua Bernardo Lima, 35B",Santo António,Via,BICICLETA,Sheffield standard,3,12,0,Público,Partilhado com Micromobilidade,,-9.14515049001126,38.727316838063
15336,552,"Avenida Guerra Junqueiro, 13",Areeiro,Via,BICICLETA,Sheffield standard,3,6,0,Público,Partilhado com Micromobilidade,2018-04-10,-9.13559239610235,38.738809526858
15337,553,"Avenida Guerra Junqueiro, 24",Areeiro,Via,BICICLETA,Sheffield standard,3,6,0,Público,Partilhado com Micromobilidade,2018-04-10,-9.13596185412549,38.7392921756378
15338,554,"Avenida Guerra Junqueiro, 26",Areeiro,Via,BICICLETA,Sheffield standard,3,6,0,Público,Partilhado com Micromobilidade,2018-04-10,-9.13611219346146,38.7394475314011
15339,555,"Avenida Guerra Junqueiro, 23D",Areeiro,Passeio,BICICLETA,Sheffield estreito,3,6,0,Público,Partilhado com Micromobilidade,,-9.13656749569261,38.7397501816897
15340,556,"Avenida Rovisco Pais, 20",Areeiro,Passeio,BICICLETA,Onda,1,5,0,Público,Partilhado com Micromobilidade,,-9.13857837449006,38.73534335465
15341,558,"Campo Grande, 376",Alvalade,Passeio,BICICLETA,Sheffield estreito,5,10,0,Público,Partilhado com Micromobilidade,,-9.15332175464536,38.7578363495601
15342,559,Campo Grande,Alvalade,Passeio,BICICLETA,Entorta rodas,2,35,0,Privado,Interdito Micromobilidade,,-9.15083947361777,38.7525119667953
15343,560,"Avenida Duque d' Ávila, 42",Avenidas Novas,Passeio,BICICLETA,Onda,1,5,0,Público,Partilhado com Micromobilidade,,-9.14653977874514,38.7351373288166
15344,561,"Avenida Duque d' Ávila, 56",Avenidas Novas,Passeio,BICICLETA,Onda,1,5,0,Público,Partilhado com Micromobilidade,,-9.14791400209679,38.7350982202501
15345,2089,"Rua Alfredo da Silva, 12",Ajuda,Passeio,HOTSPOT,Desconhecido,0,10,0,Público,Dedicado Micromobilidade,2023-04-17,-9.1943793136731,38.7017455119808
15346,2090,"Rua do Meio à Ajuda, 30",Ajuda,Passeio,HOTSPOT,Desconhecido,0,10,0,Público,Dedicado Micromobilidade,2023-04-17,-9.20036649268087,38.705537760233
15347,562,"Avenida Duque d' Ávila, 30",Avenidas Novas,Passeio,BICICLETA,Onda,1,5,0,Público,Partilhado com Micromobilidade,,-9.14441260091551,38.7351879550994
15348,563,Avenida Duque d' Ávila,Avenidas Novas,Passeio,BICICLETA,Sheffield estreito,3,6,0,Público,Partilhado com Micromobilidade,,-9.1425874780394,38.7353393582937
15349,564,"Avenida Rovisco Pais, 4",Areeiro,Passeio,BICICLETA,Onda,1,5,0,Público,Partilhado com Micromobilidade,,-9.13955980062211,38.7353399199272
15350,565,Rua Febo Moniz,Arroios,Passeio,BICICLETA,Sheffield estreito,3,6,0,Público,Partilhado com Micromobilidade,,-9.13518520272389,38.7264332911207
15351,566,"Rua dos Anjos, 63",Arroios,Passeio,BICICLETA,Sheffield standard,3,6,0,Público,Partilhado com Micromobilidade,,-9.13613196183266,38.7248658116017
15352,567,"Largo do Intendente Pina Manique, 36",Arroios,Passeio,BICICLETA,Sheffield standard,3,6,0,Público,Partilhado com Micromobilidade,,-9.13478260827191,38.7211376692546
15353,568,Rua António Pedro,Arroios,Passeio,BICICLETA,Sheffield standard,3,6,0,Público,Partilhado com Micromobilidade,,-9.13517211221128,38.7337599597323
15354,569,"Rua dos Heróis de Quionga, 17",Arroios,Passeio,BICICLETA,Sheffield standard,2,4,0,Público,Partilhado com Micromobilidade,,-9.13268609323361,38.7311417447034
15355,570,"Rua Maria, 73",Arroios,Via,BICICLETA,Sheffield standard,3,6,0,Público,Partilhado com Micromobilidade,,-9.13315390841366,38.7248166774383
15356,571,"Rua Maria, 38",Arroios,Passeio,BICICLETA,Sheffield standard,2,4,0,Público,Partilhado com Micromobilidade,,-9.13321263761271,38.7232679379038
15357,572,"Rua Angelina Vidal, 73",Arroios,Passeio,BICICLETA,Sheffield standard,1,2,0,Privado,Interdito Micromobilidade,,-9.13185057832831,38.7235349130756
15358,574,Praça do Império,Belém,Passeio,HOTSPOT,Sheffield standard,4,9,0,Público,Partilhado com Micromobilidade,2018-10-03,-9.20724600791226,38.6956903769009
15359,575,Avenida de Brasília,Belém,Via,HOTSPOT,Sheffield standard,4,13,0,Público,Partilhado com Micromobilidade,2018-01-28,-9.18782068266892,38.6968206206878
15360,576,"Praça do Duque da Terceira, 2",Misericórdia,Passeio,HOTSPOT,Sheffield standard,2,9,0,Público,Partilhado com Micromobilidade,2019-02-15,-9.14382212144827,38.7066267634454
15361,577,Cais do Sodré,Misericórdia,Passeio,HOTSPOT,Sheffield standard,2,9,0,Público,Partilhado com Micromobilidade,2019-02-15,-9.14365608651113,38.7053050797073
15362,578,Cais do Sodré,Misericórdia,Passeio,HOTSPOT,Sheffield standard,2,9,0,Público,Partilhado com Micromobilidade,2019-02-15,-9.14347649634935,38.705309071988
15363,580,"Avenida Almirante Reis, 19D",Arroios,Lugar estacionamento automóvel,BICICLETA,Sheffield standard,3,6,0,Público,Partilhado com Micromobilidade,2019-01-07,-9.13543170796967,38.7219677561999
15364,581,Rua Febo Moniz,Arroios,Passeio,HOTSPOT,Sheffield standard,6,17,0,Público,Partilhado com Micromobilidade,2019-01-30,-9.13525069848622,38.7264841087913
15365,582,"Avenida da República, 11",Avenidas Novas,Passeio,HOTSPOT,Sheffield standard,2,9,0,Público,Partilhado com Micromobilidade,2019-02-12,-9.14534918172103,38.7350301876722
15366,585,"Avenida António Serpa, 1",Avenidas Novas,Passeio,BICICLETA,Sheffield standard,2,4,0,Público,Partilhado com Micromobilidade,2019-02-13,-9.14759493159974,38.743189544193
15367,586,"Avenida António Serpa, 1",Avenidas Novas,Passeio,HOTSPOT,Sheffield standard,2,9,0,Público,Partilhado com Micromobilidade,2019-02-13,-9.14751587460868,38.7432117797673
15368,587,Avenida Duque d' Ávila,Avenidas Novas,Passeio,HOTSPOT,Sheffield standard,2,9,0,Público,Partilhado com Micromobilidade,2019-02-13,-9.14278288478225,38.7353456002638
15369,588,"Avenida de Roma, 6D",Areeiro,Passeio,HOTSPOT,Sheffield standard,2,9,0,Público,Partilhado com Micromobilidade,2019-02-13,-9.13803926819516,38.7422465790022
15370,589,"Avenida de Roma, 58",Alvalade,Passeio,HOTSPOT,Sheffield standard,2,9,0,Público,Partilhado com Micromobilidade,2019-02-13,-9.1414153029511,38.7486482464376
15371,590,"Praça de Alvalade, 12",Alvalade,Passeio,HOTSPOT,Sheffield standard,2,9,0,Público,Partilhado com Micromobilidade,2019-02-13,-9.14382272118646,38.7535321872188
15372,591,Campo Pequeno,Avenidas Novas,Passeio,BICICLETA,Sheffield estreito,3,6,0,Público,Partilhado com Micromobilidade,,-9.14514763648344,38.7434472742011
15373,596,"Avenida 5 de Outubro, 20",Avenidas Novas,Lugar estacionamento automóvel,HOTSPOT,Sheffield standard,2,9,0,Público,Partilhado com Micromobilidade,2019-05-10,-9.1469818945892,38.7342858785313
15374,597,"Rua Filipe Folque, 32",Avenidas Novas,Lugar estacionamento automóvel,HOTSPOT,Sheffield standard,2,9,0,Público,Partilhado com Micromobilidade,2019-05-10,-9.14854211682834,38.7337926658794
15375,598,"Rua Jau, Escola",Alcântara,Passeio,BICICLETA,Sheffield standard,3,6,0,Público,Partilhado com Micromobilidade,2019-01-29,-9.18832348995271,38.7023058522357
15376,599,"Avenida de Brasília, Museu",Estrela,Via,BICICLETA,Borboleta,1,6,0,Público,Partilhado com Micromobilidade,,-9.17140338978683,38.7029550725218
15377,602,"Avenida Duque d'Ávila, 2C",Areeiro,Passeio,BICICLETA,Onda,1,5,0,Público,Partilhado com Micromobilidade,,-9.14097032584614,38.7352796713823
15378,603,"Rua António Enes, 23",Avenidas Novas,Passeio,BICICLETA,Onda,1,4,0,Público,Partilhado com Micromobilidade,,-9.14942998462814,38.7348131621281
15379,604,"Rua Tomás Ribeiro, 47D",Avenidas Novas,Passeio,BICICLETA,Sheffield standard,2,4,0,Público,Partilhado com Micromobilidade,2019-04-30,-9.1470713004271,38.7308886393231
15380,605,"Rua de Dona Estefânia, 157",Arroios,Passeio,BICICLETA,Sheffield standard,3,6,0,Público,Partilhado com Micromobilidade,,-9.14102203315449,38.7327900462481
15381,606,Rua Alferes Malheiro,Alvalade,Lugar estacionamento automóvel,HOTSPOT,Sheffield standard,2,9,0,Público,Partilhado com Micromobilidade,2019-04-09,-9.13467792848621,38.7583765056332
15382,673,Campus de Campolide,Campolide,Passeio,BICICLETA,Sheffield standard,5,10,0,Privado,Interdito Micromobilidade,,-9.1613748455879,38.7328677413898
15383,1064,"Avenida do Rio de Janeiro, 66",Alvalade,Passeio,BICICLETA,Sheffield standard,2,4,0,Público,Partilhado com Micromobilidade,2020-09-17,-9.14060177873944,38.7578999728445
15384,1065,"Rua João Saraiva, 1",Alvalade,Passeio,HOTSPOT,Sheffield standard,2,9,0,Público,Partilhado com Micromobilidade,2020-09-17,-9.14068615180885,38.7571365891311
15385,1066,Rua Cordeiro Ferreira,Lumiar,Passeio,HOTSPOT,Sheffield standard,2,9,0,Público,Partilhado com Micromobilidade,2020-09-17,-9.1600857817437,38.7726585279147
15386,1067,"Rua da República do Paraguai, 24",Lumiar,Passeio,BICICLETA,Sheffield standard,3,6,0,Público,Partilhado com Micromobilidade,2020-09-17,-9.16047369054757,38.7734769880168
15387,1068,"Avenida David Mourão-Ferreira, 62D",Lumiar,Passeio,HOTSPOT,Sheffield standard,2,9,0,Público,Partilhado com Micromobilidade,2020-09-17,-9.15572934343294,38.7746690657902
15388,1069,"Rua Helena Vaz da Silva, 20A",Lumiar,Passeio,BICICLETA,Sheffield standard,2,4,0,Público,Partilhado com Micromobilidade,2020-09-17,-9.15245224521419,38.7744613894142
15389,1070,"Rua Helena Vaz da Silva, 14",Lumiar,Passeio,BICICLETA,Sheffield standard,2,4,0,Público,Partilhado com Micromobilidade,2020-09-17,-9.15294054391359,38.7732728675491
15390,1071,"Rua Helena Vaz da Silva, 2A",Lumiar,Passeio,BICICLETA,Sheffield standard,2,4,0,Público,Partilhado com Micromobilidade,2020-09-17,-9.15348301138347,38.7719239506619
15391,1072,"Alameda das Linhas de Torres, 199",Lumiar,Passeio,HOTSPOT,Sheffield standard,2,9,0,Público,Partilhado com Micromobilidade,2020-09-17,-9.1598804348485,38.7700330164298
15392,1073,"Rua Silva Tavares, 7A",Lumiar,Passeio,BICICLETA,Sheffield standard,2,4,0,Público,Partilhado com Micromobilidade,2020-09-17,-9.15739164665434,38.7682971436979
15393,1074,"Alameda das Linhas de Torres, 149B",Lumiar,Passeio,BICICLETA,Sheffield standard,2,4,0,Público,Partilhado com Micromobilidade,2020-09-17,-9.15804856068387,38.7669765133394
15394,1075,Rua Francisco Stromp,Lumiar,Passeio,BICICLETA,Sheffield standard,4,8,0,Público,Partilhado com Micromobilidade,2020-09-17,-9.15793260535391,38.7634973265832
15395,1076,"Rua Fernando Curado Ribeiro, 4G",Lumiar,Passeio,BICICLETA,Sheffield standard,4,8,0,Público,Partilhado com Micromobilidade,2020-09-17,-9.1566179880412,38.7607828459578
15397,1078,"Rua Alexandre Herculano, 2A",Santo António,Passeio,BICICLETA,Sheffield standard,4,8,0,Público,Partilhado com Micromobilidade,2020-09-17,-9.14622624558765,38.7246792965555
15398,1079,"Rua Alexandre Herculano, 33A",Santo António,Passeio,BICICLETA,Sheffield standard,2,4,0,Público,Partilhado com Micromobilidade,2020-09-17,-9.15059235001995,38.7220103837253
15399,1080,"Rua Castilho, 15A",Santo António,Passeio,HOTSPOT,Sheffield standard,2,9,0,Público,Partilhado com Micromobilidade,2020-09-17,-9.15044847945387,38.7214077526263
15400,1081,"Rua Castilho, 5",Santo António,Passeio,HOTSPOT,Sheffield standard,2,9,0,Público,Partilhado com Micromobilidade,2020-09-17,-9.14963603224445,38.7204800458143
15401,1082,"Rua Rodrigo da Fonseca, 2",Santo António,Passeio,HOTSPOT,Sheffield standard,2,9,0,Público,Partilhado com Micromobilidade,2020-09-17,-9.15044982418843,38.7198927960183
15402,1083,"Rua Rodrigo da Fonseca, 24",Santo António,Passeio,BICICLETA,Sheffield standard,2,4,0,Público,Partilhado com Micromobilidade,2020-09-17,-9.15225046979461,38.7219287177502
15403,1084,"Rua Braamcamp, 11",Santo António,Passeio,BICICLETA,Sheffield standard,3,6,0,Público,Partilhado com Micromobilidade,2020-09-17,-9.15158574592073,38.7225508398456
15404,1085,"Rua de São Bento, 47",Misericórdia,Via,BICICLETA,Sheffield standard,3,6,0,Público,Interdito Micromobilidade,2020-09-17,-9.15267173755658,38.7111175284384
15405,1086,"Rua de São Bento, 30",Misericórdia,Via,BICICLETA,Sheffield standard,2,4,0,Público,Interdito Micromobilidade,2020-09-17,-9.15258910842392,38.71047604525
15406,1087,"Rua Braamcamp, 18",Santo António,Passeio,BICICLETA,Sheffield standard,2,4,0,Público,Partilhado com Micromobilidade,2020-09-17,-9.15125948067489,38.7234766207754
15407,1088,"Rua Duque de Palmela, 11B",Santo António,Passeio,HOTSPOT,Sheffield standard,2,9,0,Público,Partilhado com Micromobilidade,2020-09-17,-9.14976037978258,38.7231179744571
15408,1089,"Rua Alexandre Herculano, 14",Santo António,Passeio,HOTSPOT,Sheffield standard,2,9,0,Público,Partilhado com Micromobilidade,2020-09-17,-9.14889227923416,38.7231248422038
15409,1090,"Rua Mouzinho da Silveira, 34C",Santo António,Passeio,HOTSPOT,Sheffield standard,2,9,0,Público,Partilhado com Micromobilidade,2020-09-17,-9.15080162415357,38.7233784870197
15410,1091,"Rua Mouzinho da Silveira, 3B",Santo António,Passeio,HOTSPOT,Sheffield standard,2,9,0,Público,Partilhado com Micromobilidade,2020-09-17,-9.14942922804972,38.7216000955222
15411,1092,"Rua Barata Salgueiro, 33",Santo António,Passeio,BICICLETA,Sheffield standard,2,4,0,Público,Partilhado com Micromobilidade,2020-09-17,-9.14857010594232,38.7211519572438
15412,1093,"Rua Rosa Araújo, 7",Santo António,Passeio,HOTSPOT,Sheffield standard,2,9,0,Público,Partilhado com Micromobilidade,2020-09-17,-9.14827347533672,38.7222834332802
15413,1094,"Rua Rosa Araújo, 41",Santo António,Passeio,HOTSPOT,Sheffield standard,2,9,0,Público,Partilhado com Micromobilidade,2020-09-17,-9.1491507038062,38.7218153815211
15414,1095,"Rua Alexandre Herculano, 35",Santo António,Passeio,BICICLETA,Sheffield standard,2,4,0,Público,Partilhado com Micromobilidade,2020-09-17,-9.15099830977369,38.7218096684322
15415,1096,"Rua Alexandre Herculano, 51",Santo António,Passeio,BICICLETA,Sheffield standard,2,9,0,Público,Partilhado com Micromobilidade,2020-09-17,-9.15250025269008,38.7210135590347
15416,1098,"Rua Melo Gouveia, 9",Penha de França,Via,BICICLETA,Sheffield standard,2,4,0,Público,Partilhado com Micromobilidade,2020-09-17,-9.12746826059827,38.7329836487166
15417,1099,"Rua Rodrigo da Fonseca, 101C",Santo António,Passeio,BICICLETA,Sheffield standard,2,4,0,Público,Partilhado com Micromobilidade,2020-09-17,-9.15497223790078,38.7248229030425
15418,1100,"Avenida dos Estados Unidos da América, 118",Alvalade,Passeio,HOTSPOT,Sheffield standard,2,9,0,Público,Partilhado com Micromobilidade,2020-09-17,-9.14446288264465,38.7493395435898
15419,1101,Rua Alberto de Oliveira,Alvalade,Passeio,BICICLETA,Sheffield standard,2,4,0,Público,Partilhado com Micromobilidade,2020-09-17,-9.14477995268965,38.7502718829058
15420,1102,"Rua Fernando Pessoa, Escola",Alvalade,Passeio,BICICLETA,Sheffield standard,3,6,0,Público,Partilhado com Micromobilidade,2020-09-17,-9.14591820178775,38.7505705299567
15421,2167,Avenida da Índia,Alcântara,Passeio,HOTSPOT,Desconhecido,0,10,0,Público,Dedicado Micromobilidade,2023-09-08,-9.17923643086742,38.7000158699722
15422,2168,Avenida de Brasília,Alcântara,Passeio,HOTSPOT,Desconhecido,0,10,0,Público,Dedicado Micromobilidade,2023-09-08,-9.18728941567494,38.6973250816379
15423,674,Campus de Campolide,Campolide,Passeio,BICICLETA,Sheffield standard,4,8,0,Privado,Interdito Micromobilidade,,-9.16160115156469,38.7332013180379
15424,675,Campus de Campolide,Campolide,Passeio,BICICLETA,Sheffield standard,7,14,0,Privado,Interdito Micromobilidade,,-9.16163377734693,38.7332696698745
15425,676,Campus de Campolide,Campolide,Passeio,BICICLETA,Sheffield standard,7,14,0,Privado,Interdito Micromobilidade,,-9.16142421107324,38.7331695096115
15426,677,Avenida Almirante Gago Coutinho,Alvalade,Passeio,HOTSPOT,Sheffield standard,2,9,0,Público,Partilhado com Micromobilidade,2019-11-26,-9.12982922410551,38.7618135112721
15427,679,"Largo do Rato, 4",Santo António,Passeio,BICICLETA,Sheffield standard,2,4,0,Público,Partilhado com Micromobilidade,2019-11-23,-9.1542704698099,38.7203736871874
15428,2066,"Rua Duque de Palmela, 36B",Santo António,Passeio,HOTSPOT,Sheffield standard,2,9,0,Público,Partilhado com Micromobilidade,2023-01-24,-9.15048715590732,38.7241922168674
15429,2067,Rua Galdim Pais,Beato,Passeio,BICICLETA,Onda,1,,0,Privado,Interdito Micromobilidade,,-9.11441932719946,38.7275987477551
15430,680,Rua Alberto de Oliveira,Alvalade,Via,BICICLETA,Sheffield standard,2,4,0,Público,Partilhado com Micromobilidade,2019-11-29,-9.14403398064732,38.7514138734918
15431,681,"Rua do Instituto Industrial, 7",Misericórdia,Passeio,HOTSPOT,Sheffield standard,2,9,0,Público,Partilhado com Micromobilidade,2019-02-15,-9.15058050738497,38.7082198762632
15432,682,"Rua do Instituto Industrial, 7C",Misericórdia,Passeio,HOTSPOT,Sheffield standard,2,9,0,Público,Partilhado com Micromobilidade,2019-02-15,-9.15057051201864,38.7079787967747
15433,683,"Rua da Palma, 233",Santa Maria Maior,Lugar estacionamento automóvel,HOTSPOT,Sheffield standard,2,9,0,Público,Partilhado com Micromobilidade,2019-01-09,-9.13575265472039,38.7189111618935
15434,684,"Rua da Palma, 278",Santa Maria Maior,Passeio,BICICLETA,Sheffield standard,2,4,0,Público,Partilhado com Micromobilidade,2019-01-30,-9.13554754167557,38.7193499220729
15435,688,"Avenida de Roma, 26",Areeiro,Passeio,BICICLETA,Sheffield standard,3,6,0,Público,Partilhado com Micromobilidade,2019-02-13,-9.13930701813882,38.7446114209516
15436,689,"Rua Luís Augusto Palmeirim, 13",Alvalade,Via,HOTSPOT,Sheffield standard,2,9,0,Público,Partilhado com Micromobilidade,2019-04-05,-9.14378626633118,38.7547246522628
15437,690,"Rua Acácio de Paiva, 13C",Alvalade,Via,HOTSPOT,Sheffield standard,3,11,0,Público,Partilhado com Micromobilidade,2019-04-05,-9.14287951503164,38.7549287125512
15438,691,"Rua José Duro, 25B",Alvalade,Via,HOTSPOT,Sheffield standard,4,13,0,Público,Partilhado com Micromobilidade,2019-04-30,-9.14112809506562,38.7548784502603
15439,692,"Rua José d'Esaguy, 1A",Alvalade,Via,HOTSPOT,Sheffield standard,2,9,0,Público,Partilhado com Micromobilidade,2019-04-05,-9.14156839987869,38.7541159668509
15440,693,"Rua Dr. João Soares, 20",Alvalade,Lugar estacionamento automóvel,BICICLETA,Sheffield standard,6,12,0,Público,Partilhado com Micromobilidade,2019-09-20,-9.15419743920139,38.7530452680475
15441,694,"Rua Dr. João Soares, 20",Alvalade,Lugar estacionamento automóvel,BICICLETA,Sheffield standard,6,12,0,Público,Partilhado com Micromobilidade,2019-09-20,-9.15425318722916,38.7530608996012
15442,697,"Avenida Fontes Pereira de Melo, 35E",Avenidas Novas,Passeio,HOTSPOT,Sheffield standard,2,9,0,Público,Partilhado com Micromobilidade,2019-03-22,-9.1465638890313,38.731363888321
15443,2533,"Rua António Gedeão, Escola",Marvila,Passeio,BICICLETA,Sheffield standard,9,18,0,Privado,Interdito Micromobilidade,2024-04-15,-9.11053615067739,38.7401833241743
15444,2534,"Rua Hermano Neves, 13A",Lumiar,Passeio,BICICLETA,Sheffield standard,6,12,0,Privado,Interdito Micromobilidade,2024-04-15,-9.17033454619085,38.760319648912
15445,698,"Rua Martens Ferrão, 20",Arroios,Passeio,HOTSPOT,Sheffield standard,2,9,0,Público,Partilhado com Micromobilidade,2019-04-30,-9.14742777803275,38.7291194431306
15446,699,"Rua Alexandre Herculano, 31",Santo António,Passeio,HOTSPOT,Sheffield standard,2,9,0,Público,Partilhado com Micromobilidade,2019-12-06,-9.15016850619979,38.7222428726273
15447,700,"Rua Duque de Palmela, 4",Santo António,Passeio,BICICLETA,Sheffield standard,2,4,0,Público,Partilhado com Micromobilidade,2019-12-05,-9.14960711933569,38.7231935716333
15448,701,"Rua Mouzinho da Silveira, 27C",Santo António,Passeio,HOTSPOT,Sheffield standard,2,9,0,Público,Partilhado com Micromobilidade,2019-12-05,-9.15076612851684,38.7230641989066
15449,702,"Rua do Açúcar, 54",Marvila,Lugar estacionamento automóvel,HOTSPOT,Sheffield standard,2,9,0,Público,Partilhado com Micromobilidade,2019-12-31,-9.10285708060159,38.740016655158
15450,703,Rua Antão Gonçalves,Belém,Passeio,BICICLETA,Sheffield standard,6,12,0,Privado,Interdito Micromobilidade,2019-12-17,-9.21450202037494,38.7093304800625
15451,704,"Rua Padre Luís Fróis, Escola",Belém,Passeio,BICICLETA,Sheffield standard,4,8,0,Privado,Interdito Micromobilidade,2019-12-19,-9.21400031588067,38.7142028312077
15452,259,Praça do Duque de Saldanha,Avenidas Novas,Passeio,BICICLETA,Sheffield standard,5,10,0,Público,Partilhado com Micromobilidade,2018-11-30,-9.14546863129864,38.7334871093287
15453,712,"Rua Andrade Corvo, 25",Arroios,Lugar estacionamento automóvel,BICICLETA,Sheffield standard,4,8,0,Público,Partilhado com Micromobilidade,2019-07-30,-9.14694880803796,38.7298169934998
15454,713,"Rua Andrade Corvo, 17A",Arroios,Lugar estacionamento automóvel,HOTSPOT,Sheffield standard,2,9,0,Público,Partilhado com Micromobilidade,2019-07-30,-9.14573265413365,38.7293623432803
15455,714,"Rua Andrade Corvo, 1",Arroios,Lugar estacionamento automóvel,BICICLETA,Sheffield standard,4,8,0,Público,Partilhado com Micromobilidade,2019-07-30,-9.14446504795434,38.728865874055
15456,715,"Avenida General Roçadas, Escola",Penha de França,Passeio,BICICLETA,Sheffield estreito,3,6,0,Privado,Interdito Micromobilidade,,-9.12821908563815,38.7268311830338
15457,716,Avenida de Brasília,Estrela,Via,HOTSPOT,Sheffield standard,4,13,0,Público,Partilhado com Micromobilidade,2020-01-02,-9.16794328137642,38.7032242168396
15459,720,"Avenida de Paris, 1B",Areeiro,Lugar estacionamento automóvel,HOTSPOT,Sheffield standard,3,11,0,Público,Partilhado com Micromobilidade,2020-01-17,-9.13381916415767,38.7410230515319
15460,721,"Praça Pasteur, 11",Areeiro,Lugar estacionamento automóvel,BICICLETA,Sheffield standard,2,4,0,Público,Partilhado com Micromobilidade,2020-01-17,-9.1358013955168,38.7410613323405
15461,722,"Avenida de Paris, 19",Areeiro,Via,BICICLETA,Sheffield standard,2,4,0,Público,Partilhado com Micromobilidade,2020-01-17,-9.13696449896896,38.7410189211337
15463,724,"Praça de Londres, 6",Areeiro,Passeio,BICICLETA,Sheffield standard,7,14,0,Público,Partilhado com Micromobilidade,2020-01-17,-9.13704132481903,38.7408335823802
15464,725,Rua Dr. Júlio Dantas,Avenidas Novas,Passeio,BICICLETA,Sheffield standard,2,4,0,Público,Partilhado com Micromobilidade,2020-01-30,-9.15803008957724,38.7350909341206
15465,726,"Rua Dr. Júlio Dantas, Escola",Campolide,Passeio,BICICLETA,Sheffield standard,2,4,0,Público,Partilhado com Micromobilidade,2020-01-30,-9.15817921559817,38.7351105157052
15466,727,"Avenida Ressano Garcia, 11",Avenidas Novas,Passeio,BICICLETA,Sheffield standard,2,4,0,Público,Partilhado com Micromobilidade,2020-01-30,-9.15561569502358,38.7346485037584
15467,728,"Avenida Ressano Garcia, 39",Avenidas Novas,Passeio,BICICLETA,Sheffield standard,2,4,0,Público,Partilhado com Micromobilidade,2020-01-30,-9.15706574510175,38.7349598565288
15468,729,"Avenida Ressano Garcia, 25",Avenidas Novas,Passeio,HOTSPOT,Sheffield standard,2,9,0,Público,Partilhado com Micromobilidade,2020-01-30,-9.15636280563965,38.7348100382969
15469,730,"Avenida Ressano Garcia, 24",Avenidas Novas,Passeio,HOTSPOT,Sheffield standard,2,9,0,Público,Partilhado com Micromobilidade,2020-01-30,-9.15650161175061,38.7349946289366
15470,1,Avenida de Brasília,Alcântara,Passeio,HOTSPOT,Sheffield standard,2,9,0,Público,Partilhado com Micromobilidade,2020-01-02,-9.18306188487253,38.6980302556352
15471,731,"Rua da Verónica, Escola",São Vicente,Passeio,BICICLETA,Sheffield standard,8,16,0,Privado,Interdito Micromobilidade,2020-02-13,-9.12839105784213,38.7164129455736
15472,732,"Avenida General Roçadas, Escola",Penha de França,Passeio,BICICLETA,Sheffield standard,4,8,0,Privado,Interdito Micromobilidade,2020-02-13,-9.12818262590729,38.7268082296396
15473,733,Rua Alexandre de Sá Pinto,Belém,Via,BICICLETA,Sheffield standard,2,4,0,Privado,Interdito Micromobilidade,2020-02-12,-9.19479371029312,38.7007701778094
15474,734,Rua Alexandre de Sá Pinto,Belém,Passeio,BICICLETA,Sheffield standard,4,8,0,Privado,Interdito Micromobilidade,2020-02-12,-9.19417059265202,38.7005899421691
15475,735,Rua Alexandre de Sá Pinto,Belém,Passeio,BICICLETA,Sheffield standard,4,8,0,Privado,Interdito Micromobilidade,2020-02-12,-9.1958839192187,38.7001453699724
15476,737,"Rua da Penha de França, 175",Arroios,Passeio,BICICLETA,Sheffield standard,4,8,0,Privado,Interdito Micromobilidade,2020-02-13,-9.13046682799913,38.7265450193447
15477,738,Rua Gomes Freire,Arroios,Lugar estacionamento automóvel,BICICLETA,Sheffield standard,4,8,0,Público,Partilhado com Micromobilidade,2020-02-17,-9.14348522740124,38.7290753356178
15478,739,"Avenida Ressano Garcia, 36",Avenidas Novas,Passeio,HOTSPOT,Sheffield standard,2,9,0,Público,Partilhado com Micromobilidade,2020-02-17,-9.15746600662825,38.7351935209118
15480,741,Rua de São Lázaro,Arroios,Passeio,BICICLETA,Sheffield standard,5,10,0,Privado,Interdito Micromobilidade,2020-02-17,-9.13800981067403,38.7199382378876
15481,742,Praça do Império,Belém,Passeio,BICICLETA,Grelha,2,11,1,Privado,Interdito Micromobilidade,,-9.20892832541791,38.6962266789061
15482,743,"Avenida de Pádua, 5",Parque das Nações,Lugar estacionamento automóvel,BICICLETA,Sheffield standard,5,10,0,Público,Partilhado com Micromobilidade,2020-03-01,-9.10336846713645,38.7628533383022
15483,744,Avenida do Colégio Militar,Carnide,Passeio,BICICLETA,Entorta rodas,1,5,0,Público,Partilhado com Micromobilidade,,-9.18862843132742,38.7535445230649
15484,745,Avenida do Colégio Militar,Carnide,Passeio,BICICLETA,Entorta rodas,1,5,0,Público,Partilhado com Micromobilidade,,-9.18853578243398,38.7536009910048
15485,746,Avenida do Colégio Militar,Carnide,Passeio,BICICLETA,Entorta rodas,1,5,0,Público,Partilhado com Micromobilidade,,-9.18805100047033,38.7536902778793
15486,747,Avenida do Colégio Militar,Carnide,Passeio,BICICLETA,Entorta rodas,5,5,0,Público,Partilhado com Micromobilidade,,-9.18796797335941,38.7536383244184
15487,762,"Avenida do Rio de Janeiro, 50G",Alvalade,Passeio,BICICLETA,Sheffield standard,2,4,0,Público,Partilhado com Micromobilidade,2020-03-10,-9.13969597758962,38.7562413921596
15488,761,"Avenida do Brasil, 196",Alvalade,Passeio,BICICLETA,Sheffield standard,2,4,0,Público,Partilhado com Micromobilidade,2020-03-10,-9.13671719218069,38.7595023734782
15489,760,"Avenida do Brasil, 186B",Alvalade,Passeio,HOTSPOT,Sheffield standard,2,9,0,Público,Partilhado com Micromobilidade,2020-03-10,-9.13823580544266,38.759028610867
15490,759,"Avenida do Brasil, 101",Alvalade,Passeio,HOTSPOT,Sheffield standard,2,9,0,Público,Partilhado com Micromobilidade,2020-03-10,-9.14064728340764,38.7584446511112
15491,758,"Avenida de Roma, 129",Alvalade,Passeio,HOTSPOT,Sheffield standard,2,9,0,Público,Partilhado com Micromobilidade,2020-03-12,-9.14552163670978,38.7557791041457
15492,757,Avenida de Roma,Alvalade,Passeio,HOTSPOT,Sheffield standard,2,9,0,Público,Partilhado com Micromobilidade,2020-03-12,-9.14481433902564,38.7543521343268
15493,748,"Avenida do Brasil, 53",Alvalade,Passeio,HOTSPOT,Sheffield standard,2,9,0,Público,Partilhado com Micromobilidade,2020-03-12,-9.14600738954433,38.7566817038839
15494,755,Doca de Santo Amaro,Alcântara,Passeio,HOTSPOT,Sheffield standard,2,9,0,Público,Partilhado com Micromobilidade,2020-03-12,-9.17910303969724,38.6992968918503
15495,765,"Largo Vitorino Damásio, 7",Estrela,Passeio,HOTSPOT,Sheffield standard,2,9,0,Público,Partilhado com Micromobilidade,2020-03-16,-9.15360236892915,38.7077403251433
15496,753,Avenida Conde de Valbom,Avenidas Novas,Passeio,BICICLETA,Sheffield standard,2,4,0,Público,Partilhado com Micromobilidade,2020-03-09,-9.14834593433083,38.7350959830384
15497,756,Avenida António Augusto de Aguiar,Avenidas Novas,Passeio,HOTSPOT,Sheffield standard,2,9,0,Público,Partilhado com Micromobilidade,2020-03-09,-9.15431820671757,38.7344161628605
15498,752,"Avenida Duque d' Ávila, 100",Avenidas Novas,Passeio,BICICLETA,Sheffield standard,2,4,0,Público,Partilhado com Micromobilidade,2020-03-10,-9.15077186411379,38.7350118661483
15499,751,Rua Rodrigo da Fonseca,Avenidas Novas,Via,BICICLETA,Sheffield standard,2,4,0,Público,Partilhado com Micromobilidade,2020-02-28,-9.15609535562134,38.7260138347725
15500,750,Rua Rodrigo da Fonseca,Avenidas Novas,Via,BICICLETA,Sheffield standard,2,4,0,Público,Partilhado com Micromobilidade,2020-02-28,-9.15711027616314,38.7271548861554
15501,749,Rua Rodrigo da Fonseca,Avenidas Novas,Via,BICICLETA,Sheffield standard,2,4,0,Público,Partilhado com Micromobilidade,2020-02-28,-9.1577665082837,38.7279005895882
15502,754,Rua Rodrigo da Fonseca,Avenidas Novas,Via,BICICLETA,Sheffield standard,2,4,0,Público,Partilhado com Micromobilidade,2020-03-09,-9.15842446241211,38.7286456858604
15503,767,"Avenida da Liberdade, 259",Santo António,Lugar estacionamento automóvel,BICICLETA,Sheffield standard,4,8,0,Público,Partilhado com Micromobilidade,2019-12-13,-9.14961128774057,38.7241633864709
15504,778,Campo Grande,Alvalade,Passeio,HOTSPOT,Sheffield standard,2,9,0,Público,Partilhado com Micromobilidade,2020-02-22,-9.14826246859088,38.7479056530208
15505,777,Avenida da República,Avenidas Novas,Lugar estacionamento motociclo,HOTSPOT,Sheffield standard,2,9,0,Público,Partilhado com Micromobilidade,2020-03-09,-9.14787949409034,38.7451534844343
15506,776,"Avenida da República, 17",Avenidas Novas,Passeio,HOTSPOT,Sheffield standard,2,9,0,Público,Partilhado com Micromobilidade,2020-03-12,-9.14548169696453,38.7355666441214
15507,775,"Avenida Dom Carlos I, 122",Misericórdia,Passeio,HOTSPOT,Sheffield standard,2,9,0,Público,Partilhado com Micromobilidade,2020-03-16,-9.15306123003113,38.7093536299138
15508,774,Campo Grande,Alvalade,Passeio,HOTSPOT,Sheffield standard,2,9,0,Público,Partilhado com Micromobilidade,2020-02-22,-9.1481962501883,38.7479164078697
15509,773,"Avenida Dom Carlos I, 146",Misericórdia,Passeio,HOTSPOT,Sheffield standard,2,9,0,Público,Partilhado com Micromobilidade,2020-03-16,-9.15356795275137,38.7113481663669
15510,779,"Avenida Dom Carlos I, 111",Estrela,Passeio,BICICLETA,Sheffield standard,2,4,0,Público,Partilhado com Micromobilidade,2020-03-16,-9.15366300521165,38.7109766298153
15511,772,"Largo do Rato, 2",Santo António,Passeio,HOTSPOT,Sheffield standard,2,9,0,Público,Partilhado com Micromobilidade,2020-03-16,-9.15472920426952,38.7202857836762
15512,770,"Rua Sebastião Saraiva Lima, 68A",Penha de França,Lugar estacionamento automóvel,HOTSPOT,Sheffield standard,4,12,0,Público,Partilhado com Micromobilidade,2022-06-01,-9.12928698116777,38.7317832709976
15514,764,"Rua Visconde de Santarém, 73",Arroios,Via,BICICLETA,Sheffield standard,1,2,0,Público,Partilhado com Micromobilidade,2020-03-12,-9.14006867051309,38.7349772608256
15515,766,"Rua Visconde de Santarém, 69",Arroios,Via,BICICLETA,Sheffield standard,1,2,0,Público,Partilhado com Micromobilidade,2020-03-12,-9.1395526134728,38.7347487339557
15516,780,Rua Professor Mira Fernandes,Beato,Via,HOTSPOT,Sheffield standard,2,9,0,Público,Partilhado com Micromobilidade,2020-03-10,-9.12114925827974,38.7392781050934
15517,763,Avenida João Crisóstomo,Avenidas Novas,Passeio,BICICLETA,Sheffield standard,4,8,0,Público,Interdito Micromobilidade,2019-01-08,-9.14206884295055,38.7362969336526
15518,781,Rua de São Domingos de Benfica,São Domingos de Benfica,Passeio,HOTSPOT,Sheffield standard,2,9,0,Público,Partilhado com Micromobilidade,2020-04-14,-9.17626352976366,38.7414855344626
15519,782,Praça Silvestre Pinheiro Ferreira,São Domingos de Benfica,Passeio,HOTSPOT,Sheffield standard,2,9,0,Público,Partilhado com Micromobilidade,2020-04-14,-9.17632708918321,38.7435069273142
15520,783,"Travessa de São Domingos de Benfica, 25",São Domingos de Benfica,Passeio,HOTSPOT,Sheffield standard,2,9,0,Público,Partilhado com Micromobilidade,2020-04-14,-9.18045285031126,38.7433955176297
15521,785,Rua Olivério Serpa,Benfica,Passeio,HOTSPOT,Sheffield standard,4,13,0,Público,Partilhado com Micromobilidade,2020-04-14,-9.2063876090452,38.7503666975917
15522,786,"Rua General Morais Sarmento, 2",Benfica,Passeio,BICICLETA,Sheffield standard,2,4,0,Público,Partilhado com Micromobilidade,2020-04-14,-9.19784370948872,38.7486706318178
15523,788,"Rua Capitão Santiago de Carvalho, Escola",Olivais,Passeio,BICICLETA,Sheffield standard,8,16,0,Público,Partilhado com Micromobilidade,2020-04-01,-9.1108135682869,38.7709873026997
15524,789,Rua Interior à Est. da Correia,Carnide,Passeio,HOTSPOT,Sheffield standard,4,13,0,Público,Partilhado com Micromobilidade,2020-04-15,-9.19646843494323,38.7619076226677
15525,790,Avenida Marechal Teixeira Rebelo,Carnide,Passeio,HOTSPOT,Sheffield standard,2,9,0,Público,Partilhado com Micromobilidade,2020-04-15,-9.19265903618899,38.7587433890777
15526,791,"Rua de São Bento, 216",Estrela,Via,BICICLETA,Sheffield standard,4,8,0,Público,Partilhado com Micromobilidade,2020-04-17,-9.15323152840619,38.7132361684595
15527,792,"Rua de São Bento, 406",Misericórdia,Via,BICICLETA,Sheffield standard,2,4,0,Público,Partilhado com Micromobilidade,2020-04-17,-9.1541955028708,38.7152416460802
15528,2542,Rua de Dom Vasco,Ajuda,Via,BICIPARQUE,Vertical,34,34,1,Privado,Interdito Micromobilidade,2025-01-22,-9.1953541828901,38.7032480830045
15529,2543,Campo Grande,Alvalade,Passeio,BICICLETA,Entorta rodas com encosto,2,10,0,Privado,Interdito Micromobilidade,,-9.15678487255231,38.758383628626
15530,793,"Avenida Coronel Eduardo Galhardo, 20A",Penha de França,Via,BICICLETA,Sheffield standard,2,4,0,Público,Partilhado com Micromobilidade,2020-04-17,-9.12641902481719,38.7279973065629
15531,794,"Avenida Coronel Eduardo Galhardo, 30",Penha de França,Via,BICICLETA,Sheffield standard,2,4,0,Público,Partilhado com Micromobilidade,2020-04-17,-9.12766191949389,38.7280735931146
15532,795,"Avenida General Roçadas, Escola",Penha de França,Passeio,HOTSPOT,Sheffield standard,2,9,0,Público,Partilhado com Micromobilidade,2020-04-17,-9.12828516926504,38.7266403912504
15533,796,"Rua Moeda, 11B",Misericórdia,Via,BICICLETA,Sheffield standard,2,4,0,Público,Partilhado com Micromobilidade,2020-04-17,-9.14675976932731,38.7084008952608
15534,797,"Avenida do Restelo, 23",Belém,Passeio,BICICLETA,Sheffield standard,4,8,0,Privado,Interdito Micromobilidade,2020-04-15,-9.21278400860071,38.6995852499615
15535,798,"Rua Fernando Namora, Escola",Lumiar,Passeio,BICICLETA,Grelha,1,3,0,Público,Partilhado com Micromobilidade,,-9.17350400633444,38.7599504565873
15536,799,Avenida Infante Dom Henrique,Santa Maria Maior,Passeio,HOTSPOT,Sheffield standard,2,9,0,Público,Partilhado com Micromobilidade,2019-12-09,-9.12278751656382,38.7131048976203
15537,800,"Rua Raul Carapinha, 10",São Domingos de Benfica,Via,HOTSPOT,Sheffield standard,2,9,0,Público,Partilhado com Micromobilidade,2019-12-11,-9.1732365504512,38.7418119678607
15538,801,Praça Dr. Nuno Pinheiro Torres,Benfica,Passeio,HOTSPOT,Sheffield standard,2,9,0,Público,Partilhado com Micromobilidade,2020-03-13,-9.19167313708119,38.748134819007
15539,802,"Rua Olivério Serpa, 3",Benfica,Passeio,HOTSPOT,Sheffield standard,2,9,0,Público,Partilhado com Micromobilidade,2020-03-13,-9.20542971906536,38.7502182000968
15540,803,"Estrada de Benfica, 546",Benfica,Passeio,HOTSPOT,Sheffield standard,2,9,0,Público,Partilhado com Micromobilidade,2020-03-13,-9.19827213182011,38.7507702800332
15541,804,"Avenida dos Estados Unidos da América, 2",Alvalade,Passeio,HOTSPOT,Sheffield standard,2,9,0,Público,Partilhado com Micromobilidade,2019-12-12,-9.13161614561942,38.7489318169119
15542,805,"Avenida Dom Rodrigo da Cunha, 2",Alvalade,Passeio,HOTSPOT,Sheffield standard,2,9,0,Público,Partilhado com Micromobilidade,2019-11-26,-9.13072302518442,38.7544708169253
15543,806,Alameda Dom Afonso Henriques,Arroios,Passeio,HOTSPOT,Sheffield standard,2,9,0,Público,Partilhado com Micromobilidade,2020-03-13,-9.13416541791243,38.7368207093412
15544,807,"Rua Barão de Sabrosa, 165A",Penha de França,Passeio,HOTSPOT,Sheffield standard,2,9,0,Público,Partilhado com Micromobilidade,2020-04-21,-9.12880869558125,38.7371209495349
15545,808,"Rua Barão de Sabrosa, 129A",Penha de França,Passeio,BICICLETA,Sheffield standard,2,4,0,Público,Partilhado com Micromobilidade,2020-04-21,-9.12896809312079,38.735459048145
15546,809,"Rua Barata Salgueiro, 39",Santo António,Passeio,HOTSPOT,Sheffield standard,2,9,0,Público,Partilhado com Micromobilidade,2019-12-12,-9.14880850438679,38.7210280331753
15547,811,Rua do Cruzado Osberno,Penha de França,Passeio,HOTSPOT,Sheffield standard,2,9,0,Público,Partilhado com Micromobilidade,2020-04-21,-9.11638009890193,38.7246249042599
15548,812,Rua Paio Peres Correia,Penha de França,Passeio,BICICLETA,Sheffield standard,2,4,0,Público,Partilhado com Micromobilidade,2020-04-21,-9.11676265734984,38.7263496398822
15549,813,"Estrada de Chelas, 41",Penha de França,Passeio,BICICLETA,Sheffield standard,2,4,0,Público,Partilhado com Micromobilidade,2020-04-21,-9.11565916292125,38.7264089341685
15550,814,"Calçada da Cruz da Pedra, Lote O",Penha de França,Passeio,HOTSPOT,Sheffield standard,2,9,0,Público,Partilhado com Micromobilidade,2020-04-21,-9.11571750216231,38.7225653384172
15551,815,Avenida Infante Dom Henrique,Penha de França,Passeio,HOTSPOT,Sheffield standard,2,9,0,Público,Partilhado com Micromobilidade,2020-04-21,-9.11198583414895,38.7246658957898
15552,816,Rua da Madre de Deus,Penha de França,Passeio,BICICLETA,Sheffield standard,2,4,0,Público,Partilhado com Micromobilidade,2020-04-23,-9.11343506265408,38.7249721953767
15553,817,Largo da Penha de França,Penha de França,Passeio,HOTSPOT,Sheffield standard,2,9,0,Público,Partilhado com Micromobilidade,2020-04-23,-9.13088518610846,38.7300901414778
15554,818,"Avenida General Roçadas, 68",Penha de França,Passeio,HOTSPOT,Sheffield standard,2,9,0,Público,Partilhado com Micromobilidade,2020-04-23,-9.12796162473051,38.7297943005707
15555,819,"Avenida Mouzinho de Albuquerque, 7",Penha de França,Passeio,HOTSPOT,Sheffield standard,2,9,0,Público,Partilhado com Micromobilidade,2020-04-29,-9.12668571810303,38.7302687267348
15556,820,"Avenida Mouzinho de Albuquerque, 19",Penha de França,Passeio,HOTSPOT,Sheffield standard,2,9,0,Público,Partilhado com Micromobilidade,2020-04-29,-9.12559773794295,38.7294843381805
15557,821,"Avenida Coronel Eduardo Galhardo, 2",Penha de França,Passeio,BICICLETA,Sheffield standard,2,4,0,Público,Partilhado com Micromobilidade,2020-04-29,-9.12459204278987,38.7281582247557
15558,822,"Avenida Coronel Eduardo Galhardo, 3G",Penha de França,Passeio,HOTSPOT,Sheffield standard,2,9,0,Público,Partilhado com Micromobilidade,2020-04-29,-9.12552408567294,38.727791612549
15560,824,"Rua Visconde de Santarém, 69B",Arroios,Via,BICICLETA,Sheffield standard,1,2,0,Público,Partilhado com Micromobilidade,2020-03-13,-9.13943306094193,38.7347079901682
15561,825,"Rua Actor Taborda, 5",Arroios,Lugar estacionamento automóvel,HOTSPOT,Sheffield standard,2,9,0,Público,Partilhado com Micromobilidade,2020-06-25,-9.14276390149983,38.7322028074122
15562,826,"Rua de Pascoal de Melo, 150",Arroios,Lugar estacionamento automóvel,HOTSPOT,Sheffield standard,2,9,0,Público,Partilhado com Micromobilidade,2020-06-25,-9.14045800473244,38.7317326298777
15563,827,"Rua da Ilha Terceira, 35",Arroios,Lugar estacionamento automóvel,HOTSPOT,Sheffield standard,2,9,0,Público,Partilhado com Micromobilidade,2020-06-25,-9.13984068684802,38.733470066762
15564,828,"Rua de Arroios, 152B",Arroios,Lugar estacionamento automóvel,HOTSPOT,Sheffield standard,2,9,0,Público,Partilhado com Micromobilidade,2020-06-25,-9.13625446859603,38.7308732433037
15565,829,"Rua de Arroios, 93",Arroios,Lugar estacionamento automóvel,HOTSPOT,Sheffield standard,2,9,0,Público,Partilhado com Micromobilidade,2020-06-25,-9.13615390202827,38.7298704839706
15566,830,"Rua de Ponta Delgada, 2",Arroios,Lugar estacionamento automóvel,HOTSPOT,Sheffield standard,4,13,0,Público,Partilhado com Micromobilidade,2020-06-25,-9.14035123074631,38.7328764277327
15567,832,"Rua de Pascoal de Melo, 110",Arroios,Lugar estacionamento automóvel,HOTSPOT,Sheffield standard,2,9,0,Público,Partilhado com Micromobilidade,2020-06-25,-9.13903189503555,38.7316081646986
15568,833,"Rua José Falcão, 70",Arroios,Lugar estacionamento automóvel,HOTSPOT,Sheffield standard,4,13,0,Público,Partilhado com Micromobilidade,2020-06-25,-9.13528361862011,38.7329919662987
15569,834,"Rua Joaquim Costa, 1A",Arroios,Lugar estacionamento automóvel,HOTSPOT,Sheffield standard,2,9,0,Público,Partilhado com Micromobilidade,2020-06-25,-9.13612048377289,38.7343593884894
15570,835,Rua Carlos José Barreiros,Arroios,Lugar estacionamento automóvel,HOTSPOT,Sheffield standard,4,13,0,Público,Partilhado com Micromobilidade,2020-06-25,-9.13686893791056,38.7343723814456
15571,836,"Rua José Estevão, 2C",Arroios,Lugar estacionamento automóvel,HOTSPOT,Sheffield standard,4,9,0,Público,Partilhado com Micromobilidade,2020-06-25,-9.13749051322175,38.7274997542396
15572,851,"Rua Luíz Pacheco, Lote 101",Marvila,Passeio,BICICLETA,Onda,1,5,0,Público,Partilhado com Micromobilidade,,-9.11295865233145,38.7533528272075
15573,852,"Rua Luíz Pacheco, Lote 101",Marvila,Passeio,BICICLETA,Onda,1,5,0,Público,Partilhado com Micromobilidade,,-9.11298968893805,38.7533498700628
15574,853,"Rua Luíz Pacheco, Lote 101",Marvila,Passeio,BICICLETA,Onda,1,5,0,Público,Partilhado com Micromobilidade,,-9.11272127216106,38.753285625945
15575,854,"Rua Luíz Pacheco, Lote 104",Marvila,Passeio,BICICLETA,Onda,1,5,0,Público,Partilhado com Micromobilidade,,-9.11302157924636,38.7532781029231
15576,855,"Rua Luíz Pacheco, Lote 104",Marvila,Passeio,BICICLETA,Onda,1,5,0,Público,Partilhado com Micromobilidade,,-9.11313647048419,38.7532664148873
15577,856,"Rua Luíz Pacheco, Lote 104",Marvila,Passeio,BICICLETA,Onda,1,5,0,Público,Partilhado com Micromobilidade,,-9.11326228826976,38.7532524894405
15578,857,"Rua Luíz Pacheco, Lote 104",Marvila,Passeio,BICICLETA,Onda,1,5,0,Público,Partilhado com Micromobilidade,,-9.1134036162675,38.7532377194505
15579,858,"Rua Luíz Pacheco, Lote 104",Marvila,Passeio,BICICLETA,Onda,1,5,0,Público,Partilhado com Micromobilidade,,-9.11350936707497,38.7532253924876
15580,859,Rua Conselheiro Emídio Navarro,Marvila,Passeio,BICICLETA,Onda,1,5,0,Público,Partilhado com Micromobilidade,,-9.11527085131842,38.7568091934718
15581,860,Rua António Gedeão,Marvila,Passeio,BICICLETA,Entorta rodas,1,4,0,Público,Partilhado com Micromobilidade,,-9.10920584109063,38.7404572368304
15582,861,Praça Baden Powell,Olivais,Passeio,HOTSPOT,Sheffield standard,2,9,0,Público,Partilhado com Micromobilidade,2020-06-24,-9.11003616361359,38.7678363429
15583,862,Doca de Alcântara,Estrela,Passeio,HOTSPOT,Sheffield standard,2,9,0,Público,Partilhado com Micromobilidade,2020-02-22,-9.17486693630342,38.7014200018361
15584,863,"Avenida de Berlim, 35D",Olivais,Passeio,HOTSPOT,Sheffield standard,2,9,0,Público,Partilhado com Micromobilidade,2020-06-24,-9.10881188011359,38.7678464301034
15585,864,"Jardim Eduardo Prado Coelho, Escola",Olivais,Passeio,HOTSPOT,Sheffield standard,2,9,0,Público,Partilhado com Micromobilidade,2020-06-24,-9.10855480037824,38.7705279995845
15586,865,"Praça da Viscondessa dos Olivais, 38",Olivais,Passeio,HOTSPOT,Sheffield standard,2,9,0,Público,Partilhado com Micromobilidade,2020-06-24,-9.1064025283006,38.7689028431007
15587,867,"Avenida 24 de Julho, 62",Estrela,Lugar estacionamento automóvel,HOTSPOT,Sheffield standard,4,13,0,Público,Partilhado com Micromobilidade,2020-08-13,-9.15692442181003,38.7059954166214
15588,868,"Avenida 24 de Julho, 74",Estrela,Passeio,BICICLETA,Sheffield standard,4,8,0,Público,Partilhado com Micromobilidade,2020-08-13,-9.15782752655321,38.7056055480825
15589,869,"Avenida 24 de Julho, 86",Estrela,Lugar estacionamento automóvel,HOTSPOT,Sheffield standard,4,13,0,Público,Partilhado com Micromobilidade,2020-08-13,-9.15961314692172,38.7047595241977
15590,870,"Avenida 24 de Julho, 96J",Estrela,Lugar estacionamento automóvel,HOTSPOT,Sheffield standard,2,9,0,Público,Partilhado com Micromobilidade,2020-08-13,-9.16028829148643,38.7045336735713
15591,871,"Avenida 24 de Julho, 96J",Estrela,Lugar estacionamento automóvel,HOTSPOT,Sheffield standard,2,9,0,Público,Partilhado com Micromobilidade,2020-08-13,-9.16026378076719,38.7045424689142
15592,872,"Avenida 24 de Julho, 118",Estrela,Passeio,BICICLETA,Sheffield standard,3,6,0,Público,Partilhado com Micromobilidade,2020-08-13,-9.16361955067589,38.7037571832146
15593,873,"Avenida 24 de Julho, 134D",Estrela,Passeio,BICICLETA,Sheffield standard,2,4,0,Público,Partilhado com Micromobilidade,2020-08-13,-9.16654104982178,38.7037232241274
15594,874,Avenida Infante Santo,Estrela,Passeio,HOTSPOT,Sheffield standard,2,9,0,Público,Partilhado com Micromobilidade,2020-08-13,-9.16786719383172,38.7040234160103
15595,875,"Avenida Infante Santo, 2G",Estrela,Passeio,HOTSPOT,Sheffield standard,2,9,0,Público,Partilhado com Micromobilidade,2020-08-13,-9.1679176204527,38.7041927927089
15596,894,Alameda de Santo António dos Campuchos,Arroios,Lugar estacionamento automóvel,HOTSPOT,Sheffield standard,2,9,0,Público,Partilhado com Micromobilidade,2020-09-01,-9.14235483721821,38.723233090122
15597,895,"Rua Garrett, 2",Santa Maria Maior,Via,BICICLETA,Car Bike Port,5,10,0,Público,Partilhado com Micromobilidade,2020-08-28,-9.13970900049133,38.7109916003002
15598,896,"Avenida Almirante Reis, 2",Arroios,Lugar estacionamento automóvel,BICICLETA,Sheffield standard,5,10,0,Público,Partilhado com Micromobilidade,2024-07-01,-9.13540707532867,38.7206892870137
15599,897,Avenida António Augusto de Aguiar,Avenidas Novas,Lugar estacionamento automóvel,BICICLETA,Car Bike Port,5,10,0,Público,Partilhado com Micromobilidade,2020-08-28,-9.15369172961153,38.7338821953954
15600,898,Rua Engenheiro Vieira da Silva,Arroios,Lugar estacionamento automóvel,BICICLETA,Sheffield standard,5,10,0,Público,Partilhado com Micromobilidade,2024-07-01,-9.14460600769996,38.7317266629156
15601,1062,"Largo Jaime Carvalho, 15A",Olivais,Passeio,HOTSPOT,Sheffield standard,2,9,0,Público,Partilhado com Micromobilidade,2020-07-12,-9.10729184497291,38.7666898864571
15602,1063,Largo da Revista Militar,Benfica,Passeio,BICICLETA,Sheffield standard,4,8,0,Público,Interdito Micromobilidade,,-9.18962935051485,38.7529690916268
15603,1103,Rua Alberto de Oliveira,Alvalade,Via,BICICLETA,Sheffield standard,3,6,0,Público,Partilhado com Micromobilidade,2020-09-17,-9.14424196139941,38.7509473271328
15604,1104,"Largo João Vaz, 9",Alvalade,Passeio,BICICLETA,Sheffield standard,2,4,0,Público,Partilhado com Micromobilidade,2020-09-17,-9.13840544805393,38.7579129011863
15605,1105,"Largo João Vaz, 4",Alvalade,Passeio,HOTSPOT,Sheffield standard,2,9,0,Público,Partilhado com Micromobilidade,2020-09-17,-9.13856303881614,38.7582104098525
15606,1106,"Campo Grande,  258",Alvalade,Passeio,BICICLETA,Sheffield standard,2,4,0,Público,Partilhado com Micromobilidade,2020-09-17,-9.15117779108972,38.7551729208529
15607,1107,"Largo de São Mamede, Igreja",Santo António,Passeio,HOTSPOT,Sheffield standard,2,9,0,Público,Partilhado com Micromobilidade,2020-09-17,-9.15246854399776,38.7187584290995
15608,1108,"Rua Pedro Bandeira, 2",Lumiar,Passeio,BICICLETA,Sheffield standard,2,4,0,Público,Partilhado com Micromobilidade,2020-09-17,-9.15358081180106,38.7626996131013
15609,1109,"Rua Ramalho Ortigão, 41",Avenidas Novas,Passeio,BICICLETA,Sheffield standard,2,4,0,Público,Partilhado com Micromobilidade,2020-09-17,-9.15697363929001,38.7356589948087
15610,1110,"Praça das Casas Novas, Mercado",Olivais,Passeio,BICICLETA,Sheffield standard,2,4,0,Público,Partilhado com Micromobilidade,2020-09-17,-9.11364579623703,38.7717815213182
15611,1111,"Rua General Silva Freire, Lote C",Olivais,Passeio,BICICLETA,Sheffield standard,2,4,0,Público,Partilhado com Micromobilidade,2020-09-17,-9.11298387460088,38.7725244054798
15612,1112,"Rua Dom Pedro V, 2",Santo António,Passeio,HOTSPOT,Sheffield standard,2,9,0,Público,Partilhado com Micromobilidade,2020-09-17,-9.14496293498157,38.7156186205042
15613,1113,"Rua Visconde de Santarém, 71B",Arroios,Via,BICICLETA,Sheffield standard,1,2,0,Público,Partilhado com Micromobilidade,2020-09-17,-9.13985568741915,38.7348569865859
15614,1114,"Rua Ramalho Ortigão, 3",Avenidas Novas,Passeio,HOTSPOT,Sheffield standard,2,9,0,Público,Partilhado com Micromobilidade,2020-09-17,-9.15505694645579,38.7352563239118
15616,1116,Rua Cidade de Nampula,Olivais,Passeio,BICICLETA,Sheffield standard,2,4,0,Público,Partilhado com Micromobilidade,2020-09-17,-9.12031659211262,38.7635220074249
15617,1117,Alameda da Encarnação,Olivais,Passeio,HOTSPOT,Sheffield standard,2,9,0,Público,Partilhado com Micromobilidade,2020-09-17,-9.11882808652294,38.7724244084841
15618,1118,"Rua Cidade de Vila Cabral, Escola",Olivais,Passeio,BICICLETA,Sheffield standard,2,4,0,Público,Partilhado com Micromobilidade,2020-09-17,-9.12106008097059,38.7675226459126
15619,1119,Rua Cidade de Bengela,Olivais,Passeio,BICICLETA,Sheffield standard,2,4,0,Público,Partilhado com Micromobilidade,2020-09-17,-9.11309398529466,38.7663697283232
15620,1120,"Rua Cidade de Vila Cabral, Lote 354",Olivais,Passeio,BICICLETA,Sheffield standard,2,4,0,Público,Partilhado com Micromobilidade,2020-09-17,-9.12337427404889,38.7658775013094
15621,1121,"Rua Cidade de Bengela, Lote 301",Olivais,Passeio,BICICLETA,Sheffield standard,2,4,0,Público,Partilhado com Micromobilidade,2020-09-17,-9.11085623484778,38.7647162335541
15622,1122,Rua General Silva Freire,Olivais,Passeio,HOTSPOT,Sheffield standard,2,9,0,Público,Partilhado com Micromobilidade,2020-09-17,-9.11470543559991,38.7746724873184
15623,1123,Rua Cidade de Bissau,Olivais,Passeio,HOTSPOT,Sheffield standard,2,9,0,Público,Partilhado com Micromobilidade,2020-09-17,-9.11216684272075,38.7608101819945
15624,1124,Rua de Chibuto,Olivais,Passeio,BICICLETA,Sheffield standard,2,4,0,Público,Partilhado com Micromobilidade,2020-09-17,-9.10819236953985,38.761529507899
15625,1125,Rua Cidade de Negage,Olivais,Passeio,BICICLETA,Sheffield standard,2,4,0,Público,Partilhado com Micromobilidade,2020-09-17,-9.11750309856315,38.7669639161615
15626,1126,Praça Cidade de São Salvador,Olivais,Passeio,BICICLETA,Sheffield standard,2,4,0,Público,Partilhado com Micromobilidade,2020-09-17,-9.11466256354542,38.7643767019591
15627,1127,Rua Cidade do Lobito,Olivais,Passeio,BICICLETA,Sheffield standard,2,4,0,Público,Partilhado com Micromobilidade,2020-09-17,-9.11314633241482,38.7634475641159
15628,1128,"Rua Eurico da Fonseca, 3",Olivais,Passeio,HOTSPOT,Sheffield standard,2,9,0,Público,Partilhado com Micromobilidade,2020-09-17,-9.10954921977229,38.7618025228133
15629,1129,"Avenida Óscar Monteiro Torres, 59",Areeiro,Passeio,BICICLETA,Sheffield standard,2,4,0,Público,Partilhado com Micromobilidade,2020-09-17,-9.13985812884429,38.7437889335731
15630,1130,"Avenida Sacadura Cabral, 18",Areeiro,Passeio,HOTSPOT,Sheffield standard,2,9,0,Público,Partilhado com Micromobilidade,2020-09-17,-9.14099362376513,38.7446147021173
15631,1131,"Avenida Sacadura Cabral, 27",Areeiro,Passeio,BICICLETA,Sheffield standard,2,4,0,Público,Partilhado com Micromobilidade,2020-09-17,-9.14218090836848,38.7442321895852
15633,1133,"Rua Cidade de Vila Cabral, Lote 353",Olivais,Passeio,HOTSPOT,Sheffield standard,2,9,0,Público,Partilhado com Micromobilidade,2020-09-17,-9.12277643161665,38.7662301295672
15634,1134,"Rua Cidade da Beira, 68",Olivais,Passeio,BICICLETA,Sheffield standard,2,4,0,Público,Partilhado com Micromobilidade,2020-09-17,-9.12059281198102,38.7682818206068
15635,1135,Praça de Bilene,Olivais,Passeio,BICICLETA,Sheffield standard,2,4,0,Público,Partilhado com Micromobilidade,2020-09-17,-9.12142433550601,38.7627496128137
15636,1136,"Rua Cidade da Beira, 44",Olivais,Passeio,BICICLETA,Sheffield standard,2,4,0,Público,Partilhado com Micromobilidade,2020-09-17,-9.12435400560868,38.7652672678053
15637,1137,Alameda da Encarnação,Olivais,Passeio,HOTSPOT,Sheffield standard,2,9,0,Público,Partilhado com Micromobilidade,2020-09-17,-9.11840859963381,38.7728595392208
15638,1138,"Rua Professor Salazar de Sousa, Igreja",Lumiar,Passeio,BICICLETA,Sheffield standard,2,4,0,Público,Partilhado com Micromobilidade,2020-09-17,-9.1559646406912,38.7662603335476
15639,1139,"Rua Luís de Freitas Branco, 30B",Lumiar,Passeio,BICICLETA,Sheffield standard,2,4,0,Público,Partilhado com Micromobilidade,2020-09-17,-9.16263688212162,38.7718992269357
15640,1140,"Alameda das Linhas de Torres, 22A",Lumiar,Passeio,HOTSPOT,Sheffield standard,2,9,0,Público,Partilhado com Micromobilidade,2020-09-17,-9.16032838688655,38.7710520767552
15641,1141,"Alameda das Linhas de Torres, 253",Lumiar,Passeio,BICICLETA,Sheffield standard,2,4,0,Público,Partilhado com Micromobilidade,2020-09-17,-9.16127234349516,38.7725231645164
15642,1142,"Rua Ramalho Ortigão, 43",Avenidas Novas,Passeio,BICICLETA,Sheffield standard,1,2,0,Público,Partilhado com Micromobilidade,2020-09-17,-9.15727007840371,38.7354734864455
15643,1143,"Rua Ramalho Ortigão, 43",Avenidas Novas,Passeio,BICICLETA,Sheffield standard,1,2,0,Público,Partilhado com Micromobilidade,2020-09-17,-9.15739705039975,38.7355009846475
15644,1144,"Rua Fialho de Almeida, 2",Avenidas Novas,Passeio,BICICLETA,Sheffield standard,2,4,0,Público,Partilhado com Micromobilidade,2020-09-17,-9.15499506360513,38.7339590203417
15645,1145,"Rua Ramalho Ortigão, 33",Avenidas Novas,Passeio,BICICLETA,Sheffield standard,2,4,0,Público,Partilhado com Micromobilidade,2020-09-17,-9.15647758302755,38.7355595367221
15646,1146,"Rua Manuel Marques, 13",Lumiar,Passeio,HOTSPOT,Sheffield standard,2,9,0,Público,Partilhado com Micromobilidade,2020-09-17,-9.15396604542027,38.7651485914083
15647,1147,"Rua Manuel Marques, 8E",Lumiar,Passeio,HOTSPOT,Sheffield standard,2,9,0,Público,Partilhado com Micromobilidade,2020-09-17,-9.15387103378123,38.7654182393873
15648,1148,"Campo Grande, 246",Alvalade,Passeio,BICICLETA,Sheffield standard,3,6,0,Público,Partilhado com Micromobilidade,2020-09-17,-9.15043738374709,38.7541948408909
15649,1149,Rua Xavier Araújo,São Domingos de Benfica,Passeio,HOTSPOT,Sheffield standard,4,13,0,Público,Partilhado com Micromobilidade,2020-09-17,-9.17220372909653,38.748443597671
15650,1150,"Rua Manuel da Silva Real, 11D",São Domingos de Benfica,Passeio,BICICLETA,Sheffield standard,2,4,0,Público,Partilhado com Micromobilidade,2020-09-17,-9.17100059548954,38.7493865037204
15651,1151,Rua Manuel da Silva Real,São Domingos de Benfica,Passeio,BICICLETA,Sheffield standard,2,4,0,Público,Partilhado com Micromobilidade,2020-09-17,-9.17142195869503,38.750215336653
15652,1152,Rua Manuel da Silva Real,São Domingos de Benfica,Passeio,HOTSPOT,Sheffield standard,2,9,0,Público,Partilhado com Micromobilidade,2020-09-17,-9.17222030048393,38.7502174559748
15653,1153,"Rua Virgílio Correia, 2B",São Domingos de Benfica,Passeio,HOTSPOT,Sheffield standard,2,9,0,Público,Partilhado com Micromobilidade,2020-09-17,-9.1721732592393,38.7510034168365
15654,1154,"Rua Virgílio Correia, 3",São Domingos de Benfica,Passeio,BICICLETA,Sheffield standard,2,4,0,Público,Partilhado com Micromobilidade,2020-09-17,-9.17233977616063,38.7509847765054
15655,1155,"Rua Abranches Ferrão, 6",São Domingos de Benfica,Passeio,BICICLETA,Sheffield standard,2,4,0,Público,Partilhado com Micromobilidade,2020-09-17,-9.1723001208725,38.7507687235678
15656,1156,"Rua São Tomás de Aquilo, Igreja",São Domingos de Benfica,Passeio,HOTSPOT,Sheffield standard,2,9,0,Público,Partilhado com Micromobilidade,2020-09-17,-9.17254142722967,38.7526331956698
15657,1157,"Rua São Tomás de Aquilo, 4C",São Domingos de Benfica,Passeio,BICICLETA,Sheffield standard,2,4,0,Público,Partilhado com Micromobilidade,2020-09-17,-9.1733646368836,38.7523717497399
15658,1158,"Rua Lúcio de Azevedo, 12A",São Domingos de Benfica,Passeio,BICICLETA,Sheffield standard,4,8,0,Público,Partilhado com Micromobilidade,2020-09-17,-9.17301739406833,38.7545554593025
15659,1159,"Rua Lúcio de Azevedo, 21B",São Domingos de Benfica,Passeio,BICICLETA,Sheffield standard,2,4,0,Público,Partilhado com Micromobilidade,2020-09-17,-9.1726602239011,38.7547345258093
15660,1160,"Rua Virgílio Correia, Escola",São Domingos de Benfica,Passeio,BICICLETA,Sheffield standard,2,4,0,Público,Partilhado com Micromobilidade,2020-09-17,-9.17353159892522,38.7548783520027
15661,1161,"Estrada da Luz, 146",São Domingos de Benfica,Passeio,BICICLETA,Sheffield standard,2,4,0,Público,Partilhado com Micromobilidade,2020-09-17,-9.17590292322729,38.7551892149738
15662,1162,"Estrada da Luz, 165",São Domingos de Benfica,Passeio,HOTSPOT,Sheffield standard,2,9,0,Público,Partilhado com Micromobilidade,2020-09-17,-9.17601195476453,38.7549427605174
15663,1163,"Estrada da Luz, 173B",São Domingos de Benfica,Passeio,BICICLETA,Sheffield standard,2,4,0,Público,Partilhado com Micromobilidade,2020-09-17,-9.1764851778895,38.7553556172358
15664,1164,"Rua Tomás da Fonseca, 3B",São Domingos de Benfica,Passeio,HOTSPOT,Sheffield standard,4,13,0,Público,Partilhado com Micromobilidade,2020-09-17,-9.17521146481849,38.756173138905
15665,1165,"Rua Tomás da Fonseca, 1B",São Domingos de Benfica,Passeio,HOTSPOT,Sheffield standard,4,13,0,Público,Partilhado com Micromobilidade,2020-09-17,-9.17583852382313,38.7561758883012
15666,1166,"Estrada da Luz, 197",São Domingos de Benfica,Passeio,HOTSPOT,Sheffield standard,2,9,0,Público,Partilhado com Micromobilidade,2020-09-17,-9.17771023206326,38.7565786381727
15667,1167,"Rua dos Soeiros, 339",São Domingos de Benfica,Passeio,BICICLETA,Sheffield standard,2,4,0,Público,Partilhado com Micromobilidade,2020-09-17,-9.17717907071514,38.7559506132168
15668,1168,Rua João de Freitas Branco,São Domingos de Benfica,Passeio,HOTSPOT,Sheffield standard,2,9,0,Público,Partilhado com Micromobilidade,2020-09-17,-9.18002215013609,38.749536542208
15669,1169,Rua Abílio Mendes,São Domingos de Benfica,Passeio,HOTSPOT,Sheffield standard,2,9,0,Público,Partilhado com Micromobilidade,2020-09-17,-9.1784346495987,38.7488679296892
15670,1170,Rua Abílio Mendes,São Domingos de Benfica,Passeio,HOTSPOT,Sheffield standard,2,9,0,Público,Partilhado com Micromobilidade,2020-09-17,-9.1771190603464,38.7487495585294
15671,1171,"Avenida Manuel da Maia, 2",Arroios,Passeio,BICICLETA,Sheffield standard,3,6,0,Público,Partilhado com Micromobilidade,2020-09-17,-9.13678637549074,38.734976441317
15672,1172,"Avenida do Brasil, 46",Alvalade,Passeio,BICICLETA,Sheffield standard,3,6,0,Público,Partilhado com Micromobilidade,2020-09-17,-9.14722123826215,38.7561721445844
15673,1173,"Rua Fernando Pessoa, Escola",Alvalade,Passeio,BICICLETA,Sheffield standard,2,4,0,Público,Partilhado com Micromobilidade,2020-09-17,-9.14593698832251,38.7506396923293
15674,1174,"Avenida David Mourão-Ferreira, 62B",Lumiar,Passeio,HOTSPOT,Sheffield standard,2,9,0,Público,Partilhado com Micromobilidade,2020-09-17,-9.15575621335439,38.7747489909626
15675,1175,"Estrada da Luz, 177F",São Domingos de Benfica,Passeio,HOTSPOT,Sheffield standard,2,9,0,Público,Partilhado com Micromobilidade,2020-09-17,-9.17675084343316,38.7556711225985
15676,1176,"Calçada da Tapada, 9",Alcântara,Passeio,BICICLETA,Sheffield standard,6,12,0,Público,Partilhado com Micromobilidade,,-9.17624261114205,38.7066751568625
15677,1178,"Rua Fernando Pessoa, 20",Alvalade,Lugar estacionamento automóvel,BICICLETA,Sheffield standard,5,10,0,Público,Partilhado com Micromobilidade,2022-06-01,-9.14721508853584,38.7504401797897
15678,1179,"Rua Fernando Pessoa, 12",Alvalade,Lugar estacionamento automóvel,BICICLETA,Sheffield standard,4,8,0,Público,Partilhado com Micromobilidade,2022-06-01,-9.14631439135972,38.7507380152789
15679,1180,Rua António Patrício,Alvalade,Via,HOTSPOT,Sheffield standard,3,11,0,Público,Partilhado com Micromobilidade,2020-09-01,-9.1434814033158,38.7495163757258
15680,1181,Rua António Patrício,Alvalade,Via,HOTSPOT,Sheffield standard,3,11,0,Público,Partilhado com Micromobilidade,2020-09-01,-9.14329283823366,38.7495618287019
15681,1182,Rua António Patrício,Alvalade,Via,HOTSPOT,Sheffield standard,3,11,0,Público,Partilhado com Micromobilidade,2020-09-01,-9.14298550392164,38.749634921256
15682,1183,Avenida António Augusto de Aguiar,Avenidas Novas,Passeio,BICICLETA,Entorta rodas,2,10,1,Privado,Interdito Micromobilidade,,-9.15289102660194,38.7327410857231
15683,1184,Avenida de Sidónio Pais,Avenidas Novas,Passeio,BICICLETA,Entorta rodas,2,10,1,Privado,Interdito Micromobilidade,,-9.15380955870523,38.7331412148691
15684,1185,"Alameda Edgar Cardoso, Estufa Fria",Avenidas Novas,Passeio,BICICLETA,Sheffield standard,3,6,0,Público,Partilhado com Micromobilidade,2020-06-22,-9.15546091669353,38.7289347487533
15685,1186,"Largo do Leão, Escola",Arroios,Passeio,BICICLETA,Sheffield standard,4,8,0,Público,Partilhado com Micromobilidade,2020-09-09,-9.13760612273916,38.734737024287
15686,1187,"Campo dos Mártires da Pátria, 30",Arroios,Passeio,BICICLETA,Sheffield standard,3,6,0,Público,Partilhado com Micromobilidade,2020-07-24,-9.1405025221891,38.7209563960845
15687,1188,"Rua Capitão Tenente Oliveira e Carmo, Lote 144",Olivais,Passeio,HOTSPOT,Sheffield standard,2,9,0,Público,Partilhado com Micromobilidade,2020-09-07,-9.1135128165365,38.7751992374758
15688,1189,Rua da Centieira,Parque das Nações,Passeio,BICICLETA,Sheffield standard,3,6,0,Público,Partilhado com Micromobilidade,2018-08-03,-9.10089341337234,38.7628565854307
15689,1190,"Avenida da República, 91",Avenidas Novas,Lugar estacionamento automóvel,BICICLETA,Sheffield standard,5,10,0,Público,Partilhado com Micromobilidade,2020-08-19,-9.14728830537755,38.7429827871436
15690,1191,"Avenida da República, 91",Avenidas Novas,Lugar estacionamento automóvel,BICICLETA,Sheffield standard,5,10,0,Público,Partilhado com Micromobilidade,2020-08-19,-9.14729964533384,38.7430294709745
15691,1192,"Avenida da República, 91",Avenidas Novas,Lugar estacionamento automóvel,BICICLETA,Sheffield standard,5,10,0,Público,Partilhado com Micromobilidade,2020-08-19,-9.14727755781629,38.7429385447008
15692,1193,Metro campo Grande,Lumiar,Passeio,BICICLETA,Grelha,1,6,0,Público,Partilhado com Micromobilidade,,-9.15751493714438,38.7594110394374
15693,1343,"Avenida Dr. Augusto de Castro, Lote 408",Marvila,Passeio,BICICLETA,Entorta rodas,1,5,1,Público,Partilhado com Micromobilidade,,-9.11307994943468,38.7576894027244
15694,1344,"Rua João Saraiva, 7",Alvalade,Lugar estacionamento automóvel,BICICLETA,Entorta rodas,2,10,1,Privado,Interdito Micromobilidade,,-9.14196350068814,38.756705457074
15695,1324,Rua da Cintura do Porto de Lisboa,Marvila,Passeio,BICICLETA,Sheffield standard,8,16,0,Público,Partilhado com Micromobilidade,2020-02-07,-9.09796299828858,38.7422573301481
15696,1325,Rua da Cintura do Porto de Lisboa,Marvila,Passeio,BICICLETA,Sheffield standard,8,16,0,Público,Partilhado com Micromobilidade,2020-02-07,-9.09777316084977,38.7447911911083
15697,1326,Rua da Cintura do Porto de Lisboa,Marvila,Passeio,BICICLETA,Sheffield standard,8,16,0,Público,Partilhado com Micromobilidade,2020-02-07,-9.09701232098809,38.7460577755839
15698,1327,Rua da Cintura do Porto de Lisboa,Marvila,Passeio,BICICLETA,Sheffield standard,8,16,0,Público,Partilhado com Micromobilidade,2020-02-07,-9.09749211997156,38.7458411269221
15699,1328,Largo da Estação de Braço de Prata,Marvila,Passeio,BICICLETA,Sheffield standard,5,10,0,Público,Partilhado com Micromobilidade,,-9.10308997701034,38.7457091588951
15700,1329,Avenida Infante Dom Henrique,Marvila,Passeio,BICICLETA,Sheffield standard,4,8,0,Público,Partilhado com Micromobilidade,2020-02-07,-9.09912048539575,38.7437087727142
15701,1330,"Avenida de Ceuta, Estação",Estrela,Passeio,BICICLETA,Sheffield standard,4,8,0,Público,Partilhado com Micromobilidade,,-9.17332610453328,38.7079200265614
15702,1331,"Avenida Infante Dom Henrique, 319",Marvila,Passeio,BICICLETA,Entorta rodas,1,5,1,Privado,Interdito Micromobilidade,,-9.1037682090784,38.755402835419
15703,1333,"Avenida Infante Dom Henrique, 321",Olivais,Passeio,BICICLETA,Entorta rodas,1,5,0,Público,Partilhado com Micromobilidade,,-9.10355763528485,38.7563508854483
15704,1334,"Avenida Francisco Salgado Zenha, Lote 2",Marvila,Passeio,BICICLETA,Entorta rodas,1,5,0,Público,Partilhado com Micromobilidade,,-9.11840902516145,38.7481983207927
15705,1335,"Rua Gaivotas em Terra, Escola",Parque das Nações,Passeio,BICICLETA,Entorta rodas,6,36,0,Privado,Interdito Micromobilidade,2021-01-15,-9.09793745350409,38.7553239623321
15706,1337,"Campo Grande, 13",Alvalade,Passeio,BICICLETA,Sheffield estreito,4,8,1,Privado,Interdito Micromobilidade,,-9.15003946960627,38.7490570039088
15707,1338,"Rua das Trinas, 4",Estrela,Lugar estacionamento automóvel,BICICLETA,Sheffield standard,4,8,0,Público,Partilhado com Micromobilidade,2021-02-10,-9.15644969532461,38.7075846089315
15708,1339,Rua Fernando Namora,Lumiar,Passeio,BICICLETA,Grelha,1,2,0,Público,Partilhado com Micromobilidade,,-9.1746231731767,38.7593932394383
15709,1340,Rua Fernando Namora,Lumiar,Passeio,BICICLETA,Grelha,1,2,0,Público,Partilhado com Micromobilidade,,-9.17449001045086,38.7590273942215
15710,1341,"Rua Luís Augusto Palmeirim, 10",Alvalade,Lugar estacionamento automóvel,HOTSPOT,Sheffield standard,4,13,0,Público,Partilhado com Micromobilidade,2020-12-01,-9.14202632223872,38.7553950104391
15711,1342,"Rua Luís Augusto Palmeirim, 4D",Alvalade,Lugar estacionamento automóvel,HOTSPOT,Sheffield standard,4,13,0,Público,Partilhado com Micromobilidade,2020-12-01,-9.14136400790123,38.7556166046837
15712,1354,Rua Francisco Gentil Martins,Campolide,Via,HOTSPOT,Sheffield standard,2,9,0,Público,Partilhado com Micromobilidade,,-9.17000820908196,38.7394547959017
15713,1355,Rua Conde de Almoster,São Domingos de Benfica,Passeio,HOTSPOT,Sheffield standard,2,9,0,Público,Partilhado com Micromobilidade,,-9.17867083591757,38.7424290270207
15714,1356,"Rua Conde de Almoster, 76",São Domingos de Benfica,Via,HOTSPOT,Sheffield standard,2,9,0,Público,Partilhado com Micromobilidade,,-9.18146548670825,38.7436418942735
15715,1357,"Rua Conde de Almoster, 82",São Domingos de Benfica,Passeio,HOTSPOT,Sheffield standard,2,9,0,Público,Partilhado com Micromobilidade,,-9.18190666011526,38.7438328621591
15716,1358,"Rua Conde de Almoster, 100",São Domingos de Benfica,Via,HOTSPOT,Sheffield standard,2,9,0,Público,Partilhado com Micromobilidade,,-9.18377023148446,38.7445420370461
15717,1359,Rua Conde de Almoster,São Domingos de Benfica,Via,HOTSPOT,Sheffield standard,2,9,0,Público,Partilhado com Micromobilidade,,-9.18827032451996,38.7448928410181
15718,1360,"Rua António Champalimaud, Lote 4",Carnide,Lugar estacionamento automóvel,HOTSPOT,Sheffield standard,2,9,0,Público,Partilhado com Micromobilidade,2021-03-19,-9.18183298620727,38.7678512683048
15719,1361,"Rua António Champalimaud, Lote 3",Carnide,Lugar estacionamento automóvel,HOTSPOT,Sheffield standard,2,9,0,Público,Partilhado com Micromobilidade,2021-03-19,-9.18121424643299,38.7683616053163
15720,1362,"Avenida Professor Egas Moniz, Piscina",Alvalade,Passeio,BICICLETA,Cascata,2,16,0,Público,Partilhado com Micromobilidade,,-9.16114508473373,38.7554816910227
15721,1363,Avenida Professor Egas Moniz,Alvalade,Passeio,BICICLETA,Entorta rodas,1,5,0,Público,Partilhado com Micromobilidade,,-9.16223099487135,38.7561493751315
15722,1364,"Avenida Professor Egas Moniz, Piscina",Alvalade,Passeio,BICICLETA,Entorta rodas,1,5,0,Público,Partilhado com Micromobilidade,,-9.16189400706507,38.7558284488779
15723,1365,Rua Ginestal Machado,São Domingos de Benfica,Passeio,BICICLETA,Sheffield standard,2,4,0,Público,Partilhado com Micromobilidade,2020-10-09,-9.17320369187266,38.7528827962633
15724,1366,"Rua Carlos Mardel, 32",Arroios,Via,BICICLETA,Sheffield standard,1,2,0,Público,Partilhado com Micromobilidade,2021-03-04,-9.13314711805238,38.7348953972552
15725,1567,Rua Castilho,Avenidas Novas,Via,HOTSPOT,Sheffield standard,2,9,0,Público,Partilhado com Micromobilidade,2021-10-22,-9.15669443821418,38.7284798455772
15726,1568,Rua Castilho,Avenidas Novas,Via,HOTSPOT,Sheffield standard,2,9,0,Público,Partilhado com Micromobilidade,2021-10-22,-9.15603757219093,38.7277412245937
15727,1345,"Rua Francisco Pedro Curado, 5",Penha de França,Lugar estacionamento automóvel,BICICLETA,Sheffield standard,5,10,0,Público,Partilhado com Micromobilidade,,-9.12661590012024,38.7271984761201
15728,1346,"Avenida de António José de Almeida, Universidade",Areeiro,Passeio,BICICLETA,Sheffield largo,8,16,0,Privado,Interdito Micromobilidade,,-9.13873629339467,38.7354575373013
15729,1347,"Avenida de António José de Almeida, Universidade",Areeiro,Passeio,BICICLETA,Sheffield largo,8,16,0,Privado,Interdito Micromobilidade,,-9.13898677202782,38.7380713282852
15730,1348,"Avenida de António José de Almeida, IST",Areeiro,Via,BICICLETA,Sheffield standard,10,20,0,Privado,Interdito Micromobilidade,,-9.13975501020564,38.7368573031507
15731,1349,"Avenida de António José de Almeida, IST",Areeiro,Via,BICICLETA,Sheffield standard,10,20,0,Privado,Interdito Micromobilidade,,-9.1397240636383,38.7365441016948
15732,1350,"Avenida de António José de Almeida, IST",Areeiro,Via,BICICLETA,Sheffield standard,4,8,0,Privado,Interdito Micromobilidade,,-9.1390243645111,38.7369316427394
15733,1351,"Avenida de António José de Almeida, IST",Areeiro,Via,BICICLETA,Sheffield standard,4,8,0,Privado,Interdito Micromobilidade,,-9.1389856312383,38.7365566006946
15734,1352,"Avenida de António José de Almeida, Universidade",Areeiro,Passeio,BICICLETA,Sheffield standard,6,12,0,Privado,Interdito Micromobilidade,2021-04-01,-9.13723810197884,38.7371654797567
15735,1353,Largo Prof. Arnaldo Sampaio,Campolide,Passeio,HOTSPOT,Sheffield standard,2,9,0,Público,Partilhado com Micromobilidade,,-9.16867669774944,38.7396117446939
15736,1194,Rua João Amaral,Santa Clara,Passeio,BICICLETA,Onda,1,5,0,Público,Partilhado com Micromobilidade,,-9.15283875439773,38.7834359061609
15737,1195,Calçada do Duque,Santa Maria Maior,Passeio,BICICLETA,Sheffield standard,3,6,1,Público,Partilhado com Micromobilidade,,-9.141363437336,38.7138717132203
15738,1196,Rua da Venezuela,Benfica,Passeio,BICICLETA,Sheffield standard,3,6,1,Privado,Interdito Micromobilidade,,-9.19986813494302,38.7444213960928
15739,1197,"Avenida Professor Egas Moniz, Escola",Alvalade,Passeio,BICICLETA,Sheffield standard,6,12,0,Privado,Interdito Micromobilidade,,-9.16260116080845,38.7495978430509
15740,1198,"Avenida Padre Manuel da Nóbrega, 15",Areeiro,Passeio,BICICLETA,Sheffield standard,5,10,0,Privado,Interdito Micromobilidade,,-9.13476249339263,38.7443921936736
15741,1199,Alameda da Universidade,Alvalade,Via,BICICLETA,Sheffield standard,4,8,0,Público,Partilhado com Micromobilidade,,-9.15771045521298,38.751122037266
15742,1200,"Avenida Professor Gama Pinto, Faculdade",Alvalade,Via,BICICLETA,Sheffield standard,4,8,0,Público,Partilhado com Micromobilidade,,-9.15723021454644,38.7494197463218
15743,1201,"Rua Capitão-Mor Pedro Teixeira, 11",Belém,Lugar estacionamento automóvel,BICICLETA,Sheffield standard,4,8,0,Público,Partilhado com Micromobilidade,2020-10-26,-9.20703991333335,38.7076808574651
15744,1202,"Rua Capitão-Mor Pedro Teixeira, Escola",Belém,Lugar estacionamento automóvel,BICICLETA,Sheffield standard,4,8,0,Público,Partilhado com Micromobilidade,2020-10-26,-9.20720795754726,38.7075077141492
15745,1203,Calçada do Galvão,Belém,Lugar estacionamento automóvel,BICICLETA,Sheffield standard,2,4,0,Público,Partilhado com Micromobilidade,2020-10-26,-9.20243242439459,38.7066270338935
15746,1204,"Avenida Dom Carlos I, 97",Estrela,Lugar estacionamento automóvel,HOTSPOT,Sheffield standard,2,9,0,Público,Partilhado com Micromobilidade,2020-10-26,-9.15342695355427,38.710103459533
15747,1205,"Largo do Conde Barão, 12",Misericórdia,Lugar estacionamento automóvel,HOTSPOT,Sheffield standard,2,9,0,Público,Partilhado com Micromobilidade,2020-10-26,-9.15113655475308,38.7087700932309
15748,1206,"Rua de São Pedro de Alcântara, 55",Misericórdia,Lugar estacionamento automóvel,HOTSPOT,Sheffield standard,2,9,0,Público,Partilhado com Micromobilidade,2020-10-26,-9.14415439275234,38.7144251508489
15749,1207,"Rua Marquês da Fronteira, 72A",Campolide,Lugar estacionamento automóvel,HOTSPOT,Sheffield standard,2,9,0,Público,Partilhado com Micromobilidade,2020-10-26,-9.16108727497718,38.7279006542807
15750,1208,"Rua Marquês da Fronteira, 177",Campolide,Lugar estacionamento automóvel,HOTSPOT,Sheffield standard,2,9,0,Público,Partilhado com Micromobilidade,2020-10-26,-9.16340212238186,38.7272816974586
15751,1209,"Rua Prof. Sousa da Câmara, 154",Campolide,Lugar estacionamento automóvel,HOTSPOT,Sheffield standard,2,9,0,Público,Partilhado com Micromobilidade,2020-10-26,-9.16244397214784,38.7254314991973
15752,1210,"Rua Almirante Barroso, 1B",Arroios,Lugar estacionamento automóvel,HOTSPOT,Sheffield standard,4,9,0,Público,Partilhado com Micromobilidade,2020-10-26,-9.14127544240941,38.7315290935412
15753,1211,Rua Carlos José Barreiros,Arroios,Via,HOTSPOT,Sheffield standard,2,9,0,Público,Partilhado com Micromobilidade,2020-10-26,-9.13641979340429,38.7323488620798
15754,1212,"Largo de Santa Bárbara, 11",Arroios,Lugar estacionamento automóvel,HOTSPOT,Sheffield standard,2,9,0,Público,Partilhado com Micromobilidade,2020-10-26,-9.13627691444964,38.7267429995164
15755,1213,"Rua Frei Francisco Foreiro, 8C",Arroios,Lugar estacionamento automóvel,HOTSPOT,Sheffield standard,2,9,0,Público,Partilhado com Micromobilidade,2020-10-26,-9.13548502049838,38.7280581062904
15756,1214,"Rua António Pedro, 32A",Arroios,Lugar estacionamento automóvel,HOTSPOT,Sheffield standard,2,9,0,Público,Partilhado com Micromobilidade,2020-10-26,-9.13540556491426,38.7297686784265
15757,1215,"Rua de Dona Estefânia, 127A",Arroios,Lugar estacionamento automóvel,HOTSPOT,Sheffield standard,2,9,0,Público,Partilhado com Micromobilidade,2020-10-26,-9.14081383634869,38.7311361232662
15758,1216,"Rua de Dona Estefânia, 114",Arroios,Lugar estacionamento automóvel,HOTSPOT,Sheffield standard,2,9,0,Público,Partilhado com Micromobilidade,2020-10-26,-9.14139324331439,38.7345013638979
15759,1217,"Rua Gomes Freire, 162",Arroios,Lugar estacionamento automóvel,HOTSPOT,Sheffield standard,2,9,0,Público,Partilhado com Micromobilidade,2020-10-26,-9.14198189011994,38.7274277416645
15760,1218,"Rua da Escola de Medicina Veterinária, 2",Arroios,Lugar estacionamento automóvel,HOTSPOT,Sheffield standard,4,13,0,Público,Partilhado com Micromobilidade,2020-10-26,-9.14070457057274,38.7299255335719
15761,1219,"Rua Alexandre Braga, 33",Arroios,Lugar estacionamento automóvel,BICICLETA,Sheffield standard,4,8,0,Público,Partilhado com Micromobilidade,2020-10-26,-9.14050784501091,38.7306390079462
15762,1246,Avenida de Pádua,Parque das Nações,Passeio,BICICLETA,Sheffield standard,33,66,0,Público,Partilhado com Micromobilidade,,-9.10107464876489,38.7630132090293
15763,1247,"Calçada da Estação, Estação",Campolide,Passeio,BICICLETA,Lisboa,8,16,0,Público,Partilhado com Micromobilidade,,-9.1682458247758,38.7322018378072
15764,1248,"Estrada da Torre, 28",Lumiar,Passeio,BICICLETA,Sheffield estreito,15,30,1,Privado,Interdito Micromobilidade,,-9.15847375446451,38.7741821940376
15765,1250,"Rua Mário Sampaio Ribeiro, Escola",Lumiar,Via,BICICLETA,Entorta rodas,2,10,0,Privado,Interdito Micromobilidade,,-9.16184131127107,38.7695840317933
15766,1251,Rua de Campolide,Campolide,Via,BICICLETA,Sheffield standard,4,8,0,Público,Partilhado com Micromobilidade,,-9.16627342685707,38.7367971226623
15767,1252,Avenida António Augusto de Aguiar,Avenidas Novas,Via,BICICLETA,Sheffield standard,4,8,0,Público,Partilhado com Micromobilidade,,-9.15597206142438,38.7369488509045
15769,1255,"Praça Dom Manuel I, 4A",Belém,Passeio,BICICLETA,Sheffield standard,2,4,0,Público,Partilhado com Micromobilidade,,-9.22628328311077,38.6984771703089
15770,1256,"Rua Raul Carapinha, Escola",São Domingos de Benfica,Lugar estacionamento automóvel,BICICLETA,Sheffield standard,3,6,0,Público,Partilhado com Micromobilidade,2020-12-14,-9.17146894744391,38.7412259172121
15771,1257,"Avenida D. João II, 4.69.01",Parque das Nações,Lugar estacionamento automóvel,HOTSPOT,Sheffield standard,2,9,0,Público,Partilhado com Micromobilidade,2020-12-14,-9.09740117316156,38.7759885640815
15772,1258,Avenida 24 de Julho,Estrela,Lugar estacionamento automóvel,HOTSPOT,Sheffield standard,2,9,0,Público,Partilhado com Micromobilidade,2020-12-14,-9.15552656459089,38.7065545058691
15774,1260,Praça Martim Moniz,Santa Maria Maior,Passeio,BICICLETA,Sheffield standard,3,6,0,Público,Partilhado com Micromobilidade,2021-02-03,-9.13638831315041,38.7151813484201
15776,1262,"Rua Gonçalves Zarco, 21H",Belém,Lugar estacionamento automóvel,HOTSPOT,Sheffield standard,2,9,0,Público,Partilhado com Micromobilidade,2020-12-14,-9.20624394635856,38.7023139213072
15777,1263,Parque do Vale do Silêncio,Olivais,Via,BICICLETA,Sheffield standard,2,4,0,Público,Partilhado com Micromobilidade,2020-12-14,-9.11851001868886,38.7656629797926
15778,1264,"Rua Cidade de Gabela, 1",Olivais,Lugar estacionamento automóvel,HOTSPOT,Sheffield standard,2,9,0,Público,Partilhado com Micromobilidade,2020-12-14,-9.114220419208,38.7680006003898
15779,1265,"Avenida de Pádua, Cemitério",Olivais,Via,BICICLETA,Sheffield standard,6,12,0,Público,Partilhado com Micromobilidade,2019-10-22,-9.10806426431264,38.76348650283
15780,1266,"Avenida Sacadura Cabral, 4B",Areeiro,Lugar estacionamento automóvel,HOTSPOT,Sheffield standard,2,9,0,Público,Partilhado com Micromobilidade,2020-07-01,-9.14012913302319,38.744823394688
15781,1267,Rua do Comércio,Santa Maria Maior,Lugar estacionamento motociclo,BICICLETA,Car Bike Port,5,8,0,Público,Partilhado com Micromobilidade,2020-09-08,-9.13859314319281,38.7084158303597
15782,1268,"Rua Francisco Stromp, 21C",Lumiar,Passeio,BICICLETA,Entorta rodas,5,5,0,Público,Partilhado com Micromobilidade,,-9.15960252578085,38.7638020600063
15783,1269,Eixo Central,Lumiar,Passeio,BICICLETA,Onda,2,10,0,Público,Partilhado com Micromobilidade,2013-05-18,-9.14828418924825,38.767364362013
15784,1270,Rua Interior à Azinhaga da Fonte do Louro,Areeiro,Passeio,BICICLETA,Lisboa,4,8,0,Público,Partilhado com Micromobilidade,,-9.13018046713251,38.7482164209789
15785,1271,"Avenida de Roma, 26AA",Areeiro,Passeio,BICICLETA,Entorta rodas,1,5,1,Privado,Interdito Micromobilidade,,-9.1386325704643,38.7447655858275
15786,1272,Rua Tomás da Fonseca,São Domingos de Benfica,Passeio,BICICLETA,Sheffield estreito,6,12,0,Privado,Interdito Micromobilidade,,-9.17549946349918,38.7564927077415
15787,1273,"Azinhaga das Galhardas, 23A",Alvalade,Passeio,BICICLETA,Sheffield standard,2,4,0,Público,Partilhado com Micromobilidade,,-9.16664692600488,38.7543662062422
15788,1274,Alameda da Universidade,Alvalade,Via,BICICLETA,Sheffield standard,4,8,0,Público,Partilhado com Micromobilidade,,-9.15885967916039,38.7520767642936
15789,1280,"Rua Luís Augusto Palmeirim, 19B",Alvalade,Lugar estacionamento automóvel,BICICLETA,Sheffield standard,4,8,0,Público,Partilhado com Micromobilidade,2020-12-01,-9.14446825495268,38.754505680027
15790,1282,"Avenida do Rio de Janeiro, INATEL",Alvalade,Passeio,BICICLETA,Grelha,1,5,0,Privado,Interdito Micromobilidade,,-9.13777149003143,38.7514539179482
15791,1283,"Avenida do Rio de Janeiro, INATEL",Alvalade,Passeio,BICICLETA,Grelha,1,5,0,Privado,Interdito Micromobilidade,,-9.14059959316291,38.750674536152
15792,1284,Campo Grande,Alvalade,Passeio,BICICLETA,Grelha,8,8,0,Privado,Interdito Micromobilidade,,-9.14970955940509,38.7511395076594
15793,1285,"Campo Grande, 23",Alvalade,Via,BICICLETA,Borboleta,1,5,0,Público,Partilhado com Micromobilidade,,-9.15000967946945,38.7494448069622
15794,1287,"Jardim Fernando Pessa, Estacionamento",Areeiro,Passeio,BICICLETA,Entorta rodas,7,35,1,Privado,Interdito Micromobilidade,,-9.13745926285399,38.7435996712205
15795,1288,"Rua Manuel Teixeira Gomes, Escola",Marvila,Lugar estacionamento automóvel,BICICLETA,Desconhecido,4,8,0,Público,Partilhado com Micromobilidade,2022-06-01,-9.11202334605734,38.7517222108314
15796,1289,"Rua Manuel Teixeira Gomes, Escola",Marvila,Passeio,BICICLETA,Sheffield standard,30,60,0,Privado,Interdito Micromobilidade,,-9.11209149315359,38.7516309238146
15797,1290,"Campo Grande, 13",Alvalade,Passeio,BICICLETA,Sheffield estreito,3,6,1,Privado,Interdito Micromobilidade,,-9.14984235775045,38.7490644386693
15798,1291,"Campo Grande, 13",Alvalade,Passeio,BICICLETA,Barra,6,6,1,Privado,Interdito Micromobilidade,,-9.14996937240977,38.7490494886993
15799,1292,Rua Gomes Freire,Arroios,Lugar estacionamento automóvel,BICICLETA,Entorta rodas,1,5,1,Privado,Interdito Micromobilidade,,-9.14205745812727,38.7289821102502
15800,1293,"Rua Rodrigues Sampaio, 97A",Santo António,Lugar estacionamento automóvel,BICICLETA,Sheffield standard,4,8,0,Público,Partilhado com Micromobilidade,2021-02-04,-9.14770395647598,38.7241702403475
15801,1294,"Calçada da Ajuda, 72",Belém,Lugar estacionamento automóvel,HOTSPOT,Sheffield standard,2,9,0,Público,Partilhado com Micromobilidade,2021-02-04,-9.19956983404918,38.6988739060265
15802,1295,"Avenida da Ilha da Madeira, 30D",Belém,Lugar estacionamento automóvel,HOTSPOT,Sheffield standard,4,13,0,Público,Partilhado com Micromobilidade,2021-02-04,-9.20774497940985,38.7058144394666
15803,1296,"Avenida da Ilha da Madeira, 35C",Belém,Via,BICICLETA,Sheffield standard,2,4,0,Público,Partilhado com Micromobilidade,2021-02-04,-9.20816178965392,38.7062048744795
15804,1297,"Rua dos Jerónimos, 24C",Belém,Lugar estacionamento automóvel,BICICLETA,Sheffield standard,2,4,0,Público,Partilhado com Micromobilidade,2021-02-04,-9.2058076522562,38.6999889183818
15805,1298,"Rua Adolfo Coelho, 22",Penha de França,Via,HOTSPOT,Sheffield standard,2,9,0,Público,Partilhado com Micromobilidade,2021-02-04,-9.12045626336986,38.7254556341092
15806,1299,"Rua Rodrigo da Fonseca, 57A",Santo António,Lugar estacionamento automóvel,HOTSPOT,Sheffield standard,2,9,0,Público,Partilhado com Micromobilidade,2021-02-04,-9.15314317972516,38.7227117896367
15807,1300,"Largo da Luz, Portaria do Colégio Militar",Carnide,Via,BICICLETA,Sheffield standard,2,4,0,Público,Partilhado com Micromobilidade,2021-02-04,-9.18336665152856,38.760077990192
15808,1301,"Estrada do Paço do Lumiar, 67",Carnide,Lugar estacionamento automóvel,BICICLETA,Sheffield standard,2,4,0,Público,Partilhado com Micromobilidade,2021-02-04,-9.18294052521571,38.7622886304369
15809,1302,"Rua Padre Américo, 11C",Carnide,Lugar estacionamento automóvel,BICICLETA,Sheffield standard,2,4,0,Público,Partilhado com Micromobilidade,2021-02-04,-9.17979790569405,38.7614232908143
15810,1303,"Rua Padre Américo, 20",Carnide,Lugar estacionamento automóvel,BICICLETA,Sheffield standard,2,4,0,Público,Partilhado com Micromobilidade,2021-02-04,-9.17965047058109,38.7623627952731
15811,1304,"Rua Padre Américo, 22J",Carnide,Via,HOTSPOT,Sheffield standard,2,9,0,Público,Partilhado com Micromobilidade,2021-02-04,-9.17993311789434,38.7626857001043
15812,1305,Praça São Francisco de Assis,Carnide,Lugar estacionamento automóvel,HOTSPOT,Sheffield standard,2,9,0,Público,Partilhado com Micromobilidade,2021-02-04,-9.18088387303954,38.7639183887662
15813,1306,"Avenida General Roçadas, 9",Penha de França,Lugar estacionamento automóvel,HOTSPOT,Sheffield standard,2,9,0,Público,Partilhado com Micromobilidade,2021-02-04,-9.12869541290068,38.7241296776916
15814,1307,"Rua da Penha de França, 110A",Penha de França,Lugar estacionamento automóvel,HOTSPOT,Sheffield standard,2,9,0,Público,Partilhado com Micromobilidade,2021-02-04,-9.12944102499099,38.7241945148509
15815,1308,"Rua Cidade da Horta, 38",Arroios,Lugar estacionamento automóvel,HOTSPOT,Sheffield standard,2,9,0,Público,Partilhado com Micromobilidade,2020-07-08,-9.13905600802562,38.7321815878051
15816,1309,"Rua Cidade de Bolama, Escola",Olivais,Passeio,BICICLETA,Sheffield standard,5,10,0,Público,Partilhado com Micromobilidade,2023-04-01,-9.11637297021701,38.7616145165183
15817,1310,Rua Alexandre de Sá Pinto,Belém,Via,BICICLETA,Sheffield standard,4,8,0,Privado,Interdito Micromobilidade,2020-02-12,-9.19568799786491,38.6995465586279
15818,1311,"Rua Jorge de Sena, 3B",Santa Clara,Lugar estacionamento automóvel,HOTSPOT,Sheffield standard,2,9,0,Público,Partilhado com Micromobilidade,2021-02-04,-9.16081336911214,38.779218181548
15819,1312,"Alameda da Encarnação, Igreja",Olivais,Via,BICICLETA,Sheffield standard,2,4,0,Público,Partilhado com Micromobilidade,2021-01-21,-9.11737593251973,38.7735698986881
15820,1313,Rua Contra-Almirante Armando Ferraz,Olivais,Lugar estacionamento automóvel,HOTSPOT,Sheffield standard,2,9,0,Público,Partilhado com Micromobilidade,2021-01-21,-9.10961930474125,38.768414513479
15821,1314,"Rua General Silva Freire, Lote 158",Olivais,Lugar estacionamento automóvel,HOTSPOT,Sheffield standard,2,9,0,Público,Partilhado com Micromobilidade,2021-01-21,-9.11344752633869,38.7739853913725
15822,1315,"Rua Cesina Adães Bermudes, 3",Carnide,Lugar estacionamento automóvel,HOTSPOT,Sheffield standard,2,9,0,Público,Partilhado com Micromobilidade,2021-02-04,-9.18446384552111,38.76490926229
15823,1316,"Rua Cesina Adães Bermudes, 1",Carnide,Lugar estacionamento automóvel,BICICLETA,Sheffield standard,4,8,0,Público,Partilhado com Micromobilidade,2021-02-04,-9.18436536525886,38.7653343779258
15824,1317,"Rua Flores de Lima, 16",Alvalade,Passeio,BICICLETA,Sheffield standard,3,6,0,Público,Partilhado com Micromobilidade,2019-04-01,-9.14452796854303,38.7484031331158
15825,1318,"Rua Frei Francisco Foreiro, 11",Arroios,Lugar estacionamento automóvel,BICICLETA,Sheffield standard,4,8,0,Público,Partilhado com Micromobilidade,2021-02-09,-9.13604573674538,38.7280437568545
15826,1319,Rua de Pascoal de Melo,Arroios,Lugar estacionamento automóvel,HOTSPOT,Sheffield standard,2,9,0,Público,Partilhado com Micromobilidade,2021-02-09,-9.13711021124956,38.7313694589963
15828,1396,Avenida de Brasília,Estrela,Lugar estacionamento automóvel,HOTSPOT,Sheffield standard,2,9,0,Público,Partilhado com Micromobilidade,2021-03-19,-9.15511874046026,38.7060031997015
15829,1398,"Largo Hintze Ribeiro, 1A",Santo António,Via,BICICLETA,Sheffield standard,4,12,0,Público,Partilhado com Micromobilidade,2022-06-01,-9.15520410493949,38.7187720396134
15830,1399,"Praça Nuno Rodrigues dos Santos, 7",São Domingos de Benfica,Lugar estacionamento automóvel,HOTSPOT,Sheffield standard,4,13,0,Público,Partilhado com Micromobilidade,2021-03-19,-9.16645573535287,38.7447421039803
15831,1401,"Rua Carlos Alves, 3A",Carnide,Lugar estacionamento automóvel,HOTSPOT,Sheffield standard,2,9,0,Público,Partilhado com Micromobilidade,2021-03-19,-9.18285073315478,38.7646069013492
15832,1402,Rua Cupertino de Miranda,Carnide,Lugar estacionamento automóvel,HOTSPOT,Sheffield standard,2,9,0,Público,Partilhado com Micromobilidade,2021-03-19,-9.18261809344054,38.7669778859907
15833,1403,Rua Cupertino de Miranda,Carnide,Passeio,BICICLETA,Sheffield standard,4,8,0,Público,Partilhado com Micromobilidade,2021-03-19,-9.18249913684448,38.767065945077
15834,1406,"Rua Professor Reinaldo dos Santos, 21",São Domingos de Benfica,Passeio,BICICLETA,Sheffield estilizado,2,4,0,Público,Partilhado com Micromobilidade,,-9.18880971874234,38.7488731650126
15835,1407,"Estrada de Benfica, 360",São Domingos de Benfica,Passeio,BICICLETA,Borboleta,1,6,0,Público,Partilhado com Micromobilidade,,-9.18122738405964,38.7454083223632
15836,1408,"Rua Ferreira da Silva, 1",Arroios,Via,BICICLETA,Sheffield standard,1,2,0,Público,Partilhado com Micromobilidade,2021-03-27,-9.13330536934056,38.7355217552237
15837,1409,"Rua Ferreira da Silva, 1",Arroios,Via,BICICLETA,Sheffield standard,1,2,0,Público,Interdito Micromobilidade,2021-03-27,-9.13319793221981,38.7354547497664
15838,1410,Rua Ângela Pinto,Arroios,Via,BICICLETA,Sheffield standard,1,2,0,Público,Interdito Micromobilidade,2021-03-27,-9.13228875360939,38.735556070361
15839,1411,Rua Ângela Pinto,Arroios,Via,BICICLETA,Sheffield standard,1,2,0,Público,Interdito Micromobilidade,2021-03-27,-9.13224575085808,38.7355272416447
15840,1412,Rua Ângela Pinto,Arroios,Via,BICICLETA,Sheffield standard,1,2,0,Público,Interdito Micromobilidade,2021-03-27,-9.13220873401329,38.7354912122117
15841,1413,"Rua Alberto de Oliveira, 23",Alvalade,Lugar estacionamento automóvel,BICICLETA,Sheffield standard,5,10,0,Público,Partilhado com Micromobilidade,2021-04-05,-9.14545728115755,38.7523433148477
15842,1414,"Rua Coronel Ferreira do Amaral, Escola",Penha de França,Via,BICICLETA,Sheffield estreito,4,8,0,Público,Interdito Micromobilidade,,-9.12755533114713,38.7364503038539
15843,1415,"Rua Coronel Ferreira do Amaral, Escola",Penha de França,Via,BICICLETA,Sheffield estreito,5,10,0,Público,Interdito Micromobilidade,,-9.12751101868807,38.7361074803373
15844,1416,Rua Maria da Fonte,Arroios,Via,BICICLETA,Sheffield standard,6,10,0,Público,Partilhado com Micromobilidade,2019-08-01,-9.13258692423148,38.7219243301111
15845,1417,"Avenida dos Defensores de Chaves, 45",Avenidas Novas,Passeio,BICICLETA,Entorta rodas,1,11,1,Privado,Interdito Micromobilidade,,-9.14399554212266,38.7368905184017
15846,1419,"Avenida 24 de Julho, 155",Estrela,Passeio,BICICLETA,Sheffield standard,5,10,1,Privado,Interdito Micromobilidade,,-9.17304668955764,38.7034695914503
15847,1418,"Rua Almada Negreiros, Escola",Olivais,Passeio,BICICLETA,Sheffield standard,15,30,0,Privado,Interdito Micromobilidade,2021-04-08,-9.10989888420842,38.7593028230697
15848,1420,Alameda das Comunidades Portuguesas,Olivais,Passeio,BICICLETA,Onda,1,4,0,Público,Partilhado com Micromobilidade,,-9.12875410420388,38.7668636370323
15849,1421,"Avenida D. João II, 4.69.01",Parque das Nações,Passeio,BICICLETA,Entorta rodas,1,5,0,Público,Partilhado com Micromobilidade,,-9.09779642479133,38.7765142114249
15850,1422,"Avenida D. João II, 4.69.01",Parque das Nações,Passeio,BICICLETA,Entorta rodas,1,5,0,Público,Partilhado com Micromobilidade,,-9.09785401022602,38.7765173103413
15851,1423,"Campo Grande, Caleidoscópio",Alvalade,Passeio,BICICLETA,Grelha,5,5,0,Privado,Interdito Micromobilidade,,-9.15359609652104,38.7570756351363
15852,1424,"Avenida Marechal Craveiro Lopes, 1",Lumiar,Passeio,BICICLETA,Entorta rodas,2,10,0,Privado,Interdito Micromobilidade,,-9.15415555995713,38.7604737061783
15853,1425,"Rua Luís Augusto Palmeirim, Escola",Alvalade,Passeio,BICICLETA,Borboleta,1,5,0,Privado,Interdito Micromobilidade,,-9.14430163096287,38.7547022600465
15854,1426,"Rua Alberto de Oliveira, 9",Alvalade,Passeio,BICICLETA,Sheffield standard,6,12,0,Público,Partilhado com Micromobilidade,2021-04-29,-9.1446566471468,38.7508778503024
15855,1427,"Avenida 5 de Outubro, 206",Avenidas Novas,Passeio,BICICLETA,Cascata,1,12,0,Público,Partilhado com Micromobilidade,,-9.14908094095798,38.743697887845
15856,1428,"Avenida Engenheiro Duarte Pacheco, 32",Campolide,Passeio,BICICLETA,Entorta rodas,3,12,0,Privado,Interdito Micromobilidade,,-9.16360040666258,38.723966353709
15857,1429,"Avenida Engenheiro Duarte Pacheco, 32",Campolide,Passeio,BICICLETA,Borboleta,1,6,0,Privado,Interdito Micromobilidade,,-9.16341283905164,38.7241461607647
15858,1320,"Rua Carlos Alves, 2",Carnide,Lugar estacionamento automóvel,HOTSPOT,Sheffield standard,2,9,0,Público,Partilhado com Micromobilidade,2021-02-09,-9.18277623285046,38.7649240743986
15859,1321,"Rua da Cintura do Porto de Lisboa, Pav 397",Marvila,Passeio,BICICLETA,Sheffield standard,4,8,0,Público,Partilhado com Micromobilidade,2020-02-07,-9.09923351158626,38.7424982951874
15860,1322,Avenida Infante Dom Henrique,Marvila,Passeio,BICICLETA,Sheffield standard,4,8,0,Público,Partilhado com Micromobilidade,2020-02-07,-9.09855165345643,38.7435585550235
15861,1323,Rua da Cintura do Porto de Lisboa,Marvila,Passeio,BICICLETA,Sheffield standard,8,16,0,Público,Partilhado com Micromobilidade,2020-02-07,-9.09804469039075,38.7437653245495
15862,1569,"Rua Doutor Gama Barros, 65",Alvalade,Via,BICICLETA,Sheffield standard,2,4,0,Público,Partilhado com Micromobilidade,2021-10-22,-9.13722982215246,38.7482384015779
15863,1570,"Rua Conde de Sabugosa, 3",Alvalade,Via,BICICLETA,Sheffield standard,2,4,0,Público,Partilhado com Micromobilidade,2021-10-22,-9.13996454542525,38.7469772001563
15864,1571,"Avenida São João de Deus, 31",Alvalade,Via,BICICLETA,Sheffield standard,2,4,0,Público,Partilhado com Micromobilidade,2021-10-22,-9.13767620210577,38.7453874576363
15865,1572,"Rua Martins Barata, 2",Belém,Via,BICICLETA,Sheffield standard,2,4,0,Público,Partilhado com Micromobilidade,2021-10-22,-9.21061133323571,38.6964438274353
15866,1573,"Rua Olivério Serpa, 9Q",Benfica,Lugar estacionamento automóvel,BICICLETA,Sheffield standard,4,8,0,Público,Partilhado com Micromobilidade,2021-10-22,-9.20749844795219,38.7496454481703
15867,1601,"Avenida Almirante Gago Coutinho, 162",Alvalade,Passeio,BICICLETA,Sheffield standard,3,6,0,Privado,Interdito Micromobilidade,2021-11-10,-9.12957022246378,38.7607051028242
15868,1602,"Rua Conde de Arnoso, 3",Alvalade,Passeio,BICICLETA,Sheffield standard,3,6,0,Público,Partilhado com Micromobilidade,2021-11-10,-9.13631618046414,38.7559430510319
15869,1603,"Rua Luís Augusto Palmeirim, Escola",Alvalade,Passeio,BICICLETA,Sheffield standard,12,24,0,Privado,Interdito Micromobilidade,2021-11-10,-9.14425681082479,38.7547170900539
15870,1604,"Estrada das Laranjeiras, 122",Avenidas Novas,Passeio,BICICLETA,Sheffield standard,5,10,0,Público,Partilhado com Micromobilidade,2021-11-10,-9.16318351001684,38.7414728917674
15871,1605,"Estrada de Benfica, 358",São Domingos de Benfica,Passeio,BICICLETA,Sheffield standard,4,8,0,Privado,Interdito Micromobilidade,2021-11-08,-9.18052888376265,38.7451004136244
15872,1606,"Rua Maestro Frederico de Freitas, Escola",São Domingos de Benfica,Passeio,BICICLETA,Sheffield standard,6,12,0,Privado,Interdito Micromobilidade,2021-11-08,-9.1812981044664,38.7484288171581
15873,1607,"Rua Gaivotas em Terra, Escola",Parque das Nações,Passeio,BICICLETA,Sheffield standard,15,30,0,Público,Partilhado com Micromobilidade,2021-02-15,-9.09788097650052,38.7553975704892
15874,1608,"Rua Virgílio Correia, Escola",São Domingos de Benfica,Passeio,BICICLETA,Sheffield standard,6,12,0,Privado,Interdito Micromobilidade,2021-10-26,-9.17357306358899,38.7549377956229
15875,1610,"Estrada das Laranjeiras, 122",Avenidas Novas,Passeio,BICICLETA,Sheffield standard,9,18,0,Privado,Interdito Micromobilidade,2021-10-26,-9.16301110039775,38.7415153650951
15876,1611,"Rua António Nobre, 55",São Domingos de Benfica,Passeio,BICICLETA,Sheffield standard,5,10,0,Privado,Interdito Micromobilidade,2022-10-14,-9.17778941917198,38.7460308426898
15877,1612,"Praça de Londres, 5",Areeiro,Passeio,BICICLETA,Sheffield standard,7,14,0,Público,Partilhado com Micromobilidade,2020-01-17,-9.13725115379771,38.7412252015006
15878,1613,"Rua Cidade de Vila Cabral, Escola",Olivais,Via,BICICLETA,Sheffield standard,6,12,0,Público,Partilhado com Micromobilidade,2021-10-19,-9.1216877627523,38.7655910200034
15879,1614,"Rua Cidade de Vila Cabral, Escola",Olivais,Passeio,BICICLETA,Sheffield standard,3,6,0,Privado,Interdito Micromobilidade,2021-10-18,-9.12141244206877,38.7674798674056
15880,1616,"Avenida de António José de Almeida, Universidade",Areeiro,Passeio,BICICLETA,Sheffield standard,3,6,0,Privado,Interdito Micromobilidade,2021-10-11,-9.13717841477289,38.7365392375235
15881,1617,"Avenida de António José de Almeida, Universidade",Areeiro,Lugar estacionamento automóvel,BICICLETA,Sheffield standard,5,10,0,Privado,Interdito Micromobilidade,2021-10-11,-9.13977481467336,38.7357371985209
15882,1618,"Avenida de António José de Almeida, IST",Areeiro,Via,BICICLETA,Sheffield standard,5,10,0,Privado,Interdito Micromobilidade,2021-10-12,-9.13984163677712,38.7368555986892
15883,1619,"Rua Maestro Frederico de Freitas, Escola",São Domingos de Benfica,Passeio,BICICLETA,Sheffield standard,6,12,0,Privado,Interdito Micromobilidade,2021-10-15,-9.18137935386381,38.7484475030331
15884,1620,"Rua Cidade de Vila Cabral, Escola",Olivais,Passeio,BICICLETA,Sheffield standard,4,8,0,Privado,Interdito Micromobilidade,2021-10-18,-9.12152178862377,38.7676041333299
15885,1621,"Estrada de Benfica, 535",Benfica,Passeio,BICICLETA,Lisboa,10,20,0,Privado,Interdito Micromobilidade,,-9.19463662209467,38.7496247022
15886,1622,Travessa do Grilo,Beato,Passeio,BICICLETA,Sheffield standard,6,12,0,Público,Partilhado com Micromobilidade,2021-09-15,-9.10634818183403,38.7302905768658
15887,1634,"Rua Professor Sedas Nunes, Escola",Carnide,Passeio,BICICLETA,Sheffield standard,6,12,0,Privado,Interdito Micromobilidade,2021-12-13,-9.19276960319827,38.7676041530678
15888,1635,"Rua Diogo de Macedo, Escola",Avenidas Novas,Passeio,BICICLETA,Sheffield standard,5,10,0,Privado,Interdito Micromobilidade,2021-12-15,-9.15600862882791,38.7455746782814
15889,1636,"Estrada de Benfica, 535",Benfica,Passeio,BICICLETA,Sheffield standard,2,4,0,Privado,Interdito Micromobilidade,2021-12-15,-9.19485655931301,38.749672886965
15890,1637,"Rua Dr. Cunha Seixas, Escola",Benfica,Passeio,BICICLETA,Sheffield standard,4,8,0,Privado,Interdito Micromobilidade,2021-12-08,-9.2101376636444,38.7501385045532
15891,1638,"Rua Fernando Pessoa, Escola",Alvalade,Passeio,BICICLETA,Sheffield standard,4,8,0,Privado,Interdito Micromobilidade,2021-12-05,-9.14606703665442,38.7504617227062
15892,1367,"Rua Ângela Pinto, 2",Arroios,Via,BICICLETA,Sheffield standard,1,2,0,Público,Interdito Micromobilidade,2021-03-04,-9.13303658788049,38.7349227979706
15893,1368,Rua Prof. Fernando da Fonseca,Lumiar,Via,BICICLETA,Entorta rodas,1,6,1,Privado,Interdito Micromobilidade,,-9.16162520833115,38.7617180958514
15894,1369,Rua Prof. Moniz Pereira,Lumiar,Passeio,BICICLETA,Entorta rodas,1,5,0,Privado,Interdito Micromobilidade,,-9.16071715012843,38.7602305977587
15895,1370,"Avenida do Brasil, 53",Alvalade,Via,BICICLETA,Onda,1,5,0,Privado,Interdito Micromobilidade,,-9.14582698983862,38.7570149576585
15896,1371,"Avenida do Brasil, 53",Alvalade,Lugar estacionamento automóvel,BICICLETA,Onda,1,5,0,Privado,Interdito Micromobilidade,,-9.14930311377985,38.7595629535477
15897,1372,"Rua Cidade de Bolama, 4",Olivais,Passeio,BICICLETA,Entorta rodas,1,5,0,Público,Partilhado com Micromobilidade,,-9.11395273114428,38.7618875968016
15898,1373,"Rua Cidade de Bissau, Lote 19",Olivais,Passeio,BICICLETA,Entorta rodas,1,5,0,Público,Partilhado com Micromobilidade,,-9.11411393782452,38.762649999836
15899,1374,Rua Cidade de Bissau,Olivais,Via,BICICLETA,Entorta rodas,1,5,1,Privado,Interdito Micromobilidade,,-9.11344172684262,38.7622181398459
15900,1375,"Rua Frederico George, Lote 2",Lumiar,Passeio,BICICLETA,Entorta rodas,1,6,1,Público,Partilhado com Micromobilidade,,-9.16680085459622,38.768939114099
15901,1376,"Avenida das Nações Unidas, 16B",Lumiar,Via,BICICLETA,Sheffield estreito,4,8,1,Privado,Interdito Micromobilidade,,-9.17488234846007,38.7643572858362
15902,1377,"Azinhaga da Torre do Fato, 6",Lumiar,Via,BICICLETA,Sheffield estreito,2,4,1,Privado,Interdito Micromobilidade,,-9.17693688631849,38.7646535506229
15903,1378,"Rua 11 do Bairro das Terras do Forno ou Novo de Belém, Lote 3",Belém,Passeio,BICICLETA,Sheffield estreito,3,6,0,Público,Partilhado com Micromobilidade,,-9.20455063197241,38.7007838031727
15905,1380,"Rua Fernão Mendes Pinto, 41A",Belém,Lugar estacionamento automóvel,BICICLETA,Sheffield standard,4,8,0,Público,Partilhado com Micromobilidade,2021-02-01,-9.22507261031498,38.6975378998023
15906,1381,"Rua General Massano de Amorim, 15",Ajuda,Passeio,BICICLETA,Grelha,1,9,0,Público,Partilhado com Micromobilidade,,-9.20049189668058,38.702322669227
15908,1383,"Rua Nova do Calhariz, 34A",Ajuda,Passeio,BICICLETA,Grelha,1,4,0,Público,Partilhado com Micromobilidade,,-9.19652752220983,38.7025214555878
15909,1384,"Estrada de Montes Claros, Centro Equestre",Ajuda,Passeio,BICICLETA,Sheffield estilizado,2,4,0,Público,Partilhado com Micromobilidade,,-9.20005413359184,38.7189824783099
15910,1385,"Estrada de Montes Claros, Centro Equestre",Ajuda,Passeio,BICICLETA,Sheffield estilizado,2,4,0,Público,Partilhado com Micromobilidade,,-9.20016123559437,38.7186982608698
15911,1386,Calçada da Estação,Campolide,Passeio,BICICLETA,Lisboa,3,6,0,Público,Partilhado com Micromobilidade,2019-07-01,-9.16968230568666,38.7297764890177
15912,1387,Calçada da Estação,Campolide,Passeio,BICICLETA,Lisboa,3,6,0,Público,Partilhado com Micromobilidade,2019-07-01,-9.17012479758218,38.7291934148922
15913,1388,Largo da Igreja a Campolide,Campolide,Passeio,BICICLETA,Cascata,1,4,0,Público,Partilhado com Micromobilidade,,-9.1683441628497,38.7267589060667
15914,1389,Jardim Guerra Junqueiro,Estrela,Passeio,BICICLETA,Sheffield estilizado,1,10,0,Privado,Interdito Micromobilidade,,-9.15982856074152,38.7137365400632
15915,1391,"Travessa André Valente, 7",Misericórdia,Passeio,BICICLETA,Sheffield standard,6,12,1,Público,Interdito Micromobilidade,,-9.14757281374361,38.711154715248
15916,1392,Beco da Atafona,Santa Maria Maior,Passeio,BICICLETA,Sheffield standard,1,2,1,Público,Interdito Micromobilidade,,-9.13503089356091,38.7123125857938
15917,1393,"Campo dos Mártires da Pátria, Faculdade",Arroios,Passeio,BICICLETA,Entorta rodas,1,5,0,Privado,Interdito Micromobilidade,,-9.13917056432242,38.719266384529
15918,1394,"Rua Prof. Bento de Jesus Caraça, 71E",Lumiar,Passeio,BICICLETA,Entorta rodas,1,5,0,Público,Partilhado com Micromobilidade,,-9.17073424385133,38.7648615300691
15919,1430,"Avenida de António José de Almeida, Universidade",Areeiro,Passeio,BICICLETA,Sheffield largo,4,8,0,Privado,Interdito Micromobilidade,,-9.13916261485513,38.7379737399439
15920,1431,"Avenida de António José de Almeida, Universidade",Areeiro,Passeio,BICICLETA,Sheffield largo,6,12,0,Privado,Interdito Micromobilidade,,-9.13970965582174,38.7373474633742
15921,1432,"Avenida de António José de Almeida, IST",Areeiro,Passeio,BICICLETA,Entorta rodas,1,5,0,Privado,Interdito Micromobilidade,,-9.13967636455676,38.7369051653344
15922,1433,"Avenida de António José de Almeida, IST",Areeiro,Passeio,BICICLETA,Entorta rodas,1,5,0,Privado,Interdito Micromobilidade,,-9.1396647297616,38.7369433984719
15923,1434,"Avenida de António José de Almeida, Universidade",Areeiro,Passeio,BICICLETA,Sheffield largo,2,4,0,Privado,Interdito Micromobilidade,,-9.139815979957,38.7357071721314
15924,1435,Estrada de Benfica,São Domingos de Benfica,Lugar estacionamento automóvel,HOTSPOT,Sheffield standard,2,9,0,Público,Partilhado com Micromobilidade,2021-05-05,-9.18163056403187,38.7456899532364
15925,1436,"Avenida Dom Carlos I, 51D",Estrela,Lugar estacionamento automóvel,HOTSPOT,Sheffield standard,2,9,0,Público,Partilhado com Micromobilidade,2021-05-05,-9.15296883384375,38.7082223046314
15926,1437,"Rua Padre Américo, 8A",Carnide,Lugar estacionamento automóvel,BICICLETA,Sheffield standard,2,4,0,Público,Partilhado com Micromobilidade,2021-05-05,-9.17963241234291,38.7608579078669
15927,1438,"Rua António Pedro, 68",Arroios,Lugar estacionamento automóvel,HOTSPOT,Sheffield standard,2,9,0,Público,Partilhado com Micromobilidade,2021-05-05,-9.13511604507034,38.7328183818148
15928,1439,"Calçadinha dos Olivais, Escola",Olivais,Lugar estacionamento automóvel,HOTSPOT,Sheffield standard,2,9,0,Público,Partilhado com Micromobilidade,2021-05-05,-9.10719764993358,38.7696547322766
15930,1441,Rua da Cintura do Porto de Lisboa,Estrela,Via,HOTSPOT,Sheffield standard,2,9,0,Público,Partilhado com Micromobilidade,2021-05-05,-9.15245040764052,38.705423759661
15932,1443,Avenida de Brasília,Belém,Lugar estacionamento automóvel,HOTSPOT,Sheffield standard,2,9,0,Público,Partilhado com Micromobilidade,2021-05-05,-9.2029446836676,38.6951739777546
15933,1444,"Rua da Praia do Bom Sucesso, 1",Belém,Lugar estacionamento automóvel,BICICLETA,Sheffield standard,3,6,0,Público,Partilhado com Micromobilidade,2021-05-05,-9.21235922626427,38.6951904863641
15934,2545,Rua João de Freitas Branco,São Domingos de Benfica,Passeio,HOTSPOT,Desconhecido,0,10,0,Público,Dedicado Micromobilidade,2025-06-02,-9.18013548525164,38.7510023353401
15935,1446,"Rua do Jardim do Tabaco, 32",Santa Maria Maior,Lugar estacionamento motociclo,BICICLETA,Sheffield standard,4,8,0,Público,Partilhado com Micromobilidade,2021-05-05,-9.12586883237978,38.7121483931389
15936,1447,"Rua António Champalimaud, 1",Carnide,Lugar estacionamento automóvel,HOTSPOT,Sheffield standard,2,9,0,Público,Partilhado com Micromobilidade,2021-05-05,-9.18050557458415,38.7693461643677
15937,1448,"Rua Nova de São Mamede, 76",Santo António,Via,BICICLETA,Sheffield standard,4,8,0,Público,Partilhado com Micromobilidade,2021-05-05,-9.15089142687006,38.7196687900258
15938,1449,"Rua Professor Gomes Teixeira, 5",Campo de Ourique,Lugar estacionamento automóvel,BICICLETA,Sheffield estilizado,4,8,0,Público,Partilhado com Micromobilidade,,-9.16679680895273,38.713569472598
15939,1450,"Azinhaga da Bela Vista, 2B",Marvila,Passeio,BICICLETA,Entorta rodas,1,5,0,Privado,Interdito Micromobilidade,2020-10-26,-9.12608789421308,38.7556714502801
15940,1451,Rua Prof.ª Teresa Ambrósio,Alvalade,Lugar estacionamento automóvel,BICICLETA,Sheffield standard,5,10,1,Privado,Interdito Micromobilidade,2020-10-26,-9.15598486706517,38.7502524344013
15941,1452,"Rua Interior à Alameda da Universidade, Faculdade - Edif C5",Alvalade,Passeio,BICICLETA,Sheffield standard,10,40,1,Privado,Interdito Micromobilidade,2020-10-26,-9.15704319544777,38.7559964119244
15942,1453,"Rua Prof. José Sebastião e Silva, Escola",Benfica,Passeio,BICICLETA,Borboleta,1,5,0,Privado,Interdito Micromobilidade,2020-10-26,-9.19307305948106,38.7465167473405
15943,1454,"Campus de Benfica do Instituto Politécnico de Lisboa, Escola",Benfica,Passeio,BICICLETA,Borboleta,1,5,0,Privado,Interdito Micromobilidade,2020-10-26,-9.19655014544869,38.7457755062294
15944,1455,Campus de Benfica do Instituto Politécnico de Lisboa,Benfica,Passeio,BICICLETA,Entorta rodas,2,10,0,Privado,Interdito Micromobilidade,2020-10-26,-9.19500356250139,38.7459429250297
15945,1457,"Avenida do Brasil, 168",Alvalade,Passeio,BICICLETA,Sheffield standard,4,8,0,Público,Partilhado com Micromobilidade,2021-05-20,-9.13994817591819,38.7583416586147
15946,1458,"Rua Aprígio Mafra, 112",Alvalade,Via,BICICLETA,Sheffield standard,3,6,0,Público,Partilhado com Micromobilidade,2021-05-15,-9.14470316797458,38.7564411255026
15947,1459,"Avenida do Brasil, 110",Alvalade,Lugar estacionamento automóvel,BICICLETA,Sheffield standard,4,8,0,Público,Partilhado com Micromobilidade,2021-05-15,-9.1451710579891,38.7568273783868
15948,1460,"Rua José Lins do Rego, 28A",Alvalade,Via,BICICLETA,Sheffield standard,4,8,0,Público,Partilhado com Micromobilidade,2021-05-15,-9.1488864935574,38.7554312173452
15949,1623,Travessa do Grilo,Beato,Passeio,BICICLETA,Sheffield standard,5,10,0,Público,Partilhado com Micromobilidade,2021-09-15,-9.10636187063436,38.7304024795476
15950,1624,Travessa do Grilo,Beato,Passeio,BICICLETA,Sheffield standard,4,8,0,Público,Partilhado com Micromobilidade,2021-09-15,-9.10579887217635,38.7310053844143
15951,1625,Travessa do Grilo,Beato,Passeio,BICICLETA,Sheffield standard,4,8,0,Público,Partilhado com Micromobilidade,2021-09-15,-9.10535764332834,38.7316291999524
15952,1626,Travessa do Grilo,Beato,Passeio,BICICLETA,Sheffield standard,8,16,0,Público,Partilhado com Micromobilidade,2021-09-15,-9.10519133910187,38.731886077168
15953,1627,"Azinhaga da Cidade, Escola",Santa Clara,Via,BICICLETA,Sheffield standard,4,8,0,Privado,Interdito Micromobilidade,2021-12-01,-9.15935181687842,38.7804651179905
15954,1628,Rua Francisco Pedro Curado,Penha de França,Via,BICICLETA,Sheffield standard,2,4,0,Público,Partilhado com Micromobilidade,,-9.12805634246168,38.7272905160618
15955,1629,Campus de Campolide,Campolide,Lugar estacionamento automóvel,BICIPARQUE,Sheffield standard,10,20,1,Privado,Interdito Micromobilidade,,-9.16088183951199,38.7340279044641
15956,1630,Avenida dos Combatentes,São Domingos de Benfica,Passeio,BICICLETA,Entorta rodas,1,6,0,Privado,Interdito Micromobilidade,,-9.16505628213668,38.7490774629906
15957,1631,"Avenida Professor Egas Moniz, Hospital",Alvalade,Lugar estacionamento automóvel,BICICLETA,Sheffield standard,10,20,1,Privado,Interdito Micromobilidade,,-9.16173537400114,38.7476450434198
15958,1632,"Travessa dos Jerónimos, 6",Belém,Passeio,BICICLETA,Sheffield standard,4,8,0,Público,Interdito Micromobilidade,2020-04-01,-9.20381563794194,38.6979660118444
15959,1633,"Avenida de António José de Almeida, Universidade",Areeiro,Lugar estacionamento automóvel,BICICLETA,Sheffield standard,10,20,1,Privado,Interdito Micromobilidade,2021-12-09,-9.14053307820848,38.7375603938069
15960,1461,"Rua José Lins do Rego, 20",Alvalade,Via,BICICLETA,Sheffield standard,2,4,0,Público,Partilhado com Micromobilidade,2021-05-15,-9.14869171589727,38.7548547258195
15961,1465,Rua Galileu Galilei,Carnide,Passeio,BICICLETA,Sheffield standard,5,10,0,Público,Partilhado com Micromobilidade,2021-05-31,-9.18940559376908,38.7537533135186
15962,1467,"Avenida Almirante Reis, 31",Arroios,Passeio,BICICLETA,Sheffield standard,5,10,0,Público,Partilhado com Micromobilidade,2021-05-31,-9.1353510114191,38.7230231986003
15963,1468,"Campo Grande, 5",Alvalade,Passeio,BICICLETA,Sheffield standard,5,10,1,Público,Partilhado com Micromobilidade,2021-05-31,-9.14913844195111,38.7485738967333
15964,2544,Rua Marquês de Fronteira,Avenidas Novas,Passeio,BICICLETA,Sheffield standard,5,10,0,Privado,Interdito Micromobilidade,,-9.1523556950827,38.7349622166447
15965,1470,Praça da Figueira,Santa Maria Maior,Passeio,BICICLETA,Sheffield standard,5,10,0,Público,Partilhado com Micromobilidade,2021-05-31,-9.13752423629261,38.7142002113574
15966,1471,"Avenida António Augusto de Aguiar, 142",Avenidas Novas,Passeio,BICICLETA,Sheffield standard,5,10,0,Público,Partilhado com Micromobilidade,2021-05-31,-9.154164679513,38.7347749210327
15967,1472,"Praça do Duque de Saldanha, 32",Arroios,Passeio,BICICLETA,Sheffield standard,5,10,0,Público,Partilhado com Micromobilidade,2021-05-31,-9.14421770811513,38.7340674504988
15968,1473,Praça dos Restauradores,Santa Maria Maior,Passeio,BICICLETA,Sheffield standard,5,10,0,Público,Partilhado com Micromobilidade,2021-05-31,-9.14099826459586,38.7153436591327
15969,1474,"Tapada da Ajuda, ISA",Alcântara,Lugar estacionamento automóvel,BICICLETA,Sheffield standard,4,8,0,Público,Partilhado com Micromobilidade,,-9.18177540393052,38.7077034575662
15970,1475,Tapada da Ajuda,Alcântara,Passeio,BICICLETA,Sheffield standard,4,8,0,Público,Partilhado com Micromobilidade,,-9.18482225927472,38.7079770043614
15971,1477,Avenida Professor Egas Moniz,Alvalade,Via,BICICLETA,Entorta rodas,2,8,0,Público,Partilhado com Micromobilidade,,-9.16023627681128,38.7503569912854
15972,1478,"Alameda da Encarnação, Escola",Olivais,Passeio,BICICLETA,Sheffield standard,10,20,0,Privado,Interdito Micromobilidade,2021-06-18,-9.11857179263271,38.7741837330556
15973,1479,"Avenida de Brasília, Estação Fluvial",Belém,Passeio,BICICLETA,Sheffield estreito,2,2,0,Público,Partilhado com Micromobilidade,,-9.19942594732774,38.6950996080582
15974,1480,"Avenida de Madrid, 8",Areeiro,Passeio,BICICLETA,Sheffield standard,5,10,0,Público,Partilhado com Micromobilidade,,-9.13543228868035,38.7436537546769
15975,1481,"Praça Francisco Sá Carneiro, 12",Areeiro,Passeio,BICICLETA,Sheffield standard,3,6,0,Público,Partilhado com Micromobilidade,2021-06-22,-9.13281842383602,38.7420290009751
15976,1482,Praça Francisco Sá Carneiro,Areeiro,Passeio,BICICLETA,Sheffield standard,5,10,0,Público,Partilhado com Micromobilidade,2021-05-31,-9.13309514190738,38.7418858403772
15977,1483,Rua Interior ao Aeroporto da Portela,Olivais,Passeio,BICICLETA,Sheffield standard,5,10,0,Público,Partilhado com Micromobilidade,2021-06-22,-9.12800189893754,38.768671270984
15978,1484,Estrada Militar,Carnide,Passeio,BICICLETA,Sheffield standard,5,10,0,Público,Partilhado com Micromobilidade,2021-06-09,-9.19666639356083,38.7624368697092
15979,1485,Avenida Professor Gama Pinto,Alvalade,Passeio,BICICLETA,Sheffield standard,5,10,0,Público,Partilhado com Micromobilidade,2021-06-09,-9.15904060523776,38.7509398873073
15980,1486,Avenida da República,Avenidas Novas,Passeio,BICICLETA,Sheffield standard,5,10,0,Público,Partilhado com Micromobilidade,2021-06-22,-9.14798794667727,38.7451990557033
15981,1487,"Avenida Infante Dom Henrique, Estação",Santa Maria Maior,Passeio,BICICLETA,Sheffield standard,5,10,0,Público,Partilhado com Micromobilidade,2021-06-22,-9.1348925788484,38.7066723059924
15982,1488,"Avenida Afonso Costa, 6",Areeiro,Lugar estacionamento automóvel,BICICLETA,Sheffield standard,4,8,0,Público,Partilhado com Micromobilidade,2021-07-01,-9.13183158114822,38.7419349212073
15983,1489,"Avenida Afonso Costa, 10",Areeiro,Lugar estacionamento automóvel,BICICLETA,Sheffield standard,4,8,0,Público,Partilhado com Micromobilidade,2021-07-01,-9.1307836220849,38.741821357313
15984,1490,"Rua Primeiro de Maio a Alcântara, 52",Alcântara,Via,BICICLETA,Sheffield standard,5,10,0,Público,Partilhado com Micromobilidade,2021-07-05,-9.17940812231594,38.7036405181492
15985,354,"Avenida Barbosa du Bocage, 27",Avenidas Novas,Lugar estacionamento automóvel,HOTSPOT,Sheffield standard,2,9,0,Público,Partilhado com Micromobilidade,2019-05-06,-9.1444621778216,38.7406024134887
15986,199,"Rua Fernão Mendes Pinto,19",Belém,Passeio,BICICLETA,Sheffield standard,6,12,0,Público,Partilhado com Micromobilidade,2021-02-01,-9.22073777870285,38.6954257519021
15987,1493,Rua Pedro de Azevedo,Marvila,Lugar estacionamento automóvel,BICICLETA,Sheffield standard,4,8,0,Público,Partilhado com Micromobilidade,2021-06-24,-9.10772795808839,38.7445940529281
15988,1494,"Rua do Salitre, 201",Santo António,Lugar estacionamento automóvel,HOTSPOT,Sheffield standard,2,9,0,Público,Partilhado com Micromobilidade,2021-02-04,-9.15398257634523,38.7199847995898
15989,1495,"Rua Morais Soares, 35A",Penha de França,Lugar estacionamento automóvel,HOTSPOT,Sheffield standard,3,11,0,Público,Partilhado com Micromobilidade,2021-07-05,-9.12608525404084,38.7308316844861
15990,1496,Rua Prof. Fernando da Fonseca,Lumiar,Passeio,BICICLETA,Sheffield standard,3,6,0,Público,Partilhado com Micromobilidade,2021-07-05,-9.16103958970607,38.7624835950007
15991,1497,"Rua António Stromp, 10",Lumiar,Lugar estacionamento automóvel,BICICLETA,Sheffield standard,4,8,0,Público,Partilhado com Micromobilidade,2021-07-05,-9.15788595725529,38.7641047949201
15992,1498,Rua Francisco Stromp,Lumiar,Lugar estacionamento automóvel,BICICLETA,Sheffield standard,4,8,0,Público,Partilhado com Micromobilidade,2021-07-05,-9.15902773008761,38.763812700102
15993,1499,"Rua Bispo de Cochim, 1",Penha de França,Via,BICICLETA,Entorta rodas,1,5,0,Público,Partilhado com Micromobilidade,,-9.1125359990899,38.7244749542458
15994,1500,"Rua Jorge de Sena, 3E",Santa Clara,Passeio,BICICLETA,Sheffield standard,4,8,0,Público,Partilhado com Micromobilidade,2021-04-01,-9.16139200511297,38.7790750902626
15995,1501,"Rua Vitorino Nemésio, 3",Santa Clara,Passeio,BICICLETA,Sheffield standard,4,8,0,Público,Partilhado com Micromobilidade,2021-04-01,-9.16047144449645,38.7813683071312
15996,1502,"Largo do Ministro, 1",Santa Clara,Passeio,BICICLETA,Sheffield standard,2,4,0,Público,Partilhado com Micromobilidade,2021-04-01,-9.15944098601909,38.7825303718675
15997,1503,"Largo do Ministro, 7",Santa Clara,Passeio,BICICLETA,Sheffield standard,4,8,0,Público,Partilhado com Micromobilidade,2021-04-01,-9.1593636699109,38.7823733391961
15998,1504,Largo da Boa-Hora,Santa Maria Maior,Passeio,BICICLETA,Sheffield standard,6,12,0,Público,Interdito Micromobilidade,2021-08-13,-9.13920771584657,38.7098044056669
15999,1505,"Rua Professor Eduardo Araújo Coelho, 3B",Lumiar,Lugar estacionamento automóvel,BICIPARQUE,Entorta rodas com encosto,13,13,1,Público,Interdito Micromobilidade,2021-07-01,-9.16491839185346,38.7611150557825
16000,1506,"Rua Prof. Vieira de Almeida, 4",Lumiar,Lugar estacionamento automóvel,BICIPARQUE,Entorta rodas com encosto,13,13,1,Público,Interdito Micromobilidade,2021-07-01,-9.1666443412823,38.7610732314917
16001,1507,Avenida Machado Santos,São Domingos de Benfica,Lugar estacionamento automóvel,BICIPARQUE,Entorta rodas com encosto,11,11,1,Público,Interdito Micromobilidade,2021-07-01,-9.18213298984063,38.7536356558103
16002,1508,"Rua João Chagas, 3",São Domingos de Benfica,Lugar estacionamento automóvel,BICIPARQUE,Entorta rodas com encosto,30,30,1,Público,Interdito Micromobilidade,2021-07-01,-9.17794545457031,38.7478455174152
16003,1509,Rua Teixeira de Pascoais,Alvalade,Lugar estacionamento automóvel,BICIPARQUE,Entorta rodas com encosto,13,13,1,Público,Interdito Micromobilidade,2021-07-01,-9.13589602773152,38.7462840007291
16004,1510,Rua Soeiro Pereira Gomes,Avenidas Novas,Lugar estacionamento automóvel,BICIPARQUE,Entorta rodas com encosto,16,16,1,Público,Interdito Micromobilidade,2021-07-01,-9.16004649803584,38.7445520832585
16005,1511,Rua Manuel Gouveia,Areeiro,Lugar estacionamento automóvel,BICIPARQUE,Entorta rodas com encosto,42,42,1,Público,Interdito Micromobilidade,2021-07-01,-9.13083899343102,38.7444785267529
16006,1512,Rua João da Silva,Areeiro,Lugar estacionamento automóvel,BICIPARQUE,Entorta rodas com encosto,13,13,1,Público,Interdito Micromobilidade,2021-07-01,-9.12896941446355,38.7425008128735
16007,1513,Rua da Verónica,São Vicente,Lugar estacionamento automóvel,BICIPARQUE,Entorta rodas com encosto,7,7,1,Público,Interdito Micromobilidade,2021-07-01,-9.12930433422275,38.716760653781
16008,1514,Calçada do Marquês de Tancos,Santa Maria Maior,Lugar estacionamento automóvel,BICIPARQUE,Entorta rodas com encosto,9,9,1,Público,Interdito Micromobilidade,2021-07-01,-9.13507339448247,38.7122715644399
16009,1516,Rua Sousa Pinto,Santo António,Lugar estacionamento automóvel,BICIPARQUE,Entorta rodas com encosto,20,20,1,Público,Interdito Micromobilidade,2021-07-01,-9.15767187760978,38.7242765534587
16010,1517,"Rua Correia Teles, 103",Campo de Ourique,Lugar estacionamento automóvel,BICIPARQUE,Entorta rodas com encosto,29,29,1,Público,Interdito Micromobilidade,2021-07-01,-9.17071961337368,38.7186792694988
16011,1518,"Rua de Ponta Delgada, 68",Arroios,Passeio,BICICLETA,Sheffield standard,3,6,0,Público,Partilhado com Micromobilidade,,-9.13765550113894,38.7333826906417
16012,1519,"Largo Doutor António Viana, 1",Campo de Ourique,Passeio,BICICLETA,Sheffield standard,5,10,0,Público,Partilhado com Micromobilidade,2022-04-01,-9.16229287624291,38.7180592400672
16013,1520,"Rua Silva Carvalho, 54",Campo de Ourique,Lugar estacionamento automóvel,BICICLETA,Sheffield standard,5,10,0,Público,Partilhado com Micromobilidade,,-9.16228103876883,38.7182843203051
16014,1521,Rua da Centieira,Parque das Nações,Passeio,BICICLETA,Sheffield standard,27,54,0,Público,Partilhado com Micromobilidade,,-9.09975696244395,38.7666004135427
16015,1522,Praça das Novas Nações,Arroios,Lugar estacionamento automóvel,BICICLETA,Sheffield standard,4,8,0,Público,Partilhado com Micromobilidade,2021-08-24,-9.13290135382774,38.7261709612202
16016,1523,"Avenida Engenheiro Arantes e Oliveira, 24",Areeiro,Via,BICICLETA,Sheffield standard,2,4,0,Público,Partilhado com Micromobilidade,2021-08-24,-9.12439041921797,38.7410935116728
16017,1524,Rua Prof. Simões Raposo 13C,Lumiar,Lugar estacionamento automóvel,HOTSPOT,Sheffield standard,2,9,0,Público,Partilhado com Micromobilidade,2021-08-24,-9.17398204813799,38.7620856547308
16018,1525,"Avenida São João de Deus, 1",Areeiro,Via,BICICLETA,Sheffield standard,4,8,0,Público,Partilhado com Micromobilidade,2021-08-24,-9.13240828097657,38.7455952455614
16019,1526,"Praça Afrânio Peixoto, 13",Areeiro,Via,BICICLETA,Sheffield standard,1,2,0,Público,Partilhado com Micromobilidade,2021-08-24,-9.136676504632,38.7448828682481
16020,1527,"Praça Afrânio Peixoto, 8",Areeiro,Via,BICICLETA,Sheffield standard,1,2,0,Público,Partilhado com Micromobilidade,2021-08-24,-9.1362529158461,38.744471534514
16021,1528,"Praça Afrânio Peixoto, 2",Areeiro,Via,BICICLETA,Sheffield standard,1,2,0,Público,Partilhado com Micromobilidade,2021-08-24,-9.13586227333377,38.7449259614735
16022,1529,Rua Oliveira Cadornega,Marvila,Via,BICICLETA,Sheffield standard,3,6,0,Público,Partilhado com Micromobilidade,2021-08-24,-9.10968801416439,38.753911255381
16023,1530,"Praça Afrânio Peixoto, 15",Areeiro,Via,BICICLETA,Sheffield standard,1,2,0,Público,Partilhado com Micromobilidade,2021-08-24,-9.13669139387344,38.7452307945102
16024,1531,"Praça Afrânio Peixoto, 14",Areeiro,Via,BICICLETA,Sheffield standard,1,2,0,Público,Partilhado com Micromobilidade,2021-08-24,-9.13667507537699,38.7450054079234
16025,1532,"Praça Afrânio Peixoto, 11",Areeiro,Via,BICICLETA,Sheffield standard,1,2,0,Público,Partilhado com Micromobilidade,2021-08-24,-9.13661255491163,38.7446167562557
16026,1533,"Praça Afrânio Peixoto, 7",Areeiro,Via,BICICLETA,Sheffield standard,1,2,0,Público,Partilhado com Micromobilidade,2021-08-24,-9.13614166023579,38.7444833995743
16027,1534,"Praça Afrânio Peixoto, 4",Areeiro,Via,BICICLETA,Sheffield standard,1,2,0,Público,Partilhado com Micromobilidade,2021-08-24,-9.13588003784791,38.7446727273557
16028,1535,"Praça Afrânio Peixoto, 2A",Areeiro,Via,BICICLETA,Sheffield standard,1,2,0,Público,Partilhado com Micromobilidade,2021-08-24,-9.13587124999316,38.7450252337879
16029,1536,"Praça Afrânio Peixoto, 1",Areeiro,Passeio,BICICLETA,Sheffield standard,1,2,0,Público,Partilhado com Micromobilidade,2021-08-24,-9.13588626583835,38.7451913078108
16030,1537,Avenida Professor Egas Moniz,Alvalade,Passeio,BICICLETA,Entorta rodas,1,9,0,Público,Partilhado com Micromobilidade,,-9.16431935226798,38.7506651294725
16031,530,Rua da Verónica,São Vicente,Passeio,BICICLETA,Sheffield standard,3,6,1,Público,Interdito Micromobilidade,2021-07-01,-9.1292157035003,38.716762448469
16032,1539,Rua Sousa Pinto,Santo António,Lugar estacionamento automóvel,BICICLETA,Sheffield standard,5,10,1,Privado,Interdito Micromobilidade,2021-07-01,-9.15759713502012,38.7243153135446
16033,1540,Rua Manuel Gouveia,Areeiro,Lugar estacionamento motociclo,BICICLETA,Sheffield standard,6,12,1,Público,Partilhado com Micromobilidade,2021-09-01,-9.13038363400054,38.7452200636374
16034,1541,"Rua Correia Teles, 103",Campo de Ourique,Passeio,BICICLETA,Sheffield standard,2,4,1,Público,Partilhado com Micromobilidade,2021-07-01,-9.17078424690448,38.7184617171347
16035,1542,Rua João da Silva,Areeiro,Passeio,BICICLETA,Sheffield standard,4,8,1,Privado,Interdito Micromobilidade,2021-07-01,-9.12892516079969,38.7424959941627
16036,1543,"Calçada dos Barbadinhos, 114E",São Vicente,Passeio,BICICLETA,Sheffield standard,2,4,0,Público,Partilhado com Micromobilidade,2022-04-01,-9.12356339062678,38.7211499614545
16037,1544,"Rua Conde de Sabugosa, 25A",Alvalade,Lugar estacionamento automóvel,BICICLETA,Sheffield standard,2,4,0,Público,Partilhado com Micromobilidade,2021-09-22,-9.14030241696335,38.7480854151076
16038,1545,Doca do Jardim do Tabaco,Santa Maria Maior,Passeio,BICICLETA,Sheffield standard,6,12,0,Público,Partilhado com Micromobilidade,,-9.12404166961575,38.7118138916124
16040,1548,Rua do Arco do Marquês de Alegrete,Santa Maria Maior,Via,HOTSPOT,Sheffield standard,4,13,0,Público,Partilhado com Micromobilidade,2021-10-01,-9.13642205290558,38.7145085010048
16041,1549,Rua Silva e Albuquerque,Alvalade,Lugar estacionamento automóvel,BICICLETA,Sheffield standard,4,8,0,Público,Partilhado com Micromobilidade,2021-10-01,-9.13762661156958,38.7499598084591
16042,1550,"Rua Silva e Albuquerque, 25",Alvalade,Lugar estacionamento automóvel,BICICLETA,Sheffield standard,4,8,0,Público,Partilhado com Micromobilidade,2021-10-10,-9.14163037798705,38.7506856907406
16043,1551,Avenida Rovisco Pais,Areeiro,Passeio,BICICLETA,Sheffield standard,10,20,0,Privado,Interdito Micromobilidade,2021-10-07,-9.13777477376535,38.7359593726496
16044,1552,"Avenida de António José de Almeida, Universidade",Areeiro,Passeio,BICICLETA,Sheffield standard,5,10,0,Privado,Interdito Micromobilidade,2021-10-07,-9.13834510219224,38.7371117114949
16045,1553,"Rua Capitão Santiago de Carvalho, Escola",Olivais,Via,HOTSPOT,Sheffield standard,2,9,0,Público,Partilhado com Micromobilidade,2020-12-14,-9.11080987540041,38.771093052082
16046,1556,"Avenida 5 de Outubro, 18",Avenidas Novas,Passeio,BICICLETA,Sheffield standard,3,6,0,Público,Partilhado com Micromobilidade,2021-06-25,-9.14876482587882,38.7411668987237
16047,1557,"Avenida Poeta Mistral, 31",Avenidas Novas,Passeio,BICICLETA,Sheffield standard,3,6,0,Público,Partilhado com Micromobilidade,2021-06-25,-9.15147436235836,38.7395463715568
16049,1559,"Rua Carvalho Araújo, 28",Penha de França,Lugar estacionamento automóvel,BICICLETA,Sheffield standard,2,4,0,Público,Partilhado com Micromobilidade,2021-08-01,-9.13126128214705,38.7337885003734
16050,1560,"Rua Carvalho Araújo, 28",Penha de França,Lugar estacionamento automóvel,BICICLETA,Sheffield standard,2,4,0,Público,Partilhado com Micromobilidade,2021-08-01,-9.13125395778221,38.7336822584013
16051,1561,"Rua Professor Lima Basto, 69",São Domingos de Benfica,Passeio,BICICLETA,Sheffield standard,3,6,0,Público,Partilhado com Micromobilidade,2021-10-01,-9.16063585487765,38.7386597008993
16052,1562,Rua Professor Lima Basto,São Domingos de Benfica,Via,BICICLETA,Sheffield standard,6,12,0,Público,Partilhado com Micromobilidade,2021-10-01,-9.16242347042339,38.7393804695104
16053,1563,"Rua Doutor António Granjo, 1",São Domingos de Benfica,Via,BICICLETA,Sheffield standard,4,8,0,Público,Partilhado com Micromobilidade,2021-10-01,-9.16484610192795,38.7399471077002
16054,1564,"Rua Doutor António Granjo, 4",São Domingos de Benfica,Via,BICICLETA,Sheffield standard,2,4,0,Público,Partilhado com Micromobilidade,2021-10-01,-9.16492023532434,38.7399600389542
16055,1565,Estrada de Telheiras,Lumiar,Via,HOTSPOT,Sheffield standard,2,9,0,Público,Partilhado com Micromobilidade,2021-10-22,-9.16691367609952,38.7598009419286
16056,1566,Rua Castilho,Avenidas Novas,Via,HOTSPOT,Sheffield standard,2,9,0,Público,Partilhado com Micromobilidade,2021-10-22,-9.15741899895612,38.7291869429043
16057,1640,"Rua Eugénio de Castro, Escola",Alvalade,Passeio,BICICLETA,Sheffield standard,7,14,0,Privado,Interdito Micromobilidade,2021-12-06,-9.14737033479636,38.7544867167867
16058,1641,"Rua Abel Salazar, 31",Lumiar,Passeio,BICICLETA,Sheffield standard,2,4,0,Privado,Interdito Micromobilidade,2021-12-10,-9.16795309142815,38.767521317876
16059,1642,"Rua Prof. Arsénio Nunes, Escola",Carnide,Passeio,BICICLETA,Sheffield standard,8,16,0,Privado,Interdito Micromobilidade,2021-12-14,-9.19409289690624,38.7683559178082
16060,1643,"Rua Maria Amália Vaz de Carvalho, Escola",Alvalade,Passeio,BICICLETA,Sheffield standard,4,8,1,Privado,Interdito Micromobilidade,2021-12-06,-9.14179798539248,38.751178993304
16061,1644,"Largo do Ministro, 9",Santa Clara,Lugar estacionamento automóvel,BICICLETA,Sheffield standard,8,16,1,Privado,Interdito Micromobilidade,2021-12-09,-9.15908558309924,38.7821812357211
16062,1645,"Largo do Poço, 6",Lumiar,Passeio,BICICLETA,Sheffield standard,6,12,0,Privado,Interdito Micromobilidade,2021-12-14,-9.16743623728909,38.7596534024158
16063,1646,"Avenida Santa Joana Princesa, 13",Alvalade,Passeio,BICICLETA,Sheffield standard,4,8,0,Público,Partilhado com Micromobilidade,2021-12-03,-9.13718541419516,38.7537815994983
16064,1647,"Rua Alexandre de Sá Pinto, 26",Belém,Lugar estacionamento automóvel,BICICLETA,Sheffield standard,5,10,0,Privado,Interdito Micromobilidade,2021-12-23,-9.19518358448103,38.6982430743072
16065,1648,"Praça de Malaca, 3",Belém,Via,BICICLETA,Sheffield standard,5,10,0,Privado,Interdito Micromobilidade,2021-12-22,-9.21026142204694,38.6993764336673
16066,1649,"Rua Gilberto Freyre, Escola",Marvila,Passeio,BICICLETA,Sheffield standard,5,10,0,Privado,Interdito Micromobilidade,2021-12-09,-9.12127078022502,38.7443601331184
16067,1650,"Azinhaga da Bela Vista, 2B-2C",Marvila,Via,BICICLETA,Sheffield standard,5,10,0,Privado,Interdito Micromobilidade,2021-12-08,-9.12580249024286,38.7556999866014
16068,1651,"Rua Corsário das Ilhas, 4-4B",Parque das Nações,Passeio,BICICLETA,Sheffield standard,5,10,0,Privado,Interdito Micromobilidade,2021-12-02,-9.09829795664347,38.758768008638
16069,1652,Rua Madre de Deus,Penha de França,Passeio,BICICLETA,Sheffield standard,5,10,0,Privado,Interdito Micromobilidade,2021-12-10,-9.11531870753702,38.7231883279764
16070,1653,"Rua da Verónica, Escola",São Vicente,Passeio,BICICLETA,Sheffield standard,3,6,1,Privado,Interdito Micromobilidade,2021-12-13,-9.12831139428539,38.7162901120081
16071,1654,"Rua Abel Salazar, 31",Lumiar,Passeio,BICICLETA,Sheffield standard,2,4,0,Privado,Interdito Micromobilidade,2021-12-10,-9.16798914092734,38.7675702496552
16072,1655,"Largo Frederico Valsassina, 2A",Marvila,Passeio,BICICLETA,Sheffield standard,6,12,0,Público,Partilhado com Micromobilidade,2021-12-09,-9.12601262663373,38.7555523575779
16073,1656,"Avenida Marechal Craveiro Lopes, 1",Lumiar,Via,BICICLETA,Sheffield standard,7,14,0,Privado,Interdito Micromobilidade,2021-12-09,-9.1540492080573,38.7603516435137
16074,1657,"Rua da Verónica, Escola",São Vicente,Passeio,BICICLETA,Sheffield standard,4,8,0,Privado,Interdito Micromobilidade,2021-12-13,-9.12817294240659,38.7161537642761
16075,1658,Rua Madre de Deus,Penha de França,Passeio,BICICLETA,Sheffield standard,5,10,0,Privado,Interdito Micromobilidade,2021-12-10,-9.11505281398686,38.7231669663474
16076,1659,Rua Armindo Rodrigues,Lumiar,Passeio,BICICLETA,Sheffield standard,11,22,1,Privado,Interdito Micromobilidade,2021-12-23,-9.16655378162612,38.7680983961001
16077,1660,"Avenida Almirante Gago Coutinho, 82",Alvalade,Passeio,BICICLETA,Sheffield standard,3,6,1,Privado,Interdito Micromobilidade,2021-12-07,-9.13044202195604,38.7515309945425
16078,1661,"Estrada de Telheiras, 113",Lumiar,Passeio,BICICLETA,Sheffield standard,3,6,0,Privado,Interdito Micromobilidade,2021-12-10,-9.16445601900614,38.7591052656127
16079,1662,"Estrada de Benfica, 535",Benfica,Passeio,BICICLETA,Sheffield standard,3,6,0,Privado,Interdito Micromobilidade,2021-12-16,-9.19475690815711,38.7496488270295
16080,1663,"Estrada de Benfica, 535",Benfica,Passeio,BICICLETA,Sheffield standard,3,6,0,Privado,Interdito Micromobilidade,2021-12-17,-9.19468597956368,38.7496375548404
16081,1664,"Campo de Santa Clara, Mercado",São Vicente,Passeio,BICICLETA,Sheffield standard,3,6,0,Público,Partilhado com Micromobilidade,2022-01-28,-9.12582419962022,38.7153248406908
16082,1665,Campo de Santa Clara,São Vicente,Passeio,BICICLETA,Sheffield standard,2,4,0,Privado,Interdito Micromobilidade,2022-01-28,-9.12495861828524,38.7158480801303
16083,1666,Campo de Santa Clara,São Vicente,Passeio,BICICLETA,Sheffield standard,2,4,0,Privado,Interdito Micromobilidade,2022-01-28,-9.12439667451338,38.7160183932061
16084,1667,Campus de Campolide,Campolide,Passeio,BICICLETA,Sheffield standard,25,50,0,Privado,Interdito Micromobilidade,,-9.15976510992451,38.7330738292978
16085,1668,"Rua de Campolide, 28",Campolide,Passeio,BICICLETA,Sheffield estilizado,1,5,0,Público,Partilhado com Micromobilidade,,-9.16216986451613,38.7262197218497
16086,1669,"Tapada das Necessidades, Escola",Estrela,Passeio,BICICLETA,Sheffield standard,4,8,0,Privado,Interdito Micromobilidade,2022-02-02,-9.17106753471269,38.7090066569529
16087,1670,"Rua Prista Monteiro, Escola",Carnide,Passeio,BICICLETA,Sheffield standard,3,6,0,Privado,Interdito Micromobilidade,2022-02-02,-9.1819483798873,38.7658598520809
16088,1671,"Rua Maria Brown, 1",Carnide,Passeio,BICICLETA,Sheffield standard,3,6,0,Privado,Interdito Micromobilidade,2022-01-31,-9.18644302286652,38.7596471831171
16089,1672,"Rua Dom Luís da Cunha, Escola",Alvalade,Passeio,BICICLETA,Sheffield standard,8,16,0,Privado,Interdito Micromobilidade,2022-02-01,-9.16746533329479,38.7563615349002
16090,1673,"Rua Luís de Freitas Branco, Escola",Lumiar,Passeio,BICICLETA,Sheffield standard,5,10,0,Privado,Interdito Micromobilidade,2022-01-17,-9.16250030117029,38.7710404528699
16091,1674,"Rua Mário Sampaio Ribeiro, Escola",Lumiar,Passeio,BICICLETA,Sheffield standard,5,10,0,Privado,Interdito Micromobilidade,2022-01-17,-9.16283808336551,38.7689748099627
16092,1675,"Rua Mário Sampaio Ribeiro, Escola",Lumiar,Via,BICICLETA,Sheffield standard,4,8,0,Privado,Interdito Micromobilidade,2022-01-17,-9.16184131127107,38.7695840317933
16093,1676,"Rua Prof. Mário Chicó, Escola",Lumiar,Passeio,BICICLETA,Sheffield standard,9,18,0,Privado,Interdito Micromobilidade,2022-02-02,-9.16834589862067,38.7625010537061
16094,1677,"Rua Rodrigo da Fonseca, Escola",Avenidas Novas,Passeio,BICICLETA,Sheffield standard,2,4,1,Privado,Interdito Micromobilidade,2022-02-04,-9.15703028667745,38.7267056118017
16095,1678,"Rua Professor Mira Fernandes, Escola",Beato,Passeio,BICICLETA,Sheffield standard,5,10,0,Privado,Interdito Micromobilidade,2022-01-27,-9.12117413180406,38.7395052577905
16096,1679,"Rua Dom Francisco de Almeida, 1",Belém,Via,BICICLETA,Sheffield standard,7,14,0,Privado,Interdito Micromobilidade,2022-01-13,-9.20979181620134,38.6986763508378
16098,1681,"Rua Direita ao Lumiar, 9",Lumiar,Passeio,BICICLETA,Sheffield standard,2,4,0,Privado,Interdito Micromobilidade,2022-01-14,-9.17214983064242,38.7730745533177
16099,1682,"Rua Dom Luís I, Escola",Misericórdia,Via,BICICLETA,Sheffield standard,5,10,0,Privado,Interdito Micromobilidade,2022-01-18,-9.14973482045702,38.7085521986302
16100,1683,Rua Prof. Fernando de Mello Moser,Lumiar,Passeio,BICICLETA,Sheffield standard,6,12,0,Privado,Interdito Micromobilidade,2022-02-14,-9.17016926231598,38.7734318432092
16101,1684,Rua Prof. Fernando de Mello Moser,Lumiar,Passeio,BICICLETA,Sheffield standard,4,8,0,Privado,Interdito Micromobilidade,2022-02-14,-9.17020291431503,38.7734010379125
16102,1685,"Avenida Almirante Gago Coutinho, 141",Alvalade,Passeio,BICICLETA,Sheffield standard,2,4,0,Privado,Interdito Micromobilidade,2022-01-31,-9.13024152820972,38.7595645570491
16103,1686,"Travessa de Francisco Resende, 59",Benfica,Passeio,BICICLETA,Sheffield standard,8,16,0,Privado,Interdito Micromobilidade,2022-01-31,-9.1961667993826,38.7425375720993
16105,1688,"Rua Major Neutel de Abreu, 11",São Domingos de Benfica,Passeio,BICICLETA,Sheffield standard,8,16,0,Privado,Interdito Micromobilidade,2022-01-18,-9.18130113931119,38.7473657635602
16108,1691,Rua Alexandre de Sá Pinto,Belém,Passeio,BICICLETA,Sheffield standard,4,8,0,Privado,Interdito Micromobilidade,2022-01-28,-9.19343247507991,38.6997205410006
16109,1692,"Avenida Engenheiro Duarte Pacheco, 32",Campolide,Passeio,BICICLETA,Sheffield standard,10,20,0,Privado,Interdito Micromobilidade,2022-01-25,-9.16335485336896,38.7241522332406
16110,1693,Rua Afonso Lopes Vieira,Alvalade,Lugar estacionamento automóvel,BICICLETA,Sheffield standard,4,8,0,Público,Partilhado com Micromobilidade,,-9.14828509811445,38.7518510842467
16111,1694,"Avenida do Brasil, 101",Alvalade,Lugar estacionamento automóvel,BICICLETA,Entorta rodas,1,5,0,Privado,Interdito Micromobilidade,,-9.14073596052933,38.7587062655519
16112,1695,"Avenida do Brasil, 101",Alvalade,Passeio,BICICLETA,Sheffield standard,4,8,0,Privado,Interdito Micromobilidade,,-9.14222841478103,38.7591917267647
16113,1696,"Jardim Prof. António de Sousa Franco, 1-1C",Lumiar,Passeio,BICICLETA,Entorta rodas,1,5,0,Público,Partilhado com Micromobilidade,,-9.16668164463166,38.760348711202
16114,1697,"Rua Cidade de Bolama, 20",Olivais,Passeio,BICICLETA,Sheffield estilizado,4,8,0,Público,Partilhado com Micromobilidade,2021-05-27,-9.11674697414892,38.7625830386741
16115,1698,Travessa do Grilo,Beato,Passeio,BICICLETA,Sheffield standard,5,10,0,Público,Partilhado com Micromobilidade,2021-09-15,-9.10724098220877,38.7300970151811
16116,1699,Travessa do Grilo,Beato,Passeio,BICICLETA,Sheffield standard,5,10,0,Público,Partilhado com Micromobilidade,2021-09-15,-9.1071671442055,38.7303784476329
16117,1700,Alameda do Beato,Beato,Passeio,BICICLETA,Sheffield standard,4,8,0,Público,Partilhado com Micromobilidade,2022-03-01,-9.10563249893138,38.7337459547084
16118,1701,"Paço da Rainha, 90",Arroios,Passeio,BICICLETA,Sheffield standard,4,8,0,Público,Partilhado com Micromobilidade,2022-02-10,-9.13749295298356,38.7236365880023
16119,1702,"Paço da Rainha, 41",Arroios,Passeio,BICICLETA,Sheffield standard,4,8,0,Público,Partilhado com Micromobilidade,2022-02-10,-9.13758172917381,38.7236969923391
16120,1703,"Rua de Ponta Delgada, 29",Arroios,Via,BICICLETA,Sheffield standard,2,4,0,Público,Partilhado com Micromobilidade,,-9.13886549237909,38.7328194532814
16121,1705,"Rua Gomes Freire, 68",Arroios,Passeio,BICICLETA,Sheffield standard,5,10,0,Público,Partilhado com Micromobilidade,2022-04-05,-9.14006055697371,38.7244630512661
16122,1706,"Rua dos Heróis de Quionga, 13",Arroios,Passeio,BICICLETA,Sheffield standard,2,4,0,Público,Partilhado com Micromobilidade,,-9.13277363636305,38.7309608153369
16123,1707,"Rua Damasceno Monteiro, 113",Arroios,Lugar estacionamento automóvel,BICICLETA,Sheffield standard,2,4,0,Público,Partilhado com Micromobilidade,2022-03-01,-9.13231954094446,38.7228149999907
16124,1709,"Calçadinha dos Olivais, Escola",Olivais,Passeio,BICICLETA,Sheffield standard,8,16,0,Privado,Interdito Micromobilidade,2021-11-22,-9.10654054818794,38.7695883898543
16125,1710,"Rua Cidade de Nampula, Escola",Olivais,Passeio,BICICLETA,Sheffield standard,8,16,0,Privado,Interdito Micromobilidade,2021-11-24,-9.12161799972187,38.7641857455482
16126,1711,"Rua Fernando Namora, Escola",Lumiar,Passeio,BICICLETA,Sheffield standard,10,20,0,Privado,Interdito Micromobilidade,2021-11-24,-9.17391409843986,38.7598036352863
16127,1712,"Rua Prof. José Sebastião e Silva, Escola",Benfica,Passeio,BICICLETA,Sheffield standard,10,20,0,Privado,Interdito Micromobilidade,2021-11-25,-9.19410643390378,38.7474714329453
16128,1713,"Rua Fernando Namora, Escola",Lumiar,Passeio,BICICLETA,Sheffield standard,3,6,0,Privado,Interdito Micromobilidade,2021-11-25,-9.17336721556301,38.7595807627384
16129,1715,"Rua Prof. José Sebastião e Silva, Escola",Benfica,Passeio,BICICLETA,Sheffield standard,10,20,0,Privado,Interdito Micromobilidade,2021-11-26,-9.19430628417703,38.7474732451949
16130,1716,"Praça de Alvalade, 14",Alvalade,Passeio,BICICLETA,Sheffield standard,2,4,0,Público,Partilhado com Micromobilidade,2022-04-06,-9.14352014484837,38.7530628012834
16131,1717,Rua Augusto Pina,São Domingos de Benfica,Lugar estacionamento automóvel,BICICLETA,Sheffield standard,4,8,0,Público,Partilhado com Micromobilidade,2022-05-04,-9.18717470889628,38.749602559235
16132,1718,"Rua Augusto Pina, 21",São Domingos de Benfica,Lugar estacionamento automóvel,BICICLETA,Sheffield standard,4,8,0,Público,Partilhado com Micromobilidade,2022-05-04,-9.1846764128458,38.7495185544259
16133,1719,"Rua Maestro Frederico de Freitas, Escola",São Domingos de Benfica,Passeio,BICICLETA,Sheffield standard,4,8,0,Público,Partilhado com Micromobilidade,2022-05-04,-9.18115653825246,38.7483756127767
16134,1720,"Rua Saraiva de Carvalho, 35",Campo de Ourique,Passeio,BICICLETA,Sheffield standard,5,10,0,Público,Partilhado com Micromobilidade,2022-05-05,-9.15948605304758,38.717514044984
16135,1721,"Rua Saraiva de Carvalho, 1",Campo de Ourique,Passeio,BICICLETA,Sheffield standard,5,10,0,Público,Partilhado com Micromobilidade,2022-05-05,-9.15800285116584,38.7185805868575
16136,1722,"Passeio do Adamastor, 2.01.01",Parque das Nações,Passeio,BICICLETA,Sheffield standard,4,6,0,Público,Partilhado com Micromobilidade,2022-05-01,-9.09345938091836,38.7586463595447
16137,1723,Rua da Cintura do Porto de Lisboa,Marvila,Passeio,BICICLETA,Sheffield standard,8,16,0,Público,Partilhado com Micromobilidade,2020-02-07,-9.09638256156023,38.7484873096918
16138,1724,"Estrada das Oliveiras de Baixo, CML (Oficinas)",Benfica,Passeio,BICICLETA,Sheffield standard,4,8,0,Privado,Interdito Micromobilidade,,-9.19701086088393,38.7268436697687
16139,1725,Rua Fernão Álvares do Oriente,Alvalade,Passeio,BICICLETA,Sheffield standard,2,4,0,Público,Partilhado com Micromobilidade,2022-05-16,-9.14515950022306,38.7477545657875
16140,1726,"Rua Eduardo Costa, Escola",Penha de França,Passeio,BICICLETA,Sheffield standard,5,10,0,Privado,Interdito Micromobilidade,2022-05-10,-9.12512435104982,38.7266920798269
16141,1727,Avenida Professor Aníbal de Bettencourt,Alvalade,Passeio,BICICLETA,Sheffield standard,10,20,0,Privado,Interdito Micromobilidade,2022-03-30,-9.15345691008587,38.749493513714
16142,1728,Campus de Benfica do Instituto Politécnico de Lisboa,Benfica,Passeio,BICICLETA,Sheffield standard,5,10,0,Privado,Interdito Micromobilidade,2022-03-30,-9.19307617967635,38.7464455429548
16143,1729,Alameda da Universidade,Alvalade,Passeio,BICICLETA,Sheffield standard,10,20,0,Privado,Interdito Micromobilidade,2022-03-18,-9.15717399003317,38.7523960165596
16144,1730,"Avenida Professor Aníbal de Bettencourt, ISCTE (Edifício I)",Alvalade,Passeio,BICICLETA,Sheffield standard,16,32,0,Público,Partilhado com Micromobilidade,2022-02-25,-9.15412780697479,38.7489269502318
16145,1731,Avenida da Universidade Técnica,Ajuda,Passeio,BICICLETA,Sheffield standard,5,10,0,Privado,Interdito Micromobilidade,2022-02-22,-9.19549041659336,38.7140813955825
16146,1732,Alameda da Universidade,Alvalade,Passeio,BICICLETA,Sheffield standard,8,16,0,Privado,Interdito Micromobilidade,2022-02-25,-9.15777628074705,38.7535301874824
16147,1733,"Praça Eduardo Mondlane, 7C",Marvila,Passeio,BICICLETA,Sheffield standard,2,4,1,Privado,Interdito Micromobilidade,2022-02-22,-9.11357948988631,38.7437282941375
16148,1734,Rua Primeiro de Maio a Alcântara,Alcântara,Passeio,BICICLETA,Sheffield standard,3,6,0,Público,Partilhado com Micromobilidade,2022-03-17,-9.17827917934795,38.7038994182441
16149,1735,Avenida de Ceuta,Alcântara,Passeio,BICICLETA,Sheffield standard,5,10,0,Público,Partilhado com Micromobilidade,2022-03-15,-9.1760481252371,38.7129047540973
16150,1736,"Avenida Álvares Cabral, 69",Campo de Ourique,Passeio,BICICLETA,Sheffield standard,2,4,0,Privado,Interdito Micromobilidade,2022-03-17,-9.15827875777829,38.7159225838323
16151,1737,Tapada da Ajuda,Alcântara,Via,BICICLETA,Sheffield standard,10,20,1,Privado,Interdito Micromobilidade,2022-03-15,-9.18514995326064,38.7129141735815
16152,1738,"Campo Grande, 376",Alvalade,Passeio,BICICLETA,Sheffield standard,16,32,0,Privado,Interdito Micromobilidade,2022-03-21,-9.15225855254191,38.7574382407161
16153,1739,"Avenida Professor Egas Moniz, Escola",Alvalade,Via,BICICLETA,Sheffield standard,4,8,0,Privado,Interdito Micromobilidade,2022-02-22,-9.16310842195714,38.7491042186708
16154,1740,Rua Almerindo Lessa,Ajuda,Lugar estacionamento automóvel,BICICLETA,Sheffield standard,5,10,0,Privado,Interdito Micromobilidade,2022-03-18,-9.19762900310879,38.7134178164764
16155,1741,"Rua José Escada, Escola",Lumiar,Passeio,BICICLETA,Sheffield standard,10,20,0,Privado,Interdito Micromobilidade,2022-03-17,-9.17161799755862,38.7595769612362
16156,1742,"Rua Raul Carapinha, Escola",São Domingos de Benfica,Passeio,BICICLETA,Sheffield standard,8,16,1,Privado,Interdito Micromobilidade,2022-02-17,-9.17137964893566,38.7411238698591
16157,1743,"Estrada de Benfica, 628",Benfica,Passeio,BICICLETA,Sheffield standard,2,4,0,Privado,Interdito Micromobilidade,2022-05-06,-9.20048036241195,38.7507247194442
16158,1744,"Largo do Leão, 9",Arroios,Passeio,BICICLETA,Sheffield standard,2,4,0,Privado,Interdito Micromobilidade,2022-05-09,-9.13699248459183,38.7349173778779
16159,1745,"Avenida do Rio de Janeiro, 26",Alvalade,Passeio,HOTSPOT,Sheffield standard,2,9,0,Público,Partilhado com Micromobilidade,2022-03-21,-9.13783437071328,38.7523425181541
16160,1746,"Avenida do Rio de Janeiro, 4",Alvalade,Passeio,BICICLETA,Sheffield standard,2,4,0,Público,Partilhado com Micromobilidade,2022-04-04,-9.13732622589506,38.7500178175838
16161,1747,"Avenida dos Estados Unidos da América, 52",Alvalade,Passeio,BICICLETA,Sheffield standard,2,4,0,Público,Partilhado com Micromobilidade,2022-05-19,-9.13756421968631,38.7496243901758
16162,1748,"Avenida dos Estados Unidos da América, 82",Alvalade,Passeio,BICICLETA,Sheffield standard,3,6,0,Público,Partilhado com Micromobilidade,2022-05-20,-9.14015761134704,38.7495389161461
16163,1749,"Avenida dos Estados Unidos da América, 90",Alvalade,Passeio,BICICLETA,Sheffield standard,2,4,0,Público,Partilhado com Micromobilidade,2022-05-19,-9.14129353487482,38.7494802660472
16164,1750,"Avenida dos Estados Unidos da América, 94",Alvalade,Passeio,BICICLETA,Sheffield standard,3,6,0,Público,Partilhado com Micromobilidade,2022-05-16,-9.14168408762827,38.7497664705992
16165,1751,"Avenida de Roma, 72",Alvalade,Passeio,BICICLETA,Sheffield standard,4,8,0,Público,Partilhado com Micromobilidade,2022-05-16,-9.14245817427205,38.7509204684707
16166,1752,"Praça de Alvalade, 4",Alvalade,Passeio,BICICLETA,Sheffield standard,2,4,0,Público,Partilhado com Micromobilidade,2022-05-16,-9.1443122649828,38.7527937851817
16167,1753,"Avenida de Roma, 97",Alvalade,Passeio,BICICLETA,Sheffield standard,2,4,0,Público,Partilhado com Micromobilidade,2022-04-06,-9.14367204458116,38.7522332821271
16168,1754,"Avenida dos Estados Unidos da América, 102",Alvalade,Passeio,BICICLETA,Sheffield standard,2,4,0,Público,Partilhado com Micromobilidade,2022-04-06,-9.14254654036043,38.749386233432
16169,1755,"Avenida dos Estados Unidos da América, 142",Alvalade,Passeio,BICICLETA,Sheffield standard,3,6,0,Público,Partilhado com Micromobilidade,2022-04-06,-9.14744957358519,38.7485875564281
16170,1756,"Campo Grande, 28",Alvalade,Passeio,BICICLETA,Sheffield standard,4,8,0,Público,Partilhado com Micromobilidade,2022-04-06,-9.14777027009117,38.749570517045
16171,1757,"Campo Grande, 376",Alvalade,Passeio,BICICLETA,Sheffield standard,6,12,0,Público,Partilhado com Micromobilidade,2022-05-17,-9.15242209391975,38.7586427574313
16172,1758,"Campo Grande, 376",Alvalade,Passeio,BICICLETA,Sheffield standard,6,12,0,Público,Partilhado com Micromobilidade,2022-03-18,-9.15209085344087,38.7587880494951
16173,1759,Rua Almerindo Lessa,Ajuda,Lugar estacionamento automóvel,BICICLETA,Sheffield standard,5,10,0,Privado,Interdito Micromobilidade,2022-03-30,-9.19718988741291,38.7130171234127
16174,1760,Rua Almerindo Lessa,Ajuda,Lugar estacionamento automóvel,BICICLETA,Sheffield standard,5,10,0,Privado,Interdito Micromobilidade,2022-05-20,-9.19722573618084,38.7134243475913
16175,1761,Campus de Benfica do Instituto Politécnico de Lisboa,Benfica,Via,BICICLETA,Sheffield standard,10,20,0,Privado,Interdito Micromobilidade,2022-03-16,-9.19493143086597,38.7459738123231
16176,1762,Campus de Benfica do Instituto Politécnico de Lisboa,Benfica,Lugar estacionamento automóvel,BICICLETA,Sheffield standard,4,8,0,Privado,Interdito Micromobilidade,2022-03-18,-9.19553583974979,38.7466259854126
16177,1763,"Rua Conselheiro Emídio Navarro, ISEL",Marvila,Passeio,BICICLETA,Sheffield standard,5,10,0,Privado,Interdito Micromobilidade,2022-03-17,-9.1176169767759,38.7570467030674
16178,1764,"Rua Conselheiro Emídio Navarro, ISEL",Marvila,Passeio,BICICLETA,Sheffield standard,5,10,1,Privado,Interdito Micromobilidade,2022-02-17,-9.11773184153012,38.756766886117
16179,1765,"Rua Conselheiro Emídio Navarro, ISEL",Marvila,Passeio,BICICLETA,Sheffield standard,10,20,0,Privado,Interdito Micromobilidade,2022-03-28,-9.11677747714909,38.7569441857992
16180,1766,"Avenida do Rio de Janeiro, 14",Alvalade,Passeio,BICICLETA,Sheffield standard,2,4,1,Privado,Interdito Micromobilidade,2022-02-25,-9.13723898869541,38.7511274811937
16181,1767,Rua Primeiro de Maio a Alcântara,Alcântara,Via,BICICLETA,Sheffield standard,1,2,1,Privado,Interdito Micromobilidade,2022-02-18,-9.17822337843815,38.7039599131197
16182,1768,Rua Primeiro de Maio a Alcântara,Alcântara,Via,BICICLETA,Sheffield standard,1,2,0,Privado,Interdito Micromobilidade,2022-02-18,-9.17820077757524,38.7039744151454
16183,1769,"Avenida Professor Aníbal de Bettencourt, ISCTE (Edifício II)",Alvalade,Lugar estacionamento automóvel,BICICLETA,Sheffield standard,9,18,0,Privado,Interdito Micromobilidade,2022-05-13,-9.15315537509728,38.7498588881398
16184,1770,"Campo Grande, 400",Lumiar,Passeio,BICICLETA,Sheffield standard,3,6,1,Privado,Interdito Micromobilidade,2022-05-13,-9.15579858965754,38.7598027494761
16185,1771,Campus de Benfica do Instituto Politécnico de Lisboa,Benfica,Passeio,BICICLETA,Sheffield standard,5,10,1,Privado,Interdito Micromobilidade,2022-05-12,-9.19314104190694,38.746430290923
16186,1772,Tapada da Ajuda,Alcântara,Via,BICICLETA,Sheffield standard,5,10,0,Privado,Interdito Micromobilidade,2022-05-12,-9.18196319472763,38.7073034224474
16187,1773,Tapada da Ajuda,Alcântara,Passeio,BICICLETA,Sheffield standard,10,20,1,Privado,Interdito Micromobilidade,2022-02-23,-9.18559821351848,38.7076581685417
16188,1774,Tapada da Ajuda,Alcântara,Passeio,BICICLETA,Sheffield standard,6,12,0,Privado,Interdito Micromobilidade,2022-02-17,-9.18484389183159,38.7088327915643
16189,1775,Tapada da Ajuda,Alcântara,Passeio,BICICLETA,Sheffield standard,5,10,0,Privado,Interdito Micromobilidade,2022-02-18,-9.18480273689811,38.7079753991123
16190,1776,Tapada da Ajuda,Alcântara,Via,BICICLETA,Sheffield standard,6,12,0,Privado,Interdito Micromobilidade,2022-02-06,-9.18473324748159,38.7128165777544
16191,1777,Tapada da Ajuda,Alcântara,Via,BICICLETA,Sheffield standard,10,20,0,Privado,Interdito Micromobilidade,2022-02-16,-9.18382015057907,38.7073294386511
16192,1778,Tapada da Ajuda,Alcântara,Passeio,BICICLETA,Sheffield standard,10,20,0,Privado,Interdito Micromobilidade,2022-02-11,-9.18926909421701,38.7158750927415
16193,1779,Estrada da Pontinha,Carnide,Passeio,BICICLETA,Sheffield standard,8,16,0,Público,Partilhado com Micromobilidade,2022-04-01,-9.19477376288933,38.7629126983949
16194,1780,Estrada do Alvito,Alcântara,Lugar estacionamento automóvel,BICICLETA,Sheffield standard,4,8,0,Público,Partilhado com Micromobilidade,,-9.18563359269256,38.719510203676
16195,1781,"Avenida D. João II, 40",Parque das Nações,Via,BICIPARQUE,Desconhecido,,,1,Privado,Interdito Micromobilidade,,-9.09684413731445,38.7676629057098
16196,1782,"Alameda dos Oceanos, 37 B",Parque das Nações,Passeio,BICICLETA,Sheffield standard,9,18,0,Público,Partilhado com Micromobilidade,2022-04-01,-9.09646864237897,38.7618595335352
16197,1783,Praça Príncipe Perfeito,Parque das Nações,Passeio,BICICLETA,Grelha,3,12,0,Público,Partilhado com Micromobilidade,2022-04-01,-9.09850731201557,38.7613794822284
16198,1786,Avenida Infante Dom Henrique,Santa Maria Maior,Passeio,HOTSPOT,Sheffield standard,2,9,0,Público,Partilhado com Micromobilidade,2022-07-03,-9.12763312267992,38.7103845943143
16199,1785,Largo José Saramago,Santa Maria Maior,Passeio,BICICLETA,Sheffield standard,3,6,0,Público,Partilhado com Micromobilidade,2022-07-08,-9.13259401977079,38.7088332055052
16200,1831,"Avenida Infante Dom Henrique, Armazém B",São Vicente,Passeio,HOTSPOT,Sheffield standard,2,9,0,Público,Partilhado com Micromobilidade,2022-07-08,-9.12172639618761,38.7140923366341
16201,1784,"Calçada da Patriarcal, 11",Santo António,Passeio,BICICLETA,Sheffield standard,2,4,0,Público,Partilhado com Micromobilidade,2022-07-23,-9.14716014991909,38.7166987080539
16202,1832,"Rua Barata Salgueiro, 19",Santo António,Passeio,HOTSPOT,Sheffield standard,2,9,0,Público,Partilhado com Micromobilidade,2022-08-12,-9.14766764239007,38.7216307385657
16203,1808,"Rua Prof. Mário Chicó, 2M",Lumiar,Passeio,BICICLETA,Sheffield standard,2,4,0,Público,Partilhado com Micromobilidade,2022-06-25,-9.16806122493026,38.7611909745807
16204,1975,"Rua Fernando Lopes Graça, 19H",Lumiar,Passeio,BICICLETA,Sheffield standard,2,4,0,Público,Partilhado com Micromobilidade,2022-07-13,-9.17086079734421,38.7693492261798
16205,1976,"Rua Fernando Lopes Graça, 23A",Lumiar,Passeio,BICICLETA,Sheffield standard,2,4,0,Público,Partilhado com Micromobilidade,2022-07-13,-9.1715907047815,38.769172573548
16206,1977,"Alameda Mahatma Gandhi, 2",Lumiar,Passeio,BICICLETA,Sheffield standard,2,4,0,Público,Partilhado com Micromobilidade,2022-07-11,-9.1732440218042,38.7692474039403
16207,1978,"Alameda Mahatma Gandhi, 12",Lumiar,Passeio,BICICLETA,Sheffield standard,2,4,0,Público,Partilhado com Micromobilidade,2022-07-15,-9.17347691021943,38.7702266200906
16208,1979,"Rua Prof. Alfredo de Sousa, 8B",Lumiar,Passeio,BICICLETA,Sheffield standard,2,4,0,Público,Partilhado com Micromobilidade,2022-07-16,-9.17146895936618,38.7704029686217
16209,1980,"Rua Professor Orlando Ribeiro, 6E",Lumiar,Passeio,BICICLETA,Sheffield standard,2,4,0,Público,Partilhado com Micromobilidade,2022-07-18,-9.17006773721266,38.7707679030827
16210,1981,"Rua Duarte Vidal, 8",Lumiar,Passeio,BICICLETA,Sheffield standard,3,6,0,Público,Partilhado com Micromobilidade,2022-07-16,-9.17023091576264,38.7711883013264
16211,1982,"Rua Cidade da Beira, 46",Olivais,Passeio,BICICLETA,Sheffield standard,2,4,0,Público,Partilhado com Micromobilidade,2022-07-17,-9.12405481725852,38.766496154071
16212,1983,Rua Mem de Sá,Alvalade,Passeio,BICICLETA,Sheffield standard,4,8,0,Público,Partilhado com Micromobilidade,2022-07-27,-9.16871943444395,38.7560535968455
16213,1984,"Rua Tomás da Fonseca, 36",Alvalade,Passeio,BICICLETA,Sheffield standard,2,4,0,Público,Partilhado com Micromobilidade,2022-07-14,-9.167495284886,38.7555926857111
16214,1985,"Rua Tomás da Fonseca, 44",Alvalade,Passeio,BICICLETA,Sheffield standard,2,4,0,Público,Partilhado com Micromobilidade,2022-07-18,-9.16637862831616,38.7555354809776
16215,1986,"Rua Paul Harris, 9B",Alvalade,Passeio,BICICLETA,Sheffield standard,2,4,0,Público,Partilhado com Micromobilidade,2022-07-12,-9.16647444204359,38.7522899440048
16216,1987,"Rua Paul Harris, 1D",Alvalade,Passeio,BICICLETA,Sheffield standard,2,4,0,Público,Partilhado com Micromobilidade,2022-07-12,-9.1657859907654,38.7516045077139
16217,1988,"Avenida Rui Nogueira Simões, 2A",Alvalade,Passeio,BICICLETA,Sheffield standard,3,6,0,Público,Partilhado com Micromobilidade,2022-07-12,-9.16613161379897,38.7515533103315
16218,1989,"Avenida Rui Nogueira Simões, 12",Alvalade,Passeio,BICICLETA,Sheffield standard,3,6,0,Público,Partilhado com Micromobilidade,2022-07-12,-9.16677336266945,38.7521553840322
16219,1990,"Avenida Rui Nogueira Simões, 11",São Domingos de Benfica,Passeio,BICICLETA,Sheffield standard,3,6,0,Público,Partilhado com Micromobilidade,2022-07-22,-9.16704163151267,38.7519742619172
16220,1991,"Avenida Rui Nogueira Simões, 1A",São Domingos de Benfica,Passeio,BICICLETA,Sheffield standard,3,6,0,Público,Partilhado com Micromobilidade,2022-07-22,-9.1664182774569,38.7513815600252
16221,1992,"Rua Melvin Jones, 2D",São Domingos de Benfica,Passeio,BICICLETA,Sheffield standard,2,4,0,Público,Partilhado com Micromobilidade,2022-07-21,-9.16653629460981,38.7511231182414
16222,1993,"Rua Melvin Jones, 10B",São Domingos de Benfica,Passeio,BICICLETA,Sheffield standard,2,4,0,Público,Partilhado com Micromobilidade,2022-07-21,-9.16726151647562,38.7518150167073
16223,1994,"Largo Mário Neves, Polidesportivo",São Domingos de Benfica,Passeio,BICICLETA,Sheffield standard,2,4,0,Público,Partilhado com Micromobilidade,2022-07-22,-9.16781594979807,38.752060358592
16224,1995,"Rua António Albino Machado, 19A",São Domingos de Benfica,Passeio,BICICLETA,Sheffield standard,2,4,0,Público,Partilhado com Micromobilidade,2022-07-22,-9.16848373852269,38.7532837628571
16225,1787,"Calçada da Ajuda, 25",Belém,Passeio,BICICLETA,Sheffield standard,3,6,0,Público,Partilhado com Micromobilidade,2022-07-30,-9.19998110965501,38.7006932691897
16226,1788,"Calçada da Ajuda, 10-12",Belém,Passeio,HOTSPOT,Sheffield standard,2,9,0,Público,Interdito Micromobilidade,2022-06-23,-9.19946882320448,38.6978080597709
16227,1789,"Rua Gonçalves Zarco, 2",Belém,Passeio,BICICLETA,Sheffield standard,2,4,0,Público,Partilhado com Micromobilidade,2022-07-05,-9.20287869275603,38.7055100384063
16228,1790,"Rua Gonçalves Zarco, 22",Belém,Passeio,BICICLETA,Sheffield standard,2,4,0,Público,Partilhado com Micromobilidade,2022-07-05,-9.20555008562136,38.7051876119742
16229,1791,"Rua Tristão Vaz, 2",Belém,Passeio,BICICLETA,Sheffield standard,2,4,0,Público,Partilhado com Micromobilidade,2022-07-05,-9.20491416958845,38.705593065141
16230,1792,"Rua Conselheiro Martins de Carvalho, 10",Belém,Passeio,HOTSPOT,Sheffield standard,2,9,0,Público,Partilhado com Micromobilidade,2022-07-18,-9.20512279021243,38.7063635801355
16231,1793,Rua Nuno Bragança,Belém,Passeio,BICICLETA,Sheffield standard,2,4,0,Público,Partilhado com Micromobilidade,2022-07-07,-9.20545115916391,38.7070867590716
16232,1794,"Rua Tristão Vaz, 31",Belém,Passeio,BICICLETA,Sheffield standard,2,4,0,Público,Partilhado com Micromobilidade,2022-06-18,-9.20589860206516,38.7074735125692
16233,1795,Rua Tristão Vaz,Belém,Passeio,HOTSPOT,Sheffield standard,2,9,0,Público,Partilhado com Micromobilidade,2022-06-18,-9.20639648817923,38.7084661119299
16234,1796,"Rua Rodrigo Reinel, 3A",Belém,Passeio,BICICLETA,Sheffield standard,2,4,0,Público,Partilhado com Micromobilidade,2022-06-08,-9.20845462030369,38.7084314511622
16235,1797,Rua Diogo Afonso,Belém,Passeio,BICICLETA,Sheffield standard,2,4,0,Público,Partilhado com Micromobilidade,2022-07-17,-9.2061151506762,38.7058528421114
16236,1798,Rua Gonçalves Zarco,Belém,Passeio,BICICLETA,Sheffield standard,2,4,0,Público,Partilhado com Micromobilidade,2022-06-18,-9.2069557225406,38.704132412741
16237,1799,"Avenida da Ilha da Madeira, 36",Belém,Passeio,BICICLETA,Sheffield standard,3,6,0,Público,Partilhado com Micromobilidade,2022-07-24,-9.20819312704913,38.7069385861659
16238,1800,"Avenida da Ilha da Madeira, 48",Belém,Passeio,HOTSPOT,Sheffield standard,2,9,0,Público,Partilhado com Micromobilidade,2022-06-18,-9.20900861554946,38.7077944751517
16239,1801,"Rua Gonçalo Velho Cabral, 48",Belém,Passeio,BICICLETA,Sheffield standard,2,4,0,Público,Partilhado com Micromobilidade,2022-07-21,-9.21302501158986,38.706658226535
16240,1802,Rua dos Jerónimos,Belém,Passeio,HOTSPOT,Sheffield standard,2,9,0,Público,Partilhado com Micromobilidade,2022-06-18,-9.20573051903031,38.6993618955275
16241,1803,"Rua dos Jerónimos, 10",Belém,Passeio,HOTSPOT,Sheffield standard,2,9,0,Público,Partilhado com Micromobilidade,2022-06-23,-9.20521461808453,38.6987516353835
16242,1804,"Rua Professor Eduardo Araújo Coelho, 5",Lumiar,Passeio,HOTSPOT,Sheffield standard,2,9,0,Público,Partilhado com Micromobilidade,2022-06-28,-9.16487390264726,38.7612655644872
16243,1805,"Rua Prof. Fernando da Fonseca, 25C",Lumiar,Passeio,BICICLETA,Sheffield standard,2,4,0,Público,Partilhado com Micromobilidade,2022-07-05,-9.16632418300306,38.7615373860815
16244,1806,"Rua Prof. Vieira de Almeida, 4F",Lumiar,Passeio,BICICLETA,Sheffield standard,2,4,0,Público,Partilhado com Micromobilidade,2022-06-25,-9.16665209524218,38.7614528273545
16245,1807,"Rua Prof. Vieira de Almeida, 1B",Lumiar,Passeio,HOTSPOT,Sheffield standard,2,9,0,Público,Partilhado com Micromobilidade,2022-06-25,-9.16690949580005,38.7609003335221
16246,1809,"Rua Prof. Mário Chicó, Escola",Lumiar,Passeio,HOTSPOT,Sheffield standard,2,9,0,Público,Partilhado com Micromobilidade,2022-06-25,-9.1686872626666,38.7627519286268
16247,1810,"Rua Prof. Mário Chicó, 7",Lumiar,Passeio,BICICLETA,Sheffield standard,2,4,0,Público,Partilhado com Micromobilidade,2022-06-27,-9.1687294422143,38.7617302091766
16248,1811,"Rua Professor João Barreira, 21-25",Lumiar,Passeio,BICICLETA,Sheffield standard,3,6,0,Público,Partilhado com Micromobilidade,2022-06-25,-9.17092778309134,38.7621012209206
16249,1812,"Rua Hermano Neves, 13",Lumiar,Passeio,HOTSPOT,Sheffield standard,2,9,0,Público,Partilhado com Micromobilidade,2022-07-05,-9.17011675533668,38.7600363576491
16250,1813,"Rua Hermano Neves, 18D",Lumiar,Passeio,HOTSPOT,Sheffield standard,2,9,0,Público,Partilhado com Micromobilidade,2022-06-27,-9.16983836066663,38.7595095002295
16251,1814,Jardim Prof. António de Sousa Franco,Lumiar,Passeio,BICICLETA,Sheffield standard,3,6,0,Público,Partilhado com Micromobilidade,2022-07-05,-9.16882325421678,38.76013268568
16252,1815,"Rua Professor Francisco Gentil, 27C",Lumiar,Passeio,HOTSPOT,Sheffield standard,2,9,0,Público,Partilhado com Micromobilidade,2022-06-25,-9.16838998796312,38.7604825834802
16253,1816,"Rua Professor Francisco Gentil, 21A",Lumiar,Passeio,BICICLETA,Sheffield standard,3,6,0,Público,Partilhado com Micromobilidade,2022-06-25,-9.16739681347066,38.7605085476872
16254,1818,"Rua Poeta Bocage, 20C",Carnide,Passeio,BICICLETA,Sheffield standard,2,4,0,Público,Partilhado com Micromobilidade,2022-07-27,-9.17968423181289,38.7636820010207
16255,1819,"Rua Poeta Bocage, 5B",Carnide,Passeio,BICICLETA,Sheffield standard,2,4,0,Público,Partilhado com Micromobilidade,2022-06-27,-9.17852675470776,38.7636327893803
16256,1820,"Azinhaga da Torre do Fato, 29",Carnide,Passeio,BICICLETA,Sheffield standard,2,4,0,Público,Partilhado com Micromobilidade,2022-08-24,-9.17708587792047,38.7634585946812
16257,1821,Avenida das Nações Unidas,Carnide,Passeio,BICICLETA,Sheffield standard,2,4,0,Público,Partilhado com Micromobilidade,2022-06-27,-9.17751626232114,38.7644559653057
16258,1822,"Rua Aristides de Sousa Mendes, 2E",Carnide,Passeio,BICICLETA,Sheffield standard,2,4,0,Público,Partilhado com Micromobilidade,2022-06-25,-9.17854059253411,38.7614969981751
16259,1823,"Alameda da Quinta de Santo António, 2A",Lumiar,Passeio,HOTSPOT,Sheffield standard,2,9,0,Público,Partilhado com Micromobilidade,2022-06-25,-9.17486331412471,38.7608965797273
16260,1817,"Rua Padre Américo, 1A",Carnide,Passeio,BICICLETA,Sheffield standard,2,4,0,Público,Partilhado com Micromobilidade,2022-06-18,-9.17980314584375,38.760293920509
16261,2010,"Jardim dos Jacarandás, 8D",Parque das Nações,Passeio,BICICLETA,Sheffield standard,4,8,0,Público,Partilhado com Micromobilidade,2022-08-01,-9.09466055801773,38.7791419541608
16263,1827,"Avenida Nuno Krus Abecasis, 40",Santa Clara,Passeio,BICICLETA,Sheffield standard,2,4,0,Público,Partilhado com Micromobilidade,2022-07-02,-9.15115858050739,38.7796161295576
16264,1828,"Avenida Sérgio Vieira de Mello, 17A",Santa Clara,Passeio,BICICLETA,Sheffield standard,2,4,0,Público,Partilhado com Micromobilidade,2022-07-02,-9.15006714233946,38.7808732795685
16265,1829,Rua Tavares Belo,Santa Clara,Passeio,BICICLETA,Sheffield standard,2,4,0,Público,Partilhado com Micromobilidade,2022-07-02,-9.15779343455756,38.7822680894734
16266,1833,"Avenida de Pádua, 10L",Olivais,Passeio,HOTSPOT,Sheffield standard,2,9,0,Público,Partilhado com Micromobilidade,2022-07-17,-9.10548007462957,38.7630130882858
16267,1830,"Rua Frederico de Brito, 1B",Santa Clara,Passeio,BICICLETA,Sheffield standard,2,4,0,Público,Partilhado com Micromobilidade,2022-07-02,-9.15852187317189,38.7819882099596
16268,1825,Largo José Saramago,Santa Maria Maior,Passeio,BICICLETA,Sheffield standard,3,6,0,Público,Partilhado com Micromobilidade,2022-07-08,-9.13325773408023,38.7088628408335
16269,1834,"Praça Nuno Rodrigues dos Santos, 2 H",São Domingos de Benfica,Passeio,BICICLETA,Sheffield standard,2,4,0,Público,Partilhado com Micromobilidade,2022-07-15,-9.16735488758548,38.7444521380517
16270,1835,"Praça Nuno Rodrigues dos Santos, 2H",São Domingos de Benfica,Passeio,BICICLETA,Sheffield standard,2,4,0,Público,Partilhado com Micromobilidade,2022-07-15,-9.16685878809226,38.7441538879571
16271,1836,Rua Cintura do Porto de Lisboa,Misericórdia,Passeio,HOTSPOT,Sheffield standard,2,9,0,Público,Partilhado com Micromobilidade,2022-07-05,-9.14643562629294,38.7053407881004
16272,1837,Avenida de Brasília,Estrela,Passeio,BICICLETA,Sheffield standard,3,6,0,Público,Partilhado com Micromobilidade,2022-07-24,-9.16833362876861,38.702727550724
16273,1838,"Rua da Cintura do Porto de Lisboa, Edif Gonçalves Zarco",Estrela,Passeio,BICICLETA,Sheffield standard,3,6,0,Público,Partilhado com Micromobilidade,2022-07-24,-9.17064918531983,38.7022470412086
16274,1839,"Rua da Cintura do Porto de Lisboa, Edif Infante D. Henrique",Estrela,Passeio,BICICLETA,Sheffield standard,3,6,0,Público,Partilhado com Micromobilidade,2022-07-24,-9.17225159010257,38.7020049638429
16275,1840,Avenida de Brasília,Belém,Passeio,HOTSPOT,Sheffield standard,2,9,0,Público,Partilhado com Micromobilidade,2022-07-18,-9.19014909761377,38.6966105212599
16276,1841,Avenida de Brasília,Belém,Passeio,HOTSPOT,Sheffield standard,6,12,0,Público,Partilhado com Micromobilidade,2022-07-11,-9.19771526532731,38.6952563041626
16277,1842,Avenida de Brasília,Belém,Passeio,HOTSPOT,Sheffield standard,2,9,0,Público,Partilhado com Micromobilidade,2022-07-18,-9.20685782387351,38.694368528846
16278,1843,"Rua Vila Correia, 1",Belém,Passeio,BICICLETA,Sheffield standard,2,4,0,Público,Partilhado com Micromobilidade,2022-07-17,-9.21174717027102,38.6955760850989
16279,1844,"Rua Bartolomeu Dias, 170",Belém,Passeio,BICICLETA,Sheffield standard,2,4,0,Público,Partilhado com Micromobilidade,2022-07-17,-9.21433888594278,38.6950794849262
16280,1853,"Avenida Miguel Bombarda, 16",Avenidas Novas,Passeio,BICICLETA,Sheffield standard,6,12,0,Público,Partilhado com Micromobilidade,2022-07-11,-9.14670878641058,38.7372079666039
16281,1854,"Avenida Carlos Paredes, Escola",Lumiar,Passeio,BICICLETA,Sheffield standard,6,12,0,Privado,Interdito Micromobilidade,2021-09-16,-9.15411055717877,38.7745182254833
16282,1855,"Largo de Santos, 2D",Estrela,Passeio,HOTSPOT,Sheffield standard,4,12,0,Público,Partilhado com Micromobilidade,2022-07-16,-9.15508794194677,38.7070989356208
16283,1845,"Rua Cidade de Cádiz, 9",São Domingos de Benfica,Passeio,BICICLETA,Sheffield standard,2,4,0,Público,Partilhado com Micromobilidade,2022-07-16,-9.17716507582413,38.7553150629333
16284,1846,"Rua Raquel Roque Gameiro, 10",São Domingos de Benfica,Passeio,BICICLETA,Sheffield standard,2,4,0,Público,Partilhado com Micromobilidade,2022-07-16,-9.17493736261858,38.7446627590968
16285,1847,"Rua Prof. Simões Raposo, 5D",Lumiar,Passeio,BICICLETA,Sheffield standard,2,4,0,Público,Partilhado com Micromobilidade,2022-06-25,-9.17383723274984,38.7609742463674
16286,1848,"Rua Professor Mira Fernandes, Lote 10",Beato,Passeio,BICICLETA,Sheffield standard,2,4,0,Público,Partilhado com Micromobilidade,2022-07-21,-9.12289096800442,38.738511019173
16287,1849,"Rua Professor Mira Fernandes, Lote 11",Beato,Passeio,BICICLETA,Sheffield standard,2,4,0,Público,Partilhado com Micromobilidade,2022-07-19,-9.12255430064865,38.738500199958
16288,1850,Rua Sousa Pinto,Santo António,Passeio,HOTSPOT,Sheffield standard,4,12,0,Público,Partilhado com Micromobilidade,2022-07-02,-9.15709982355499,38.7243870953952
16289,1851,"Travessa dos Prazeres, Escola",Campo de Ourique,Passeio,BICICLETA,Sheffield standard,12,24,0,Privado,Interdito Micromobilidade,2022-08-24,-9.16690627216216,38.7141542398463
16290,1852,"Rua Príncipe do Mónaco, Escola",Parque das Nações,Passeio,BICICLETA,Sheffield standard,8,16,0,Privado,Interdito Micromobilidade,2022-08-18,-9.09750760713163,38.7850117411805
16291,1856,"Avenida Magalhães Lima, Escola",Areeiro,Passeio,BICICLETA,Sheffield standard,5,10,0,Público,Partilhado com Micromobilidade,2022-07-28,-9.14026696505218,38.7395184150202
16292,1857,"Avenida Magalhães Lima, Escola",Areeiro,Passeio,BICICLETA,Sheffield standard,5,10,0,Público,Partilhado com Micromobilidade,2022-07-28,-9.1403876415057,38.7397905049198
16293,1858,"Rua Conde de Sabugosa, 14",Alvalade,Passeio,BICICLETA,Sheffield standard,1,2,0,Público,Partilhado com Micromobilidade,2022-06-16,-9.14003766992296,38.7477630689693
16294,1859,"Avenida dos Estados Unidos da América, 91",Alvalade,Passeio,BICICLETA,Sheffield standard,2,4,0,Público,Partilhado com Micromobilidade,2022-06-16,-9.14035473631737,38.7490582979678
16295,1860,"Rua Coronel Bento Roma, 14",Alvalade,Passeio,BICICLETA,Sheffield standard,2,4,0,Público,Partilhado com Micromobilidade,2022-06-18,-9.13748078081562,38.7484036605792
16296,1861,"Rua Antero de Figueiredo, 16",Alvalade,Passeio,BICICLETA,Sheffield standard,4,8,0,Público,Partilhado com Micromobilidade,2022-06-16,-9.1388641482856,38.7467851630711
16297,1862,Rua Bulhão Pato,Alvalade,Passeio,HOTSPOT,Sheffield standard,2,9,0,Público,Partilhado com Micromobilidade,2022-06-17,-9.13855081850375,38.7466865673711
16298,1863,Rua Antero de Figueiredo,Alvalade,Passeio,BICICLETA,Sheffield standard,2,4,0,Público,Partilhado com Micromobilidade,2022-07-18,-9.1370020040949,38.7461624396341
16299,1864,"Rua General Pimenta de Castro, 7D",Alvalade,Passeio,BICICLETA,Sheffield standard,2,4,0,Público,Partilhado com Micromobilidade,2022-06-16,-9.13463122543935,38.7467071095515
16300,1865,"Rua dos Lagares D'El-Rei, Lote 1335",Alvalade,Passeio,BICICLETA,Sheffield standard,2,4,0,Público,Partilhado com Micromobilidade,2022-06-16,-9.13434734003514,38.7471909748263
16301,1866,"Avenida Frei Miguel Contreiras, 14",Alvalade,Passeio,BICICLETA,Sheffield standard,2,4,0,Público,Partilhado com Micromobilidade,2022-06-17,-9.13327471147281,38.7462218008032
16302,1867,"Avenida Frei Miguel Contreiras, 10",Alvalade,Passeio,BICICLETA,Sheffield standard,2,4,0,Público,Partilhado com Micromobilidade,2022-06-17,-9.1328323206815,38.7462518018321
16303,1868,"Largo Cristovão Aires, 6B",Alvalade,Passeio,BICICLETA,Sheffield standard,2,4,0,Público,Partilhado com Micromobilidade,2022-06-17,-9.13223085023299,38.746877802246
16304,1869,"Largo Fernandes Costa, 6B",Alvalade,Passeio,BICICLETA,Sheffield standard,2,4,0,Público,Partilhado com Micromobilidade,2022-07-17,-9.13221342064021,38.7474833170738
16305,1870,"Largo Rodrigues Cordeiro, 6B",Alvalade,Passeio,BICICLETA,Sheffield standard,2,4,0,Público,Partilhado com Micromobilidade,2022-06-18,-9.13221771000817,38.7480803049289
16306,1871,"Avenida São João de Deus, 7H",Areeiro,Passeio,BICICLETA,Sheffield standard,2,4,0,Público,Partilhado com Micromobilidade,2022-06-18,-9.13327489428506,38.7455859264409
16307,1872,"Avenida São João de Deus, 23",Areeiro,Passeio,HOTSPOT,Sheffield standard,2,9,0,Público,Partilhado com Micromobilidade,2022-06-17,-9.13579654502946,38.7453641228229
16308,1873,"Avenida de Madrid, 29A",Areeiro,Passeio,BICICLETA,Sheffield standard,2,4,0,Público,Partilhado com Micromobilidade,2022-07-13,-9.13775198813128,38.7444037469358
16309,1874,"Rua Edison, 8A",Areeiro,Passeio,BICICLETA,Sheffield standard,2,4,0,Público,Partilhado com Micromobilidade,2022-06-17,-9.13856779967484,38.7442790618504
16310,1875,"Avenida Padre Manuel da Nóbrega, 7",Areeiro,Passeio,BICICLETA,Sheffield standard,4,8,0,Público,Partilhado com Micromobilidade,2022-06-17,-9.13387102572016,38.7433566361427
16311,1876,"Avenida de Madrid, 2D",Areeiro,Passeio,BICICLETA,Sheffield standard,2,4,0,Público,Partilhado com Micromobilidade,2022-07-13,-9.1342997398264,38.7435048002323
16312,1877,"Avenida Padre Manuel da Nóbrega, 17C",Areeiro,Passeio,BICICLETA,Sheffield standard,2,4,0,Público,Partilhado com Micromobilidade,2022-06-17,-9.13454227962794,38.7447604044517
16313,1878,"Avenida do Rio de Janeiro, 30A",Alvalade,Passeio,BICICLETA,Sheffield standard,3,6,0,Público,Partilhado com Micromobilidade,2022-06-30,-9.13790125344702,38.7529774565738
16314,1879,"Avenida do Rio de Janeiro, 6",Alvalade,Passeio,BICICLETA,Sheffield standard,2,4,0,Público,Partilhado com Micromobilidade,2022-07-09,-9.1373099150632,38.7503039808456
16315,1880,"Avenida de Roma, 76",Alvalade,Passeio,BICICLETA,Sheffield standard,2,4,0,Público,Partilhado com Micromobilidade,2022-07-09,-9.14286743990181,38.751321675165
16316,1916,"Avenida de Ceuta, Estação",Estrela,Passeio,BICICLETA,Sheffield standard,8,16,0,Público,Partilhado com Micromobilidade,2022-07-07,-9.17347679710129,38.7068643595819
16317,1917,Largo dos Caminhos de Ferro,São Vicente,Passeio,BICICLETA,Sheffield standard,4,8,0,Privado,Interdito Micromobilidade,2022-07-23,-9.12306169608789,38.7134259564157
16318,1918,Cais do Gás,Misericórdia,Passeio,BICICLETA,Sheffield standard,4,8,0,Público,Partilhado com Micromobilidade,2022-07-17,-9.14485857363699,38.7052922259031
16319,1919,Rua da Venezuela,Benfica,Passeio,BICICLETA,Sheffield standard,6,12,0,Público,Partilhado com Micromobilidade,2022-07-28,-9.20007002321182,38.7447168127745
16320,1905,"Rua Jorge Colaço, 2",Alvalade,Passeio,BICICLETA,Sheffield standard,2,4,0,Público,Partilhado com Micromobilidade,2022-06-16,-9.13881880620264,38.75924582845
16321,1906,"Rua Bartolomeu Dias, 84",Belém,Passeio,BICICLETA,Sheffield standard,3,6,0,Público,Partilhado com Micromobilidade,2022-09-01,-9.2110744360846,38.6957093044256
16322,1907,"Rua Martins Barata, 6",Belém,Passeio,BICICLETA,Sheffield standard,2,4,0,Público,Partilhado com Micromobilidade,2022-07-22,-9.21138028035955,38.6963101838531
16323,1908,"Avenida Dom Rodrigo da Cunha, 6A",Alvalade,Passeio,BICICLETA,Sheffield standard,2,4,0,Público,Partilhado com Micromobilidade,2022-06-16,-9.13142634936772,38.7545429725784
16324,1909,"Rua Conde de Ficalho, 2",Alvalade,Passeio,BICICLETA,Sheffield standard,4,8,0,Privado,Interdito Micromobilidade,2022-05-30,-9.13195748169649,38.7548162110513
16325,1910,"Avenida Dom Rodrigo da Cunha, 13",Alvalade,Passeio,BICICLETA,Sheffield standard,2,4,0,Público,Partilhado com Micromobilidade,2022-06-16,-9.13402724529446,38.7546873225485
16326,1911,"Avenida Dom Rodrigo da Cunha, 20",Alvalade,Passeio,BICICLETA,Sheffield standard,2,4,0,Público,Partilhado com Micromobilidade,2022-06-16,-9.13412010633579,38.7548496374796
16327,1912,"Avenida Santa Joana Princesa, 3",Alvalade,Passeio,BICICLETA,Sheffield standard,2,4,0,Público,Partilhado com Micromobilidade,2022-07-09,-9.13597344014494,38.7549129051951
16328,1913,Avenida Dom Rodrigo da Cunha,Alvalade,Passeio,BICICLETA,Sheffield standard,2,4,0,Público,Partilhado com Micromobilidade,2022-07-09,-9.13595262555655,38.7550567983134
16329,1914,"Avenida Santa Joana Princesa, 23B",Alvalade,Passeio,BICICLETA,Sheffield standard,2,4,0,Público,Partilhado com Micromobilidade,2022-05-30,-9.13809825646067,38.7545428749006
16330,1915,"Largo Frei Heitor Pinto, 7",Alvalade,Passeio,BICICLETA,Sheffield standard,4,8,0,Público,Partilhado com Micromobilidade,2022-05-30,-9.1387473630646,38.7544693663624
16331,2011,"Estrada de Benfica, 521B",Benfica,Passeio,BICICLETA,Sheffield standard,2,4,0,Público,Partilhado com Micromobilidade,2022-07-17,-9.19293683648143,38.749503512407
16332,2012,"Estrada de Benfica, 604",Benfica,Passeio,HOTSPOT,Sheffield standard,2,9,0,Público,Partilhado com Micromobilidade,2022-07-12,-9.19987921189842,38.7507113345751
16333,1920,"Alameda das Linhas de Torres, 37",Lumiar,Passeio,BICICLETA,Sheffield standard,2,4,0,Público,Partilhado com Micromobilidade,2022-07-04,-9.15647023730485,38.7622798069869
16334,1921,"Rua Frederico George, 39",Lumiar,Passeio,BICICLETA,Sheffield standard,5,10,0,Público,Partilhado com Micromobilidade,2022-07-12,-9.16519844398724,38.7697773364366
16335,1922,"Rua Rainha Dona Luísa de Gusmão, 7C",Lumiar,Passeio,BICICLETA,Sheffield standard,2,4,0,Público,Partilhado com Micromobilidade,2022-07-28,-9.15972714108762,38.7676013478933
16336,1923,"Rua Rainha Dona Luísa de Gusmão, 10C",Lumiar,Passeio,BICICLETA,Sheffield standard,6,12,0,Público,Partilhado com Micromobilidade,2022-07-10,-9.15920239828374,38.7673837592142
16337,1924,"Rua Rainha Dona Luísa de Gusmão, 3-7",Lumiar,Passeio,BICICLETA,Sheffield standard,6,12,0,Público,Partilhado com Micromobilidade,2022-07-10,-9.15961238696636,38.7671025024333
16338,1925,"Avenida Rainha Dona Amélia, 26",Lumiar,Passeio,BICICLETA,Sheffield standard,2,4,0,Público,Partilhado com Micromobilidade,2022-06-28,-9.16029254915585,38.7668956118114
16339,1926,"Avenida Rainha Dona Amélia, 32",Lumiar,Passeio,BICICLETA,Sheffield standard,2,4,0,Público,Partilhado com Micromobilidade,2022-06-28,-9.1607927129224,38.7668740547754
16340,1927,"Praça Rainha Santa, 11",Lumiar,Passeio,BICICLETA,Sheffield standard,2,4,0,Público,Partilhado com Micromobilidade,2022-06-28,-9.16154436114331,38.7669818425617
16341,1928,Praça Rainha Santa,Lumiar,Passeio,BICICLETA,Sheffield standard,2,4,0,Público,Partilhado com Micromobilidade,2022-06-28,-9.16187037451992,38.767213253332
16342,1929,"Praça Rainha Santa, 1",Lumiar,Passeio,BICICLETA,Sheffield standard,2,4,0,Público,Partilhado com Micromobilidade,2022-07-04,-9.1622163974108,38.7670362239516
16343,1930,"Praça Rainha Santa, 6",Lumiar,Passeio,BICICLETA,Sheffield standard,2,4,0,Público,Partilhado com Micromobilidade,2022-06-29,-9.16201985402662,38.7676588087147
16344,1931,"Praça Rainha Santa, 7",Lumiar,Passeio,BICICLETA,Sheffield standard,2,4,0,Público,Partilhado com Micromobilidade,2022-06-28,-9.16152863822024,38.7676357496373
16345,1932,"Praça Rainha Dona Filipa, 4D",Lumiar,Passeio,BICICLETA,Sheffield standard,2,4,0,Público,Partilhado com Micromobilidade,2022-07-04,-9.16333570193524,38.7674779761004
16346,1933,"Rua Prof. Aires de Sousa, 2A",Lumiar,Passeio,BICICLETA,Sheffield standard,2,4,0,Público,Partilhado com Micromobilidade,2022-07-18,-9.16877844996087,38.7579812201853
16347,1934,Rua Prof. Manuel Cavaleiro de Ferreira,Lumiar,Passeio,BICICLETA,Sheffield standard,2,4,0,Público,Partilhado com Micromobilidade,2022-07-20,-9.1708174189495,38.7587496263816
16348,1935,"Alameda da Quinta de Santo António, 1B",Lumiar,Passeio,BICICLETA,Sheffield standard,2,4,0,Público,Partilhado com Micromobilidade,2022-06-25,-9.17490015551964,38.7607046861068
16349,1936,"Alameda da Quinta de Santo António, 5F",Lumiar,Passeio,HOTSPOT,Sheffield standard,2,9,0,Público,Partilhado com Micromobilidade,2022-07-04,-9.1755847099684,38.7609324550543
16350,1937,"Rua Prof. Mário de Albuquerque, 15G",Lumiar,Passeio,BICICLETA,Sheffield standard,2,4,0,Público,Partilhado com Micromobilidade,2022-07-04,-9.17485766694339,38.7620009291572
16351,1938,"Rua Prof. Carlos Teixeira, 7D",Lumiar,Passeio,BICICLETA,Sheffield standard,2,4,0,Público,Partilhado com Micromobilidade,2022-06-23,-9.17456633567159,38.762912322073
16352,1939,"Rua Prof. Moisés Amzalak, 9D",Lumiar,Passeio,BICICLETA,Sheffield standard,2,4,0,Público,Partilhado com Micromobilidade,2022-06-23,-9.17507436605611,38.7633606236882
16353,1940,"Rua Prof. Moisés Amzalak, 6",Lumiar,Passeio,HOTSPOT,Sheffield standard,2,9,0,Público,Partilhado com Micromobilidade,2022-07-04,-9.17540311106007,38.7634780895233
16354,1941,"Rua Prof. Luís da Cunha Gonçalves, Escola",Lumiar,Passeio,BICICLETA,Sheffield standard,2,4,0,Público,Partilhado com Micromobilidade,2022-06-20,-9.17624255038442,38.762842595607
16355,1942,"Rua José Pontes, 7A",Lumiar,Passeio,BICICLETA,Sheffield standard,2,4,0,Público,Partilhado com Micromobilidade,2022-06-20,-9.17789612731544,38.7609368762532
16356,1943,"Avenida Dr. Augusto de Castro, 2B",Marvila,Passeio,BICICLETA,Sheffield standard,2,4,0,Público,Partilhado com Micromobilidade,2022-06-29,-9.11439272342877,38.7541473926902
16357,1944,"Rua Luiz Pacheco, Lote 107",Marvila,Via,BICICLETA,Sheffield standard,2,4,0,Público,Partilhado com Micromobilidade,2022-06-29,-9.11441795568788,38.7531012754805
16358,1945,"Rua Luiz Pacheco, Lote 25",Marvila,Passeio,HOTSPOT,Sheffield standard,2,9,0,Público,Partilhado com Micromobilidade,2022-06-29,-9.11529444205046,38.7536528041689
16359,1946,"Rua Actriz Palmira Bastos, 8",Marvila,Passeio,BICICLETA,Sheffield standard,2,4,0,Público,Partilhado com Micromobilidade,2022-07-30,-9.11330361533375,38.7539901349269
16360,1947,"Rua Actriz Palmira Bastos, 8",Marvila,Passeio,BICICLETA,Sheffield standard,2,4,0,Público,Partilhado com Micromobilidade,2022-07-30,-9.11334573208473,38.7537981614284
16361,1948,"Rua Actriz Palmira Bastos, Lote 41",Marvila,Passeio,BICICLETA,Sheffield standard,2,4,0,Público,Partilhado com Micromobilidade,2022-07-30,-9.11346364721156,38.7543857125905
16362,1949,"Rua Actriz Palmira Bastos, Lote 39",Marvila,Passeio,BICICLETA,Sheffield standard,2,4,0,Público,Partilhado com Micromobilidade,2022-07-30,-9.11332870629098,38.754845396769
16363,1950,"Rua Actriz Palmira Bastos, Lote 37",Marvila,Passeio,BICICLETA,Sheffield standard,2,4,0,Público,Partilhado com Micromobilidade,2022-07-30,-9.1131712924792,38.7549973432939
16364,1951,"Rua Actriz Palmira Bastos, 14",Marvila,Passeio,BICICLETA,Sheffield standard,2,4,0,Público,Partilhado com Micromobilidade,2022-07-30,-9.11248451613695,38.7552566862153
16365,1952,"Rua Actriz Palmira Bastos, 12",Marvila,Passeio,BICICLETA,Sheffield standard,2,4,0,Público,Partilhado com Micromobilidade,2022-07-30,-9.1129689690802,38.7548922660871
16366,1953,"Rua Manuel Teixeira Gomes, Lote 103",Marvila,Passeio,BICICLETA,Sheffield standard,2,4,0,Público,Partilhado com Micromobilidade,2022-06-29,-9.11327470753213,38.7526998791216
16367,1954,"Rua Oliveira Cadumega, Lote 55",Marvila,Passeio,BICICLETA,Sheffield standard,2,4,0,Público,Partilhado com Micromobilidade,2022-07-02,-9.1096040294782,38.7543498789589
16368,1955,"Rua Oliveira Cadumega, Lote 51",Marvila,Passeio,BICICLETA,Sheffield standard,2,4,0,Público,Partilhado com Micromobilidade,2022-07-02,-9.11049364500048,38.7545238142486
16369,1956,"Avenida dos Estados Unidos da América, 38-40",Alvalade,Passeio,BICICLETA,Sheffield standard,4,8,0,Público,Partilhado com Micromobilidade,2022-07-09,-9.13620372249065,38.7495856940178
16370,1957,"Avenida dos Estados Unidos da América, 30-32",Alvalade,Passeio,BICICLETA,Sheffield standard,4,8,0,Público,Partilhado com Micromobilidade,2022-07-10,-9.13538013643012,38.7495412793758
16371,1958,"Avenida dos Estados Unidos da América, 22-24",Alvalade,Passeio,BICICLETA,Sheffield standard,4,8,0,Público,Partilhado com Micromobilidade,2022-07-10,-9.13454863385669,38.7495029584009
16372,1959,Rua Francisco Lourenço da Fonseca,Alvalade,Passeio,BICICLETA,Sheffield standard,2,4,0,Público,Partilhado com Micromobilidade,2022-07-18,-9.1335251150372,38.7492629637037
16373,1960,"Avenida dos Estados Unidos da América, 35",Alvalade,Passeio,BICICLETA,Sheffield standard,2,4,0,Público,Partilhado com Micromobilidade,2022-07-10,-9.13523725671213,38.7488401515603
16374,1961,"Avenida dos Estados Unidos da América, 55",Alvalade,Passeio,BICICLETA,Sheffield standard,3,6,0,Público,Partilhado com Micromobilidade,2022-07-10,-9.13752143315339,38.7489521057013
16375,1962,"Rua Abel Salazar, 4",Lumiar,Passeio,BICICLETA,Sheffield standard,2,4,0,Público,Partilhado com Micromobilidade,2022-07-11,-9.1676074690465,38.7675534865135
16376,1963,"Rua Armindo Rodrigues, 36A",Lumiar,Passeio,BICICLETA,Sheffield standard,2,4,0,Público,Partilhado com Micromobilidade,2022-07-12,-9.16723583146872,38.7688338165038
16377,1964,"Rua Frederico George, 37",Lumiar,Passeio,BICICLETA,Sheffield standard,5,10,0,Público,Partilhado com Micromobilidade,2022-07-11,-9.16542832308182,38.7700611168864
16378,1965,"Rua Frederico George, 23",Lumiar,Via,BICICLETA,Sheffield standard,1,2,0,Público,Partilhado com Micromobilidade,2022-07-27,-9.1683007328938,38.7687924098907
16379,1966,"Rua Frederico George, 10C",Lumiar,Via,BICICLETA,Sheffield standard,1,2,0,Público,Partilhado com Micromobilidade,2022-07-12,-9.16868124140256,38.7685139264181
16380,1967,"Rua Prof. Prado Coelho, 19A",Lumiar,Passeio,BICICLETA,Sheffield standard,3,6,0,Público,Partilhado com Micromobilidade,2022-07-16,-9.17194431708159,38.7654159659262
16381,1968,"Rua Prof. Prado Coelho, 15A",Lumiar,Passeio,BICICLETA,Sheffield standard,3,6,0,Público,Partilhado com Micromobilidade,2022-07-15,-9.17205781049483,38.7650720429821
16382,1969,"Rua Mário Dionísio, 4A",Lumiar,Passeio,BICICLETA,Sheffield standard,2,4,0,Público,Partilhado com Micromobilidade,2022-07-11,-9.17116168682381,38.7635020665128
16383,1970,"Rua Fernando Lopes Graça, 4",Lumiar,Passeio,BICICLETA,Sheffield standard,2,4,0,Público,Partilhado com Micromobilidade,2022-07-10,-9.16895212086301,38.7703261582159
16384,1971,"Rua Fernando Lopes Graça, 9C",Lumiar,Passeio,BICICLETA,Sheffield standard,2,4,0,Público,Partilhado com Micromobilidade,2022-07-12,-9.1696500327882,38.7698940719912
16385,1972,"Rua Fernando Lopes Graça, 11",Lumiar,Passeio,BICICLETA,Sheffield standard,2,4,0,Público,Partilhado com Micromobilidade,2022-07-13,-9.17005783554264,38.7697265305116
16386,1973,"Rua Fernando Lopes Graça, 12C",Lumiar,Passeio,BICICLETA,Sheffield standard,2,4,0,Público,Partilhado com Micromobilidade,2022-07-11,-9.17037279298006,38.7697067656643
16387,1974,"Rua Fernando Lopes Graça, 14",Lumiar,Passeio,BICICLETA,Sheffield standard,1,2,0,Público,Partilhado com Micromobilidade,2022-07-11,-9.17069957277693,38.7695680156378
16388,1996,"Rua Joaquim Rocha Cabral, 24A",Alvalade,Passeio,BICICLETA,Sheffield standard,2,4,0,Público,Partilhado com Micromobilidade,2022-07-14,-9.16635950286992,38.753897557867
16389,1997,"Rua António Albino Machado, 28",Alvalade,Passeio,BICICLETA,Sheffield standard,1,2,0,Público,Partilhado com Micromobilidade,2022-09-13,-9.16849755323716,38.7535719229025
16390,1998,"Rua Tomás da Fonseca, 26B",São Domingos de Benfica,Passeio,BICICLETA,Sheffield standard,2,4,0,Público,Partilhado com Micromobilidade,2022-07-22,-9.17061725105698,38.7558115404721
16391,1999,Rua Primeiro de Dezembro,Santa Maria Maior,Passeio,BICICLETA,Sheffield standard,2,4,0,Privado,Interdito Micromobilidade,2022-07-18,-9.1405500598969,38.7144212222057
16392,1881,"Rua João de Freitas Branco, 2",São Domingos de Benfica,Passeio,BICICLETA,Sheffield standard,2,4,0,Público,Partilhado com Micromobilidade,2022-07-15,-9.17977623149286,38.7487557325059
16393,1882,"Rua Cidade de Rabat, 56",São Domingos de Benfica,Passeio,BICICLETA,Sheffield standard,3,6,0,Público,Partilhado com Micromobilidade,2022-07-15,-9.17990895305726,38.7482142859519
16394,1883,"Rua Maestro Frederico de Freitas, 1",São Domingos de Benfica,Passeio,BICICLETA,Sheffield standard,2,4,0,Público,Partilhado com Micromobilidade,2022-07-16,-9.1807609933136,38.7481634991796
16395,1884,"Rua Maestro Frederico de Freitas, 9",São Domingos de Benfica,Passeio,BICICLETA,Sheffield standard,3,3,0,Público,Partilhado com Micromobilidade,2022-07-16,-9.18154779889337,38.7482621878026
16396,1885,"Rua Maestro Frederico de Freitas, 13F",São Domingos de Benfica,Passeio,BICICLETA,Sheffield standard,2,4,0,Público,Partilhado com Micromobilidade,2022-07-15,-9.18198422668633,38.748442481981
16397,1886,Largo Carlos Selvagem,São Domingos de Benfica,Passeio,BICICLETA,Sheffield standard,2,4,0,Público,Partilhado com Micromobilidade,2022-07-20,-9.18751393049358,38.7504788820727
16398,1887,"Rua Professor Reinaldo dos Santos, 22E",São Domingos de Benfica,Passeio,BICICLETA,Sheffield standard,2,4,0,Público,Partilhado com Micromobilidade,2022-07-16,-9.18829958112472,38.7496116059956
16399,1888,"Rua Professor Reinaldo dos Santos, 14C",São Domingos de Benfica,Passeio,BICICLETA,Sheffield standard,2,4,0,Público,Partilhado com Micromobilidade,2022-07-16,-9.18817733224472,38.7490036458613
16400,1889,"Rua Professor Reinaldo dos Santos, 21",São Domingos de Benfica,Passeio,HOTSPOT,Sheffield standard,2,9,0,Público,Partilhado com Micromobilidade,2022-07-20,-9.18841584142659,38.7488799395062
16401,1890,"Rua Professor Reinaldo dos Santos, 11",São Domingos de Benfica,Passeio,BICICLETA,Sheffield standard,2,4,0,Público,Partilhado com Micromobilidade,2022-07-20,-9.18850408004193,38.7482053029624
16402,1891,"Estrada de Benfica, 431A",São Domingos de Benfica,Passeio,BICICLETA,Sheffield standard,2,4,0,Público,Partilhado com Micromobilidade,2022-07-21,-9.18498835069384,38.7467750412079
16403,1892,"Rua Professor Reinaldo dos Santos, 5B",São Domingos de Benfica,Passeio,BICICLETA,Sheffield standard,3,6,0,Público,Partilhado com Micromobilidade,2022-07-20,-9.18855606646899,38.7478204784834
16404,1893,"Estrada de Benfica, 461A",São Domingos de Benfica,Passeio,BICICLETA,Sheffield standard,3,6,0,Público,Partilhado com Micromobilidade,2022-07-22,-9.18854770696167,38.7470874444483
16405,1894,"Estrada de Benfica, 420",São Domingos de Benfica,Passeio,BICICLETA,Sheffield standard,2,4,0,Público,Partilhado com Micromobilidade,2022-07-21,-9.18807559354125,38.7471851328867
16406,1895,"Rua Professor Reinaldo dos Santos, 4",São Domingos de Benfica,Passeio,HOTSPOT,Sheffield standard,2,9,0,Público,Partilhado com Micromobilidade,2022-07-21,-9.18832109489859,38.7475406285942
16407,1896,"Rua Professor Reinaldo dos Santos, 8A",São Domingos de Benfica,Passeio,BICICLETA,Sheffield standard,3,6,0,Público,Partilhado com Micromobilidade,2022-07-22,-9.187994564439,38.7480486267341
16408,1897,"Rua Manuel Ferreira de Andrade, 18B",São Domingos de Benfica,Passeio,BICICLETA,Sheffield standard,2,4,0,Público,Partilhado com Micromobilidade,2022-07-22,-9.18708719254595,38.7479366932413
16409,1898,"Estrada de Benfica, 421",São Domingos de Benfica,Passeio,BICICLETA,Sheffield standard,2,4,0,Público,Partilhado com Micromobilidade,2022-07-24,-9.18424086205929,38.7466626995469
16410,1899,"Estrada de Benfica, 415",São Domingos de Benfica,Passeio,BICICLETA,Sheffield standard,2,4,0,Público,Partilhado com Micromobilidade,2022-07-22,-9.18342074660844,38.7464159479805
16411,1900,"Estrada de Benfica, 407",São Domingos de Benfica,Passeio,BICICLETA,Sheffield standard,2,4,0,Público,Partilhado com Micromobilidade,2022-07-21,-9.18265787767472,38.7460617439315
16412,1901,"Estrada de Benfica, 405",São Domingos de Benfica,Passeio,BICICLETA,Sheffield standard,2,4,0,Público,Partilhado com Micromobilidade,2022-07-21,-9.1824445807199,38.7459606996798
16413,1902,"Estrada de Benfica, 399",São Domingos de Benfica,Passeio,BICICLETA,Sheffield standard,2,4,0,Público,Partilhado com Micromobilidade,2022-07-20,-9.18154167403555,38.7454441138886
16414,1903,"Rua Major Neutel de Abreu, 9",São Domingos de Benfica,Passeio,BICICLETA,Sheffield standard,2,4,0,Público,Partilhado com Micromobilidade,2022-07-22,-9.18120319619468,38.747042783928
16415,1904,Travessa Carlo Paggi,São Domingos de Benfica,Passeio,BICICLETA,Sheffield standard,2,4,0,Público,Partilhado com Micromobilidade,2022-07-22,-9.18100159247788,38.746944775937
16416,2000,"Rua Luís Pastor de Macedo, 39",Lumiar,Passeio,BICICLETA,Sheffield standard,3,6,0,Público,Partilhado com Micromobilidade,2022-07-15,-9.15632885545716,38.7690453796249
16417,2001,"Rua António Patrício, 15",Alvalade,Passeio,BICICLETA,Sheffield standard,2,4,0,Público,Partilhado com Micromobilidade,2022-07-14,-9.14660195188158,38.7494166198916
16418,2002,"Rua António Patrício, 26",Alvalade,Passeio,BICICLETA,Sheffield standard,3,6,0,Público,Partilhado com Micromobilidade,2022-07-14,-9.14684608941583,38.7494631224866
16419,2003,"Avenida do Rio de Janeiro, 28 A",Alvalade,Passeio,BICICLETA,Sheffield standard,3,6,0,Público,Partilhado com Micromobilidade,2022-07-14,-9.13779770757509,38.7526914742634
16420,2004,"Rua Primeiro de Maio a Alcântara, 18",Alcântara,Passeio,BICICLETA,Sheffield standard,4,8,0,Público,Partilhado com Micromobilidade,2022-07-11,-9.17847021809267,38.7044101830882
16421,2005,"Rua Possidónio da Silva, Escola",Campo de Ourique,Passeio,BICICLETA,Sheffield standard,2,2,0,Público,Partilhado com Micromobilidade,2022-07-19,-9.166624295893,38.7128511046805
16422,2034,"Praça Rainha Dona Filipa, 1",Lumiar,Passeio,BICICLETA,Sheffield standard,2,4,0,Público,Partilhado com Micromobilidade,2022-07-16,-9.16353436729479,38.7670777936355
16423,2033,Praça Rainha Dona Filipa,Lumiar,Passeio,BICICLETA,Sheffield standard,1,2,0,Público,Partilhado com Micromobilidade,2022-07-16,-9.16363178471293,38.7670778876802
16424,2032,"Avenida Duque d' Ávila, 38B",Avenidas Novas,Passeio,BICICLETA,Sheffield standard,2,4,0,Público,Partilhado com Micromobilidade,2022-07-14,-9.14570529738602,38.7351500038555
16425,2007,"Rua Professor Gomes Teixeira, 2",Campo de Ourique,Passeio,BICICLETA,Sheffield standard,4,8,0,Público,Partilhado com Micromobilidade,2022-07-17,-9.16636345383505,38.7136310995821
16426,2008,"Rua Professor Gomes Teixeira, 19A",Campo de Ourique,Passeio,BICICLETA,Sheffield standard,2,4,0,Público,Partilhado com Micromobilidade,2022-07-19,-9.16574809559754,38.7140597117923
16427,2006,"Rua Saraiva de Carvalho, 275",Campo de Ourique,Passeio,BICICLETA,Sheffield standard,2,2,0,Público,Partilhado com Micromobilidade,2022-07-20,-9.16877646028739,38.7142753669574
16428,2013,"Avenida das Nações Unidas, 21",Carnide,Passeio,BICICLETA,Sheffield standard,2,4,0,Público,Partilhado com Micromobilidade,2022-06-27,-9.17824626554201,38.7641073891745
16429,2014,"Estrada de Telheiras, 113",Lumiar,Passeio,BICICLETA,Sheffield standard,4,8,0,Público,Partilhado com Micromobilidade,2022-07-15,-9.1647928712851,38.7596685691995
16431,2016,"Avenida João XXI, 9",Areeiro,Passeio,BICICLETA,Sheffield standard,3,6,0,Público,Partilhado com Micromobilidade,2022-07-13,-9.13558507002774,38.7422447565018
16432,2017,"Avenida Álvares Cabral, 61A",Campo de Ourique,Passeio,BICICLETA,Sheffield standard,2,2,0,Público,Partilhado com Micromobilidade,2022-07-18,-9.15766784892317,38.7170668569061
16434,2019,"Rua do Arco do Marquês de Alegrete, 6E",Santa Maria Maior,Passeio,BICICLETA,Sheffield standard,4,4,0,Público,Interdito Micromobilidade,2022-07-17,-9.13590606250344,38.7152624609158
16435,2020,"Avenida de Roma, 106",Alvalade,Passeio,BICICLETA,Sheffield standard,2,2,0,Público,Partilhado com Micromobilidade,2022-07-14,-9.145462468589,38.7560441034491
16436,2030,"Alameda António Sérgio, 2",Santa Clara,Passeio,BICICLETA,Sheffield standard,2,4,0,Público,Partilhado com Micromobilidade,2022-07-25,-9.16032604232986,38.7795849610172
16437,2031,"Alameda António Sérgio, 8F",Santa Clara,Passeio,BICICLETA,Sheffield standard,2,4,0,Público,Partilhado com Micromobilidade,2022-07-17,-9.15997170850213,38.7809808830193
16438,2029,"Rua Cidade de Nampula,12",Olivais,Passeio,BICICLETA,Sheffield standard,4,8,0,Público,Partilhado com Micromobilidade,2022-07-16,-9.12023351341715,38.7639858078102
16439,2026,"Rua General José Celestino da Silva, 4",São Domingos de Benfica,Passeio,BICICLETA,Sheffield standard,3,6,0,Público,Partilhado com Micromobilidade,2022-07-20,-9.17811477306484,38.7549901709496
16440,2035,"Rua dos Lagares D'El-Rei, 27",Alvalade,Passeio,BICICLETA,Sheffield standard,4,8,0,Público,Partilhado com Micromobilidade,2022-07-19,-9.13559742864226,38.7472121278147
16441,2036,"Rua Conde de Sabugosa, 13",Alvalade,Passeio,BICICLETA,Sheffield standard,1,2,0,Público,Partilhado com Micromobilidade,2022-07-22,-9.14030595547938,38.7476558224416
16442,2021,Rua Moura Girão,Alvalade,Passeio,BICICLETA,Sheffield standard,4,8,0,Privado,Interdito Micromobilidade,2022-08-31,-9.13570743548493,38.7481647164849
16443,2023,Avenida Professor Aníbal de Bettencourt,Alvalade,Passeio,BICICLETA,Sheffield standard,4,8,0,Público,Partilhado com Micromobilidade,2022-07-20,-9.15234052052019,38.7496941588135
16444,2024,Avenida Professor Aníbal de Bettencourt,Alvalade,Lugar estacionamento automóvel,BICICLETA,Sheffield standard,5,10,1,Privado,Interdito Micromobilidade,2022-07-27,-9.15240248147263,38.7496638268993
16445,2025,"Rua Afonso Lopes Vieira, 20",Alvalade,Via,BICICLETA,Sheffield standard,6,12,0,Público,Partilhado com Micromobilidade,2022-07-27,-9.14818657237889,38.7523065136374
16446,2027,"Calçada da Patriarcal, 7",Santo António,Passeio,BICICLETA,Sheffield standard,2,2,0,Público,Partilhado com Micromobilidade,2022-07-23,-9.14712525563776,38.716724185933
16447,2028,"Praça de Londres, 2",Areeiro,Passeio,BICICLETA,Sheffield standard,3,6,0,Público,Partilhado com Micromobilidade,2022-07-22,-9.13799209107663,38.74139879567
16448,2043,"Rua Conselheiro Emídio Navarro, ISEL",Marvila,Passeio,BICICLETA,Sheffield standard,5,10,0,Privado,Interdito Micromobilidade,2022-09-21,-9.11560683786377,38.7560303171326
16449,2038,"Rua Ricardo Jorge, 1",Alvalade,Via,BICICLETA,Sheffield standard,4,8,0,Público,Partilhado com Micromobilidade,2022-09-19,-9.13803750528917,38.7573509496506
16450,2039,"Rua Ricardo Jorge,14",Alvalade,Via,BICICLETA,Sheffield standard,4,8,0,Público,Partilhado com Micromobilidade,2022-09-20,-9.13903812951948,38.7571316451253
16451,2040,"Rua Ricardo Jorge, 6",Alvalade,Via,HOTSPOT,Sheffield standard,2,9,0,Público,Partilhado com Micromobilidade,2022-09-21,-9.13830276449423,38.7573717826633
16452,2041,"Estrada de Benfica, 393-397",São Domingos de Benfica,Via,HOTSPOT,Sheffield standard,4,12,0,Público,Partilhado com Micromobilidade,2022-09-22,-9.18122136090456,38.7452680949442
16453,2037,"Largo da Boa-Hora à Ajuda, 19",Ajuda,Passeio,BICICLETA,Sheffield standard,3,6,0,Público,Partilhado com Micromobilidade,2022-01-01,-9.19423446190128,38.7038419414138
16454,2044,"Estrada de Benfica, 535",Benfica,Passeio,BICICLETA,Sheffield standard,3,6,0,Privado,Interdito Micromobilidade,2022-09-23,-9.19480202954927,38.7496615532545
16455,2042,"Avenida Infante Dom Henrique, Lote 308",Marvila,Passeio,BICICLETA,Sheffield standard,5,10,1,Privado,Interdito Micromobilidade,2022-09-12,-9.10303361141185,38.7517845824472
16456,2045,"Avenida Columbano Bordalo Pinheiro, 64",São Domingos de Benfica,Passeio,BICICLETA,Sheffield standard,4,8,0,Público,Partilhado com Micromobilidade,2022-09-21,-9.16221493392122,38.7384110093866
16457,2046,Tapada da Ajuda,Alcântara,Passeio,BICICLETA,Sheffield standard,3,6,0,Privado,Interdito Micromobilidade,2022-09-23,-9.18577164299097,38.7088936146349
16458,2047,"Rua Álvaro Benamor, 1A",Carnide,Passeio,BICICLETA,Sheffield standard,3,6,0,Público,Partilhado com Micromobilidade,2022-09-23,-9.18919568344629,38.7642518731475
16459,2048,"Rua Álvaro Benamor, 8",Carnide,Passeio,BICICLETA,Sheffield standard,4,8,0,Público,Partilhado com Micromobilidade,2022-09-23,-9.18927617776823,38.7641367468824
16460,2049,Rua dos Táxis Palhinhas,Carnide,Via,BICICLETA,Entorta rodas,1,10,0,Público,Partilhado com Micromobilidade,,-9.18677702922177,38.7604178046874
16461,2051,"Rua da Manutenção, 114",Beato,Via,BICICLETA,Sheffield standard,4,8,0,Público,Partilhado com Micromobilidade,2022-11-11,-9.10750775097009,38.7297247966505
16462,2052,"Rua Coronel Bento Roma, 53A",Alvalade,Via,BICICLETA,Sheffield standard,2,4,0,Público,Partilhado com Micromobilidade,2022-11-11,-9.13977626451657,38.7483499509224
16463,2053,"Rua José Pinheiro de Melo, 62",Alvalade,Via,BICICLETA,Sheffield standard,3,6,0,Público,Partilhado com Micromobilidade,2022-11-11,-9.13864513105259,38.7483114251848
16464,2054,"Rua Professor Reinaldo dos Santos, 54C",São Domingos de Benfica,Via,BICICLETA,Sheffield standard,2,4,0,Público,Partilhado com Micromobilidade,2022-11-11,-9.1846658862567,38.7498057342741
16465,2055,"Rua do Telhal aos Olivais, 8",Marvila,Lugar estacionamento automóvel,BICICLETA,Sheffield standard,4,8,0,Público,Partilhado com Micromobilidade,2022-11-11,-9.10046490849488,38.7469746769012
16466,2056,"Avenida de Pádua, 10B",Olivais,Via,BICICLETA,Sheffield standard,3,6,0,Público,Partilhado com Micromobilidade,2022-11-11,-9.10440322960724,38.763000673374
16467,2057,Rua do Desterro,Arroios,Via,HOTSPOT,Sheffield standard,4,9,0,Público,Partilhado com Micromobilidade,2022-11-11,-9.1370138724908,38.7193077886318
16468,2058,Travessa do Conde da Ribeira,Alcântara,Via,BICICLETA,Sheffield standard,2,4,0,Público,Partilhado com Micromobilidade,,-9.184268378886,38.7025214118466
16469,2059,Travessa do Conde da Ribeira,Alcântara,Via,BICICLETA,Sheffield standard,2,4,0,Público,Partilhado com Micromobilidade,,-9.18418672052745,38.7024910570453
16470,2060,Travessa de Francisco Rezende,Benfica,Passeio,BICICLETA,Entorta rodas,1,6,0,Público,Partilhado com Micromobilidade,,-9.19625550014014,38.7422085441323
16471,2061,Estrada do Desvio,Santa Clara,Passeio,BICICLETA,Lisboa,4,,0,Público,Partilhado com Micromobilidade,,-9.16236192114612,38.7840642157904
16472,2062,"Largo Willy Brandt, Escola",Lumiar,Passeio,BICICLETA,Entorta rodas,3,24,0,Privado,Interdito Micromobilidade,,-9.16332081005877,38.758878956976
16473,2063,Rua das Francesinhas,Estrela,Passeio,BICICLETA,Cascata,2,16,0,Privado,Interdito Micromobilidade,,-9.15504979768902,38.7104711311895
16474,2064,"Rua Afonso Lopes Vieira, 45",Alvalade,Lugar estacionamento automóvel,HOTSPOT,Sheffield standard,4,10,0,Público,Partilhado com Micromobilidade,,-9.1496990779141,38.7544771384641
16475,2065,"Avenida 24 de Julho, 3",Misericórdia,Passeio,BICICLETA,Sheffield standard,3,6,0,Público,Partilhado com Micromobilidade,,-9.14749813620364,38.7066020800727
16476,2068,"Rua Filipe da Mata, 23",Avenidas Novas,Lugar estacionamento automóvel,BICICLETA,Sheffield standard,5,10,0,Público,Partilhado com Micromobilidade,2023-01-25,-9.15678131436016,38.7413820081896
16477,2069,"Rua da Beneficência, 159A",Avenidas Novas,Lugar estacionamento automóvel,BICICLETA,Sheffield standard,3,6,0,Público,Partilhado com Micromobilidade,2023-01-25,-9.1571144089853,38.7427371750821
16478,2070,"Rua do Barão de Monte Pedral, Escola",São Vicente,Passeio,BICICLETA,Sheffield standard,4,8,0,Público,Partilhado com Micromobilidade,,-9.12062003764246,38.7210095838415
16479,2071,"Rua Félix Bermudes, Piscina",Marvila,Passeio,BICICLETA,Onda,1,5,0,Privado,Interdito Micromobilidade,,-9.10590596917789,38.7514815057312
16480,2072,Rua F ao Braço de Prata,Marvila,Passeio,BICICLETA,Sheffield standard,4,8,0,Público,Partilhado com Micromobilidade,,-9.09862376667216,38.7453801150172
16481,2073,Rua Coronel Ferreira do Amaral,Penha de França,Lugar estacionamento automóvel,BICICLETA,Sheffield standard,11,22,0,Público,Partilhado com Micromobilidade,,-9.12739557102732,38.7353354984645
16482,2074,"Rua do Barão, 2",Santa Maria Maior,Passeio,BICICLETA,Sheffield standard,2,4,0,Público,Interdito Micromobilidade,2023-02-22,-9.13043980293728,38.7100278059052
16483,2075,"Rua de São João da Praça, 77",Santa Maria Maior,Via,BICICLETA,Sheffield standard,2,4,0,Público,Interdito Micromobilidade,2023-02-22,-9.1309118664615,38.7095793319659
16484,2076,Avenida Barbosa du Bocage,Avenidas Novas,Passeio,BICICLETA,Entorta rodas,2,10,0,Privado,Interdito Micromobilidade,,-9.14357535365174,38.7408582357041
16485,2078,"Alameda dos Oceanos, 59",Parque das Nações,Passeio,HOTSPOT,Sheffield standard,2,10,0,Público,Partilhado com Micromobilidade,,-9.09561281960669,38.7703160007849
16486,2077,Avenida Aquilino Ribeiro Machado,Parque das Nações,Passeio,HOTSPOT,Desconhecido,0,10,0,Público,Dedicado Micromobilidade,2023-03-09,-9.09890075333282,38.7684485438489
16487,2079,Avenida do Pacífico,Parque das Nações,Passeio,HOTSPOT,Desconhecido,0,10,0,Público,Dedicado Micromobilidade,2023-03-09,-9.09705547818811,38.7667041874917
16488,2080,"Avenida do Índico, 1C",Parque das Nações,Passeio,HOTSPOT,Desconhecido,0,10,0,Público,Dedicado Micromobilidade,2023-03-09,-9.09643052535574,38.768556591494
16489,2081,Avenida de Berlim,Parque das Nações,Passeio,HOTSPOT,Desconhecido,0,10,0,Público,Dedicado Micromobilidade,2023-03-09,-9.099033027513,38.767207126173
16490,2082,Alameda dos Oceanos,Parque das Nações,Passeio,HOTSPOT,Desconhecido,0,10,0,Público,Dedicado Micromobilidade,2023-03-09,-9.09468999328885,38.7775277899954
16491,2083,"Alameda dos Oceanos, 104A",Parque das Nações,Passeio,HOTSPOT,Desconhecido,0,10,0,Público,Dedicado Micromobilidade,2023-03-09,-9.09625261773738,38.7807621160544
16492,2091,"Rua General João de Almeida, 30A",Ajuda,Passeio,HOTSPOT,Desconhecido,0,10,0,Público,Dedicado Micromobilidade,2023-04-17,-9.20137391738839,38.7014342975565
16493,2092,Rua dos Marcos,Ajuda,Passeio,HOTSPOT,Desconhecido,0,10,0,Público,Dedicado Micromobilidade,2023-04-17,-9.19963520481035,38.7089822168986
16494,2093,Largo da Ajuda,Ajuda,Passeio,HOTSPOT,Desconhecido,0,10,0,Público,Dedicado Micromobilidade,2023-04-17,-9.19689052494158,38.707857000673
16495,2094,Rua do Guarda-Jóias,Ajuda,Passeio,HOTSPOT,Desconhecido,0,10,0,Público,Dedicado Micromobilidade,2023-04-17,-9.19404938214352,38.7056437931199
16496,2095,"Rua Aliança Operária, 112A",Ajuda,Passeio,HOTSPOT,Desconhecido,0,10,0,Público,Dedicado Micromobilidade,2023-04-17,-9.19335947981148,38.7031480838696
16497,2096,"Rua de Diogo Cão, 6",Alcântara,Passeio,HOTSPOT,Desconhecido,0,10,0,Público,Dedicado Micromobilidade,2023-04-17,-9.19182795633201,38.7014803401486
16498,2097,Rua Rui de Pina,Ajuda,Passeio,HOTSPOT,Desconhecido,0,10,0,Público,Dedicado Micromobilidade,2023-04-17,-9.19224148520693,38.7048007296871
16499,2098,"Largo do Rio Seco, 13",Ajuda,Passeio,HOTSPOT,Desconhecido,0,10,0,Público,Dedicado Micromobilidade,2023-04-17,-9.19147193886257,38.7039851118991
16500,2099,Rua Eduardo Bairrada,Ajuda,Passeio,HOTSPOT,Desconhecido,0,10,0,Público,Dedicado Micromobilidade,2023-04-17,-9.19360476575684,38.707268341945
16501,2146,"Avenida Carlos Pinhão, 8",Beato,Passeio,HOTSPOT,Desconhecido,0,10,0,Público,Dedicado Micromobilidade,2023-09-06,-9.12353589984807,38.7404432499998
16502,2432,"Avenida da Liberdade, 190B",Santo António,Lugar estacionamento automóvel,BICICLETA,Sheffield standard,7,14,0,Público,Partilhado com Micromobilidade,2023-12-31,-9.14548957816014,38.7207207722512
16503,2100,"Rua do Cruzeiro, 75",Ajuda,Passeio,HOTSPOT,Desconhecido,0,10,0,Público,Dedicado Micromobilidade,2023-04-17,-9.19122752821038,38.7067888760114
16504,2101,"Rua do Casalinho da Ajuda, Escola",Ajuda,Passeio,HOTSPOT,Desconhecido,0,10,0,Público,Dedicado Micromobilidade,2023-04-17,-9.19304296735465,38.7093836609038
16505,2102,Rua Sá Nogueira,Ajuda,Passeio,HOTSPOT,Desconhecido,0,10,0,Público,Dedicado Micromobilidade,2023-04-17,-9.19528561269414,38.7134586382848
16506,2103,Rua das Açucenas,Ajuda,Passeio,HOTSPOT,Desconhecido,0,10,0,Público,Dedicado Micromobilidade,2023-04-17,-9.20324075110613,38.7096609658988
16507,2104,Rua da Guarda Nacional Republicana,Ajuda,Passeio,HOTSPOT,Desconhecido,0,10,0,Público,Dedicado Micromobilidade,2023-04-17,-9.20338839349366,38.7101821042788
16508,2105,"Rua dos Marcos, Escola",Ajuda,Passeio,HOTSPOT,Desconhecido,0,10,0,Público,Dedicado Micromobilidade,2023-04-17,-9.20159521387142,38.7123197590156
16509,2106,Largo Ocidental,Ajuda,Passeio,HOTSPOT,Desconhecido,0,10,0,Público,Dedicado Micromobilidade,2023-04-17,-9.20927425396268,38.7123870442773
16510,2107,Calçada da Memória,Ajuda,Passeio,HOTSPOT,Desconhecido,0,10,0,Público,Dedicado Micromobilidade,2023-04-17,-9.20206193574931,38.7033745547114
16511,2108,Largo da Paz,Ajuda,Passeio,HOTSPOT,Desconhecido,0,10,0,Público,Dedicado Micromobilidade,2023-04-17,-9.20043831300872,38.7044226939735
16512,2109,Avenida da Universidade Técnica,Ajuda,Passeio,HOTSPOT,Desconhecido,0,10,0,Público,Dedicado Micromobilidade,2023-04-17,-9.19759266152866,38.7139576808501
16513,2110,Avenida do Colégio Militar,Carnide,Via,BICIPARQUE,Estacionamento Dois Níveis,,,1,Privado,Interdito Micromobilidade,,-9.18888933506371,38.75485170499
16514,2111,Rua A do PUAL,Lumiar,Passeio,BICICLETA,Sheffield standard,4,8,1,Privado,Interdito Micromobilidade,,-9.15821277142402,38.7764518154755
16515,2112,Rua A do PUAL,Lumiar,Passeio,BICICLETA,Sheffield standard,4,8,0,Privado,Interdito Micromobilidade,,-9.15827639577613,38.7763767782708
16516,2113,Rua A do PUAL,Lumiar,Passeio,BICICLETA,Sheffield standard,4,8,0,Privado,Interdito Micromobilidade,,-9.15835515691823,38.7762956504825
16517,2114,Rua A do PUAL,Lumiar,Passeio,BICICLETA,Sheffield standard,4,8,1,Privado,Interdito Micromobilidade,,-9.15842630563481,38.7762145894325
16518,2115,Rua Marques da Silva,Arroios,Passeio,BICICLETA,Desconhecido,,,0,Privado,Interdito Micromobilidade,2023-07-14,-9.13373372120708,38.7296684782825
16519,2116,Rua Cidade de Cardiff,Penha de França,Passeio,BICICLETA,Desconhecido,,,0,Privado,Interdito Micromobilidade,2023-07-14,-9.13272951508274,38.7288734081029
16520,2117,"Largo de São Julião, 15",Santa Maria Maior,Lugar estacionamento motociclo,HOTSPOT,Desconhecido,0,20,0,Público,Dedicado Micromobilidade,2023-07-19,-9.13915384635363,38.7087733650772
16521,2118,"Travessa do Pregoeiro, 26B",Carnide,Passeio,BICICLETA,Sheffield standard,4,8,0,Público,Partilhado com Micromobilidade,,-9.18738344468581,38.7609931843319
16522,2119,Alameda Cardeal Cerejeira,Avenidas Novas,Passeio,HOTSPOT,Desconhecido,0,10,0,Público,Dedicado Micromobilidade,2023-09-06,-9.15676122251086,38.7293676930506
16523,2120,Alameda Cardeal Cerejeira,Avenidas Novas,Passeio,HOTSPOT,Desconhecido,0,10,0,Público,Dedicado Micromobilidade,2023-09-06,-9.15403164892537,38.7307045337262
16524,2161,Rua Dr. Manuel Espírito Santo,Beato,Passeio,HOTSPOT,Desconhecido,0,10,0,Público,Dedicado Micromobilidade,2023-09-07,-9.11533329506266,38.7343797172298
16525,2162,"Calçada do Carrascal, 189",Beato,Passeio,HOTSPOT,Desconhecido,0,10,0,Público,Dedicado Micromobilidade,2023-09-07,-9.12385767595619,38.7364352070222
16526,2163,"Rua Gualdim Pais, 44",Beato,Passeio,HOTSPOT,Desconhecido,0,10,0,Público,Dedicado Micromobilidade,2023-09-07,-9.11447080066844,38.7273545271922
16527,2164,"Rua Engenheiro Maciel Chaves, 11",Beato,Passeio,HOTSPOT,Desconhecido,0,10,0,Público,Dedicado Micromobilidade,2023-09-07,-9.12492798305387,38.7367687303789
16528,2165,"Rua Marquês de Olhão, USF Beato",Beato,Passeio,HOTSPOT,Desconhecido,0,10,0,Público,Dedicado Micromobilidade,2023-09-07,-9.11120600175815,38.731554202897
16529,2166,"Rua Marquês de Olhão, 102",Beato,Passeio,HOTSPOT,Desconhecido,0,10,0,Público,Dedicado Micromobilidade,2023-09-07,-9.11333236066134,38.7346046614652
16530,2121,Alameda Edgar Cardoso,Avenidas Novas,Passeio,HOTSPOT,Desconhecido,0,10,0,Público,Dedicado Micromobilidade,2023-09-06,-9.15144138961827,38.7260372868551
16531,2122,"Avenida Álvaro Pais, 11",Avenidas Novas,Passeio,HOTSPOT,Desconhecido,0,10,0,Público,Dedicado Micromobilidade,2023-09-06,-9.15235560249658,38.7449306878093
16532,2123,"Avenida das Forças Armadas, 101",Avenidas Novas,Passeio,HOTSPOT,Desconhecido,0,10,0,Público,Dedicado Micromobilidade,2023-09-06,-9.15535375792283,38.7470225143198
16533,2124,Rua Soeiro Pereira Gomes,Avenidas Novas,Passeio,HOTSPOT,Desconhecido,0,10,0,Público,Dedicado Micromobilidade,2023-09-06,-9.15975404740274,38.7457856650585
16534,2125,Praça de Espanha,Avenidas Novas,Passeio,HOTSPOT,Desconhecido,0,10,0,Público,Dedicado Micromobilidade,2023-09-06,-9.15595934688648,38.7375442698746
16535,2126,Avenida Sidónio Pais,Avenidas Novas,Passeio,HOTSPOT,Desconhecido,0,10,0,Público,Dedicado Micromobilidade,2023-09-06,-9.15269755590221,38.7313322839143
16536,2169,Estrada do Alvito,Alcântara,Passeio,HOTSPOT,Desconhecido,0,10,0,Público,Dedicado Micromobilidade,2023-09-08,-9.18076975411423,38.7136299905483
16537,2170,"Calçada da Tapada, 151",Alcântara,Lugar estacionamento automóvel,HOTSPOT,Desconhecido,0,10,0,Público,Dedicado Micromobilidade,2023-09-08,-9.18637844976396,38.7057635916554
16538,2171,Calçada da Tapada,Alcântara,Via,HOTSPOT,Desconhecido,0,10,0,Público,Dedicado Micromobilidade,2023-09-08,-9.18279270016082,38.7060190680577
16539,2172,Calçada da Tapada,Alcântara,Lugar estacionamento automóvel,HOTSPOT,Desconhecido,0,10,0,Público,Dedicado Micromobilidade,2023-09-08,-9.17849865823566,38.7066278493598
16540,2173,Calçada de Santo Amaro,Alcântara,Passeio,HOTSPOT,Desconhecido,0,10,0,Público,Dedicado Micromobilidade,2023-09-08,-9.18298633001985,38.7024501472798
16541,2174,Doca de Santo Amaro,Alcântara,Passeio,HOTSPOT,Desconhecido,0,20,0,Público,Dedicado Micromobilidade,2025-09-26,-9.17552393792393,38.7002642490981
16542,2175,Avenida de Brasília,Estrela,Passeio,HOTSPOT,Desconhecido,0,10,0,Público,Dedicado Micromobilidade,2023-09-08,-9.15761141606736,38.7050870497358
16543,2176,Estrada do Alvito,Alcântara,Via,HOTSPOT,Desconhecido,0,10,0,Público,Dedicado Micromobilidade,2023-09-08,-9.18380965548793,38.7169172183646
16544,2177,Rua Prof. Vieira Natividade,Alcântara,Passeio,HOTSPOT,Desconhecido,0,10,0,Público,Dedicado Micromobilidade,2023-09-08,-9.17981563940208,38.7091402232942
16545,2178,"Rua Fradesso da Silveira, 30",Alcântara,Passeio,HOTSPOT,Desconhecido,0,10,0,Público,Dedicado Micromobilidade,2023-09-08,-9.17625213301031,38.7046334514672
16546,2179,"Travessa do Conde da Ribeira, 11",Alcântara,Passeio,HOTSPOT,Desconhecido,0,10,0,Público,Dedicado Micromobilidade,2023-09-08,-9.18468771467087,38.7011422065079
16547,2180,Rua da Fábrica da Pólvora,Alcântara,Lugar estacionamento automóvel,HOTSPOT,Desconhecido,0,10,0,Público,Dedicado Micromobilidade,2023-09-08,-9.17589354274988,38.7129765537618
16548,2181,"Rua da Junqueira, 59",Alcântara,Passeio,HOTSPOT,Desconhecido,0,10,0,Público,Dedicado Micromobilidade,2023-09-11,-9.18402816794218,38.6998335792464
16549,2127,Avenida Sidónio Pais,Avenidas Novas,Passeio,HOTSPOT,Desconhecido,0,10,0,Público,Dedicado Micromobilidade,2023-09-06,-9.15116053393173,38.7297032311114
16550,2128,"Avenida Santos Dumont, 74",Avenidas Novas,Lugar estacionamento automóvel,HOTSPOT,Desconhecido,0,10,0,Público,Dedicado Micromobilidade,2023-09-06,-9.15675741837033,38.739444954649
16551,2129,"Avenida Visconde de Valmor, 1",Avenidas Novas,Passeio,HOTSPOT,Desconhecido,0,10,0,Público,Dedicado Micromobilidade,2023-09-06,-9.14268128025084,38.7389418315721
16553,2131,"Rua Filipe da Mata, 79",Avenidas Novas,Lugar estacionamento automóvel,HOTSPOT,Desconhecido,0,10,0,Público,Dedicado Micromobilidade,2023-09-06,-9.15967590542712,38.7412504959767
16554,2132,Rua Castilho,Avenidas Novas,Passeio,HOTSPOT,Desconhecido,0,10,0,Público,Dedicado Micromobilidade,2023-09-06,-9.15501341448573,38.7265947499149
16555,2182,Rua da Junqueira,Alcântara,Passeio,HOTSPOT,Desconhecido,0,10,0,Público,Dedicado Micromobilidade,2023-09-11,-9.18547287556171,38.6992321329422
16556,2183,"Rua da Junqueira, 5",Alcântara,Passeio,HOTSPOT,Desconhecido,0,10,0,Público,Dedicado Micromobilidade,2023-09-11,-9.18196115720422,38.7007907523496
16557,2184,"Rua Mécia Mouzinho de Albuquerque, 1",Alcântara,Passeio,HOTSPOT,Desconhecido,0,10,0,Público,Dedicado Micromobilidade,2023-09-11,-9.1879390200347,38.6982543514343
16558,2185,Rua da Fábrica da Pólvora,Alcântara,Lugar estacionamento automóvel,HOTSPOT,Desconhecido,0,10,0,Público,Dedicado Micromobilidade,2023-09-11,-9.17580267928408,38.71182096004
16559,2186,Calçada da Tapada,Alcântara,Lugar estacionamento automóvel,HOTSPOT,Desconhecido,0,10,0,Público,Dedicado Micromobilidade,2023-09-11,-9.17579348169865,38.706558556545
16560,2187,"Rua do Alvito, 36",Alcântara,Via,HOTSPOT,Desconhecido,0,10,0,Público,Dedicado Micromobilidade,2023-09-12,-9.17529500611851,38.707954069286
16561,2188,"Rua Padre Manuel Alves Correia, 1",Alcântara,Passeio,HOTSPOT,Desconhecido,0,10,0,Público,Dedicado Micromobilidade,2023-09-12,-9.18848723087463,38.7060982195002
16562,2133,Rua Castilho,Avenidas Novas,Passeio,HOTSPOT,Desconhecido,0,10,0,Público,Dedicado Micromobilidade,2023-09-06,-9.1539194493163,38.7253400235436
16563,2134,"Rua da Cruz Vermelha, 13D",Avenidas Novas,Passeio,HOTSPOT,Desconhecido,0,10,0,Público,Dedicado Micromobilidade,2023-09-06,-9.15148057918744,38.7453303852342
16564,2135,Rua de Artilharia Um,Campolide,Passeio,HOTSPOT,Desconhecido,0,10,0,Público,Dedicado Micromobilidade,2023-09-06,-9.15991489999797,38.7282454788478
16565,2136,"Rua Tenente Espanca, 3C",Avenidas Novas,Lugar estacionamento automóvel,HOTSPOT,Desconhecido,0,10,0,Público,Dedicado Micromobilidade,2023-09-06,-9.1549631754089,38.738818458338
16566,2137,"Rua Dr. Nicolau de Bettencourt, 29",Avenidas Novas,Passeio,HOTSPOT,Desconhecido,0,10,0,Público,Dedicado Micromobilidade,2023-09-06,-9.15341777617305,38.7347291962396
16567,2138,"Rua Fialho de Almeida, 21B",Avenidas Novas,Passeio,HOTSPOT,Desconhecido,0,10,0,Público,Dedicado Micromobilidade,2023-09-06,-9.15796883020926,38.7344708053526
16568,2139,"Rua Francisco de Holanda, 47",Avenidas Novas,Lugar estacionamento automóvel,HOTSPOT,Desconhecido,0,10,0,Público,Dedicado Micromobilidade,2023-09-06,-9.15768233474596,38.7443961695715
16569,2189,"Rua do Giestal, 2",Alcântara,Passeio,HOTSPOT,Desconhecido,0,10,0,Público,Dedicado Micromobilidade,2023-09-13,-9.19042184202913,38.7002021718179
16570,2190,Travessa dos Fornos,Ajuda,Via,HOTSPOT,Desconhecido,0,10,0,Público,Dedicado Micromobilidade,2023-09-13,-9.1892915689176,38.7064440946273
16571,2191,Rua Luís de Camões,Alcântara,Passeio,HOTSPOT,Desconhecido,0,10,0,Público,Dedicado Micromobilidade,2023-09-13,-9.18278258896519,38.7041148849099
16572,2192,"Rua dos Lusíadas, 106",Alcântara,Lugar estacionamento automóvel,HOTSPOT,Desconhecido,0,10,0,Público,Dedicado Micromobilidade,2023-09-18,-9.18153030959515,38.7047604913247
16573,2193,"Rua dos Lusíadas, 9",Alcântara,Lugar estacionamento automóvel,HOTSPOT,Desconhecido,0,10,0,Público,Dedicado Micromobilidade,2023-09-18,-9.17866020507223,38.7056319388672
16574,2194,Rua Gil Vicente,Alcântara,Passeio,HOTSPOT,Desconhecido,0,10,0,Público,Dedicado Micromobilidade,2023-09-18,-9.18407370659305,38.7042223582564
16575,2140,"Rua Francisco Lyon de Castro, 12",Avenidas Novas,Passeio,HOTSPOT,Desconhecido,0,10,0,Público,Dedicado Micromobilidade,2023-09-06,-9.15360513752018,38.7465694050189
16576,2141,Rua Rodrigo da Fonseca,Avenidas Novas,Passeio,HOTSPOT,Desconhecido,0,10,0,Público,Dedicado Micromobilidade,2023-09-06,-9.15879083389182,38.7292195052001
16577,2142,"Rua Rodrigo da Fonseca, 103",Avenidas Novas,Passeio,HOTSPOT,Desconhecido,0,10,0,Público,Dedicado Micromobilidade,2023-09-06,-9.15523906066831,38.7251836350631
16578,2143,"Rua Sousa Lopes, Lote PQ",Avenidas Novas,Passeio,HOTSPOT,Desconhecido,0,10,0,Público,Dedicado Micromobilidade,2023-09-06,-9.15460931243877,38.7440106267314
16579,2144,"Rua Sousa Lopes, 51D",Avenidas Novas,Passeio,HOTSPOT,Desconhecido,0,10,0,Público,Dedicado Micromobilidade,2023-09-06,-9.15267042000643,38.7438333748548
16580,2145,"Avenida das Forças Armadas, 51C",Avenidas Novas,Passeio,HOTSPOT,Desconhecido,0,8,0,Público,Dedicado Micromobilidade,2023-09-06,-9.15193557637083,38.747624614741
16581,2195,"Rua José Dias Coelho, 29",Alcântara,Via,HOTSPOT,Desconhecido,0,10,0,Público,Dedicado Micromobilidade,2023-09-18,-9.17776552010901,38.7064657602201
16582,2196,"Rua Luís de Camões, 126",Alcântara,Lugar estacionamento automóvel,HOTSPOT,Desconhecido,0,10,0,Público,Dedicado Micromobilidade,2023-09-18,-9.18391222886899,38.7053004461806
16583,2197,"Rua Luís de Camões, 1",Alcântara,Via,HOTSPOT,Desconhecido,0,10,0,Público,Dedicado Micromobilidade,2023-09-18,-9.18079320203358,38.7023197919749
16584,2198,"Rua Primeiro de Maio a Alcântara, 24",Alcântara,Passeio,HOTSPOT,Desconhecido,0,10,0,Público,Dedicado Micromobilidade,2023-09-18,-9.17880591926049,38.7039793159515
16585,2199,Travessa do Conde da Ponte,Alcântara,Passeio,HOTSPOT,Desconhecido,0,10,0,Público,Dedicado Micromobilidade,2023-09-18,-9.18094744790688,38.6996077396171
16586,2201,"Rua João de Barros, 31",Alcântara,Passeio,HOTSPOT,Desconhecido,0,10,0,Público,Dedicado Micromobilidade,2023-09-18,-9.18771474720042,38.7049480133022
16587,2202,Largo da Revista Militar,Benfica,Passeio,HOTSPOT,Desconhecido,0,10,0,Público,Dedicado Micromobilidade,2023-09-18,-9.18895645686924,38.7528085775288
16588,2147,Avenida Infante Dom Henrique,Beato,Passeio,HOTSPOT,Desconhecido,0,8,0,Público,Dedicado Micromobilidade,2023-09-06,-9.11027679198841,38.7266990560054
16589,2148,Rua General Vassalo e Silva,Beato,Passeio,HOTSPOT,Desconhecido,0,5,0,Público,Dedicado Micromobilidade,2023-09-06,-9.12555077045471,38.7365598506043
16590,2149,"Calçada de Dom Gastão, 33",Beato,Passeio,HOTSPOT,Desconhecido,0,10,0,Público,Dedicado Micromobilidade,2023-09-06,-9.10938500349129,38.7284536270066
16591,2150,Largo do Marquês de Nisa,Penha de França,Passeio,HOTSPOT,Desconhecido,0,10,0,Público,Dedicado Micromobilidade,2023-09-06,-9.1133579846812,38.7259264437142
16592,2151,"Rua Aquiles Machado, 2",Beato,Passeio,HOTSPOT,Desconhecido,0,10,0,Público,Dedicado Micromobilidade,2023-09-06,-9.12550120096343,38.7380035580504
16593,2152,Rua Rocha Santos,Beato,Via,HOTSPOT,Desconhecido,0,10,0,Público,Dedicado Micromobilidade,2023-09-06,-9.11372936762143,38.730170395741
16594,2153,"Rua Professor Mira Fernandes, Lote 1",Beato,Passeio,HOTSPOT,Desconhecido,0,8,0,Público,Dedicado Micromobilidade,2023-09-06,-9.12455030476152,38.7381464206683
16595,2154,Rua Carlos Botelho,Beato,Passeio,HOTSPOT,Desconhecido,0,10,0,Público,Dedicado Micromobilidade,2023-09-06,-9.12139873356432,38.7350313800603
16596,2155,"Rua da Manutenção, 69",Beato,Passeio,HOTSPOT,Desconhecido,0,10,0,Público,Dedicado Micromobilidade,2023-09-07,-9.10752449827769,38.7299411696691
16597,2156,"Rua da Manutenção, 22",Beato,Passeio,HOTSPOT,Desconhecido,0,10,0,Público,Dedicado Micromobilidade,2023-09-07,-9.11132865126268,38.7264882427879
16598,2157,"Rua da Manutenção, 78",Beato,Passeio,HOTSPOT,Desconhecido,0,10,0,Público,Dedicado Micromobilidade,2023-09-07,-9.10880979929767,38.7281611473808
16599,2158,"Rua de Xabregas, 4",Beato,Passeio,HOTSPOT,Desconhecido,0,10,0,Público,Dedicado Micromobilidade,2023-09-07,-9.1097593641497,38.7282476694867
16600,2159,Largo da Madre de Deus,Beato,Passeio,HOTSPOT,Desconhecido,0,10,0,Público,Dedicado Micromobilidade,2023-09-07,-9.11424417888005,38.7320182725368
16601,2160,"Rua Doutor Faria de Vasconcelos, 6B",Beato,Passeio,HOTSPOT,Desconhecido,0,10,0,Público,Dedicado Micromobilidade,2023-09-07,-9.1205560347173,38.7390462957259
16602,2203,"Avenida do Uruguai, 7B",Benfica,Passeio,HOTSPOT,Desconhecido,0,10,0,Público,Dedicado Micromobilidade,2023-09-18,-9.1974978133953,38.7511882814942
16603,2204,"Avenida do Uruguai, 27",Benfica,Passeio,HOTSPOT,Desconhecido,0,10,0,Público,Dedicado Micromobilidade,2023-09-18,-9.19696834681301,38.7526490988178
16605,2206,"Avenida Gomes Pereira, 98B",Benfica,Passeio,HOTSPOT,Desconhecido,0,10,0,Público,Dedicado Micromobilidade,2023-09-18,-9.19805441985614,38.7453598442457
16607,2208,"Calçada do Tojal, 52",Benfica,Passeio,HOTSPOT,Desconhecido,0,10,0,Público,Dedicado Micromobilidade,2023-09-18,-9.203531282397,38.7544053537856
16608,2209,Rua do Bom Pastor,Benfica,Passeio,HOTSPOT,Desconhecido,0,10,0,Público,Dedicado Micromobilidade,2023-09-20,-9.20281852545136,38.7422778328671
16609,2210,"Estrada da Buraca, 1",Benfica,Via,HOTSPOT,Desconhecido,0,10,0,Público,Dedicado Micromobilidade,2023-09-20,-9.20350914245018,38.7445089719309
16610,2211,Estrada da Circunvalação,Benfica,Passeio,HOTSPOT,Desconhecido,0,10,0,Público,Dedicado Micromobilidade,2023-09-20,-9.20543648567725,38.7368862011327
16611,2212,Estrada da Circunvalação,Benfica,Passeio,HOTSPOT,Desconhecido,0,10,0,Público,Dedicado Micromobilidade,2023-09-20,-9.20777439202826,38.7245615861103
16612,2213,Estrada das Oliveiras de Baixo,Benfica,Via,HOTSPOT,Desconhecido,0,10,0,Público,Dedicado Micromobilidade,2023-09-20,-9.19664000710123,38.7251044181028
16613,2214,"Estrada de A-da-Maia, 58",Benfica,Passeio,HOTSPOT,Desconhecido,0,10,0,Público,Dedicado Micromobilidade,2023-09-20,-9.20894149206455,38.7509237612504
16614,2215,"Estrada de Benfica, 717",Benfica,Passeio,HOTSPOT,Desconhecido,0,10,0,Público,Dedicado Micromobilidade,2023-09-20,-9.20182759585485,38.7507744244733
16615,2216,Estrada de Monsanto,Benfica,Via,HOTSPOT,Desconhecido,0,10,0,Público,Dedicado Micromobilidade,2023-09-20,-9.20228526436,38.736760719638
16616,2217,Estrada de Monsanto,Benfica,Via,HOTSPOT,Desconhecido,0,5,0,Público,Dedicado Micromobilidade,2023-09-20,-9.19456069444929,38.7267870754197
16617,2218,Estrada do Forte,Benfica,Via,HOTSPOT,Desconhecido,0,10,0,Público,Dedicado Micromobilidade,2023-09-20,-9.20047812826057,38.7306642965645
16618,2219,Estrada do Forte,Benfica,Passeio,HOTSPOT,Desconhecido,0,5,0,Público,Dedicado Micromobilidade,2023-09-20,-9.19005692051064,38.7333889423954
16619,2220,Estrada dos Arneiros,Benfica,Passeio,HOTSPOT,Desconhecido,0,10,0,Público,Dedicado Micromobilidade,2023-09-20,-9.20018439866597,38.7558942205172
16620,2221,Rua 4 do Bairro da Boavista,Benfica,Via,HOTSPOT,Desconhecido,0,10,0,Público,Dedicado Micromobilidade,2023-09-20,-9.2032077676895,38.7337715400133
16621,2222,Rua António Pinho,Benfica,Passeio,HOTSPOT,Desconhecido,0,10,0,Público,Dedicado Micromobilidade,2023-09-20,-9.20333647512202,38.7358272717658
16622,2223,"Rua Maria Lalande, 19",Benfica,Passeio,HOTSPOT,Desconhecido,0,10,0,Público,Dedicado Micromobilidade,2023-09-20,-9.20416942068571,38.7537102739566
16623,2224,Rua Prof. Jorge da Silva Horta,Benfica,Passeio,HOTSPOT,Desconhecido,0,10,0,Público,Dedicado Micromobilidade,2023-09-20,-9.20605758137262,38.7455865551708
16624,2225,Rua Actor Estevão Amarante,Benfica,Passeio,HOTSPOT,Desconhecido,0,3,0,Público,Dedicado Micromobilidade,2023-09-20,-9.20207976784676,38.7452331235569
16625,2226,Rua José Augusto Seabra,Benfica,Passeio,HOTSPOT,Desconhecido,0,10,0,Público,Dedicado Micromobilidade,2023-09-21,-9.20089044467758,38.744117993592
16626,2227,"Rua das Acácias, Lote D",Benfica,Passeio,HOTSPOT,Desconhecido,0,10,0,Público,Dedicado Micromobilidade,2023-09-21,-9.20551564816501,38.7318323901951
16627,2228,Rua das Azáleas,Benfica,Passeio,HOTSPOT,Desconhecido,0,10,0,Público,Dedicado Micromobilidade,2023-09-21,-9.20608554689023,38.7344915896232
16628,2229,"Rua das Garridas, 37",Benfica,Lugar estacionamento automóvel,HOTSPOT,Desconhecido,0,10,0,Público,Dedicado Micromobilidade,2023-09-21,-9.20043008657015,38.7473312291378
16629,2230,Rua Dr Joaquim Manso,Benfica,Passeio,HOTSPOT,Desconhecido,0,3,0,Público,Dedicado Micromobilidade,2023-09-21,-9.1967450482018,38.7554335539179
16630,2231,"Rua Dr. João de Barros, 2",Benfica,Passeio,HOTSPOT,Desconhecido,0,10,0,Público,Dedicado Micromobilidade,2023-09-21,-9.20007388014124,38.7531982600039
16631,2232,Rua Dr. José Baptista de Sousa,Benfica,Passeio,HOTSPOT,Desconhecido,0,10,0,Público,Dedicado Micromobilidade,2023-09-21,-9.19383496921516,38.7504734709339
16632,2233,Rua João Ortigão Ramos,Benfica,Passeio,HOTSPOT,Desconhecido,0,10,0,Público,Dedicado Micromobilidade,2023-09-22,-9.20446044804397,38.7560848392098
16633,2234,Rua Joaquim Paço d'Arcos,Benfica,Passeio,HOTSPOT,Desconhecido,0,10,0,Público,Dedicado Micromobilidade,2023-09-22,-9.19118470621819,38.748142932021
16634,2235,"Rua José dos Santos Pereira, 10A",Benfica,Passeio,HOTSPOT,Desconhecido,0,10,0,Público,Dedicado Micromobilidade,2023-09-22,-9.19279607081338,38.7450395245581
16635,2236,"Rua Lucília Simões, 11",Benfica,Passeio,HOTSPOT,Desconhecido,0,10,0,Público,Dedicado Micromobilidade,2023-09-22,-9.20606280497008,38.7529230012115
16636,2237,Rua Maria Violante Vieira,Benfica,Passeio,HOTSPOT,Desconhecido,0,10,0,Público,Dedicado Micromobilidade,2023-09-22,-9.20631812949144,38.74449942576
16637,2238,"Avenida Gomes Pereira, 16A",Benfica,Passeio,HOTSPOT,Desconhecido,0,10,0,Público,Dedicado Micromobilidade,2023-09-22,-9.19763646871669,38.7496224586984
16638,2239,"Rua Prof. Jorge da Silva Horta, 6A",Benfica,Passeio,HOTSPOT,Desconhecido,0,10,0,Público,Dedicado Micromobilidade,2023-09-22,-9.20502665807601,38.7458597444218
16639,2240,"Rua Prof. José Sebastião e Silva, Escola",Benfica,Passeio,HOTSPOT,Desconhecido,0,10,0,Público,Dedicado Micromobilidade,2023-09-22,-9.19267563996463,38.7482331913191
16640,2241,Rua Ten. Coronel Ribeiro dos Reis,Benfica,Passeio,HOTSPOT,Desconhecido,0,10,0,Público,Dedicado Micromobilidade,2023-09-22,-9.18987381782931,38.7460534327596
16641,2242,Rua Ten. Coronel Ribeiro dos Reis,Benfica,Via,BICICLETA,Sheffield standard,5,10,0,Privado,Interdito Micromobilidade,,-9.18985440286255,38.7466511782681
16642,2243,Avenida Calouste Gulbenkian,Campolide,Passeio,HOTSPOT,Desconhecido,0,10,0,Público,Dedicado Micromobilidade,2023-09-25,-9.16104600554321,38.7361986729183
16643,2244,Rua Professor Lima Basto,São Domingos de Benfica,Passeio,HOTSPOT,Desconhecido,0,10,0,Público,Dedicado Micromobilidade,2023-09-25,-9.16706651647825,38.7402973992811
16644,2245,"Avenida Columbano Bordalo Pinheiro, 78",São Domingos de Benfica,Passeio,HOTSPOT,Desconhecido,0,10,0,Público,Dedicado Micromobilidade,2023-09-25,-9.16368513137279,38.7386488015582
16645,2246,"Avenida Conselheiro Fernando de Sousa, 27",Campolide,Passeio,HOTSPOT,Desconhecido,0,5,0,Público,Dedicado Micromobilidade,2023-09-25,-9.1616779048123,38.7264768694992
16646,2247,Rua Aviador Plácido de Abreu,Campolide,Passeio,HOTSPOT,Desconhecido,0,10,0,Público,Dedicado Micromobilidade,2023-09-25,-9.16081338806139,38.7258096040266
16648,2249,Rua Basílio Teles,Campolide,Passeio,HOTSPOT,Desconhecido,0,10,0,Público,Dedicado Micromobilidade,2023-09-25,-9.16393023509925,38.7375648467312
16649,2250,"Avenida José Malhoa, 27C",Campolide,Passeio,HOTSPOT,Desconhecido,0,10,0,Público,Dedicado Micromobilidade,2023-09-25,-9.16718776708471,38.7381687293497
16650,2251,Avenida Miguel Torga,Campolide,Passeio,HOTSPOT,Desconhecido,0,8,0,Público,Dedicado Micromobilidade,2023-09-25,-9.1620798410105,38.7319960873017
16651,2252,Avenida Miguel Torga,Campolide,Passeio,HOTSPOT,Desconhecido,0,10,0,Público,Dedicado Micromobilidade,2023-09-25,-9.16122992645671,38.7312336437996
16652,2253,"Avenida Miguel Torga, 4",Campolide,Lugar estacionamento automóvel,HOTSPOT,Desconhecido,0,10,0,Público,Dedicado Micromobilidade,2023-09-25,-9.16135864281615,38.7302287758707
16653,2254,Calçada da Quintinha,Campolide,Passeio,HOTSPOT,Desconhecido,0,10,0,Público,Dedicado Micromobilidade,2023-09-25,-9.16539112561399,38.7266437997817
16654,2255,Avenida Calouste Gulbenkian,Campolide,Passeio,HOTSPOT,Desconhecido,0,10,0,Público,Dedicado Micromobilidade,2023-09-25,-9.16601048175331,38.7298746744699
16655,2256,Rua Inácio Pardelhas Sanchez,Campolide,Passeio,HOTSPOT,Desconhecido,0,10,0,Público,Dedicado Micromobilidade,2023-09-25,-9.17144514257502,38.7351689534894
16656,2257,Calçada da Quintinha,Campolide,Passeio,HOTSPOT,Desconhecido,0,10,0,Público,Dedicado Micromobilidade,2023-09-25,-9.16618232643997,38.7265780658672
16657,2258,Rua 12 do Bairro da Calçada dos Mestres,Campolide,Passeio,HOTSPOT,Desconhecido,0,10,0,Público,Dedicado Micromobilidade,2023-09-25,-9.16902462572774,38.7285858857264
16658,2259,"Alto do Carvalhão, 3",Campolide,Passeio,HOTSPOT,Desconhecido,0,10,0,Público,Dedicado Micromobilidade,2023-09-25,-9.16575238167816,38.7239374912246
16659,2260,"Rua Ramalho Ortigão, Teatro",Campolide,Passeio,HOTSPOT,Desconhecido,0,10,0,Público,Dedicado Micromobilidade,2023-09-25,-9.15893370006523,38.7359812729128
16660,2261,Rua Cardeal Saraiva,Campolide,Passeio,HOTSPOT,Desconhecido,0,10,0,Público,Dedicado Micromobilidade,2023-09-25,-9.16256134091031,38.7365858136593
16661,2262,Rua da Mesquita,Campolide,Passeio,HOTSPOT,Desconhecido,0,10,0,Público,Dedicado Micromobilidade,2023-09-25,-9.15829113013457,38.7354168116977
16662,2263,"Rua Padre António Vieira, 44",Avenidas Novas,Lugar estacionamento automóvel,HOTSPOT,Desconhecido,0,10,0,Público,Dedicado Micromobilidade,2023-09-26,-9.15872898424303,38.7273757776098
16663,2264,Rua de Artilharia Um,Campolide,Via,HOTSPOT,Desconhecido,0,10,0,Público,Dedicado Micromobilidade,2023-09-26,-9.15833689330703,38.7266246295109
16664,2265,"Rua de Artilharia Um, 70",Campolide,Lugar estacionamento automóvel,HOTSPOT,Desconhecido,0,10,0,Público,Dedicado Micromobilidade,2023-09-26,-9.15732600340399,38.7256095743017
16665,2266,Rua de Artilharia Um,Campolide,Passeio,HOTSPOT,Desconhecido,0,10,0,Público,Dedicado Micromobilidade,2023-09-26,-9.15709852235035,38.7250668941334
16666,2267,"Rua de Campolide, 372",Campolide,Passeio,HOTSPOT,Desconhecido,0,10,0,Público,Dedicado Micromobilidade,2023-09-26,-9.16778356754298,38.7370797000039
16667,623,"Rua de Entrecampos, 44B",Alvalade,Lugar estacionamento automóvel,HOTSPOT,Sheffield standard,2,9,0,Público,Partilhado com Micromobilidade,,-9.14662257429839,38.7465897323357
16668,2268,"Rua Vila de Catió, Escola",Olivais,Passeio,BICICLETA,Sheffield standard,12,24,0,Privado,Interdito Micromobilidade,2023-09-22,-9.11356139398276,38.760689293936
16669,2269,"Rua do Saco, 1",Arroios,Passeio,BICICLETA,Sheffield standard,2,4,0,Público,Partilhado com Micromobilidade,2023-09-22,-9.13806479187478,38.7205078118985
16670,2270,"Rua do Centro Cultural, 14",Alvalade,Via,BICICLETA,Sheffield standard,2,4,0,Público,Partilhado com Micromobilidade,2023-09-22,-9.14323662785491,38.7559112151783
16671,2271,"Rua do Centro Cultural, 12",Alvalade,Via,HOTSPOT,Desconhecido,0,4,0,Público,Dedicado Micromobilidade,2023-09-22,-9.14268079726717,38.7561029895123
16672,2272,Rua de Campolide,Campolide,Passeio,HOTSPOT,Desconhecido,0,10,0,Público,Dedicado Micromobilidade,2023-09-27,-9.16408191380154,38.7341203940877
16673,2273,"Rua de Campolide, 223",Campolide,Passeio,HOTSPOT,Desconhecido,0,10,0,Público,Dedicado Micromobilidade,2023-09-27,-9.16296390813647,38.732852979802
16674,2274,Rua Marquês de Fronteira,Campolide,Passeio,HOTSPOT,Desconhecido,0,10,0,Público,Dedicado Micromobilidade,2023-09-27,-9.15661644077618,38.7310843039583
16675,2275,Rua dos Arcos,Campolide,Passeio,HOTSPOT,Desconhecido,0,10,0,Público,Dedicado Micromobilidade,2023-09-27,-9.17184211947608,38.732418561575
16676,2276,"Rua B do Bairro da Liberdade, 75",Campolide,Passeio,HOTSPOT,Desconhecido,0,8,0,Público,Dedicado Micromobilidade,2023-09-27,-9.16907835950798,38.733732851774
16677,2277,Avenida de Brasília,Estrela,Passeio,HOTSPOT,Desconhecido,0,10,0,Público,Dedicado Micromobilidade,2023-09-29,-9.15719998219011,38.7052080287308
16678,2434,Avenida Dr. Augusto de Castro,Marvila,Passeio,HOTSPOT,Desconhecido,0,10,0,Público,Dedicado Micromobilidade,2024-01-12,-9.11275212104339,38.7578400155918
16679,2435,Avenida Francisco Salgado Zenha,Marvila,Passeio,HOTSPOT,Desconhecido,0,10,0,Público,Dedicado Micromobilidade,2024-01-12,-9.1185145868288,38.7476966592395
16680,2436,"Avenida François Mitterrand, 35A",Marvila,Passeio,HOTSPOT,Desconhecido,0,10,0,Público,Dedicado Micromobilidade,2024-01-12,-9.11849476566782,38.7453871155413
16681,2437,Avenida João Paulo II,Marvila,Passeio,HOTSPOT,Desconhecido,0,10,0,Público,Dedicado Micromobilidade,2024-01-12,-9.1125272885439,38.7474081525701
16682,2438,Avenida João Paulo II,Marvila,Passeio,HOTSPOT,Desconhecido,0,10,0,Público,Dedicado Micromobilidade,2024-01-12,-9.11308292120678,38.7463769268695
16683,2439,Avenida Paulo VI,Marvila,Passeio,HOTSPOT,Desconhecido,0,10,0,Público,Dedicado Micromobilidade,2024-01-12,-9.11137592855803,38.7432441291197
16684,2440,Avenida Paulo VI,Marvila,Passeio,HOTSPOT,Desconhecido,0,4,0,Público,Dedicado Micromobilidade,2024-01-12,-9.1089099473695,38.7473493719297
16685,2278,Rua Cascais,Estrela,Passeio,HOTSPOT,Desconhecido,0,10,0,Público,Dedicado Micromobilidade,2023-09-29,-9.17474906151475,38.7030862694247
16686,2279,"Avenida Infante Santo, 374",Estrela,Passeio,HOTSPOT,Desconhecido,0,8,0,Público,Dedicado Micromobilidade,2023-09-29,-9.16155430231303,38.7135747230673
16687,2280,Rua de San'Ana (Santana) à Lapa,Estrela,Passeio,HOTSPOT,Desconhecido,0,10,0,Público,Dedicado Micromobilidade,2023-09-29,-9.16396556382183,38.7113517939344
16688,2281,"Avenida Infante Santo, 51",Estrela,Passeio,HOTSPOT,Desconhecido,0,5,0,Público,Dedicado Micromobilidade,2023-09-29,-9.16675903621279,38.7093382477123
16689,2284,Rua Cascais,Estrela,Passeio,HOTSPOT,Desconhecido,0,10,0,Público,Dedicado Micromobilidade,2023-10-11,-9.17442839083576,38.7041037647016
16690,2285,Avenida Álvares Cabral,Estrela,Passeio,HOTSPOT,Desconhecido,0,8,0,Público,Dedicado Micromobilidade,2023-10-11,-9.15869589473667,38.7156129305367
16691,2286,Praça da Estrela,Estrela,Passeio,HOTSPOT,Desconhecido,0,5,0,Público,Dedicado Micromobilidade,2023-10-11,-9.16077284192423,38.7138459541779
16692,2287,Rua Presidente Arriaga,Estrela,Passeio,HOTSPOT,Desconhecido,0,5,0,Público,Dedicado Micromobilidade,2023-10-11,-9.16299351236096,38.7045784842632
16693,2288,Rua Capitão Afonso Pala,Estrela,Passeio,HOTSPOT,Desconhecido,0,10,0,Público,Dedicado Micromobilidade,2023-10-11,-9.17142131454148,38.7072051585442
16694,2289,"Praça da Armada, Ministério",Estrela,Passeio,HOTSPOT,Desconhecido,0,10,0,Público,Dedicado Micromobilidade,2023-10-11,-9.17050257243393,38.7050543461837
16695,2290,Praça da Estrela,Estrela,Passeio,HOTSPOT,Desconhecido,0,4,0,Público,Dedicado Micromobilidade,2023-10-11,-9.16068859744983,38.713496530557
16696,2291,Praça São João Bosco,Estrela,Passeio,HOTSPOT,Desconhecido,0,10,0,Público,Dedicado Micromobilidade,2023-10-11,-9.1694105652191,38.714579000877
16697,2292,Rocha Conde de Óbidos,Estrela,Passeio,HOTSPOT,Desconhecido,0,10,0,Público,Dedicado Micromobilidade,2023-10-16,-9.16237454540244,38.7030126964375
16698,2293,"Rua Cascais, 35",Alcântara,Passeio,HOTSPOT,Desconhecido,0,10,0,Público,Dedicado Micromobilidade,2023-10-16,-9.17483876940744,38.7042032773016
16699,2294,"Rua Coronel Ribeiro Viana, 13",Estrela,Passeio,HOTSPOT,Desconhecido,0,10,0,Público,Dedicado Micromobilidade,2023-10-16,-9.16837107587986,38.7124954859688
16700,2295,"Rua da Esperança, 154",Estrela,Passeio,HOTSPOT,Desconhecido,0,10,0,Público,Dedicado Micromobilidade,2023-10-16,-9.15599464545528,38.7078198143548
16701,2296,"Rua da Esperança, 2",Estrela,Passeio,HOTSPOT,Desconhecido,0,10,0,Público,Dedicado Micromobilidade,2023-10-16,-9.15344439389989,38.7088778644222
16702,2297,"Rua da Lapa, 74",Estrela,Passeio,HOTSPOT,Desconhecido,0,10,0,Público,Dedicado Micromobilidade,2023-10-16,-9.16013987675264,38.7101805782721
16703,2298,Rua das Francesinhas,Estrela,Passeio,HOTSPOT,Desconhecido,0,10,0,Público,Dedicado Micromobilidade,2023-10-16,-9.15454063791899,38.7108055735549
16704,2299,Rua das Francesinhas,Estrela,Passeio,HOTSPOT,Desconhecido,0,10,0,Público,Dedicado Micromobilidade,2023-10-16,-9.15405527210597,38.7114816776639
16705,2300,Rua das Janelas Verdes,Estrela,Passeio,HOTSPOT,Desconhecido,0,10,0,Público,Dedicado Micromobilidade,2023-10-16,-9.16115409090054,38.7053161236778
16706,2301,"Rua da Cintura do Porto de Lisboa, Museu",Estrela,Via,HOTSPOT,Desconhecido,0,10,0,Público,Dedicado Micromobilidade,2023-10-16,-9.17114489337507,38.7026253099928
16707,2302,Rua de Sant'Ana (Santana) à Lapa,Estrela,Passeio,HOTSPOT,Desconhecido,0,5,0,Público,Dedicado Micromobilidade,2023-10-16,-9.16135889035418,38.7104265938391
16708,2303,Calçada Ribeiro Santos,Estrela,Passeio,HOTSPOT,Desconhecido,0,10,0,Público,Dedicado Micromobilidade,2023-10-16,-9.1578947254414,38.7066445893975
16709,2304,Rua das Praças,Estrela,Passeio,HOTSPOT,Desconhecido,0,3,0,Público,Dedicado Micromobilidade,2023-10-16,-9.15956960315328,38.7091394125251
16710,2305,Rua de São Ciro,Estrela,Via,HOTSPOT,Desconhecido,0,4,0,Público,Dedicado Micromobilidade,2023-10-16,-9.16140169470402,38.7122889388058
16711,2306,"Rua Domingos Sequeira, 11C",Estrela,Passeio,HOTSPOT,Desconhecido,0,10,0,Público,Dedicado Micromobilidade,2023-10-16,-9.16261746281793,38.7146973469661
16712,2307,Largo do Rilvas,Estrela,Passeio,HOTSPOT,Desconhecido,0,10,0,Público,Dedicado Micromobilidade,2023-10-18,-9.16948127692414,38.7066349337639
16713,2308,Rua Jorge Alves,Estrela,Passeio,HOTSPOT,Desconhecido,0,10,0,Público,Dedicado Micromobilidade,2023-10-18,-9.15615124461642,38.7101957389598
16714,2337,"Rua Cidade da Beira, 54",Olivais,Passeio,HOTSPOT,Desconhecido,0,10,0,Público,Dedicado Micromobilidade,2023-10-24,-9.12278961301904,38.7673260039229
16715,2338,Rua Cidade da Praia,Olivais,Passeio,HOTSPOT,Desconhecido,0,10,0,Público,Dedicado Micromobilidade,2023-10-24,-9.11910257186838,38.7616453707727
16716,2339,"Rua Cidade da Praia, Lote 362",Olivais,Passeio,HOTSPOT,Desconhecido,0,10,0,Público,Dedicado Micromobilidade,2023-10-24,-9.11663165830792,38.761064853741
16717,2340,Rua Cidade de Benguela,Olivais,Passeio,HOTSPOT,Desconhecido,0,10,0,Público,Dedicado Micromobilidade,2023-10-24,-9.11069402309974,38.7640296084324
16718,2341,"Rua Cidade de Bolama, 38",Olivais,Passeio,HOTSPOT,Desconhecido,0,10,0,Público,Dedicado Micromobilidade,2023-10-24,-9.11725084669356,38.7626767335287
16719,2342,Rua Cidade de Cabinda,Olivais,Passeio,HOTSPOT,Desconhecido,0,10,0,Público,Dedicado Micromobilidade,2023-10-24,-9.11124781060467,38.7677869745278
16720,2343,"Rua Cidade da Beira, 22",Olivais,Passeio,HOTSPOT,Desconhecido,0,10,0,Público,Dedicado Micromobilidade,2023-10-24,-9.12280181545691,38.7637278449917
16721,2433,Avenida Dr. Arlindo Vicente,Marvila,Passeio,HOTSPOT,Desconhecido,0,10,0,Público,Dedicado Micromobilidade,2024-01-12,-9.12478311662377,38.750892745766
16722,2309,"Rua da Costa, 12",Estrela,Passeio,HOTSPOT,Desconhecido,0,10,0,Público,Dedicado Micromobilidade,2023-10-18,-9.17314956093793,38.7067028717049
16723,2310,Rua Gilberto Rola,Estrela,Passeio,HOTSPOT,Desconhecido,0,10,0,Público,Dedicado Micromobilidade,2023-10-18,-9.17285167012974,38.7059296805479
16724,2311,Rua do Arco do Chafariz das Terras,Estrela,Via,HOTSPOT,Desconhecido,0,10,0,Público,Dedicado Micromobilidade,2023-10-18,-9.16573741735281,38.7088471891874
16725,2312,"Rua Cidade de Carmona, 2A",Olivais,Passeio,HOTSPOT,Desconhecido,0,10,0,Público,Dedicado Micromobilidade,2023-10-18,-9.11422538714367,38.7655490898669
16726,2313,Alameda da Encarnação,Olivais,Passeio,HOTSPOT,Desconhecido,0,10,0,Público,Dedicado Micromobilidade,2023-10-18,-9.11797633109009,38.7738645140155
16727,2314,Alameda da Encarnação,Olivais,Via,HOTSPOT,Desconhecido,0,10,0,Público,Dedicado Micromobilidade,2023-10-18,-9.12146454854853,38.7709835613358
16728,2315,Rua Cidade de Bissau,Olivais,Passeio,HOTSPOT,Desconhecido,0,10,0,Público,Dedicado Micromobilidade,2023-10-18,-9.11190058854208,38.7612816680885
16729,2351,Rua Dom Aleixo Corte-Real,Olivais,Passeio,HOTSPOT,Desconhecido,0,10,0,Público,Dedicado Micromobilidade,2023-10-31,-9.11451824679808,38.7609091548721
16730,2352,Rua Furriel Galrão Nogueira,Olivais,Passeio,HOTSPOT,Desconhecido,0,3,0,Público,Dedicado Micromobilidade,2023-10-31,-9.11105737086714,38.7687832339188
16731,2353,"Rua General Silva Freire, 19",Olivais,Passeio,HOTSPOT,Desconhecido,0,8,0,Público,Dedicado Micromobilidade,2023-10-31,-9.11499406468458,38.7746175263008
16732,2354,Rua Padre Joaquim Aguiar,Olivais,Passeio,HOTSPOT,Desconhecido,0,10,0,Público,Dedicado Micromobilidade,2023-10-31,-9.10993591266141,38.7769568844735
16733,2355,Jardim Eduardo Prado Coelho,Olivais,Passeio,HOTSPOT,Desconhecido,0,10,0,Público,Dedicado Micromobilidade,2023-10-31,-9.10900946096875,38.7710951042048
16734,2356,Rua Vice Almirante Augusto de Castro Guedes,Olivais,Passeio,HOTSPOT,Desconhecido,0,10,0,Público,Dedicado Micromobilidade,2023-10-31,-9.11905657174296,38.7779667509759
16735,2357,"Rua Cidade da Praia, Lote 368",Olivais,Passeio,HOTSPOT,Desconhecido,0,10,0,Público,Dedicado Micromobilidade,2023-10-31,-9.11820958917471,38.7614650102594
16736,2323,Avenida Marechal Gomes da Costa,Olivais,Passeio,HOTSPOT,Desconhecido,0,10,0,Público,Dedicado Micromobilidade,2023-10-23,-9.11662622910445,38.7599741427132
16737,2324,"Travessa do Adro aos Olivais, Igreja",Olivais,Passeio,HOTSPOT,Desconhecido,0,10,0,Público,Dedicado Micromobilidade,2023-10-23,-9.10700282684549,38.7685663649125
16738,2325,Praça Cidade de Salazar,Olivais,Passeio,HOTSPOT,Desconhecido,0,10,0,Público,Dedicado Micromobilidade,2023-10-23,-9.11801324843264,38.7639443539763
16739,2326,Praça de Chinde,Olivais,Passeio,HOTSPOT,Desconhecido,0,10,0,Público,Dedicado Micromobilidade,2023-10-23,-9.12279210109686,38.7684296784232
16740,2327,Praça do Norte,Olivais,Passeio,HOTSPOT,Desconhecido,0,10,0,Público,Dedicado Micromobilidade,2023-10-31,-9.11872440117552,38.7768618928232
16741,2328,Rua da Portela,Olivais,Passeio,HOTSPOT,Desconhecido,0,10,0,Público,Dedicado Micromobilidade,2023-10-23,-9.11372716506055,38.7694207681787
16742,2329,Rua 26 do Bairro da Encarnação,Olivais,Passeio,HOTSPOT,Desconhecido,0,5,0,Público,Dedicado Micromobilidade,2023-10-23,-9.1151959246706,38.7717188077596
16743,2330,Rua Alferes Barrilaro Ruas,Olivais,Passeio,HOTSPOT,Desconhecido,0,10,0,Público,Dedicado Micromobilidade,2023-10-23,-9.11641328231573,38.7770619401988
16744,2316,Avenida Cidade do Porto,Olivais,Passeio,HOTSPOT,Desconhecido,0,10,0,Público,Dedicado Micromobilidade,2023-10-18,-9.12383305762848,38.7693309586718
16745,2317,"Avenida de Berlim, Lote H",Olivais,Passeio,HOTSPOT,Desconhecido,0,10,0,Público,Dedicado Micromobilidade,2023-10-18,-9.1080427618721,38.7680519902325
16746,2318,Jardim Eduardo Prado Coelho,Olivais,Passeio,HOTSPOT,Desconhecido,0,10,0,Público,Dedicado Micromobilidade,2023-10-18,-9.10883451900502,38.770276524332
16747,2321,Via Pedonal sobre a Avenida Infante Dom Henrique,Olivais,Passeio,HOTSPOT,Desconhecido,0,10,0,Público,Dedicado Micromobilidade,2023-10-23,-9.10370372225824,38.759751415471
16748,2322,"Avenida Infante Dom Henrique, 345A",Olivais,Via,HOTSPOT,Desconhecido,0,10,0,Público,Dedicado Micromobilidade,2023-10-23,-9.10439590160388,38.7664510598851
16749,2344,"Rua Cidade de João Belo, Lote 61",Olivais,Passeio,HOTSPOT,Desconhecido,0,10,0,Público,Dedicado Micromobilidade,2023-10-24,-9.12203024399065,38.7644488976921
16750,2345,Praça Cidade do Luso,Olivais,Passeio,HOTSPOT,Desconhecido,0,10,0,Público,Dedicado Micromobilidade,2023-10-24,-9.11620439473152,38.7653493437574
16751,2346,"Rua Cidade de Lobito, Lote 281",Olivais,Passeio,HOTSPOT,Desconhecido,0,10,0,Público,Dedicado Micromobilidade,2023-10-24,-9.11281755465435,38.7648092527021
16752,2347,"Rua Cidade de Vila, Cabral, Lote 41",Olivais,Passeio,HOTSPOT,Desconhecido,0,10,0,Público,Dedicado Micromobilidade,2023-10-24,-9.12058796479025,38.7658606943973
16753,2348,Rua da Quinta de Santa Maria,Olivais,Via,HOTSPOT,Desconhecido,0,5,0,Público,Dedicado Micromobilidade,2023-10-24,-9.12053350449495,38.7773302306228
16754,2349,"Rua de Manhiça, Lote 469",Olivais,Passeio,HOTSPOT,Desconhecido,0,10,0,Público,Dedicado Micromobilidade,2023-10-24,-9.10769304791417,38.7592608257035
16755,2350,"Rua do Conselheiro Mariano de Carvalho, 69",Olivais,Passeio,HOTSPOT,Desconhecido,0,5,0,Público,Dedicado Micromobilidade,2023-10-31,-9.10504585766313,38.7686878545987
16756,2358,Rua Vila de Catió,Olivais,Passeio,HOTSPOT,Desconhecido,0,10,0,Público,Dedicado Micromobilidade,2023-10-31,-9.11341154490417,38.7612492816689
16757,2359,"Rua Lino Ferreira, Escola",Marvila,Passeio,BICICLETA,Entorta rodas,1,6,1,Privado,Interdito Micromobilidade,,-9.10594400036178,38.7472229990212
16758,2360,Rua Jorge de Sena,Santa Clara,Passeio,HOTSPOT,Desconhecido,0,10,0,Público,Dedicado Micromobilidade,2023-11-02,-9.16245480114223,38.7796502587623
16759,2361,"Avenida Nuno Krus Abecassis, 32",Santa Clara,Passeio,HOTSPOT,Desconhecido,0,10,0,Público,Dedicado Micromobilidade,2023-11-02,-9.14979770812359,38.7789352410572
16760,2362,Rua Cidade de Tomar,Santa Clara,Passeio,HOTSPOT,Desconhecido,0,10,0,Público,Dedicado Micromobilidade,2023-11-02,-9.16476734920773,38.7832368991336
16761,2363,"Rua Tito de Morais, 5C",Santa Clara,Passeio,HOTSPOT,Desconhecido,0,10,0,Público,Dedicado Micromobilidade,2023-11-02,-9.148532418803,38.7797967487583
16762,2331,"Rua Alferes Barrilaro Ruas, 7B",Olivais,Passeio,HOTSPOT,Desconhecido,0,10,0,Público,Dedicado Micromobilidade,2023-10-23,-9.11291977816555,38.7755475900079
16763,2332,"Rua Almada Negreiros, Lote 473",Olivais,Passeio,HOTSPOT,Desconhecido,0,10,0,Público,Dedicado Micromobilidade,2023-10-23,-9.10998163117325,38.759487218242
16764,2333,"Rua Almada Negreiros, Lote L",Olivais,Passeio,HOTSPOT,Desconhecido,0,10,0,Público,Dedicado Micromobilidade,2023-10-23,-9.10620119144782,38.7578622814201
16765,2334,Rua Cândido de Oliveira,Olivais,Passeio,HOTSPOT,Desconhecido,0,10,0,Público,Dedicado Micromobilidade,2023-10-23,-9.10824199874901,38.7659133441033
16766,2335,"Rua Carlos George, 34A",Olivais,Passeio,HOTSPOT,Desconhecido,0,5,0,Público,Dedicado Micromobilidade,2023-10-24,-9.10672340311069,38.7744488582105
16767,2336,"Rua Cidade da Beira, 83",Olivais,Passeio,HOTSPOT,Desconhecido,0,10,0,Público,Dedicado Micromobilidade,2023-10-24,-9.12031473995842,38.7688052271785
16768,2384,"Largo da Anunciada, 18",Santo António,Passeio,HOTSPOT,Desconhecido,0,10,0,Público,Dedicado Micromobilidade,2023-11-03,-9.14212138808744,38.7177814153117
16769,2385,Travessa do Fala-Só,Santo António,Passeio,HOTSPOT,Desconhecido,0,10,0,Público,Dedicado Micromobilidade,2023-11-03,-9.14422157030053,38.7163890642305
16770,2386,"Rua Júlio César Machado, 6",Santo António,Passeio,HOTSPOT,Desconhecido,0,10,0,Público,Dedicado Micromobilidade,2023-11-03,-9.14674395601804,38.7200776727763
16771,2387,Rua da Alegria,Santo António,Via,HOTSPOT,Desconhecido,0,10,0,Público,Dedicado Micromobilidade,2023-11-03,-9.14592707874392,38.7179609948733
16772,2388,Rua das Amoreiras,Santo António,Passeio,HOTSPOT,Desconhecido,0,10,0,Público,Dedicado Micromobilidade,2023-11-03,-9.15690271992439,38.7220269442439
16773,2389,"Rua Castilho, 6",Santo António,Passeio,HOTSPOT,Desconhecido,0,10,0,Público,Dedicado Micromobilidade,2023-11-03,-9.14890863945258,38.7199403721981
16774,2390,"Rua Castilho, 75A",Santo António,Passeio,HOTSPOT,Desconhecido,0,10,0,Público,Dedicado Micromobilidade,2023-11-03,-9.15339005160063,38.724756596377
16775,2391,Rua da Escola Politécnica,Santo António,Via,HOTSPOT,Desconhecido,0,10,0,Público,Dedicado Micromobilidade,2023-11-03,-9.15035629134373,38.7174620464938
16776,2364,Rua Ruy Cinatti,Santa Clara,Lugar estacionamento automóvel,HOTSPOT,Desconhecido,0,10,0,Público,Dedicado Micromobilidade,2023-11-02,-9.14798080880136,38.7855243948947
16777,2365,"Rua Rogério de Moura, Lote 22.4.59",Santa Clara,Passeio,HOTSPOT,Desconhecido,0,10,0,Público,Dedicado Micromobilidade,2023-11-02,-9.1494282140215,38.7835166993795
16778,2366,Rua Maluda (Maria de Lurdes Ribeiro),Santa Clara,Lugar estacionamento automóvel,HOTSPOT,Desconhecido,0,10,0,Público,Dedicado Micromobilidade,2023-11-02,-9.15179522714583,38.7910051779592
16779,2367,Avenida Sérgio Vieira de Mello,Santa Clara,Passeio,HOTSPOT,Desconhecido,0,10,0,Público,Dedicado Micromobilidade,2023-11-02,-9.1481119869555,38.781322686284
16780,2368,"Rua João Amaral, Lote 22.1-1",Santa Clara,Passeio,HOTSPOT,Desconhecido,0,10,0,Público,Dedicado Micromobilidade,2023-11-02,-9.15295580278775,38.7825109821209
16781,2369,"Rua João Amaral, Pista de Atletismo",Santa Clara,Passeio,HOTSPOT,Desconhecido,0,5,0,Público,Dedicado Micromobilidade,2023-11-02,-9.15314908570272,38.7822913851958
16782,2370,Estrada da Ameixoeira,Santa Clara,Passeio,HOTSPOT,Desconhecido,0,5,0,Público,Dedicado Micromobilidade,2023-11-02,-9.16076902423043,38.7819607882276
16783,2371,Largo das Galinheiras,Santa Clara,Passeio,HOTSPOT,Desconhecido,0,10,0,Público,Dedicado Micromobilidade,2023-11-02,-9.1504154515196,38.7920882116133
16784,2372,Estrada do Desvio,Santa Clara,Passeio,HOTSPOT,Desconhecido,0,10,0,Público,Dedicado Micromobilidade,2023-11-02,-9.1629359947058,38.7800996705095
16785,2373,"Rua Prof. Adelino da Palma Carlos, Piscina",Santa Clara,Lugar estacionamento automóvel,HOTSPOT,Desconhecido,0,10,0,Público,Dedicado Micromobilidade,2023-11-02,-9.15983227115219,38.7852803438311
16786,2374,Avenida Glicínia Quartin,Santa Clara,Passeio,HOTSPOT,Desconhecido,0,10,0,Público,Dedicado Micromobilidade,2023-11-02,-9.15477873977553,38.7873600170142
16787,2375,"Rua Fernando Gusmão, 2A",Santa Clara,Passeio,HOTSPOT,Desconhecido,0,10,0,Público,Dedicado Micromobilidade,2023-11-02,-9.15470390111977,38.7879157814558
16788,2376,Azinhaga do Reguengo,Santa Clara,Passeio,HOTSPOT,Desconhecido,0,10,0,Público,Dedicado Micromobilidade,2023-11-02,-9.14709590458551,38.7924378992609
16789,2377,Rua Hermínio da Palma Inácio,Santa Clara,Passeio,HOTSPOT,Desconhecido,0,10,0,Público,Dedicado Micromobilidade,2023-11-02,-9.14919121351715,38.7873784034334
16790,2392,"Rua da Glória, 2A",Santo António,Passeio,HOTSPOT,Desconhecido,0,5,0,Público,Dedicado Micromobilidade,2023-11-06,-9.14315785906992,38.7161324290106
16791,2393,"Rua da Mãe D'Água, 13",Santo António,Via,HOTSPOT,Desconhecido,0,5,0,Público,Dedicado Micromobilidade,2023-11-06,-9.14665561619297,38.7173651577992
16792,2394,"Rua de Artilharia Um, 63",Santo António,Passeio,HOTSPOT,Desconhecido,0,5,0,Público,Dedicado Micromobilidade,2023-11-06,-9.15525580528158,38.7240864209468
16793,2395,"Rua de Santa Marta, 49C",Santo António,Passeio,HOTSPOT,Desconhecido,0,10,0,Público,Dedicado Micromobilidade,2023-11-06,-9.14603017550355,38.7243593488698
16794,2396,"Rua Barata Salgueiro, 1B",Santo António,Passeio,HOTSPOT,Desconhecido,0,10,0,Público,Dedicado Micromobilidade,2023-11-06,-9.14589260638131,38.722595524075
16795,2397,"Rua do Salitre, 177",Santo António,Via,HOTSPOT,Desconhecido,0,10,0,Público,Dedicado Micromobilidade,2023-11-07,-9.15183382508779,38.7198355130397
16796,2398,Rua Dom Pedro V,Misericórdia,Via,HOTSPOT,Desconhecido,0,10,0,Público,Dedicado Micromobilidade,2023-11-07,-9.14759475532629,38.7161167749284
16797,2378,Rua Hermínio da Palma Inácio,Santa Clara,Passeio,HOTSPOT,Desconhecido,0,10,0,Público,Dedicado Micromobilidade,2023-11-02,-9.145799330074,38.7880632042119
16798,2379,"Largo dos Defensores da República, Igreja",Santa Clara,Lugar estacionamento automóvel,HOTSPOT,Desconhecido,0,10,0,Público,Dedicado Micromobilidade,2023-11-02,-9.14362366010608,38.7830918966349
16799,2380,"Rua Alberto Barbosa, 5",Santa Clara,Passeio,HOTSPOT,Desconhecido,0,10,0,Público,Dedicado Micromobilidade,2023-11-02,-9.15748477637104,38.7828847800784
16800,2381,"Rua Engº Quartin Graça, 49A",Santa Clara,Passeio,HOTSPOT,Desconhecido,0,10,0,Público,Dedicado Micromobilidade,2023-11-02,-9.16168877801313,38.7826692012164
16801,2382,"Avenida Engenheiro Duarte Pacheco, 21B",Santo António,Passeio,HOTSPOT,Desconhecido,0,10,0,Público,Dedicado Micromobilidade,2023-11-03,-9.15963010477761,38.7242557934976
16802,2383,Calçada Bento da Rocha Cabral,Santo António,Via,HOTSPOT,Desconhecido,0,10,0,Público,Dedicado Micromobilidade,2023-11-03,-9.15517891316,38.7211658961002
16803,2399,Rua Ferreira Lapa,Santo António,Passeio,HOTSPOT,Desconhecido,0,10,0,Público,Dedicado Micromobilidade,2023-11-07,-9.14399021364898,38.7271761024042
16804,2400,"Rua Luciano Cordeiro, 31",Santo António,Passeio,HOTSPOT,Desconhecido,0,10,0,Público,Dedicado Micromobilidade,2023-11-07,-9.14353645450063,38.7242894198724
16805,2401,"Rua Bernardo Lima, 23",Santo António,Passeio,HOTSPOT,Desconhecido,0,10,0,Público,Dedicado Micromobilidade,2023-11-07,-9.14480766277496,38.7269513477
16806,2402,Avenida Duque de Loulé,Santo António,Passeio,HOTSPOT,Desconhecido,0,10,0,Público,Dedicado Micromobilidade,2023-11-07,-9.14597309893521,38.7274337961725
16807,2403,Rua Rodrigo da Fonseca,Santo António,Passeio,HOTSPOT,Desconhecido,0,6,0,Público,Dedicado Micromobilidade,2023-11-07,-9.15400483238673,38.7238081301458
16808,2404,"Rua Barata Salgueiro, 6A",Santo António,Passeio,HOTSPOT,Desconhecido,0,10,0,Público,Dedicado Micromobilidade,2023-11-07,-9.14651365216051,38.722409314568
16809,2405,"Travessa Águas Livres, 25",Santo António,Passeio,HOTSPOT,Desconhecido,0,10,0,Público,Dedicado Micromobilidade,2023-11-07,-9.15719945316014,38.7231290392747
16810,2406,"Rua das Taipas, 61",Santo António,Via,HOTSPOT,Desconhecido,0,3,0,Público,Dedicado Micromobilidade,2023-11-07,-9.14591338375358,38.7167430526318
16811,2407,Travessa Águas Livres,Santo António,Passeio,HOTSPOT,Desconhecido,0,10,0,Público,Dedicado Micromobilidade,2023-11-07,-9.15673299003983,38.7227619005008
16812,2408,Avenida Ribeira das Naus,Santa Maria Maior,Passeio,HOTSPOT,Desconhecido,0,10,0,Público,Dedicado Micromobilidade,2023-11-09,-9.1407987435982,38.7059252888597
16813,2409,"Avenida Vinte e Quatro de Julho, 28",Misericórdia,Passeio,HOTSPOT,Desconhecido,0,10,0,Público,Dedicado Micromobilidade,2023-11-09,-9.15061813967974,38.7066528745354
16814,2410,"Praça do Duque da Terceira, 6",Misericórdia,Passeio,HOTSPOT,Desconhecido,0,8,0,Público,Dedicado Micromobilidade,2023-11-09,-9.14388551932606,38.7065239108965
16815,2411,Cais do Sodré,Misericórdia,Passeio,HOTSPOT,Desconhecido,0,10,0,Público,Dedicado Micromobilidade,2023-11-09,-9.14401520199285,38.7057647669855
16816,2412,Praça de Luís de Camões,Misericórdia,Passeio,HOTSPOT,Desconhecido,0,10,0,Público,Dedicado Micromobilidade,2023-11-09,-9.14357970152585,38.7107312314571
16817,2413,"Largo do Conde Barão, 54",Misericórdia,Passeio,HOTSPOT,Desconhecido,0,10,0,Público,Dedicado Micromobilidade,2023-11-09,-9.15101665268094,38.7089000544874
16818,2414,Largo Trindade Coelho,Misericórdia,Passeio,HOTSPOT,Desconhecido,0,10,0,Público,Dedicado Micromobilidade,2023-11-09,-9.14299362975219,38.7132051110321
16819,2415,"Praça das Flores, 55",Misericórdia,Lugar estacionamento automóvel,HOTSPOT,Desconhecido,0,10,0,Público,Dedicado Micromobilidade,2023-11-09,-9.15129748523944,38.7151969366046
16820,2416,"Praça do Duque da Terceira, 23",Misericórdia,Passeio,HOTSPOT,Desconhecido,0,10,0,Público,Dedicado Micromobilidade,2023-11-09,-9.14322896445846,38.7066480568027
16821,2417,"Praça do Príncipe Real, 19",Misericórdia,Passeio,HOTSPOT,Desconhecido,0,10,0,Público,Dedicado Micromobilidade,2023-11-09,-9.1492581970435,38.7169159953398
16822,2418,Praça do Príncipe Real,Misericórdia,Passeio,HOTSPOT,Desconhecido,0,10,0,Público,Dedicado Micromobilidade,2023-11-09,-9.14814452712672,38.7160247779859
16823,2419,Praça do Príncipe Real,Misericórdia,Passeio,HOTSPOT,Desconhecido,0,10,0,Público,Dedicado Micromobilidade,2023-11-09,-9.14910001454565,38.7158283669684
16824,2420,Praça de Dom Luís I,Misericórdia,Passeio,HOTSPOT,Desconhecido,0,10,0,Público,Dedicado Micromobilidade,2023-11-09,-9.14710069886195,38.7073381423109
16825,2421,Rua da Academia das Ciências,Misericórdia,Via,HOTSPOT,Desconhecido,0,10,0,Público,Dedicado Micromobilidade,2023-11-13,-9.14974709282421,38.713335706258
16826,2422,"Rua da Boavista, 81A",Misericórdia,Passeio,HOTSPOT,Desconhecido,0,10,0,Público,Dedicado Micromobilidade,2023-11-13,-9.14988371992094,38.7088848930067
16827,2423,Rua da Cintura do Porto de Lisboa,Misericórdia,Passeio,HOTSPOT,Desconhecido,0,10,0,Público,Dedicado Micromobilidade,2023-11-13,-9.15130518999097,38.7060693442408
16828,2424,Rua da Cintura do Porto de Lisboa,Misericórdia,Passeio,HOTSPOT,Desconhecido,0,10,0,Público,Dedicado Micromobilidade,2023-11-14,-9.14929308078611,38.7060189818496
16829,2425,Rua Dom Luís I,Misericórdia,Via,HOTSPOT,Desconhecido,0,10,0,Público,Dedicado Micromobilidade,2023-11-14,-9.1491170530987,38.7075676381323
16830,2426,"Rua Dom Luís I, 3",Misericórdia,Passeio,HOTSPOT,Desconhecido,0,10,0,Público,Dedicado Micromobilidade,2023-11-14,-9.14766860163983,38.7074669830246
16831,2427,"Rua Ruben A. Leitão, 2",Misericórdia,Passeio,HOTSPOT,Desconhecido,0,10,0,Público,Dedicado Micromobilidade,2023-11-14,-9.14962369372928,38.7142463826605
16832,2428,Largo de Jesus,Misericórdia,Passeio,HOTSPOT,Desconhecido,0,10,0,Público,Dedicado Micromobilidade,2023-11-14,-9.15028152972736,38.7122359341818
16833,2429,Jardim Jorge Luis Borges,Avenidas Novas,Passeio,BICICLETA,Sheffield standard,10,20,0,Público,Interdito Micromobilidade,2023-12-31,-9.14240460408515,38.7354297332378
16834,2430,Avenida da Liberdade,Santo António,Via,BICICLETA,Sheffield standard,15,45,0,Público,Partilhado com Micromobilidade,2023-12-31,-9.14759316702772,38.7218539964184
16835,2431,"Avenida da Liberdade, 69",Santo António,Lugar estacionamento automóvel,BICICLETA,Sheffield standard,4,8,0,Público,Partilhado com Micromobilidade,2023-12-31,-9.14403317859161,38.7177781485882
16836,2441,"Avenida República da Bulgária, Lote 14",Marvila,Passeio,HOTSPOT,Desconhecido,0,10,0,Público,Dedicado Micromobilidade,2024-01-12,-9.11592991674829,38.7482391756237
16837,2442,Avenida Vergílio Ferreira,Marvila,Passeio,HOTSPOT,Desconhecido,0,10,0,Público,Dedicado Micromobilidade,2024-01-12,-9.11894901259504,38.7434272896795
16838,2443,Largo Artur Bual,Marvila,Passeio,HOTSPOT,Desconhecido,0,10,0,Público,Dedicado Micromobilidade,2024-01-12,-9.1091846794329,38.7415357831088
16839,2444,Praça David Leandro da Silva,Marvila,Via,HOTSPOT,Desconhecido,0,6,0,Público,Dedicado Micromobilidade,2024-01-12,-9.10231916178273,38.7421476802476
16840,2445,"Praça Dr. Fernando Amado, Lote 567",Marvila,Passeio,HOTSPOT,Desconhecido,0,10,0,Público,Dedicado Micromobilidade,2024-01-12,-9.11375980648226,38.7467972296046
16841,2446,Praça Eduardo Mondlane,Marvila,Passeio,HOTSPOT,Desconhecido,0,10,0,Público,Dedicado Micromobilidade,2024-01-12,-9.11340923941967,38.7445375586495
16842,2447,Rua Adães Bermudes,Marvila,Passeio,HOTSPOT,Desconhecido,0,10,0,Público,Dedicado Micromobilidade,2024-01-12,-9.12141025291808,38.7555021893708
16843,2521,Rua Dom João V,Campo de Ourique,Passeio,HOTSPOT,Desconhecido,0,10,0,Público,Dedicado Micromobilidade,2024-03-21,-9.15643069029148,38.7207297274694
16844,2522,"Rua de Dom Dinis (O Lavrador), 5",Campo de Ourique,Via,HOTSPOT,Desconhecido,0,10,0,Público,Dedicado Micromobilidade,2024-03-21,-9.15667981940872,38.7196243635658
16845,2523,Travessa de Santo Ildefonso,Campo de Ourique,Via,HOTSPOT,Desconhecido,0,10,0,Público,Dedicado Micromobilidade,2024-03-21,-9.15709183360034,38.7154088461112
16846,2524,Rua de São Jorge,Estrela,Passeio,HOTSPOT,Desconhecido,0,10,0,Público,Dedicado Micromobilidade,2024-03-21,-9.16045144545776,38.7155152924586
16847,2525,"Estrada dos Prazeres, 55",Campo de Ourique,Passeio,HOTSPOT,Desconhecido,0,10,0,Público,Dedicado Micromobilidade,2024-03-21,-9.17166284194865,38.7156818244404
16848,2526,Praça das Águas Livres,Campo de Ourique,Passeio,HOTSPOT,Desconhecido,0,10,0,Público,Dedicado Micromobilidade,2024-03-21,-9.15773830301446,38.7212596147599
16849,2448,"Rua António Gedeão, 2",Marvila,Passeio,HOTSPOT,Desconhecido,0,10,0,Público,Dedicado Micromobilidade,2024-01-12,-9.11129039750144,38.7399369516165
16850,2449,Rua Aquilino Ribeiro,Marvila,Passeio,HOTSPOT,Desconhecido,0,10,0,Público,Dedicado Micromobilidade,2024-01-12,-9.1166976114127,38.7531789064921
16851,2450,Rua Artur Duarte,Marvila,Passeio,HOTSPOT,Desconhecido,0,10,0,Público,Dedicado Micromobilidade,2024-01-12,-9.11253935943676,38.7393673435003
16852,2451,"Rua Artur Duarte, 9",Marvila,Passeio,HOTSPOT,Desconhecido,0,10,0,Público,Dedicado Micromobilidade,2024-01-12,-9.11321483543989,38.7404127007093
16853,2452,"Rua Botelho de Vasconcelos, Lote 560",Marvila,Passeio,HOTSPOT,Desconhecido,0,10,0,Público,Dedicado Micromobilidade,2024-01-12,-9.11365060169063,38.7461226160127
16854,2453,Rua Conselheiro Emídio Navarro,Marvila,Passeio,HOTSPOT,Desconhecido,0,6,0,Público,Dedicado Micromobilidade,2024-01-12,-9.11650012490154,38.7570006127173
16855,2454,Praceta B à Matinha,Marvila,Passeio,HOTSPOT,Desconhecido,0,10,0,Público,Dedicado Micromobilidade,2024-01-18,-9.09846484245428,38.7465049679299
16856,2455,Rua da Cintura do Porto de Lisboa,Marvila,Passeio,HOTSPOT,Desconhecido,0,10,0,Público,Dedicado Micromobilidade,2024-01-18,-9.09614936833718,38.7502440690392
16857,2456,Rua de José do Patrocínio,Marvila,Via,HOTSPOT,Desconhecido,0,5,0,Público,Dedicado Micromobilidade,2024-01-18,-9.11064357305529,38.7445429283264
16858,2457,Rua de José do Patrocínio,Marvila,Passeio,HOTSPOT,Desconhecido,0,5,0,Público,Dedicado Micromobilidade,2024-01-18,-9.10468824429936,38.7427095966487
16859,2458,Rua de Marvila,Marvila,Passeio,HOTSPOT,Desconhecido,0,10,0,Público,Dedicado Micromobilidade,2024-01-18,-9.10536789232088,38.74144089294
16860,2459,Rua de Ovar,Marvila,Passeio,HOTSPOT,Desconhecido,0,5,0,Público,Dedicado Micromobilidade,2024-01-18,-9.11288290008935,38.7432121457806
16861,2460,Rua do Açúcar,Marvila,Passeio,HOTSPOT,Desconhecido,0,10,0,Público,Dedicado Micromobilidade,2024-01-18,-9.10268665638617,38.7404628649849
16862,2461,Rua do Açúcar,Marvila,Passeio,HOTSPOT,Desconhecido,0,5,0,Público,Dedicado Micromobilidade,2024-01-18,-9.10314220681452,38.7392611916103
16863,2462,Rua Fernando Maurício,Marvila,Passeio,HOTSPOT,Desconhecido,0,10,0,Público,Dedicado Micromobilidade,2024-01-18,-9.10397917311828,38.7470773094924
16864,2463,Rua do Vale Formoso de Cima,Marvila,Passeio,HOTSPOT,Desconhecido,0,10,0,Público,Dedicado Micromobilidade,2024-01-18,-9.10435151337687,38.7497008473948
16865,2464,"Rua Dr. José Espírito Santo, Lote 1",Marvila,Passeio,HOTSPOT,Desconhecido,0,10,0,Público,Dedicado Micromobilidade,2024-01-18,-9.1091347075931,38.7545484847647
16866,2465,Rua Duarte Lopes,Marvila,Passeio,HOTSPOT,Desconhecido,0,10,0,Público,Dedicado Micromobilidade,2024-01-18,-9.1149643105716,38.7542965355649
16867,2466,Rua Eduarda Lapa,Marvila,Passeio,HOTSPOT,Desconhecido,0,5,0,Público,Dedicado Micromobilidade,2024-01-18,-9.10853251330109,38.7417507968999
16868,2467,Rua Engº Rodrigues de Carvalho,Marvila,Passeio,HOTSPOT,Desconhecido,0,10,0,Público,Dedicado Micromobilidade,2024-01-18,-9.11393996888216,38.755635480182
16869,2468,"Rua Engº Cunha Leal, Lote 594",Marvila,Passeio,HOTSPOT,Desconhecido,0,10,0,Público,Dedicado Micromobilidade,2024-01-19,-9.11111612497086,38.7465858248775
16870,2469,Rua Félix Bermudes,Marvila,Passeio,HOTSPOT,Desconhecido,0,10,0,Público,Dedicado Micromobilidade,2024-01-19,-9.10528788863452,38.752038939604
16871,2470,"Rua Fernando Maurício, 19",Marvila,Passeio,HOTSPOT,Desconhecido,0,10,0,Público,Dedicado Micromobilidade,2024-01-19,-9.1031335425248,38.7479196436835
16872,2471,"Rua Ferreira de Castro, Lote 338",Marvila,Passeio,HOTSPOT,Desconhecido,0,10,0,Público,Dedicado Micromobilidade,2024-01-19,-9.12339559494531,38.7529013205149
16873,2472,"Rua Ferreira de Castro, Lote 396",Marvila,Passeio,HOTSPOT,Desconhecido,0,10,0,Público,Dedicado Micromobilidade,2024-01-19,-9.12538406721601,38.7547165781428
16874,2473,"Rua Gilberto Freyre, 5",Marvila,Passeio,HOTSPOT,Desconhecido,0,10,0,Público,Dedicado Micromobilidade,2024-01-19,-9.12108526599143,38.7448504467562
16875,2474,Avenida Dr. Arlindo Vicente,Marvila,Passeio,HOTSPOT,Desconhecido,0,10,0,Público,Dedicado Micromobilidade,2024-01-19,-9.12179752502558,38.7484555699461
16876,2475,"Rua João José Cochofel, Lote C2",Marvila,Passeio,HOTSPOT,Desconhecido,0,10,0,Público,Dedicado Micromobilidade,2024-01-19,-9.10905353283127,38.739576334693
16877,2476,Rua Jorge Amado,Marvila,Passeio,HOTSPOT,Desconhecido,0,4,0,Público,Dedicado Micromobilidade,2024-01-19,-9.12036928044764,38.7428502252268
16878,2477,Rua Luís Cristino da Silva,Marvila,Passeio,HOTSPOT,Desconhecido,0,10,0,Público,Dedicado Micromobilidade,2024-01-22,-9.12233473188776,38.7579249329044
16879,2478,Rua Lino Ferreira,Marvila,Passeio,HOTSPOT,Desconhecido,0,10,0,Público,Dedicado Micromobilidade,2024-01-22,-9.10596063167519,38.7470668552813
16880,2479,Praça Raúl Lino,Marvila,Passeio,HOTSPOT,Desconhecido,0,10,0,Público,Dedicado Micromobilidade,2024-01-22,-9.12422397090573,38.759361325719
16881,2480,Rua Luís Cristino da Silva,Marvila,Passeio,HOTSPOT,Desconhecido,0,10,0,Público,Dedicado Micromobilidade,2024-01-22,-9.12291383743809,38.759078014763
16882,2481,Rua Prof. Lopo de Carvalho,Marvila,Passeio,HOTSPOT,Desconhecido,0,10,0,Público,Dedicado Micromobilidade,2024-01-22,-9.10927656952042,38.7515594659803
16883,2482,Rua Pedro José Pezerat,Marvila,Passeio,HOTSPOT,Desconhecido,0,10,0,Público,Dedicado Micromobilidade,2024-01-22,-9.12258236335171,38.7601542865469
16884,2483,Rua Pedro José Pezerat,Marvila,Passeio,HOTSPOT,Desconhecido,0,10,0,Público,Dedicado Micromobilidade,2024-01-22,-9.12241879754349,38.7599006658331
16885,2484,"Rua Sousa Bastos, Lote 23",Marvila,Passeio,HOTSPOT,Desconhecido,0,10,0,Público,Dedicado Micromobilidade,2024-01-22,-9.10857029197208,38.7473688012727
16886,2485,Rua Três à Matinha,Marvila,Passeio,HOTSPOT,Desconhecido,0,10,0,Público,Dedicado Micromobilidade,2024-01-22,-9.09766718418332,38.7475252971708
16887,2486,"Avenida da Liberdade, 242",Santo António,Lugar estacionamento automóvel,BICICLETA,Sheffield standard,1,10,0,Público,Partilhado com Micromobilidade,2024-01-22,-9.14806606705625,38.7236825268984
16888,2487,Rua Padre Francisco,Campo de Ourique,Lugar estacionamento automóvel,HOTSPOT,Desconhecido,0,10,0,Público,Dedicado Micromobilidade,2024-03-18,-9.16859961325984,38.7154200843513
16889,2488,Rua Saraiva de Carvalho,Campo de Ourique,Passeio,HOTSPOT,Desconhecido,0,10,0,Público,Dedicado Micromobilidade,2024-03-18,-9.16780118797146,38.7145013540614
16890,2489,"Rua Ferreira Borges, 30",Campo de Ourique,Via,HOTSPOT,Desconhecido,0,4,0,Público,Dedicado Micromobilidade,2024-03-18,-9.1639209123452,38.7163705014595
16891,2490,"Rua Almeida e Sousa, 54A",Campo de Ourique,Via,HOTSPOT,Desconhecido,0,8,0,Público,Dedicado Micromobilidade,2024-03-18,-9.16819357501765,38.7173992530708
16892,2491,"Rua Ferreira Borges, 128",Campo de Ourique,Passeio,HOTSPOT,Desconhecido,0,10,0,Público,Dedicado Micromobilidade,2024-03-18,-9.16401701930378,38.7209183071859
16893,2492,"Rua Coelho da Rocha, 119B",Campo de Ourique,Passeio,HOTSPOT,Desconhecido,0,10,0,Público,Dedicado Micromobilidade,2024-03-18,-9.16938179512134,38.7162964096668
16894,2493,Rua Domingos Sequeira,Estrela,Passeio,HOTSPOT,Desconhecido,0,10,0,Público,Dedicado Micromobilidade,2024-03-18,-9.1635622752437,38.7155042214535
16895,2494,Rua do Sol ao Rato,Campo de Ourique,Via,HOTSPOT,Desconhecido,0,10,0,Público,Dedicado Micromobilidade,2024-03-18,-9.15918499607601,38.7197663320284
16896,2495,Rua Freitas Gazul,Campo de Ourique,Passeio,HOTSPOT,Desconhecido,0,10,0,Público,Dedicado Micromobilidade,2024-03-18,-9.17068688151706,38.7167175552491
16897,2502,"Praça São João Bosco, 16",Campo de Ourique,Lugar estacionamento automóvel,HOTSPOT,Desconhecido,0,10,0,Público,Dedicado Micromobilidade,2024-03-20,-9.16937028845947,38.7149640335441
16898,2503,"Rua Correia Teles, 2",Campo de Ourique,Lugar estacionamento automóvel,HOTSPOT,Desconhecido,0,10,0,Público,Dedicado Micromobilidade,2024-03-20,-9.16423979788666,38.7193183301485
16899,2504,Rua Carlos da Maia,Campo de Ourique,Via,HOTSPOT,Desconhecido,0,10,0,Público,Dedicado Micromobilidade,2024-03-20,-9.16889931428588,38.7197148408584
16900,2505,"Rua de Campo de Ourique, 214",Campo de Ourique,Lugar estacionamento automóvel,HOTSPOT,Desconhecido,0,10,0,Público,Dedicado Micromobilidade,2024-03-20,-9.16549212863531,38.7211066960785
16901,2506,"Rua do Patrocínio, 3",Campo de Ourique,Lugar estacionamento automóvel,HOTSPOT,Desconhecido,0,10,0,Público,Dedicado Micromobilidade,2024-03-20,-9.16490144854718,38.7129720381839
16902,2507,Travessa de Campo de Ourique,Campo de Ourique,Passeio,HOTSPOT,Desconhecido,0,10,0,Público,Dedicado Micromobilidade,2024-03-20,-9.16797944230066,38.7207976854589
16903,2496,"Rua Maria Pia, 372A",Campo de Ourique,Lugar estacionamento automóvel,HOTSPOT,Desconhecido,0,10,0,Público,Dedicado Micromobilidade,2024-03-18,-9.17120966509536,38.718934181601
16904,2497,Rua Francisco Metrass,Campo de Ourique,Passeio,HOTSPOT,Desconhecido,0,10,0,Público,Dedicado Micromobilidade,2024-03-18,-9.16628758903095,38.715287470951
16905,2498,"Rua de Santo Amaro, 53",Campo de Ourique,Via,HOTSPOT,Desconhecido,0,4,0,Público,Dedicado Micromobilidade,2024-03-20,-9.15657629779569,38.7144621960127
16906,2499,"Rua Freitas Gazul, 10",Campo de Ourique,Passeio,HOTSPOT,Desconhecido,0,10,0,Público,Dedicado Micromobilidade,2024-03-20,-9.17005197313229,38.7170487469682
16907,2500,"Rua de Infantaria 16, 106",Campo de Ourique,Via,HOTSPOT,Desconhecido,0,10,0,Público,Dedicado Micromobilidade,2024-03-20,-9.16866545052675,38.7183199875228
16908,2501,Rua Freitas Gazul,Campo de Ourique,Passeio,HOTSPOT,Desconhecido,0,10,0,Público,Dedicado Micromobilidade,2024-03-20,-9.16998830075479,38.7174570995665
16909,2528,"Rua Coelho da Rocha, 92",Campo de Ourique,Lugar estacionamento automóvel,HOTSPOT,Desconhecido,0,10,0,Público,Dedicado Micromobilidade,2024-03-21,-9.16619092801835,38.7165278332419
16910,2529,"Rua do Cabo, 54A",Campo de Ourique,Passeio,HOTSPOT,Desconhecido,0,10,0,Público,Dedicado Micromobilidade,2024-03-21,-9.16112829372829,38.7186599296173
16911,2530,Rua Carlos Alberto da Mota Pinto,Campo de Ourique,Passeio,HOTSPOT,Desconhecido,0,10,0,Público,Dedicado Micromobilidade,2024-03-21,-9.16090751275097,38.7239804926763
16912,2531,Rua Vila de Bissorã,Olivais,Passeio,BICICLETA,Sheffield standard,5,10,0,Público,Partilhado com Micromobilidade,2023-04-01,-9.11693532979847,38.762186662571
16913,2532,"Rua Cidade de Bolama, Lote 382",Olivais,Passeio,BICICLETA,Sheffield standard,4,8,0,Público,Partilhado com Micromobilidade,2023-04-01,-9.11679494144601,38.761655885914
16914,2508,Rua Maria Pia,Campo de Ourique,Passeio,HOTSPOT,Desconhecido,0,10,0,Público,Dedicado Micromobilidade,2024-03-20,-9.16728432573158,38.7214226658494
16915,2509,"Rua Almeida e Sousa, 2",Campo de Ourique,Via,HOTSPOT,Desconhecido,0,4,0,Público,Dedicado Micromobilidade,2024-03-20,-9.16260231115451,38.7175029325313
16916,2510,"Rua Tomás de Anunciação, 62",Campo de Ourique,Via,HOTSPOT,Desconhecido,0,10,0,Público,Dedicado Micromobilidade,2024-03-20,-9.16560152047791,38.7184860907963
16917,2511,Rua de Infantaria 16,Campo de Ourique,Via,HOTSPOT,Desconhecido,0,10,0,Público,Dedicado Micromobilidade,2024-03-20,-9.16728954164391,38.7183710709125
16918,2512,"Rua Correia Teles, 18",Campo de Ourique,Lugar estacionamento automóvel,HOTSPOT,Desconhecido,0,10,0,Público,Dedicado Micromobilidade,2024-03-20,-9.16506726152955,38.7193033813747
16919,2513,"Rua Ferreira Borges, 181",Campo de Ourique,Passeio,HOTSPOT,Desconhecido,0,10,0,Público,Dedicado Micromobilidade,2024-03-20,-9.16413227452746,38.7200899679997
16920,2535,"Rua Jorge Barradas, Escola",Benfica,Passeio,BICICLETA,Sheffield largo,3,6,0,Público,Partilhado com Micromobilidade,2024-04-01,-9.20321231279261,38.7557650312751
16921,2536,"Rua Doutor António Cândido, 25",Avenidas Novas,Lugar estacionamento automóvel,BICICLETA,Sheffield standard,5,10,0,Público,Partilhado com Micromobilidade,2024-06-01,-9.15073650108483,38.7341477733655
16922,2537,"Rua Doutor António Cândido, 9",Avenidas Novas,Lugar estacionamento automóvel,BICICLETA,Sheffield standard,3,6,0,Público,Partilhado com Micromobilidade,2024-06-01,-9.15112596488281,38.7337482881046
16923,2514,"Rua Francisco Metrass, 97",Campo de Ourique,Via,HOTSPOT,Desconhecido,0,10,0,Público,Dedicado Micromobilidade,2024-03-20,-9.16648461972937,38.7191250927229
16925,2516,Beco do Paiol,Campo de Ourique,Passeio,BICICLETA,Sheffield standard,4,8,0,Público,Partilhado com Micromobilidade,2024-03-20,-9.16244067886681,38.7205057186558
16926,2517,Rua Coelho da Rocha,Campo de Ourique,Passeio,HOTSPOT,Desconhecido,0,8,0,Público,Dedicado Micromobilidade,2024-03-20,-9.16157987857127,38.7165541226547
16927,2518,"Campo Grande, 380",Alvalade,Passeio,BICICLETA,Entorta rodas,1,5,0,Privado,Interdito Micromobilidade,2024-03-21,-9.15383484900672,38.7587741752244
16928,2519,"Rua Silva Carvalho, 263A",Campo de Ourique,Passeio,HOTSPOT,Desconhecido,0,10,0,Público,Dedicado Micromobilidade,2024-03-21,-9.16104730341687,38.7210378062047
16929,2520,"Rua Dom João V, 23A",Campo de Ourique,Passeio,HOTSPOT,Desconhecido,0,10,0,Público,Dedicado Micromobilidade,2024-03-21,-9.15948261952451,38.7204017053374
16961,78,"Praça da Figueira, 3B",Santa Maria Maior,Passeio,BICICLETA,Sheffield estreito,3,6,0,Público,Partilhado com Micromobilidade,,-9.1383490740562,38.7139076000631
16962,2015,Avenida Fontes Pereira de Melo,Avenidas Novas,Passeio,BICICLETA,Sheffield standard,3,6,0,Público,Partilhado com Micromobilidade,2022-07-14,-9.14902946551648,38.7274641536429
17283,2205,"Avenida do Uruguai, 43",Benfica,Passeio,HOTSPOT,Desconhecido,0,5,0,Público,Dedicado Micromobilidade,2023-09-18,-9.19630873832336,38.7539127755361
17284,2207,"Avenida Marechal Teixeira Rebelo, 34C",Benfica,Passeio,HOTSPOT,Desconhecido,0,3,0,Público,Dedicado Micromobilidade,2023-09-18,-9.19592904611709,38.7538022109045
17285,2546,"Rua do Vale de Santo António, 39",São Vicente,Passeio,BICICLETA,Sheffield standard,4,8,0,Público,Partilhado com Micromobilidade,2023-04-01,-9.12268712978714,38.7179762803207
17601,2547,"Rua Alberto de Sousa, 8A",Avenidas Novas,Lugar estacionamento automóvel,BICICLETA,Sheffield standard,4,8,0,Público,Partilhado com Micromobilidade,,-9.15805174591645,38.7461049052393
17602,2548,Alameda Dom Afonso Henriques,Areeiro,Passeio,BICICLETA,Sheffield estreito,4,8,0,Público,Partilhado com Micromobilidade,,-9.13238724599145,38.7375627326664
17603,1132,"Avenida Sacadura Cabral, 39",Areeiro,Passeio,BICICLETA,Sheffield standard,2,4,0,Público,Partilhado com Micromobilidade,2020-09-17,-9.14308897349889,38.7439055476327
17921,1077,"Rua Maria Margarida, 6",Lumiar,Passeio,HOTSPOT,Desconhecido,0,4,0,Público,Dedicado Micromobilidade,2025-09-17,-9.15459333283011,38.7774186746881
17922,719,Rua Dr. Eduardo Neves,Avenidas Novas,Lugar estacionamento automóvel,BICIPARQUE,Sheffield standard,6,12,1,Público,Interdito Micromobilidade,2019-10-25,-9.14794226601194,38.7444263222037
17923,2549,"Travessa André Valente, 7",Misericórdia,Passeio,BICIPARQUE,Dois níveis,,,1,Público,Interdito Micromobilidade,2025-11-25,-9.14757087217068,38.7111391961892
17924,1253,Largo República da Turquia,Lumiar,Lugar estacionamento automóvel,BICIPARQUE,Entorta rodas com encosto,24,24,1,Público,Interdito Micromobilidade,2021-05-03,-9.1596113809108,38.7733298380132
17925,2550,"Rua Rosália de Castro, 3",Alvalade,Passeio,BICICLETA,Sheffield standard,2,4,0,Público,Interdito Micromobilidade,2025-04-01,-9.14590461411859,38.7513825225075
17926,2248,"Avenida Engenheiro Duarte Pacheco, Liceu Francês",Campolide,Passeio,HOTSPOT,Desconhecido,0,10,0,Público,Dedicado Micromobilidade,2025-11-25,-9.16287644949087,38.7238953095247
17927,2553,"Rua Prof. Manuel Valadares, 7",Lumiar,Passeio,BICICLETA,Sheffield standard,8,16,0,Público,Partilhado com Micromobilidade,2025-04-01,-9.16090544715204,38.7752003362445
17928,2551,"Rua Silva Carvalho, 243",Campo de Ourique,Passeio,BICICLETA,Sheffield standard,5,10,0,Público,Partilhado com Micromobilidade,2021-06-29,-9.16110283392407,38.7207276374151
17929,2552,"Praça Afonso do Paço, 3",Campo de Ourique,Via,BICICLETA,Sheffield standard,4,8,0,Público,Interdito Micromobilidade,2025-06-30,-9.1669523957591,38.7201934099063
17930,1687,"Rua João da Mota e Silva, 3",Campolide,Passeio,BICICLETA,Sheffield standard,4,8,0,Privado,Interdito Micromobilidade,2022-01-26,-9.17381681515815,38.7311342757316
17931,89,Rua Almada Negreiros,Olivais,Via,BICICLETA,Sheffield standard,5,10,0,Público,Interdito Micromobilidade,2025-04-01,-9.10930904718115,38.7601331646644
17932,2554,"Praça Cidade de Dili, 3",Olivais,Passeio,BICICLETA,Sheffield standard,1,2,0,Público,Interdito Micromobilidade,,-9.11635015248447,38.7604710389346
18241,154,Praça Afonso de Albuquerque,Belém,Passeio,BICICLETA,Entorta rodas,1,10,0,Público,Partilhado com Micromobilidade,,-9.19940992227248,38.6971788788082
18242,200,"Rua Duarte Pacheco Pereira, 11D",Belém,Passeio,BICICLETA,Grelha,1,5,0,Público,Partilhado com Micromobilidade,,-9.21823450898787,38.6986423651112
18243,202,Avenida da Torre de Belém,Belém,Passeio,BICICLETA,Entorta rodas,1,6,0,Público,Partilhado com Micromobilidade,,-9.21522705103029,38.695327564343
18244,211,"Rua Vieira Portuense, 92",Belém,Passeio,BICICLETA,Sheffield estreito,5,10,0,Público,Interdito Micromobilidade,,-9.20342510844449,38.6968389045387
18245,238,Rua Dom Jerónimo Osório,Belém,Passeio,BICICLETA,Sheffield estreito,3,6,0,Público,Partilhado com Micromobilidade,,-9.2243781614018,38.6989258094057
18246,240,Avenida de Brasília,Belém,Via,BICICLETA,Sheffield standard,5,10,0,Público,Partilhado com Micromobilidade,2018-06-17,-9.21884757529367,38.6935088545212
18247,249,Avenida de Brasília,Belém,Via,BICICLETA,Sheffield standard,5,10,0,Público,Partilhado com Micromobilidade,2018-01-28,-9.2062879167031,38.694431205824
18248,250,"Avenida da Índia, Museu",Belém,Passeio,BICICLETA,Grelha,3,15,0,Privado,Interdito Micromobilidade,,-9.19749154613382,38.6969612633602
18249,311,"Rua Damião de Gois, 3D",Belém,Via,HOTSPOT,Desconhecido,0,10,0,Público,Dedicado Micromobilidade,2019-02-20,-9.22535948174371,38.6981034496575
18250,495,"Rua da Junqueira, 188",Belém,Passeio,BICICLETA,Entorta rodas,1,9,0,Público,Partilhado com Micromobilidade,,-9.19158116870771,38.6979477435146
18251,501,Avenida de Brasília,Belém,Passeio,BICICLETA,Entorta rodas,3,15,0,Público,Partilhado com Micromobilidade,,-9.19447341621999,38.69556296116
18252,1226,"Rua Conselheiro Martins de Carvalho, 1",Belém,Passeio,BICICLETA,Sheffield estreito,2,4,0,Público,Partilhado com Micromobilidade,,-9.2026976673414,38.7069322667012
18253,1261,"Rua Gonçalves Zarco, Escola",Belém,Lugar estacionamento automóvel,BICICLETA,Sheffield standard,3,6,0,Público,Partilhado com Micromobilidade,2020-12-14,-9.20520652041795,38.7051696906853
18254,1395,"Avenida de Brasília, Fundação Champalimaud",Belém,Via,BICICLETA,Entorta rodas,5,31,1,Privado,Interdito Micromobilidade,,-9.2211888353455,38.6933391420703
18255,1379,"Rua Duarte Pacheco Pereira, 26",Belém,Passeio,BICICLETA,Grelha,1,5,0,Público,Partilhado com Micromobilidade,,-9.21876850724104,38.6979627399839
18256,1442,Avenida de Brasília,Belém,Lugar estacionamento automóvel,HOTSPOT,Sheffield standard,2,9,0,Público,Partilhado com Micromobilidade,2021-05-05,-9.20066248591187,38.6946467382253
18257,1547,Rua Jorge Dias,Belém,Passeio,BICICLETA,Sheffield estreito,3,6,0,Público,Partilhado com Micromobilidade,,-9.20598133977545,38.7066273091733
18258,1680,"Rua Bartolomeu Dias, 53",Belém,Via,BICICLETA,Sheffield standard,3,6,0,Privado,Interdito Micromobilidade,2022-01-13,-9.21174159059565,38.6949605539355
18259,1689,Rua Alexandre de Sá Pinto,Belém,Passeio,BICICLETA,Sheffield standard,8,16,0,Privado,Interdito Micromobilidade,2022-01-13,-9.19591198618381,38.7001409135867
18260,1690,"Rua Matateu, Escola",Belém,Passeio,BICICLETA,Sheffield standard,5,10,0,Privado,Interdito Micromobilidade,2022-01-28,-9.19479949900378,38.7007823669488
18261,2555,"Rua dos Eucaliptos, 4",Olivais,Lugar estacionamento automóvel,HOTSPOT,Desconhecido,0,10,0,Público,Dedicado Micromobilidade,,-9.12199259913122,38.7714586639696
18262,2018,"Rua da Junqueira, 297",Belém,Passeio,BICICLETA,Sheffield standard,4,8,0,Privado,Interdito Micromobilidade,2022-07-24,-9.1961446279729,38.6972053882102
18265,2556,Avenida General Roçadas,São Vicente,Passeio,HOTSPOT,Desconhecido,0,10,0,Público,Dedicado Micromobilidade,2026-03-20,-9.12905770253312,38.7215453921657
18266,1558,"Calçada dos Barbadinhos, 56B",São Vicente,Passeio,BICICLETA,Sheffield standard,2,4,0,Público,Partilhado com Micromobilidade,2022-04-01,-9.12187320449904,38.7202948711847
