OBJECTID,COD_SIG_ESTACIONAMENTO,MORADA,FREGUESIA,LOCALIZACAO,TIPO_ESTACIONAMENTO,MODELO,NUM_SUPORTES,CAPACIDADE,COBERTO,DOMINIALIDADE,ESTACIONAMENTO_ESTADO,DATA_INSTALACAO,x,y
14698,2,"Avenida Almirante Reis, Igreja",Arroios,Lugar estacionamento automóvel,HOTSPOT,Sheffield standard,3,6,Não,Público,Partilhado com Micromobilidade,01/09/2019,-1016908.1247168,4682266.7546723
14699,3,"Rua da Palma, 270",Santa Maria Maior,Via,BICICLETA,Sheffield standard,2,4,Não,Público,Partilhado com Micromobilidade,01/09/2019,-1016971.1376860,4681506.9657451
14700,4,Avenida Infante Dom Henrique,Marvila,Passeio,BICICLETA,Sheffield standard,4,8,Não,Público,Partilhado com Micromobilidade,02/07/2020,-1013115.1327600,4685152.0624146
14701,5,Rua Cintura do Porto de Lisboa,Marvila,Passeio,BICICLETA,Sheffield standard,8,16,Não,Público,Partilhado com Micromobilidade,02/07/2020,-1012803.9525039,4684936.8861312
14702,6,Rua Cintura do Porto de Lisboa,Marvila,Passeio,BICICLETA,Sheffield standard,8,16,Não,Público,Partilhado com Micromobilidade,02/07/2020,-1012739.9978591,4684978.6012956
14703,7,Rua Cintura do Porto de Lisboa,Marvila,Passeio,BICICLETA,Sheffield standard,8,16,Não,Público,Partilhado com Micromobilidade,02/07/2020,-1012716.0580192,4685105.2602868
14704,8,Rua Francisco Stromp,Lumiar,Passeio,BICICLETA,Sheffield standard,5,10,Não,Público,Partilhado com Micromobilidade,,-1019410.7069103,4687857.8059707
14721,9,Parque da Quinta das Conchas e dos Lilases,Lumiar,Passeio,BICICLETA,Onda,1,5,Não,Público,Interdito Micromobilidade,,-1019257.6121471,4688891.5645012
14722,10,"Alameda das Linhas de Torres, 262",Lumiar,Passeio,BICICLETA,Sheffield standard,10,20,Não,Público,Partilhado com Micromobilidade,,-1019843.0135751,4689273.8527506
14723,11,"Alameda das Linhas de Torres, 250",Lumiar,Passeio,BICICLETA,Sheffield standard,10,20,Não,Público,Partilhado com Micromobilidade,,-1019777.1127550,4689154.4724133
14724,12,"Avenida Gomes Pereira, 15",Benfica,Passeio,BICICLETA,Entorta rodas,1,5,Não,Privado,Interdito Micromobilidade,,-1023866.9871138,4685704.4236605
14725,13,Rua Maria Pia,Campo de Ourique,Passeio,BICICLETA,Onda,1,5,Não,Privado,Interdito Micromobilidade,,-1020870.6810538,4681382.4075185
14726,14,Rua Tomás Ribeiro,Avenidas Novas,Passeio,BICICLETA,Sheffield standard,4,8,Não,Público,Partilhado com Micromobilidade,12/03/2018,-1018241.3229881,4683211.2673434
14727,15,Rua da Venezuela,Benfica,Passeio,BICICLETA,Sheffield estreito,5,10,Não,Público,Partilhado com Micromobilidade,,-1024092.1766236,4685159.5013968
14728,16,"Rua Engº Paulo de Barros, 30",,,,Desconhecido,0,0,Não,,,,0.0000000,0.0000000
0,0,,,,,Desconhecido,0,0,Não,,,,0.0000000,0.0000000
14729,17,Rua Tomás de Figueiredo,"Em frente ao restaurante ""Os Cunhados""",Benfica,Lugar estacionamento automóvel,BICICLETA,0,6,Não,,Público,,0.0000000,-1024938.4818251
14730,18,"Estrada de Benfica, 701",Benfica,Passeio,BICICLETA,Entorta rodas,2,6,Não,Público,Partilhado com Micromobilidade,,-1024226.1732053,4685967.9773011
14731,19,"Estrada de Benfica, 422",São Domingos de Benfica,Passeio,BICICLETA,Sheffield standard,3,6,Não,Público,Partilhado com Micromobilidade,,-1022905.2782915,4685554.5208529
14732,20,"Estrada de Benfica, 463",São Domingos de Benfica,Passeio,BICICLETA,Sheffield standard,3,6,Não,Público,Partilhado com Micromobilidade,,-1022903.3580203,4685475.9628761
14733,21,Rua Paulo Renato,Benfica,Passeio,BICICLETA,Sheffield standard,3,6,Não,Público,Partilhado com Micromobilidade,,-1023076.4677393,4685705.3597802
14734,23,Rua Paulo Renato,Benfica,Via,BICICLETA,Sheffield standard,5,10,Não,Público,Partilhado com Micromobilidade,,-1023012.3424308,4685631.0943925
14735,24,Alameda Manuel Ricardo Espírito Santo,São Domingos de Benfica,Via,BICICLETA,Sheffield standard,5,10,Não,Público,Partilhado com Micromobilidade,,-1022949.6439091,4685614.4726643
14736,25,"Rua do Seminário, Escola",Carnide,Passeio,BICICLETA,Sheffield estreito,4,8,Não,Público,Partilhado com Micromobilidade,,-1022013.3732209,4687376.3635848
14737,26,"Rua João de Oliveira Miguens, 60",Estrela,Passeio,BICICLETA,Sheffield standard,3,6,Não,Público,Partilhado com Micromobilidade,,-1021236.0728599,4679607.7823220
14738,27,"Rua João de Oliveira Miguens, 38",Estrela,Passeio,BICICLETA,Sheffield standard,3,6,Não,Público,Partilhado com Micromobilidade,,-1021252.6223219,4679544.3573060
14739,28,Jardim Aministia Internacional,Campolide,Passeio,BICICLETA,Sheffield standard,6,12,Não,Público,Partilhado com Micromobilidade,08/03/2018,-1020144.7736069,4683945.6834907
14740,29,Calçada dos Mestres,Campolide,Passeio,BICICLETA,Sheffield standard,4,8,Não,Público,Partilhado com Micromobilidade,17/06/2018,-1020290.5825820,4682600.1303119
14741,30,Rua Freitas Gazul,Campo de Ourique,Passeio,BICICLETA,Sheffield estreito,3,6,Não,Privado,Interdito Micromobilidade,16/11/2018,-1020802.1464039,4681277.0899565
14742,32,"Avenida Álvares Cabral, 27",Campo de Ourique,Via,BICICLETA,Sheffield standard,2,4,Não,Público,Partilhado com Micromobilidade,08/03/2018,-1019282.2154589,4681505.5185397
14743,33,"Avenida Álvares Cabral, 102",Campo de Ourique,Passeio,BICICLETA,Sheffield standard,3,6,Não,Público,Partilhado com Micromobilidade,16/11/2018,-1019440.6835320,4681230.3475593
14744,34,Rua Carlos Alberto da Mota Pinto,,,,Desconhecido,0,0,Não,,,,0.0000000,0.0000000
0,0,,,,,Desconhecido,0,0,Não,,,,0.0000000,0.0000000
14745,35,Rua Latino Coelho,,,,Desconhecido,0,0,Não,,,,0.0000000,0.0000000
0,0,,,,,Desconhecido,0,0,Não,,,,0.0000000,0.0000000
14746,36,Rua Latino Coelho,Em frente ao Café,Avenidas Novas,Lugar estacionamento automóvel,BICICLETA,0,4,Não,3,Público,DEPM,95308.0000000,-1018622.1727004
14747,37,"Rua Mário Cesariny, 5",Avenidas Novas,Passeio,BICICLETA,Sheffield standard,4,8,Não,Público,Partilhado com Micromobilidade,26/08/2018,-1018918.1163586,4685428.5659989
14748,38,"Rua Castilho, 237",,,,Desconhecido,0,0,Não,,,,0.0000000,0.0000000
0,0,,,,,Desconhecido,0,0,Não,,,,0.0000000,0.0000000
14749,39,Rua Rodrigo da Fonseca,Escola Secundária Maria Amália Vaz de Carvalho,Avenidas Novas,Passeio,BICICLETA,0,3,Não,0,Público,DEPM,7.0000000,-1019327.1941004
14750,40,"Rua Tomás Ribeiro, 97B",Avenidas Novas,Passeio,BICICLETA,Sheffield standard,4,8,Não,Público,Partilhado com Micromobilidade,01/08/2019,-1018519.5531161,4683320.5677169
14751,41,Avenida Marquês de Tomar,,,,Desconhecido,0,0,Não,,,,0.0000000,0.0000000
0,0,,,,,Desconhecido,0,0,Não,,,,0.0000000,0.0000000
14752,42,Avenida António Augusto de Aguiar,Avenidas Novas,Passeio,BICICLETA,Sheffield standard,3,6,Não,Público,Partilhado com Micromobilidade,20/11/2018,-1018583.5501770,4683043.5231469
14753,43,Avenida João Crisóstomo,Avenidas Novas,Passeio,BICICLETA,Sheffield standard,4,8,Não,Privado,Interdito Micromobilidade,01/08/2019,-1017690.4483943,4683968.4545845
14754,44,Avenida 5 de Outubro,,,,Desconhecido,0,0,Não,,,,0.0000000,0.0000000
0,0,,,,,Desconhecido,0,0,Não,,,,0.0000000,0.0000000
14755,45,Rua Cidade de Lobito,Olivais,Passeio,BICICLETA,Sheffield estreito,5,10,Não,Público,Partilhado com Micromobilidade,,-1014445.9351702,4687807.8124083
14756,46,Avenida 24 de Julho,Mercado da Ribeira,entre caldeira e candeeiro,Misericórdia,Passeio,0,0,Não,Não,0,Equipamento Comercial - Mercado,0.0000000,0.0000000
14757,47,Estrada do Barçal,Benfica,Passeio,BICICLETA,Onda,1,5,Sim,Público,Partilhado com Micromobilidade,,-1022667.5601907,4684476.0001671
14758,48,Avenida Professor Egas Moniz,Alvalade,Passeio,BICICLETA,Desconhecido,7,14,Não,Público,Partilhado com Micromobilidade,,-1019768.8319918,4686482.4244723
14759,49,"Campo Grande, 9",Alvalade,Lugar estacionamento automóvel,BICICLETA,Sheffield standard,4,8,Não,Público,Partilhado com Micromobilidade,,-1018529.2374867,4685783.3031251
14760,50,Praça do Marquês de Pombal,Avenidas Novas,Passeio,BICICLETA,Sheffield standard,5,10,Não,Público,Partilhado com Micromobilidade,,-1018677.4997912,4682500.4781443
14761,51,Praça do Marquês de Pombal,Avenidas Novas,Passeio,HOTSPOT,Sheffield standard,4,13,Não,Público,Partilhado com Micromobilidade,16/03/2019,-1018626.0370470,4682532.6800324
14762,52,"Rua Andrade Corvo, 27",Avenidas Novas,Passeio,BICICLETA,Sheffield standard,4,8,Não,Público,Partilhado com Micromobilidade,,-1018282.5464111,4683079.2886298
14763,53,"Rua Martens Ferrão, 24",Avenidas Novas,Passeio,BICICLETA,Sheffield standard,4,8,Não,Público,Partilhado com Micromobilidade,,-1018342.1533758,4682956.1910209
14764,54,"Avenida da República, 3",Avenidas Novas,Lugar estacionamento automóvel,BICICLETA,Sheffield standard,5,10,Não,Público,Partilhado com Micromobilidade,,-1018035.2591876,4683691.1692191
14765,56,"Avenida Marquês de Tomar, Igreja",Avenidas Novas,Passeio,BICICLETA,Sheffield standard,3,6,Não,Público,Partilhado com Micromobilidade,15/11/2018,-1018608.5301076,4684405.5135394
14766,57,"Avenida 5 de Outubro, 184",,,,Desconhecido,0,0,Não,,,,0.0000000,0.0000000
0,0,,,,,Desconhecido,0,0,Não,,,,0.0000000,0.0000000
14767,58,Rua Diogo de Macedo,Escola EB1/JI Mestre Arnaldo Louro De Almeida,Avenidas Novas,Passeio,BICICLETA,0,4,Não,0,Público,DEPM,0.0000000,-1019303.9468536
14768,59,Rua Padre Abel Varzim,Parque das Nações,Passeio,BICICLETA,Sheffield standard,3,6,Não,Público,Partilhado com Micromobilidade,14/11/2018,-1013490.6179982,4689121.7813851
14769,60,"Rua Mário Botas ao Parque das Nações, 1",,,,Desconhecido,0,0,Não,,,,0.0000000,0.0000000
0,0,,,,,Desconhecido,0,0,Não,,,,0.0000000,0.0000000
14770,61,Praça do Tejo,,,,Desconhecido,0,0,Não,,,,0.0000000,0.0000000
0,0,,,,,Desconhecido,0,0,Não,,,,0.0000000,0.0000000
14771,62,Praça Mar da Palha,,,,Desconhecido,0,0,Não,,,,0.0000000,0.0000000
0,0,,,,,Desconhecido,0,0,Não,,,,0.0000000,0.0000000
14772,63,Via do Oriente,,,,Desconhecido,0,0,Não,,,,0.0000000,0.0000000
0,0,,,,,Desconhecido,0,0,Não,,,,0.0000000,0.0000000
14773,64,Via do Oriente,,,,Desconhecido,0,0,Não,,,,0.0000000,0.0000000
0,0,,,,,Desconhecido,0,0,Não,,,,0.0000000,0.0000000
14774,65,Alameda dos Oceanos,Parque das Nações,Passeio,BICICLETA,Sheffield standard,4,8,Não,Público,Partilhado com Micromobilidade,15/11/2018,-1012516.5620135,4689712.8477828
14775,66,Rua João Pinto Ribeiro,,,,Desconhecido,0,0,Não,,,,0.0000000,0.0000000
0,0,,,,,Desconhecido,0,0,Não,,,,0.0000000,0.0000000
14776,67,Rua Padre Joaquim Alves Correia,,,,Desconhecido,0,0,Não,,,,0.0000000,0.0000000
0,0,,,,,Desconhecido,0,0,Não,,,,0.0000000,0.0000000
14777,70,Rua do Rio Zêzere,entrada,Carnide,,BICICLETA,0,0,Não,,Público,,81.0000000,-1022232.8235110
14778,72,"Avenida Cidade de Lourenço Marques, Mercado",Olivais,Passeio,BICICLETA,Sheffield standard,5,10,Não,Público,Partilhado com Micromobilidade,,-1015157.8252962,4688040.2395726
14779,73,Estrada do Barçal,São Domingos de Benfica,Passeio,BICICLETA,Sheffield estilizado,5,10,Não,Público,Partilhado com Micromobilidade,,-1022991.2227557,4684998.3040667
14780,2084,"Alameda das Linhas de Torres, 234",Lumiar,Passeio,BICICLETA,Sheffield standard,2,4,Não,Público,Partilhado com Micromobilidade,22/03/2023,-1019749.9675646,4689048.3166477
14781,2085,Avenida da Universidade Técnica,Ajuda,Passeio,HOTSPOT,Desconhecido,0,10,Não,Público,Dedicado Micromobilidade,17/04/2023,-1023574.7489534,4680766.7807415
14782,75,Doca do Bom Sucesso,Belém,Passeio,BICICLETA,Entorta rodas,1,3,Não,Público,Partilhado com Micromobilidade,,-1025304.4220864,4677763.7022194
14783,76,Avenida Professor Gama Pinto,Alvalade,Passeio,BICICLETA,Onda,2,10,Não,Público,Partilhado com Micromobilidade,,-1019656.9175967,4686322.4853080
14784,77,"Avenida da Liberdade, 1",Santo António,Passeio,BICICLETA,Onda,1,5,Não,Público,Partilhado com Micromobilidade,,-1017742.3670730,4681107.4820682
14786,79,Praça D. Pedro IV,Santa Maria Maior,Passeio,BICICLETA,Sheffield estreito,2,4,Não,Público,Interdito Micromobilidade,,-1017376.7369265,4680643.0837674
14787,80,Estrada do Alvito,Alcântara,Passeio,BICICLETA,Sheffield estilizado,2,20,Não,Público,Partilhado com Micromobilidade,,-1022569.6288331,4681592.9211265
14788,81,Avenida de Brasília,Estrela,Via,BICICLETA,Entorta rodas,1,3,Não,Público,Partilhado com Micromobilidade,,-1018925.4040379,4679663.7376322
14789,82,Rua Cintura do Porto de Lisboa,Estrela,Via,BICICLETA,Entorta rodas,1,5,Não,Público,Partilhado com Micromobilidade,,-1018838.7563034,4679636.1484038
14790,83,Cais do Gás,Misericórdia,Passeio,BICICLETA,Entorta rodas,1,10,Não,Público,Partilhado com Micromobilidade,,-1018190.1291439,4679493.4499107
14791,84,"Avenida da República, 25",Avenidas Novas,Lugar estacionamento automóvel,BICICLETA,Sheffield standard,5,10,Não,Público,Partilhado com Micromobilidade,,-1018089.0890569,4683965.0479978
14792,85,"Via do Oriente, 2F-2G",Parque das Nações,Passeio,BICICLETA,Entorta rodas,5,5,Não,Público,Partilhado com Micromobilidade,,-1012944.2943715,4691333.6888526
14793,86,"Passeio do Levante, 6",Parque das Nações,Passeio,BICICLETA,Cascata,1,8,Não,Público,Partilhado com Micromobilidade,,-1012617.8581959,4690922.7619071
14794,87,Rua Padre Francisco,Campo de Ourique,Passeio,BICICLETA,Sheffield standard,5,10,Não,Público,Partilhado com Micromobilidade,18/06/2018,-1020469.6527808,4681035.7040188
14795,88,"Avenida 5 de Outubro, 260",Alvalade,Passeio,BICICLETA,Onda,1,5,Não,Público,Partilhado com Micromobilidade,,-1018647.5871577,4685841.6860918
14797,90,Metro Campo Grande,Lumiar,Passeio,BICICLETA,Grelha,1,6,Não,Público,Interdito Micromobilidade,,-1019450.4328149,4687341.0727081
14798,92,Alameda das Comunidades Portuguesas,Olivais,Passeio,BICICLETA,Entorta rodas,10,40,Sim,Público,Partilhado com Micromobilidade,,-1016193.1905987,4688513.7334162
14799,93,"Avenida da Liberdade, 175",Santo António,Passeio,BICICLETA,Sheffield estreito,3,6,Não,Público,Partilhado com Micromobilidade,,0.0000000,0.0000000
0,0,,,,,Desconhecido,0,0,Não,,,,0.0000000,0.0000000
14800,95,Campo Grande,cruzamento com Rua Ernesto de Vasconcelos,Alvalade,Passeio,BICICLETA,0,2,Não,0,Público,DEPM,0.0000000,-1019171.0064320
14801,96,Praça de Dom Luís I,Misericórdia,Passeio,BICICLETA,Sheffield standard,3,3,Não,Público,Partilhado com Micromobilidade,,-1018153.6696194,4679748.8406678
14802,97,Avenida 24 de Julho,Misericórdia,Passeio,BICICLETA,Sheffield standard,3,6,Não,Público,Partilhado com Micromobilidade,,-1017993.7093945,4679674.4611736
14803,98,"Rua do Instituto Industrial, 7B",Misericórdia,Passeio,BICICLETA,Sheffield standard,8,16,Não,Público,Partilhado com Micromobilidade,,-1018634.3004500,4679916.2005648
14804,99,"Rua do Instituto Industrial, 7",Misericórdia,Passeio,BICICLETA,Sheffield standard,8,16,Não,Público,Partilhado com Micromobilidade,,-1018639.0485736,4679978.0260183
14805,100,"Avenida Dom Carlos I, 4B",Misericórdia,Passeio,BICICLETA,Sheffield standard,3,6,Não,Público,Partilhado com Micromobilidade,,-1018842.8350734,4679790.1152401
14806,101,Avenida 24 de Julho,Misericórdia,Passeio,BICICLETA,Sheffield standard,6,12,Não,Público,Partilhado com Micromobilidade,,-1018824.8001268,4679751.5586404
14807,103,"Avenida 5 de Outubro, 168",,,,Desconhecido,0,0,Não,,,,0.0000000,0.0000000
0,0,,,,,Desconhecido,0,0,Não,,,,0.0000000,0.0000000
14808,104,Avenida Álvaro Pais,,,,Desconhecido,0,0,Não,,,,0.0000000,0.0000000
0,0,,,,,Desconhecido,0,0,Não,,,,0.0000000,0.0000000
14809,105,Largo do Nautilus,nas traseiras do Teatro Camões,Parque das Nações,Passeio,BICICLETA,0,10,Não,0,Público,DEPM,8.0000000,-1012341.2379575
14810,106,"Passeio do Adamastor, 18",Parque das Nações,Passeio,BICICLETA,Sheffield standard,3,6,Não,Público,Partilhado com Micromobilidade,13/11/2018,-1012529.7498222,4687174.0768533
14811,107,Passeio do Adamastor,,,,Desconhecido,0,0,Não,,,,0.0000000,0.0000000
0,0,,,,,Desconhecido,0,0,Não,,,,0.0000000,0.0000000
14812,108,Passeio de Neptuno,Parque das Nações,Passeio,BICICLETA,Sheffield standard,16,32,Não,Público,Partilhado com Micromobilidade,13/11/2018,-1012400.5147888,4686570.8690295
14813,109,Praça do Norte,Mercado da Encarnação Norte,dentro do pátio,Olivais,Passeio,0,0,Não,Não,,Equipamento Comercial - Mercado,0.0000000,0.0000000
14814,110,Largo da Luz,Carnide,Passeio,BICICLETA,Sheffield estreito,4,8,Não,Público,Partilhado com Micromobilidade,,-1022334.8411899,4687423.8239014
14815,111,"Avenida do Rio de Janeiro, Mercado",Alvalade,Passeio,BICICLETA,Sheffield standard,4,8,Não,Público,Partilhado com Micromobilidade,23/02/2023,-1017459.0048678,4686796.4618503
14816,112,"Rua Prista Monteiro, Escola",Carnide,Passeio,BICICLETA,Onda,1,5,Não,Público,Partilhado com Micromobilidade,,-1022121.0597088,4688235.6891033
14817,113,Rua Dr. Nicolau de Bettencourt,Avenidas Novas,Passeio,BICICLETA,Onda,1,5,Não,Público,Partilhado com Micromobilidade,,-1019074.5807307,4683904.5482520
14818,114,Praça do Império,Belém,Passeio,BICICLETA,Onda,1,5,Não,Público,Partilhado com Micromobilidade,,-1024954.1228583,4678199.3220484
14819,116,"Avenida do Colégio Militar, 23A",Benfica,Passeio,BICICLETA,Onda,1,5,Não,Público,Partilhado com Micromobilidade,,-1023086.1627998,4686121.9446704
14820,117,"Largo da Madre de Deus, Polidesportivo",Beato,Passeio,BICICLETA,Borboleta,1,7,Não,Público,Partilhado com Micromobilidade,,-1014743.5910976,4683357.8712907
14821,118,"Avenida da Igreja, 21",Alvalade,Passeio,BICICLETA,Sheffield estreito,3,6,Não,Público,Partilhado com Micromobilidade,,-1017679.2754739,4686447.5854132
14822,120,"Avenida 24 de Julho, 3",Misericórdia,Passeio,BICICLETA,Sheffield standard,3,6,Não,Público,Partilhado com Micromobilidade,,-1018421.7383198,4679739.7376572
14823,121,"Avenida da República, 37",Avenidas Novas,Lugar estacionamento automóvel,BICICLETA,Sheffield standard,5,10,Não,Público,Partilhado com Micromobilidade,,-1018117.1619811,4684114.7319827
14824,123,"Avenida da República, 67",Avenidas Novas,Lugar estacionamento automóvel,BICICLETA,Sheffield standard,5,10,Não,Público,Partilhado com Micromobilidade,,-1018196.1585914,4684550.5888745
14825,124,"Avenida da República, 57",Avenidas Novas,Lugar estacionamento automóvel,BICICLETA,Sheffield standard,5,10,Não,Público,Partilhado com Micromobilidade,,-1018169.2908520,4684418.2325663
14826,125,"Avenida da República, 77",Avenidas Novas,Lugar estacionamento automóvel,BICICLETA,Sheffield standard,5,10,Não,Público,Partilhado com Micromobilidade,,-1018226.3235475,4684705.3599849
14827,126,"Avenida Duque d' Ávila, 122",Avenidas Novas,Passeio,BICICLETA,Sheffield estreito,3,6,Não,Público,Partilhado com Micromobilidade,,-1018764.1020373,4683785.7588619
14828,127,"Avenida António Augusto de Aguiar, 29",Avenidas Novas,Passeio,BICICLETA,Sheffield estreito,3,6,Não,Público,Partilhado com Micromobilidade,,-1018833.9938533,4683384.0530440
14829,128,Rua de Moscavide ao Parque das Nações,Parque das Nações,Passeio,BICICLETA,Sheffield standard,3,6,Não,Público,Partilhado com Micromobilidade,15/11/2018,-1012900.9325661,4689884.3569438
14830,129,"Avenida António Serpa, 38",Avenidas Novas,Lugar estacionamento automóvel,BICICLETA,Sheffield standard,3,6,Não,Público,Partilhado com Micromobilidade,08/11/2018,-1018456.3095965,4684941.7860086
14831,130,"Avenida Visconde de Valmor, 63A",Avenidas Novas,Lugar estacionamento automóvel,BICICLETA,Sheffield standard,4,8,Não,Público,Partilhado com Micromobilidade,08/11/2018,-1018563.1927158,4684162.0031906
14832,131,"Rua Pinheiro Chagas, 47",Avenidas Novas,Via,BICICLETA,Sheffield standard,2,4,Não,Público,Partilhado com Micromobilidade,08/11/2018,-1018567.0749438,4683640.8921748
14833,132,"Rua Pinheiro Chagas, 47B",Avenidas Novas,Via,BICICLETA,Sheffield standard,2,4,Não,Público,Partilhado com Micromobilidade,08/11/2018,-1018577.4259646,4683646.5160219
14834,134,Jardim Adão Barata,Carnide,,BICICLETA,Desconhecido,0,6,Não,Público,Partilhado com Micromobilidade,,-1023473.8401370,4687115.8728022
14835,136,Praça dos Restauradores,Santa Maria Maior,Passeio,BICICLETA,Sheffield estreito,3,6,Não,Público,Partilhado com Micromobilidade,,-1017631.1266316,4680944.6593043
14836,137,Avenida Prof. Franscisco da Gama Caeiro,Carnide,Passeio,BICICLETA,Onda,1,5,Não,Público,Partilhado com Micromobilidade,,-1022822.4083276,4688687.2107100
14837,138,Rua da Cintura do Porto de Lisboa,Misericórdia,Passeio,BICICLETA,Sheffield standard,6,12,Sim,Público,Interdito Micromobilidade,,-1018021.1623394,4679579.9009355
14838,139,Rua Professor Lima Basto,São Domingos de Benfica,Passeio,BICICLETA,Onda,2,10,Não,Público,Partilhado com Micromobilidade,,-1020450.2429698,4684549.3760078
14839,140,Largo dos Caminhos de Ferro,São Vicente,Passeio,BICICLETA,Sheffield estreito,5,10,Não,Privado,Interdito Micromobilidade,,-1015610.6329185,4680735.9194860
14840,142,Campus de Campolide,Campolide,Passeio,BICICLETA,Sheffield standard,13,26,Não,Privado,Interdito Micromobilidade,,-1019730.8618646,4683719.0022678
14841,143,"Rua Dom Luís I, 43",Misericórdia,Passeio,BICICLETA,Sheffield estreito,2,4,Não,Público,Partilhado com Micromobilidade,,-1018848.9211913,4679856.3724221
14842,144,Rua Dr. Eduardo Neves,Avenidas Novas,Passeio,BICICLETA,Sheffield estreito,3,6,Sim,Público,Partilhado com Micromobilidade,,-1018441.5445594,4685086.2919903
14843,145,"Rua Abranches Ferrão, 9",São Domingos de Benfica,Passeio,BICICLETA,Sheffield estreito,3,6,Não,Público,Partilhado com Micromobilidade,,-1021014.6955615,4686027.2376956
14844,2086,"Rua Nova do Calhariz, 46",Ajuda,Passeio,HOTSPOT,Desconhecido,0,10,Não,Público,Dedicado Micromobilidade,17/04/2023,-1023867.3068835,4679068.7426225
14845,147,Avenida Frei Miguel Contreiras,Alvalade,Passeio,BICICLETA,Onda,1,5,Não,Público,Partilhado com Micromobilidade,,-1016586.6375393,4685366.7354728
14846,148,Metro Campo Grande,Lumiar,Passeio,BICICLETA,Sheffield estreito,6,12,Não,Público,Partilhado com Micromobilidade,,-1019450.0962916,4687419.6546332
14847,150,Rua Dr. Eduardo Neves,Avenidas Novas,Passeio,BICICLETA,Sheffield standard,5,10,Sim,Público,Partilhado com Micromobilidade,,-1018394.4401596,4685111.6735190
14848,151,Avenida da República,Avenidas Novas,Lugar estacionamento automóvel,BICICLETA,Sheffield standard,5,10,Sim,Público,Partilhado com Micromobilidade,,-1018313.5837065,4685152.3741252
14849,152,"Campo Grande, 27",Alvalade,Via,BICICLETA,Sheffield standard,4,8,Não,Público,Partilhado com Micromobilidade,,-1018574.6065348,4685892.5987111
14850,153,"Avenida Brasília, DGRM",Belém,Passeio,BICICLETA,Grelha,5,10,Não,Público,Partilhado com Micromobilidade,,-1026956.7080781,4678240.4353901
14851,154,Praça Afonso de Albuquerque,Belém,Passeio,BICICLETA,Entorta rodas,1,10,Não,Público,Partilhado com Micromobilidade,,-1024073.6281460,4678387.4038200
14852,155,Estrada de Montes Claros,Ajuda,Via,BICICLETA,Grelha,1,4,Não,Público,Partilhado com Micromobilidade,,-1024313.9139299,4681337.6474317
14853,156,Jardim Fernando Pessa,Areeiro,Passeio,BICICLETA,Onda,1,5,Não,Privado,Interdito Micromobilidade,,-1017246.3484820,4684977.4458619
14854,157,Avenida da Peregrinação,Parque das Nações,Passeio,BICICLETA,Cascata,1,6,Não,Público,Partilhado com Micromobilidade,,-1012531.6645283,4690530.3509830
14855,158,Avenida Aquilino Ribeiro Machado,Parque das Nações,Passeio,BICICLETA,Cascata,1,12,Sim,Público,Partilhado com Micromobilidade,,-1012894.9824309,4688596.6751657
14856,159,Avenida Aquilino Ribeiro Machado,Parque das Nações,Passeio,BICICLETA,Cascata,1,12,Sim,Público,Partilhado com Micromobilidade,,-1012922.6425904,4688596.5534890
14857,160,Avenida de Berlim,Parque das Nações,Passeio,BICICLETA,Cascata,1,12,Sim,Público,Partilhado com Micromobilidade,,-1012880.4686091,4688342.0421559
14858,161,Avenida de Berlim,Parque das Nações,Passeio,BICICLETA,Cascata,1,20,Sim,Público,Partilhado com Micromobilidade,,-1012910.7041643,4688344.4753935
14859,162,Avenida de Berlim,Parque das Nações,Passeio,BICICLETA,Cascata,1,12,Sim,Público,Partilhado com Micromobilidade,,-1012936.8137868,4688346.0042029
14860,163,Alameda dos Oceanos,Parque das Nações,Passeio,BICICLETA,Cascata,1,8,Não,Público,Partilhado com Micromobilidade,,-1012572.2216008,4688281.2530479
14861,164,Rua do Pólo Sul,Parque das Nações,Passeio,BICICLETA,Sheffield standard,7,14,Não,Público,Partilhado com Micromobilidade,,-1012675.1556149,4688047.2781692
14862,165,"Boqueirão do Duro, 46",Misericórdia,Lugar estacionamento automóvel,BICICLETA,Sheffield standard,5,10,Não,Público,Partilhado com Micromobilidade,,-1018737.9850289,4679999.6626107
14863,167,"Avenida Praia da Vitória, 35B",Arroios,Lugar estacionamento automóvel,BICICLETA,Sheffield standard,5,10,Não,Público,Partilhado com Micromobilidade,,-1017833.0214782,4683628.9374430
14864,168,Rua de Pascoal de Melo,Arroios,Via,BICICLETA,Sheffield standard,4,8,Não,Público,Partilhado com Micromobilidade,,-1017131.0769736,4683259.5910068
14865,169,"Avenida Praia da Vitória, 1B",Arroios,Lugar estacionamento automóvel,BICICLETA,Sheffield standard,5,10,Não,Público,Partilhado com Micromobilidade,,-1017643.2556987,4683664.0143536
14866,170,Passeio de Neptuno,Parque das Nações,Passeio,BICICLETA,Cascata,1,8,Não,Público,Partilhado com Micromobilidade,,-1012314.1102396,4686936.4273039
14867,171,Passeio de Neptuno,Parque das Nações,Passeio,BICICLETA,Cascata,1,8,Não,Público,Partilhado com Micromobilidade,,-1012336.2920375,4686806.8500337
14868,172,"Rua Gaivotas em Terra, Escola",Parque das Nações,Passeio,BICICLETA,Cascata,1,8,Não,Público,Partilhado com Micromobilidade,,-1012674.4811990,4686611.6802460
14869,175,Eixo Central,Lumiar,Passeio,BICICLETA,Onda,3,15,Não,Público,Partilhado com Micromobilidade,18/05/2013,-1018256.8742274,4689777.8332936
14870,176,Eixo Central,Lumiar,Passeio,BICICLETA,Onda,3,15,Não,Público,Partilhado com Micromobilidade,18/05/2013,-1018283.7255047,4689786.4205284
14871,177,Eixo Central,Lumiar,Passeio,BICICLETA,Onda,3,15,Não,Público,Partilhado com Micromobilidade,18/05/2013,-1018322.7007106,4689664.0402491
14872,178,Eixo Central,Lumiar,Passeio,BICICLETA,Onda,3,15,Não,Público,Partilhado com Micromobilidade,18/05/2013,-1018295.8497255,4689655.4532145
14873,179,Eixo Central,Lumiar,Passeio,BICICLETA,Onda,3,15,Não,Público,Partilhado com Micromobilidade,18/05/2013,-1018329.6472729,4689549.3301908
14874,180,Eixo Central,Lumiar,Passeio,BICICLETA,Onda,3,15,Não,Público,Partilhado com Micromobilidade,18/05/2013,-1018356.4980046,4689557.9170519
14875,181,Eixo Central,Lumiar,Passeio,BICICLETA,Onda,3,15,Não,Público,Partilhado com Micromobilidade,18/05/2013,-1018394.9289405,4689344.5466681
14876,182,Eixo Central,Lumiar,Passeio,BICICLETA,Onda,3,15,Não,Público,Partilhado com Micromobilidade,18/05/2013,-1018421.7791833,4689353.1331941
14877,383,"Avenida dos Defensores de Chaves, 23",Arroios,Lugar estacionamento automóvel,HOTSPOT,Sheffield standard,2,9,Não,Público,Partilhado com Micromobilidade,14/05/2019,-1017824.1905267,4683729.7512899
14878,384,"Avenida dos Defensores de Chaves, 12",Arroios,Lugar estacionamento automóvel,HOTSPOT,Sheffield standard,2,9,Não,Público,Partilhado com Micromobilidade,14/05/2019,-1017791.1830005,4683555.5701013
14879,385,"Avenida dos Defensores de Chaves, 45",Avenidas Novas,Lugar estacionamento automóvel,HOTSPOT,Sheffield standard,2,9,Não,Público,Partilhado com Micromobilidade,05/06/2019,-1017896.2031997,4684046.7834273
14880,387,Avenida dos Defensores de Chaves,Avenidas Novas,Lugar estacionamento automóvel,HOTSPOT,Sheffield standard,2,9,Não,Público,Partilhado com Micromobilidade,05/06/2019,-1017940.4446075,4684280.1873967
14881,388,"Avenida dos Defensores de Chaves, 42",Avenidas Novas,Lugar estacionamento automóvel,HOTSPOT,Sheffield standard,2,9,Não,Público,Partilhado com Micromobilidade,05/06/2019,-1017938.3052535,4684399.4350643
14882,389,"Rua Eiffel, 2A",Avenidas Novas,Lugar estacionamento automóvel,HOTSPOT,Sheffield standard,2,9,Não,Público,Partilhado com Micromobilidade,05/06/2019,-1017809.7493193,4684433.9616595
14883,390,"Rua de Dona Filipa de Vilhena, 12",Areeiro,Lugar estacionamento automóvel,HOTSPOT,Sheffield standard,2,9,Não,Público,Partilhado com Micromobilidade,05/06/2019,-1017669.6428149,4684037.7318561
14884,391,"Rua de Dona Filipa de Vilhena, 2B",Avenidas Novas,Lugar estacionamento automóvel,HOTSPOT,Sheffield standard,2,9,Não,Público,Partilhado com Micromobilidade,21/05/2019,-1017652.2501016,4683852.0297059
14885,394,"Avenida Duque d' Ávila, 72",Avenidas Novas,Lugar estacionamento automóvel,HOTSPOT,Sheffield standard,2,9,Não,Público,Partilhado com Micromobilidade,05/10/2019,-1018546.6489881,4683786.3429090
14886,183,Eixo Central,Lumiar,Passeio,BICICLETA,Onda,3,15,Não,Público,Partilhado com Micromobilidade,18/05/2013,-1018442.2385393,4689288.8055406
14887,184,"Calçada da Ajuda, 236",Ajuda,Passeio,BICICLETA,Sheffield standard,4,8,Não,Público,Partilhado com Micromobilidade,06/04/2018,-1024045.5650471,4679613.5003149
14888,185,"Passeio dos Heróis do Mar, 14",Parque das Nações,Passeio,BICICLETA,Cascata,1,8,Não,Público,Partilhado com Micromobilidade,,-1012372.9854428,4691001.5374084
14889,186,"Rua da Ilha dos Amores, 59",Parque das Nações,Passeio,BICICLETA,Cascata,1,12,Não,Público,Partilhado com Micromobilidade,,-1012470.4551453,4690567.6363385
14890,350,"Avenida António Augusto de Aguiar, 104",Avenidas Novas,Lugar estacionamento automóvel,HOTSPOT,Sheffield standard,2,9,Não,Público,Partilhado com Micromobilidade,14/05/2019,-1018807.1441934,4683408.1038196
14891,351,"Rua Tomás Ribeiro, 56",Avenidas Novas,Lugar estacionamento automóvel,HOTSPOT,Sheffield standard,2,9,Não,Público,Partilhado com Micromobilidade,14/05/2019,-1018627.8974104,4683387.5301742
14892,352,"Avenida Manuel da Maia, Universidade",Areeiro,Lugar estacionamento automóvel,HOTSPOT,Sheffield standard,2,9,Não,Público,Partilhado com Micromobilidade,05/02/2019,-1017108.6088777,4684081.4968559
14893,353,"Avenida Visconde de Valmor, 11",Avenidas Novas,Lugar estacionamento automóvel,HOTSPOT,Sheffield standard,2,9,Não,Público,Partilhado com Micromobilidade,05/06/2019,-1017895.2616426,4684298.3670365
14894,2050,"Avenida de Brasília, Museu",Belém,Lugar estacionamento automóvel,HOTSPOT,Sheffield standard,2,9,Não,Público,Partilhado com Micromobilidade,20/10/2022,-1025025.0949866,4677956.5687301
14895,355,"Campo Pequeno, 51",Areeiro,Lugar estacionamento automóvel,HOTSPOT,Sheffield standard,2,9,Não,Público,Partilhado com Micromobilidade,05/06/2019,-1017857.1164031,4684790.2500580
14896,356,"Praça da Ilha do Faial, 18",Arroios,Lugar estacionamento automóvel,HOTSPOT,Sheffield standard,2,9,Não,Público,Partilhado com Micromobilidade,19/05/2019,-1017554.3760228,4683404.0680220
14897,357,"Avenida João Crisóstomo, 12",Avenidas Novas,Lugar estacionamento automóvel,HOTSPOT,Sheffield standard,2,9,Não,Público,Partilhado com Micromobilidade,05/08/2019,-1017918.9738742,4683975.1070513
14898,358,"Avenida João Crisóstomo, 22A",Avenidas Novas,Lugar estacionamento automóvel,HOTSPOT,Sheffield standard,2,9,Não,Público,Partilhado com Micromobilidade,05/08/2019,-1018012.9442105,4683965.3582402
14899,359,"Rua Latino Coelho, 31",Avenidas Novas,Lugar estacionamento automóvel,HOTSPOT,Sheffield standard,2,9,Não,Público,Partilhado com Micromobilidade,05/10/2019,-1018398.6184653,4683412.9974399
14900,187,Passeio dos Heróis do Mar,Parque das Nações,Passeio,BICICLETA,Cascata,1,8,Não,Público,Partilhado com Micromobilidade,,-1012279.1403619,4690586.2775702
14901,188,"Passeio das Garças, 14",Parque das Nações,Passeio,BICICLETA,Sheffield standard,5,10,Não,Público,Partilhado com Micromobilidade,,-1012576.0250809,4690344.9061651
14902,189,Eixo Central,Lumiar,Passeio,BICICLETA,Onda,3,15,Não,Público,Partilhado com Micromobilidade,18/05/2013,-1018415.3885782,4689280.2191183
14903,190,Eixo Central,Lumiar,Passeio,BICICLETA,Onda,3,15,Não,Público,Partilhado com Micromobilidade,18/05/2013,-1018433.9607920,4689221.8250000
14904,191,Eixo Central,Lumiar,Passeio,BICICLETA,Onda,3,15,Não,Público,Partilhado com Micromobilidade,18/05/2013,-1018460.8107418,4689230.4113255
14905,192,Eixo Central,Lumiar,Passeio,BICICLETA,Onda,2,10,Não,Público,Partilhado com Micromobilidade,18/05/2013,-1018433.9701154,4688992.7615039
14906,193,Eixo Central,Lumiar,Passeio,BICICLETA,Onda,2,10,Não,Público,Partilhado com Micromobilidade,18/05/2013,-1018478.1245345,4688989.7079822
14907,197,Calçada dos Barbadinhos,São Vicente,,BICICLETA,Desconhecido,0,0,Não,Privado,Interdito Micromobilidade,,-1015300.6822119,4681477.7074625
14908,198,Rua Chen He,Parque das Nações,Passeio,BICICLETA,Cascata,1,8,Não,Público,Partilhado com Micromobilidade,,-1012208.0357699,4691258.8276126
14909,200,"Rua Duarte Pacheco Pereira, 11D",Belém,Passeio,BICICLETA,Grelha,1,5,Não,Público,Partilhado com Micromobilidade,,-1026169.1715535,4678596.1473405
14910,201,Praça do Império,Belém,Passeio,BICICLETA,Entorta rodas,1,6,Não,Privado,Interdito Micromobilidade,,-1026019.1326578,4677666.7512202
14911,202,Avenida da Torre de Belém,Belém,Passeio,BICICLETA,Entorta rodas,1,6,Não,Público,Partilhado com Micromobilidade,,-1025834.3828651,4678123.3487733
14912,203,Avenida Álvares Cabral,Campo de Ourique,Lugar estacionamento automóvel,BICICLETA,Sheffield standard,4,8,Não,Público,Partilhado com Micromobilidade,08/03/2018,-1019508.9885607,4681112.7097367
14913,204,"Rua João de Oliveira Miguens, 84",Estrela,Passeio,BICICLETA,Sheffield standard,3,6,Não,Público,Partilhado com Micromobilidade,,-1021221.0032547,4679659.3566573
14914,205,Largo do Chiado,Santa Maria Maior,Passeio,BICICLETA,Sheffield estreito,5,10,Não,Público,Partilhado com Micromobilidade,,-1017692.0686188,4680266.3933959
14915,206,"Passeio da Vila Expo, 2",Parque das Nações,Passeio,BICICLETA,Sheffield standard,5,10,Não,Público,Partilhado com Micromobilidade,,-1012461.2994591,4690285.7179719
14916,208,Alameda dos Oceanos,Parque das Nações,Passeio,BICICLETA,Sheffield standard,4,8,Não,Público,Partilhado com Micromobilidade,,-1012485.9825043,4689411.5162796
14917,209,"Rua Bartolomeu Dias, 82",Belém,Passeio,BICICLETA,Entorta rodas,1,6,Não,Público,Partilhado com Micromobilidade,,-1025359.1464269,4678210.1792675
14918,210,Largo dos Jerónimos,Belém,Passeio,BICICLETA,Entorta rodas,1,6,Não,Público,Partilhado com Micromobilidade,,-1024627.3589613,4678474.0542037
14919,211,"Rua Vieira Portuense, 92",Belém,Passeio,BICICLETA,Grelha,1,5,Não,Público,Interdito Micromobilidade,,-1024520.5966261,4678338.9123985
14920,212,"Rua dos Lusíadas, 13",Alcântara,Passeio,BICICLETA,Entorta rodas,1,5,Não,Público,Partilhado com Micromobilidade,,-1021808.5034224,4679568.9468355
14921,213,Estrada de Caselas,,,,Desconhecido,0,0,Não,,,,0.0000000,0.0000000
0,0,,,,,Desconhecido,0,0,Não,,,,0.0000000,0.0000000
14922,216,Alameda dos Oceanos,Parque das Nações,Passeio,BICICLETA,Entorta rodas,1,5,Não,Público,Partilhado com Micromobilidade,,-1012535.4190507,4689387.7163740
14923,217,Avenida D. João II,no exterior do Edifício G,Parque das Nações,Passeio,BICICLETA,0,1,Não,0,Público,DEPM,0.0000000,-1012662.8011064
14924,218,"Avenida D. João II, 43",Parque das Nações,Passeio,BICICLETA,Cascata,1,8,Não,Público,Partilhado com Micromobilidade,,-1012760.7833484,4689033.0450174
14925,219,"Alameda dos Oceanos, 2.14.01",Parque das Nações,Passeio,BICICLETA,Sheffield standard,5,10,Não,Público,Partilhado com Micromobilidade,,-1012493.5683165,4688824.3512430
14926,220,"Alameda dos Oceanos, 49",Parque das Nações,Passeio,BICICLETA,Sheffield standard,5,10,Não,Público,Partilhado com Micromobilidade,,-1012520.6708008,4688461.5300399
14927,221,"Alameda dos Oceanos, 49",Parque das Nações,Passeio,BICICLETA,Sheffield standard,5,10,Não,Público,Partilhado com Micromobilidade,,-1012524.3069849,4688397.8775876
14928,222,Alameda dos Oceanos,Parque das Nações,Passeio,BICICLETA,Cascata,1,12,Não,Público,Partilhado com Micromobilidade,,-1012571.6256579,4688402.0556070
14929,223,Alameda dos Oceanos,Parque das Nações,Passeio,BICICLETA,Cascata,1,12,Não,Público,Partilhado com Micromobilidade,,-1012565.0419406,4688485.1520764
14930,224,"Alameda dos Oceanos, 47",Parque das Nações,Passeio,BICICLETA,Entorta rodas,1,9,Não,Público,Partilhado com Micromobilidade,,-1012578.0514368,4688239.3385658
14931,225,Rossio dos Olivais,Parque das Nações,Passeio,BICICLETA,Cascata,1,8,Não,Público,Partilhado com Micromobilidade,,-1012152.9131279,4688416.6879106
14932,226,Jardim Garcia de Orta ao Parque das Nações,Parque das Nações,Passeio,BICICLETA,Sheffield standard,4,8,Não,Público,Partilhado com Micromobilidade,,-1012147.9949056,4688768.5783594
14933,228,"Alameda dos Oceanos, 2.11.01",Parque das Nações,Passeio,BICICLETA,Entorta rodas,2,10,Sim,Público,Partilhado com Micromobilidade,,-1012503.3934999,4687859.5480567
14934,229,"Alameda dos Oceanos, 2.11.01",Parque das Nações,Passeio,BICICLETA,Sheffield standard,3,6,Não,Público,Partilhado com Micromobilidade,,-1012548.4908482,4688011.3436614
14935,230,"Alameda dos Oceanos, 43B",Parque das Nações,Passeio,BICICLETA,Entorta rodas,1,5,Não,Público,Partilhado com Micromobilidade,,-1012598.6759183,4687888.7014280
14936,231,"Avenida do Mediterrâneo, 2",Parque das Nações,Passeio,BICICLETA,Cascata,1,12,Não,Público,Partilhado com Micromobilidade,,-1012614.5933821,4687783.1521515
14937,232,"Rua do Arco do Cego, 75",Avenidas Novas,Lugar estacionamento automóvel,BICICLETA,Onda,2,10,Não,Público,Partilhado com Micromobilidade,,-1017780.5477562,4684575.4626268
14938,233,"Avenida Elias Garcia, 1D",Avenidas Novas,Via,BICICLETA,Sheffield standard,3,6,Não,Público,Partilhado com Micromobilidade,08/11/2018,-1017769.9443664,4684458.4008408
14939,234,"Avenida Magalhães Lima, Escola",Areeiro,Passeio,BICICLETA,Sheffield estreito,5,10,Não,Público,Partilhado com Micromobilidade,,-1017488.5783029,4684424.7819855
14940,235,"Avenida Magalhães Lima, Escola",Areeiro,Passeio,BICICLETA,Entorta rodas,1,10,Não,Público,Partilhado com Micromobilidade,,-1017502.2246774,4684464.4275143
14941,236,"Avenida de Roma, 9",Areeiro,Passeio,BICICLETA,Sheffield estreito,3,6,Não,Público,Partilhado com Micromobilidade,,-1017304.5920000,4684920.8817978
14942,238,Rua Dom Jerónimo Osório,Belém,Passeio,BICICLETA,Sheffield estreito,6,12,Não,Público,Partilhado com Micromobilidade,,-1026853.0798118,4678636.5767468
14943,239,"Avenida de Brasília, 1",Belém,Via,BICICLETA,Sheffield standard,5,10,Não,Público,Partilhado com Micromobilidade,18/06/2018,-1026887.8914422,4678261.1380974
14944,240,"Avenida de Brasília, 2",Belém,Via,BICICLETA,Sheffield standard,5,10,Não,Público,Partilhado com Micromobilidade,17/06/2018,-1026240.0178272,4677869.1208252
14945,241,Avenida Frei Miguel Contreiras,Alvalade,Passeio,BICICLETA,Sheffield estreito,3,6,Não,Público,Partilhado com Micromobilidade,,-1017395.1105104,4685292.4091314
14946,242,"Rua João Saraiva, 1",Alvalade,Passeio,BICICLETA,Entorta rodas,1,5,Sim,Privado,Interdito Micromobilidade,,-1017554.6358942,4686922.6603250
14947,243,"Avenida de Roma, 7",Alvalade,Passeio,BICICLETA,Sheffield estreito,3,6,Não,Público,Partilhado com Micromobilidade,,-1017964.8720003,4686395.9058287
14948,244,Alameda da Universidade,Alvalade,Via,BICICLETA,Sheffield estreito,3,6,Não,Público,Partilhado com Micromobilidade,,-1019172.0952269,4686354.2511315
14949,245,Alameda da Universidade,Alvalade,Passeio,BICICLETA,Sheffield standard,5,10,Não,Público,Partilhado com Micromobilidade,,-1019338.8408307,4686277.9073627
14950,246,Alameda da Universidade,Alvalade,Passeio,BICICLETA,Sheffield standard,5,10,Não,Público,Partilhado com Micromobilidade,,-1019435.2655205,4686429.4374138
14951,247,Alameda da Universidade,Alvalade,Passeio,BICICLETA,Sheffield standard,5,10,Não,Privado,Interdito Micromobilidade,,-1019491.9758469,4686494.8100008
14952,248,"Calçada da Estação, Estação",Campolide,Passeio,BICICLETA,Sheffield estreito,5,10,Sim,Público,Partilhado com Micromobilidade,,-1020582.8764167,4683401.3291778
14953,249,Avenida de Brasília,Belém,Via,BICICLETA,Sheffield standard,4,8,Não,Público,Partilhado com Micromobilidade,28/01/2018,-1024839.2829837,4677995.5026137
14954,250,"Avenida da Índia, Museu",Belém,Passeio,BICICLETA,Grelha,3,6,Não,Privado,Interdito Micromobilidade,,-1023860.0754911,4678356.3647315
14955,251,"Avenida Álvares Cabral, 102",Campo de Ourique,Passeio,BICICLETA,Sheffield standard,3,6,Não,Público,Partilhado com Micromobilidade,16/11/2018,-1019428.8304587,4681250.6779321
14956,252,"Avenida Álvares Cabral, 44",Campo de Ourique,Via,BICICLETA,Sheffield standard,2,4,Não,Público,Partilhado com Micromobilidade,08/03/2018,-1019335.5227981,4681412.0750360
14957,253,Largo Duque do Cadaval,Santa Maria Maior,Passeio,BICICLETA,Sheffield estreito,5,10,Não,Público,Partilhado com Micromobilidade,,-1017533.4669439,4680787.1238291
14958,254,"Praça Afonso de Albuquerque, 3",Belém,Passeio,BICICLETA,Grelha,1,8,Não,Público,Partilhado com Micromobilidade,,-1024315.8105514,4678374.8865798
14959,255,Avenida de Brasília,Belém,Via,BICICLETA,Lisboa,14,28,Não,Público,Partilhado com Micromobilidade,,-1023397.4534407,4678268.4525664
14960,256,Jardim Guerra Junqueiro,Estrela,Passeio,BICICLETA,Sheffield estilizado,1,10,Não,Privado,Interdito Micromobilidade,,-1019565.8480639,4681020.7636660
14961,257,Praça do Duque de Saldanha,Avenidas Novas,Passeio,BICICLETA,Sheffield standard,2,4,Não,Público,Partilhado com Micromobilidade,30/11/2018,-1018073.8082075,4683582.2116763
14962,258,Praça do Duque de Saldanha,Avenidas Novas,Passeio,BICICLETA,Sheffield standard,2,4,Não,Público,Partilhado com Micromobilidade,30/11/2018,-1018072.8122916,4683577.2213492
14963,260,"Avenida Marquês de Tomar, 91",,,,Desconhecido,0,0,Não,,,,0.0000000,0.0000000
0,0,,,,,Desconhecido,0,0,Não,,,,0.0000000,0.0000000
14964,261,Rua Filipe da Mata,,,,Desconhecido,0,0,Não,,,,0.0000000,0.0000000
0,0,,,,,Desconhecido,0,0,Não,,,,0.0000000,0.0000000
14965,262,Rua Filipe da Mata,,,,Desconhecido,0,0,Não,,,,0.0000000,0.0000000
0,0,,,,,Desconhecido,0,0,Não,,,,0.0000000,0.0000000
14966,263,Rua Filipe da Mata,,,,Desconhecido,0,0,Não,,,,0.0000000,0.0000000
0,0,,,,,Desconhecido,0,0,Não,,,,0.0000000,0.0000000
14967,264,Rua Filipe da Mata,,,,Desconhecido,0,0,Não,,,,0.0000000,0.0000000
0,0,,,,,Desconhecido,0,0,Não,,,,0.0000000,0.0000000
14968,265,Rua Portugal Durão,,,,Desconhecido,0,0,Não,,,,0.0000000,0.0000000
0,0,,,,,Desconhecido,0,0,Não,,,,0.0000000,0.0000000
14969,266,Rua Cardeal Mercier,,,,Desconhecido,0,0,Não,,,,0.0000000,0.0000000
0,0,,,,,Desconhecido,0,0,Não,,,,0.0000000,0.0000000
14970,267,Rua Cardeal Mercier,,,,Desconhecido,0,0,Não,,,,0.0000000,0.0000000
0,0,,,,,Desconhecido,0,0,Não,,,,0.0000000,0.0000000
14971,268,Rua Carlos Reis,,,,Desconhecido,0,0,Não,,,,0.0000000,0.0000000
0,0,,,,,Desconhecido,0,0,Não,,,,0.0000000,0.0000000
14972,270,Calçada da Tapada,no triângulo em frente à farmácia,Alcântara,Passeio,BICICLETA,0,3,Não,0,Público,Junta Freguesia,91.0000000,-1022465.3914820
14973,2087,"Travessa de Dom Vasco, 32B",Ajuda,Passeio,HOTSPOT,Desconhecido,0,10,Não,Público,Dedicado Micromobilidade,17/04/2023,-1023858.4160735,4679180.1869184
14974,271,Rua Jau,Alcântara,Passeio,BICICLETA,Sheffield standard,4,8,Não,Público,Partilhado com Micromobilidade,17/12/2018,-1022466.0570736,4679416.3621176
14975,272,"Praça das Indústrias, Centro de Congressos",Alcântara,Passeio,HOTSPOT,Sheffield standard,2,9,Não,Público,Partilhado com Micromobilidade,20/02/2019,-1022287.2041488,4678584.1257467
14976,273,"Rua da Cozinha Económica, 30K",Alcântara,Passeio,BICICLETA,Sheffield standard,3,6,Não,Público,Partilhado com Micromobilidade,18/01/2019,-1021492.6633899,4679388.8013111
14977,274,"Rua da Cozinha Económica, 30K",Alcântara,Passeio,BICICLETA,Sheffield standard,2,4,Não,Público,Partilhado com Micromobilidade,18/01/2019,-1021487.0459123,4679381.0472726
14978,275,"Avenida Almirante Reis, 3B",Arroios,Passeio,BICICLETA,Sheffield standard,2,4,Não,Público,Partilhado com Micromobilidade,01/07/2019,-1016967.7817874,4681741.6143368
14979,276,"Avenida Almirante Reis, 18",Arroios,Passeio,BICICLETA,Sheffield standard,2,4,Não,Público,Partilhado com Micromobilidade,01/07/2019,-1016935.3245305,4681922.6030205
14980,277,"Avenida Almirante Reis, 20",Arroios,Passeio,BICICLETA,Sheffield standard,2,4,Não,Público,Partilhado com Micromobilidade,01/07/2019,-1016928.9524386,4681976.8538203
14981,278,"Avenida Almirante Reis, 25",Arroios,Passeio,BICICLETA,Sheffield standard,3,6,Não,Público,Partilhado com Micromobilidade,01/07/2019,-1016951.2034097,4681981.9360099
14982,279,"Rua da Palma, 159",Santa Maria Maior,Passeio,BICICLETA,Sheffield standard,2,4,Não,Público,Partilhado com Micromobilidade,01/08/2019,-1017004.3123131,4681274.7334570
14983,280,"Travessa Cidadão João Gonçalves, 20",Arroios,Via,BICICLETA,Sheffield standard,2,4,Não,Público,Partilhado com Micromobilidade,01/09/2019,-1016930.5941901,4681835.9604389
14984,281,"Avenida Almirante Reis, 17",Arroios,Lugar estacionamento automóvel,BICICLETA,Sheffield standard,3,6,Não,Público,Partilhado com Micromobilidade,,-1016954.5123168,4681892.1384732
14985,282,Rua Julieta Ferrão,,,,Desconhecido,0,0,Não,,,,0.0000000,0.0000000
0,0,,,,,Desconhecido,0,0,Não,,,,0.0000000,0.0000000
14986,283,"Avenida Guerra Junqueiro, 23",Areeiro,Via,BICICLETA,Sheffield standard,2,4,Não,Público,Partilhado com Micromobilidade,04/10/2018,-1017062.6774797,4684447.2647991
14987,284,"Avenida de Roma, 26",Areeiro,Passeio,BICICLETA,Sheffield estreito,3,6,Não,Público,Partilhado com Micromobilidade,,-1017329.2453311,4685170.3413739
14988,285,Avenida Frei Miguel Contreiras,Alvalade,Passeio,BICICLETA,Sheffield standard,5,10,Não,Público,Partilhado com Micromobilidade,,-1017377.5849016,4685275.5519527
14989,286,Campus de Campolide,Campolide,Passeio,BICICLETA,Sheffield standard,2,4,Não,Público,Partilhado com Micromobilidade,,-1019733.1864785,4683723.8677456
14990,287,"Rua C do Bairro da Liberdade, 70",Campolide,Passeio,BICICLETA,Lisboa,2,4,Não,Público,Partilhado com Micromobilidade,,-1020784.3125793,4683779.0732780
14991,288,Rua B do Bairro da Liberdade,Campolide,Passeio,BICICLETA,Lisboa,4,8,Não,Público,Partilhado com Micromobilidade,,-1020733.8533863,4683702.1009980
14992,289,Azinhaga dos Ulmeiros,Lumiar,Passeio,BICICLETA,Entorta rodas,1,6,Não,Público,Partilhado com Micromobilidade,,-1021171.9152316,4688605.2725214
14993,290,Rua Rodriges Cabrilho,,,,Desconhecido,0,0,Não,,,,0.0000000,0.0000000
0,0,,,,,Desconhecido,0,0,Não,,,,0.0000000,0.0000000
14994,291,Rua Prof. Mário Chicó,Lumiar,Passeio,BICICLETA,Onda,1,5,Não,Público,Partilhado com Micromobilidade,,-1020656.5309362,4687598.7304643
14995,292,Estrada de Telheiras,Biblioteca Orlando Ribeiro,Lumiar,Passeio,BICICLETA,0,1,Não,0,Público,DEPM,0.0000000,-1020719.4206778
14996,293,Praça Ginásio Clube Português,Campo de Ourique,Passeio,BICICLETA,Cascata,2,10,Não,Público,Partilhado com Micromobilidade,,-1019310.1833917,4681866.1370686
14997,295,Avenida 24 de Julho,Estrela,Passeio,BICICLETA,Sheffield standard,5,10,Não,Público,Interdito Micromobilidade,,-1019118.1792564,4679687.8990311
14998,296,Avenida da Índia,Estrela,Passeio,BICICLETA,Sheffield standard,4,8,Não,Público,Interdito Micromobilidade,,-1021233.3246843,4679147.8926580
14999,297,Alameda Padre Álvaro Proença,Benfica,Passeio,BICICLETA,Sheffield standard,3,6,Não,Público,Partilhado com Micromobilidade,24/11/2018,-1024528.1030557,4685805.4774279
15000,298,"Rua Amélia Rey Colaço, 7",,,,Desconhecido,0,0,Não,,,,0.0000000,0.0000000
0,0,,,,,Desconhecido,0,0,Não,,,,0.0000000,0.0000000
15001,299,Rua Jorge Barradas,,,,Desconhecido,0,0,Não,,,,0.0000000,0.0000000
0,0,,,,,Desconhecido,0,0,Não,,,,0.0000000,0.0000000
15002,300,Rua João Ortigão Ramos,Benfica,Passeio,BICICLETA,Sheffield standard,3,6,Não,Público,Partilhado com Micromobilidade,23/11/2018,-1024331.5548087,4686904.0983003
15003,301,Rua da Quinta do Charquinho,,,,Desconhecido,0,0,Não,,,,0.0000000,0.0000000
0,0,,,,,Desconhecido,0,0,Não,,,,0.0000000,0.0000000
15004,302,Rua Jorge de Sena,,,,Desconhecido,0,0,Não,,,,0.0000000,0.0000000
0,0,,,,,Desconhecido,0,0,Não,,,,0.0000000,0.0000000
15005,303,Azinhaga da Cidade,,,,Desconhecido,0,0,Não,,,,0.0000000,0.0000000
0,0,,,,,Desconhecido,0,0,Não,,,,0.0000000,0.0000000
15006,304,Avenida Sérgio Vieira de Mello,,,,Desconhecido,0,0,Não,,,,0.0000000,0.0000000
0,0,,,,,Desconhecido,0,0,Não,,,,0.0000000,0.0000000
15007,305,Estrada Militar,Santa Clara,Passeio,BICICLETA,Sheffield standard,5,10,Não,Público,Partilhado com Micromobilidade,29/11/2018,-1018620.7129892,4691664.1451258
15008,306,Campo das Amoreiras,,,,Desconhecido,0,0,Não,,,,0.0000000,0.0000000
0,0,,,,,Desconhecido,0,0,Não,,,,0.0000000,0.0000000
15009,307,Campo das Cebolas,,,,Desconhecido,0,0,Não,,,,0.0000000,0.0000000
0,0,,,,,Desconhecido,0,0,Não,,,,0.0000000,0.0000000
15010,308,"Rua Jau, 61",Alcântara,Passeio,BICICLETA,Sheffield standard,7,14,Não,Privado,Interdito Micromobilidade,13/12/2018,-1022825.3650879,4679089.1033295
15011,310,"Rua Latino Coelho, 24",Avenidas Novas,Lugar estacionamento automóvel,BICICLETA,Sheffield standard,2,4,Não,Público,Partilhado com Micromobilidade,08/11/2018,-1018573.8106759,4683513.0825248
15012,311,"Rua Damião de Gois, 3D",Belém,Via,HOTSPOT,Sheffield standard,4,13,Não,Público,Partilhado com Micromobilidade,20/02/2019,-1026959.6904703,4678525.9393972
15013,312,"Praça das Indústrias, Centro de Congressos",Alcântara,Passeio,BICICLETA,Sheffield standard,6,12,Não,Público,Partilhado com Micromobilidade,29/01/2019,-1022312.9631649,4678696.6493752
15014,313,"Rua Martens Ferrão, 11",Avenidas Novas,Passeio,BICICLETA,Sheffield standard,9,18,Não,Público,Partilhado com Micromobilidade,,-1018416.2483234,4682978.0751745
15015,2538,Avenida Infante Dom Henrique,São Vicente,Passeio,HOTSPOT,Desconhecido,0,20,Não,Público,Dedicado Micromobilidade,29/11/2024,-1015519.9544543,4680687.8930501
15016,314,"Rua Viriato, 12",Avenidas Novas,Passeio,BICICLETA,Sheffield standard,5,10,Não,Público,Partilhado com Micromobilidade,,-1018358.9108908,4683122.5742516
15017,315,"Rua Viriato, 13H",Avenidas Novas,Passeio,BICICLETA,Sheffield standard,4,8,Não,Público,Partilhado com Micromobilidade,,-1018362.7431818,4683147.5286961
15018,316,"Rua Viriato, 24",Avenidas Novas,Passeio,BICICLETA,Sheffield standard,4,8,Não,Público,Partilhado com Micromobilidade,,-1018324.3992043,4683217.8463616
15019,317,"Rua Viriato, 29A",Avenidas Novas,Passeio,BICICLETA,Sheffield standard,4,8,Não,Público,Partilhado com Micromobilidade,,-1018267.8159377,4683338.8727339
15020,318,Rua Viriato,Avenidas Novas,Passeio,BICICLETA,Sheffield standard,5,10,Não,Público,Partilhado com Micromobilidade,,-1018229.1530096,4683472.4549253
15021,319,"Praça do Marquês de Pombal, 12",Santo António,Passeio,HOTSPOT,Sheffield standard,4,13,Não,Público,Partilhado com Micromobilidade,16/03/2019,-1018506.6855812,4682476.5337674
15022,320,Praça do Marquês de Pombal,Santo António,Passeio,HOTSPOT,Sheffield standard,2,9,Não,Público,Partilhado com Micromobilidade,16/03/2019,-1018486.8931114,4682388.3027626
15023,321,"Rua de Diogo Cão, 20",Alcântara,Passeio,BICICLETA,Sheffield standard,3,6,Não,Público,Partilhado com Micromobilidade,29/01/2019,-1023150.7239691,4679115.5167876
15024,322,Avenida de Brasília,Belém,Via,HOTSPOT,Sheffield standard,4,13,Não,Público,Partilhado com Micromobilidade,28/01/2018,-1024849.2426756,4677863.1579933
15025,323,"Rua Fernão Lopes, 1",Arroios,Lugar estacionamento automóvel,HOTSPOT,Sheffield standard,2,4,Não,Público,Partilhado com Micromobilidade,21/05/2019,-1017880.9889036,4683471.0554990
15026,324,"Rua Chaby Pinheiro, 21",Avenidas Novas,Lugar estacionamento automóvel,HOTSPOT,Sheffield standard,2,9,Não,Público,Partilhado com Micromobilidade,05/06/2019,-1018142.4352113,4685138.7580701
15027,325,"Rua de Entrecampos, 1",Avenidas Novas,Lugar estacionamento automóvel,HOTSPOT,Sheffield standard,2,9,Não,Público,Partilhado com Micromobilidade,05/06/2019,-1017989.6065964,4685050.1211530
15028,326,"Rua Sousa Martins, 1A",Arroios,Lugar estacionamento automóvel,HOTSPOT,Sheffield standard,2,9,Não,Público,Partilhado com Micromobilidade,19/05/2019,-1018210.3231795,4682817.5870567
15029,328,"Avenida dos Defensores de Chaves, 33 C",Avenidas Novas,Lugar estacionamento automóvel,HOTSPOT,Sheffield standard,2,9,Não,Público,Partilhado com Micromobilidade,14/05/2019,-1017852.0845487,4683878.7253886
15030,329,"Rua de Santa Marta, 80",Santo António,Lugar estacionamento automóvel,HOTSPOT,Sheffield standard,2,9,Não,Público,Partilhado com Micromobilidade,19/05/2019,-1018256.8141822,4682539.2781552
15031,330,"Rua Filipe Folque, 24A",Avenidas Novas,Lugar estacionamento automóvel,HOTSPOT,Sheffield standard,2,9,Não,Público,Partilhado com Micromobilidade,05/10/2019,-1018486.0299286,4683436.0512145
15032,2088,Calçada da Ajuda,Ajuda,Passeio,HOTSPOT,Desconhecido,0,10,Não,Público,Dedicado Micromobilidade,17/04/2023,-1024015.7065477,4679748.7940094
15033,331,"Rua Filipe Folque, 1",Avenidas Novas,Lugar estacionamento automóvel,HOTSPOT,Sheffield standard,2,9,Não,Público,Partilhado com Micromobilidade,14/05/2019,-1018640.9957480,4683192.2798074
15034,332,"Avenida António Augusto de Aguiar, 3",Avenidas Novas,Lugar estacionamento automóvel,HOTSPOT,Sheffield standard,2,9,Não,Público,Partilhado com Micromobilidade,21/05/2019,-1018458.8487424,4682830.4956252
15035,333,"Rua Camilo Castelo Branco, 43",Santo António,Lugar estacionamento automóvel,HOTSPOT,Sheffield standard,2,9,Não,Público,Partilhado com Micromobilidade,19/05/2019,-1018401.9264023,4682490.4337565
15036,334,Largo de Andaluz,Arroios,Lugar estacionamento automóvel,HOTSPOT,Sheffield standard,2,9,Não,Público,Partilhado com Micromobilidade,19/05/2019,-1018314.2466336,4682809.5256412
15037,335,"Praça José Fontana, 4",Arroios,Lugar estacionamento automóvel,BICICLETA,Sheffield standard,2,4,Não,Público,Partilhado com Micromobilidade,06/01/2022,-1017887.2935266,4682985.1107187
15038,658,Avenida Aquilino Ribeiro Machado,Parque das Nações,Passeio,BICICLETA,Cascata,1,12,Sim,Público,Partilhado com Micromobilidade,,-1012862.4815329,4688596.9910802
15039,659,Praça de Dom Luís I,Misericórdia,Passeio,BICICLETA,Sheffield standard,4,8,Não,Público,Partilhado com Micromobilidade,15/02/2019,-1018168.0099047,4679833.3770338
15040,661,"Regueirão dos Anjos, 71",Arroios,Via,BICICLETA,Sheffield standard,4,8,Não,Público,Partilhado com Micromobilidade,,-1017010.0597468,4682583.2894054
15041,662,Regueirão dos Anjos,Arroios,Via,BICICLETA,Sheffield standard,3,6,Não,Público,Partilhado com Micromobilidade,,-1017005.9159697,4682608.4572602
15042,663,"Calçada de Arroios, 71",Arroios,Passeio,BICICLETA,Sheffield standard,4,8,Não,Público,Partilhado com Micromobilidade,,-1017357.4600223,4683714.7523959
15043,664,Miradouro do Monte Agudo,Arroios,Passeio,BICICLETA,Sheffield standard,3,6,Não,Privado,Interdito Micromobilidade,,-1016498.7785781,4682570.3414986
15044,2282,"Avenida Infante Santo, 25D",Estrela,Passeio,HOTSPOT,Desconhecido,0,10,Não,Público,Dedicado Micromobilidade,10/11/2023,-1020534.8979116,4679836.1324138
15045,2283,"Avenida Infante Santo, 46",Estrela,Passeio,HOTSPOT,Desconhecido,0,10,Não,Público,Dedicado Micromobilidade,10/11/2023,-1020497.7498646,4679813.7583861
15046,608,Rua da Cintura do Porto de Lisboa,Misericórdia,Passeio,BICICLETA,Sheffield standard,5,10,Não,Público,Partilhado com Micromobilidade,15/04/2019,-1017953.4116026,4679576.3280398
15047,669,"Campus de Campolide, Reitoria",Campolide,Passeio,BICICLETA,Sheffield standard,6,12,Não,Privado,Interdito Micromobilidade,,-1019717.9312305,4683641.9805302
15048,670,Campus de Campolide,Campolide,Passeio,BICICLETA,Sheffield standard,15,30,Não,Privado,Interdito Micromobilidade,,-1019671.9002446,4683511.9308027
15049,671,Campus de Campolide,Campolide,Passeio,BICICLETA,Sheffield standard,22,44,Não,Privado,Interdito Micromobilidade,,-1019712.4657067,4683410.8186823
15050,672,"Campus de Campolide, Anfiteatro",Campolide,Passeio,BICICLETA,Sheffield standard,12,24,Não,Privado,Interdito Micromobilidade,,-1019672.9835287,4683435.2515026
15051,705,"Rua Capitão-Mor Pedro Teixeira, Escola",Belém,Passeio,BICICLETA,Sheffield standard,4,8,Não,Privado,Interdito Micromobilidade,18/12/2019,-1024914.5796591,4679854.7312748
15052,706,"Praça Afonso de Albuquerque, 1",Belém,Passeio,HOTSPOT,Sheffield standard,2,9,Não,Público,Partilhado com Micromobilidade,06/08/2019,-1024311.6423590,4678356.7816844
15053,707,Praça Afonso de Albuquerque,Belém,Passeio,HOTSPOT,Sheffield standard,2,9,Não,Público,Partilhado com Micromobilidade,20/12/2019,-1024308.9526061,4678337.4884023
15054,708,"Rua Dom Francisco Manuel de Melo, 21A",Avenidas Novas,Lugar estacionamento automóvel,BICICLETA,Sheffield estreito,5,10,Não,Público,Partilhado com Micromobilidade,,-1019568.4389100,4682823.4241733
15055,709,Doca de Santo Amaro,Alcântara,Passeio,HOTSPOT,Sheffield standard,4,13,Não,Público,Partilhado com Micromobilidade,27/12/2019,-1021397.0401795,4678818.3859429
15056,711,"Avenida Rovisco Pais, 16",Arroios,Lugar estacionamento automóvel,HOTSPOT,Sheffield standard,2,9,Não,Público,Partilhado com Micromobilidade,20/05/2019,-1017314.9248142,4683826.5142743
15057,837,"Campo dos Mártires da Pátria, 57",Arroios,Lugar estacionamento automóvel,HOTSPOT,Sheffield standard,2,9,Não,Público,Partilhado com Micromobilidade,25/06/2020,-1017522.1525771,4682013.4842865
15058,838,"Rua de São Paulo, 94",Misericórdia,Lugar estacionamento automóvel,HOTSPOT,Sheffield standard,2,9,Não,Público,Partilhado com Micromobilidade,07/01/2021,-1017969.0157827,4679910.9877211
15059,839,"Rua de São Paulo, 90",Misericórdia,Lugar estacionamento automóvel,HOTSPOT,Sheffield standard,3,11,Não,Público,Partilhado com Micromobilidade,07/01/2021,-1017962.6278765,4679908.2899715
15060,840,"Rua de São Paulo, 110",Misericórdia,Lugar estacionamento automóvel,HOTSPOT,Sheffield standard,4,13,Não,Público,Partilhado com Micromobilidade,07/01/2021,-1018001.4748173,4679924.6506889
15061,841,"Rua de São Paulo, 112",Misericórdia,Lugar estacionamento automóvel,HOTSPOT,Sheffield standard,4,13,Não,Público,Partilhado com Micromobilidade,07/01/2021,-1018007.9739917,4679927.3633754
15062,842,"Rua de São Paulo, 134",Misericórdia,Lugar estacionamento automóvel,HOTSPOT,Sheffield standard,7,19,Não,Público,Partilhado com Micromobilidade,07/01/2021,-1018043.0207978,4679942.1877171
15063,843,"Travessa do Carvalho, 14",Misericórdia,Lugar estacionamento automóvel,BICICLETA,Sheffield standard,4,8,Não,Público,Interdito Micromobilidade,07/01/2021,-1018121.9608645,4679958.1789954
15064,844,"Calçada da Tapada, 7",Alcântara,Via,BICICLETA,Sheffield standard,6,12,Não,Público,Partilhado com Micromobilidade,04/01/2020,-1021480.8231820,4679733.4193319
15065,845,"Rua Maria Amália Vaz de Carvalho, Escola",Alvalade,Passeio,BICICLETA,Entorta rodas,1,20,Não,Privado,Interdito Micromobilidade,,-1017667.5810866,4686119.3269645
15066,846,"Rua Maria Amália Vaz de Carvalho, Escola",Alvalade,Passeio,BICICLETA,Entorta rodas,1,20,Não,Privado,Interdito Micromobilidade,,-1017641.7992350,4686117.1934273
15067,847,"Rua Luíz Pacheco, Lote 101",Marvila,Passeio,BICICLETA,Onda,1,5,Não,Público,Partilhado com Micromobilidade,,-1014431.4536053,4686405.8891877
15068,848,"Rua Luíz Pacheco, Lote 101",Marvila,Passeio,BICICLETA,Onda,1,5,Não,Público,Partilhado com Micromobilidade,,-1014435.3894844,4686405.2667184
15069,849,"Rua Luíz Pacheco, Lote 101",Marvila,Passeio,BICICLETA,Onda,1,5,Não,Público,Partilhado com Micromobilidade,,-1014439.6718665,4686404.4741371
15070,850,"Rua Luíz Pacheco, Lote 101",Marvila,Passeio,BICICLETA,Onda,1,5,Não,Público,Partilhado com Micromobilidade,,-1014444.5437796,4686403.8093285
15071,336,"Rua Actor Taborda, 55",Arroios,Lugar estacionamento automóvel,HOTSPOT,Sheffield standard,2,9,Não,Público,Partilhado com Micromobilidade,19/05/2019,-1017929.4410753,4683314.3024647
15072,337,"Rua Almirante Barroso, 32A",Arroios,Lugar estacionamento automóvel,HOTSPOT,Sheffield standard,4,12,Não,Público,Partilhado com Micromobilidade,19/05/2019,-1017724.1598486,4683271.8222469
15073,338,"Avenida Casal Ribeiro, 28",Arroios,Lugar estacionamento automóvel,HOTSPOT,Sheffield standard,2,9,Não,Público,Partilhado com Micromobilidade,19/05/2019,-1017726.5575292,4683412.6992044
15074,339,"Rua de Dona Estefânia, 165",Arroios,Lugar estacionamento automóvel,HOTSPOT,Sheffield standard,2,9,Não,Público,Partilhado com Micromobilidade,21/05/2019,-1017597.9034876,4683516.6539068
15075,340,"Rua Alves Redol, 13A",Areeiro,Lugar estacionamento automóvel,HOTSPOT,Sheffield standard,2,9,Não,Público,Partilhado com Micromobilidade,05/06/2019,-1017532.1310048,4684068.5964524
15076,341,"Avenida Miguel Bombarda, 1A",Avenidas Novas,Lugar estacionamento automóvel,HOTSPOT,Sheffield standard,2,9,Não,Público,Partilhado com Micromobilidade,05/06/2019,-1017936.7229168,4684124.5480128
15077,342,"Avenida António José Almeida, 5D",Areeiro,Lugar estacionamento automóvel,HOTSPOT,Sheffield standard,2,9,Não,Público,Partilhado com Micromobilidade,05/08/2019,-1017626.4215136,4684182.2764581
15078,343,Rua do Arco do Cego,Avenidas Novas,Lugar estacionamento automóvel,HOTSPOT,Sheffield standard,2,9,Não,Público,Partilhado com Micromobilidade,05/06/2019,-1017699.7775488,4684407.7296857
15079,344,"Avenida Elias Garcia, 48E",Avenidas Novas,Lugar estacionamento automóvel,HOTSPOT,Sheffield standard,2,9,Não,Público,Partilhado com Micromobilidade,05/06/2019,-1017932.3714909,4684450.9086542
15080,345,"Campo Pequeno, 36",Areeiro,Lugar estacionamento automóvel,HOTSPOT,Sheffield standard,2,9,Não,Público,Partilhado com Micromobilidade,14/05/2019,-1017935.7216389,4684970.9300983
15081,346,"Avenida Miguel Bombarda, 167",Avenidas Novas,Lugar estacionamento automóvel,HOTSPOT,Sheffield standard,2,9,Não,Público,Partilhado com Micromobilidade,05/10/2019,-1018808.7570828,4683957.5254955
15082,347,"Avenida Miguel Bombarda, 123",Avenidas Novas,Lugar estacionamento automóvel,HOTSPOT,Sheffield standard,2,9,Não,Público,Partilhado com Micromobilidade,05/07/2019,-1018628.3543961,4683991.6205395
15083,348,"Avenida António Augusto de Aguiar, 130A",Avenidas Novas,Lugar estacionamento automóvel,HOTSPOT,Sheffield standard,2,9,Não,Público,Partilhado com Micromobilidade,20/05/2019,-1018949.2522987,4683621.3228556
15084,360,"Rua Pedro Nunes, 26",Avenidas Novas,Lugar estacionamento automóvel,HOTSPOT,Sheffield standard,2,9,Não,Público,Partilhado com Micromobilidade,05/08/2019,-1018293.8091133,4683548.3485753
15085,361,"Rua Filipe Folque, 40",Avenidas Novas,Lugar estacionamento automóvel,HOTSPOT,Sheffield standard,2,9,Não,Público,Partilhado com Micromobilidade,05/10/2019,-1018366.7257653,4683705.1974813
15086,362,"Avenida António Augusto de Aguiar, 100",Avenidas Novas,Lugar estacionamento automóvel,HOTSPOT,Sheffield standard,2,9,Não,Público,Partilhado com Micromobilidade,14/05/2019,-1018778.2101277,4683365.5612999
15087,365,"Rua Pinheiro Chagas, 2",Avenidas Novas,Lugar estacionamento automóvel,HOTSPOT,Sheffield standard,2,9,Não,Público,Partilhado com Micromobilidade,19/05/2019,-1018120.2088436,4683441.9139972
15088,366,"Avenida João Crisóstomo, 75A",Avenidas Novas,Lugar estacionamento automóvel,HOTSPOT,Sheffield standard,2,9,Não,Público,Partilhado com Micromobilidade,05/07/2019,-1018696.9905461,4683877.7255351
15089,367,"Avenida João Crisóstomo, Casa da Moeda",Avenidas Novas,Lugar estacionamento automóvel,HOTSPOT,Sheffield standard,2,9,Não,Público,Partilhado com Micromobilidade,05/08/2019,-1017838.1961630,4683987.2662556
15090,368,"Avenida 5 de Outubro, 12E/F",Avenidas Novas,Lugar estacionamento automóvel,HOTSPOT,Sheffield standard,2,9,Não,Público,Partilhado com Micromobilidade,05/10/2019,-1018211.8030604,4683541.0968724
15091,369,"Rua Sousa Martins, 21",Arroios,Lugar estacionamento automóvel,HOTSPOT,Sheffield standard,2,9,Não,Público,Partilhado com Micromobilidade,19/05/2019,-1018089.8852946,4683070.3450254
15092,370,"Praça José Fontana, 26B",Arroios,Lugar estacionamento automóvel,HOTSPOT,Sheffield standard,2,9,Não,Público,Partilhado com Micromobilidade,15/05/2019,-1018019.5670894,4683101.3745821
15093,371,"Rua Gonçalves Crespo, 49",Arroios,Lugar estacionamento automóvel,HOTSPOT,Sheffield standard,2,9,Não,Público,Partilhado com Micromobilidade,19/05/2019,-1017911.6851809,4682841.2615452
15094,372,"Rua Ferreira Lapa, 52",Arroios,Lugar estacionamento automóvel,HOTSPOT,Sheffield standard,2,9,Não,Público,Partilhado com Micromobilidade,20/05/2019,-1017988.8684358,4682802.1606719
15095,373,"Rua de São Sebastião da Pedreira, 51",Avenidas Novas,Lugar estacionamento automóvel,HOTSPOT,Sheffield standard,2,9,Não,Público,Partilhado com Micromobilidade,21/05/2019,-1018525.5517251,4683107.8314216
15096,374,"Rua Bernardo Lima, 66",Santo António,Lugar estacionamento automóvel,HOTSPOT,Sheffield standard,2,9,Não,Público,Partilhado com Micromobilidade,20/05/2019,-1018056.0502980,4682733.0015062
15097,375,"Rua Eça de Queiroz, 11",Santo António,Lugar estacionamento automóvel,HOTSPOT,Sheffield standard,2,9,Não,Público,Partilhado com Micromobilidade,21/05/2019,-1018335.2234105,4682560.1284633
15098,376,"Largo de Andaluz, 16",Santo António,Lugar estacionamento automóvel,HOTSPOT,Sheffield standard,2,9,Não,Público,Partilhado com Micromobilidade,19/05/2019,-1018323.3265730,4682721.3743433
15099,377,"Rua Camilo Castelo Branco, 28",Santo António,Lugar estacionamento automóvel,HOTSPOT,Sheffield standard,2,9,Não,Público,Partilhado com Micromobilidade,19/05/2019,-1018356.0480574,4682438.7117187
15100,378,"Rua Sousa Martins, 10",Arroios,Lugar estacionamento automóvel,HOTSPOT,Sheffield standard,2,9,Não,Público,Partilhado com Micromobilidade,19/05/2019,-1018159.1961863,4682894.8387264
15101,379,"Rua Engenheiro Vieira da Silva, 3D",Arroios,Lugar estacionamento automóvel,HOTSPOT,Sheffield standard,2,9,Não,Público,Partilhado com Micromobilidade,19/05/2019,-1018027.2527936,4683404.3665144
15102,380,"Avenida dos Defensores de Chaves, 1A",Arroios,Lugar estacionamento automóvel,HOTSPOT,Sheffield standard,2,9,Não,Público,Partilhado com Micromobilidade,05/10/2019,-1017789.4524545,4683481.1101170
15103,381,"Avenida da República, 14",Avenidas Novas,Lugar estacionamento automóvel,HOTSPOT,Sheffield standard,2,9,Não,Público,Partilhado com Micromobilidade,05/08/2019,-1018031.3970861,4683882.0386413
15104,382,"Avenida da República, 8",Arroios,Lugar estacionamento automóvel,HOTSPOT,Sheffield standard,2,9,Não,Público,Partilhado com Micromobilidade,25/05/2019,-1018011.7157501,4683779.1737423
15105,395,"Avenida João Crisóstomo, 45",Avenidas Novas,Lugar estacionamento automóvel,HOTSPOT,Sheffield standard,2,9,Não,Público,Partilhado com Micromobilidade,05/10/2019,-1018430.2693788,4683906.8285824
15106,399,"Avenida Praia da Vitória, 57",Arroios,Lugar estacionamento automóvel,HOTSPOT,Sheffield standard,2,9,Não,Público,Partilhado com Micromobilidade,14/05/2019,-1017887.8677237,4683627.6923219
15107,400,"Avenida Casal Ribeiro, 56A",Arroios,Lugar estacionamento automóvel,HOTSPOT,Sheffield standard,2,9,Não,Público,Partilhado com Micromobilidade,19/05/2019,-1017918.1770152,4683551.3950286
15108,401,"Avenida D. João II, 45",Parque das Nações,Passeio,BICICLETA,Cascata,1,10,Não,Público,Partilhado com Micromobilidade,,-1012760.8253444,4689096.4207274
15109,402,"Avenida D. João II, 50",Parque das Nações,Passeio,BICICLETA,Cascata,1,10,Não,Público,Partilhado com Micromobilidade,,-1012691.3226689,4688868.1416600
15110,403,Avenida Conselheiro Fernando de Sousa,Campolide,Passeio,BICICLETA,Grelha,4,8,Não,Público,Partilhado com Micromobilidade,,-1019895.4308330,4682666.7589404
15111,404,Avenida de Brasília,Belém,Passeio,HOTSPOT,Sheffield standard,2,9,Não,Público,Partilhado com Micromobilidade,06/08/2019,-1023087.6700888,4678270.6051271
15112,405,Praça do Império,Belém,Passeio,HOTSPOT,Sheffield standard,2,9,Não,Público,Partilhado com Micromobilidade,06/08/2019,-1024800.7150851,4678078.1233975
15113,406,Avenida de Brasília,Belém,Passeio,HOTSPOT,Sheffield standard,2,9,Não,Público,Partilhado com Micromobilidade,06/08/2019,-1025260.2831864,4677783.7075722
15114,407,Avenida de Brasília,Belém,Passeio,HOTSPOT,Sheffield standard,2,9,Não,Público,Partilhado com Micromobilidade,06/08/2019,-1025676.8654838,4677870.1820909
15115,408,"Avenida da Universidade Técnica, ISCSP",Ajuda,Passeio,BICICLETA,Sheffield standard,4,8,Não,Público,Partilhado com Micromobilidade,,-1023929.4468284,4680725.0158382
15116,409,"Rua da Palma, 43",Santa Maria Maior,Passeio,BICICLETA,Sheffield standard,4,8,Não,Público,Partilhado com Micromobilidade,30/12/2018,-1017103.4461737,4681082.6983103
15117,410,"Avenida 24 de Julho, Mercado",Misericórdia,Passeio,BICICLETA,Sheffield standard,6,12,Não,Público,Partilhado com Micromobilidade,,-1018108.2104508,4679729.1102951
15118,412,Avenida 24 de Julho,Estrela,Passeio,BICICLETA,Sheffield standard,2,4,Não,Público,Partilhado com Micromobilidade,07/04/2019,-1019037.1242286,4679758.1711124
15119,413,"Rua do Instituto Bacteriológico, 3A",Arroios,Passeio,BICICLETA,Sheffield standard,2,4,Não,Público,Partilhado com Micromobilidade,,-1017390.4984269,4681432.4844492
15120,414,"Rua de Dona Estefânia, 8",Arroios,Passeio,BICICLETA,Sheffield standard,3,6,Não,Privado,Interdito Micromobilidade,21/11/2018,-1017482.9145226,4682939.7116152
15121,415,"Rua Dr. Almeida Amaral, 26",Arroios,Passeio,BICICLETA,Sheffield standard,3,6,Não,Público,Partilhado com Micromobilidade,,-1017672.1252924,4682179.7477297
15122,416,"Avenida de Roma, 42C",Alvalade,Passeio,BICICLETA,Sheffield standard,5,10,Não,Público,Partilhado com Micromobilidade,13/02/2019,-1017519.9212070,4685498.7287638
15123,417,"Avenida de Roma, 50",Alvalade,Passeio,BICICLETA,Sheffield standard,3,6,Não,Público,Partilhado com Micromobilidade,13/02/2019,-1017567.0603091,4685604.6430259
15124,418,"Praça de São Paulo, Igreja",Misericórdia,Via,BICICLETA,Sheffield standard,2,4,Não,Público,Interdito Micromobilidade,15/02/2019,-1018022.0575305,4679909.1091508
15125,419,Largo dos Stephens,Misericórdia,Passeio,BICICLETA,Sheffield standard,3,6,Não,Público,Interdito Micromobilidade,15/02/2019,-1017896.2890068,4679925.9148753
15126,420,"Avenida da Igreja, 61",Alvalade,Via,BICICLETA,Sheffield standard,2,4,Não,Público,Partilhado com Micromobilidade,28/03/2019,-1018382.2145127,4686154.5479770
15127,421,"Avenida da Igreja, 57",Alvalade,Via,BICICLETA,Sheffield standard,2,4,Não,Público,Partilhado com Micromobilidade,28/03/2019,-1018303.2957097,4686187.4063713
15128,422,"Avenida da Igreja, 53",Alvalade,Via,BICICLETA,Sheffield standard,2,4,Não,Público,Partilhado com Micromobilidade,28/03/2019,-1018231.8145584,4686218.8207742
15129,423,"Avenida da Igreja, 49",Alvalade,Via,BICICLETA,Sheffield standard,2,4,Não,Público,Partilhado com Micromobilidade,28/03/2019,-1018160.2953310,4686246.8332145
15130,424,"Avenida da Igreja, 45",Alvalade,Via,BICICLETA,Sheffield standard,2,4,Não,Público,Partilhado com Micromobilidade,28/03/2019,-1018090.1457439,4686276.1906558
15131,425,"Avenida da Igreja, 41A",Alvalade,Via,BICICLETA,Sheffield standard,2,4,Não,Público,Partilhado com Micromobilidade,28/03/2019,-1018037.5371597,4686298.5486925
15132,426,"Rua José Duro, 20A",Alvalade,Lugar estacionamento automóvel,HOTSPOT,Sheffield standard,6,17,Não,Público,Partilhado com Micromobilidade,04/06/2019,-1017539.9308315,4686549.2486516
15133,427,"Avenida da Igreja, 40A",Alvalade,Lugar estacionamento automóvel,BICICLETA,Sheffield standard,4,8,Não,Público,Partilhado com Micromobilidade,04/06/2019,-1017989.6332995,4686341.7670367
15134,428,"Avenida da Igreja, 18",Alvalade,Via,BICICLETA,Sheffield standard,2,4,Não,Público,Partilhado com Micromobilidade,04/05/2019,-1017603.3196586,4686500.4655495
15135,429,"Rua Marquesa de Alorna, 20",Alvalade,Via,BICICLETA,Sheffield standard,2,4,Não,Público,Partilhado com Micromobilidade,18/03/2019,-1017787.6745810,4686438.9040757
15136,430,"Rua Luís Augusto Palmeirim, 18",Alvalade,Via,BICICLETA,Sheffield standard,2,4,Não,Público,Partilhado com Micromobilidade,04/05/2019,-1017797.6831983,4686645.6162191
15137,431,Travessa de Estêvão Pinto,Campolide,Passeio,BICICLETA,Sheffield standard,4,8,Não,Privado,Interdito Micromobilidade,,-1019878.2547378,4683518.0987479
15138,432,Travessa de Estêvão Pinto,Campolide,Passeio,BICICLETA,Sheffield standard,4,8,Não,Privado,Interdito Micromobilidade,,-1019882.7740037,4683516.3471021
15139,433,Travessa de Estêvão Pinto,Campolide,Passeio,BICICLETA,Sheffield standard,5,10,Não,Privado,Interdito Micromobilidade,,-1019902.5144782,4683581.7031031
15140,434,Travessa de Estêvão Pinto,Campolide,Passeio,BICICLETA,Sheffield standard,0,0,Não,Privado,Interdito Micromobilidade,,-1019925.6475162,4683575.4898340
15141,435,Campus de Campolide,Campolide,Passeio,BICICLETA,Sheffield standard,4,8,Não,Privado,Interdito Micromobilidade,,-1019851.0500027,4683601.2737743
15142,436,"Avenida de Berna, 26",Avenidas Novas,,BICICLETA,Sheffield standard,0,0,Não,Privado,Interdito Micromobilidade,,-1018685.8370208,4684520.1111157
15143,437,"Avenida de Berna, 26",Avenidas Novas,,BICICLETA,Sheffield standard,0,0,Não,Privado,Interdito Micromobilidade,,-1018723.4357898,4684513.7042963
15144,438,"Avenida de Berna, 26",Avenidas Novas,,BICICLETA,Sheffield standard,0,0,Não,Privado,Interdito Micromobilidade,,-1018745.7822100,4684524.8831978
15145,439,"Avenida de Berna, 26",Avenidas Novas,,BICICLETA,Sheffield standard,0,0,Não,Privado,Interdito Micromobilidade,,-1018807.1356089,4684510.0469542
15146,440,"Avenida de Berna, 26",Avenidas Novas,,BICICLETA,Sheffield standard,0,0,Não,Privado,Interdito Micromobilidade,,-1018813.4184745,4684490.1123773
15147,442,"Rua Câmara Reis, Piscina",Parque das Nações,Passeio,BICICLETA,Onda,1,5,Não,Público,Partilhado com Micromobilidade,,-1012980.4208934,4688995.2464939
15148,443,"Avenida de Pádua, Cemitério",Olivais,Via,BICICLETA,Sheffield standard,8,16,Não,Público,Partilhado com Micromobilidade,,-1013905.0760157,4687849.4453408
15149,444,Rua Prof. Manuel Valadares,Lumiar,Passeio,BICICLETA,Sheffield standard,10,20,Não,Público,Partilhado com Micromobilidade,,-1019826.4398117,4689449.6755108
15150,445,"Rua Alexandre Ferreira, 26",Lumiar,Via,BICICLETA,Sheffield standard,3,6,Não,Público,Partilhado com Micromobilidade,,-1019931.1749070,4689571.2572171
15151,446,Campo Pequeno,Avenidas Novas,Passeio,BICICLETA,Lisboa,3,6,Não,Público,Partilhado com Micromobilidade,,-1017930.1922642,4684841.4514122
15152,447,"Avenida Óscar Monteiro Torres, 20A",Areeiro,Passeio,BICICLETA,Onda,1,5,Não,Público,Partilhado com Micromobilidade,,-1017754.9584774,4684904.8444005
15153,448,"Campo Pequeno, Palácio Galveias",Avenidas Novas,Passeio,BICICLETA,Entorta rodas,1,5,Não,Privado,Interdito Micromobilidade,,-1017871.0139909,4684726.1541077
15154,449,"Praça David Leandro da Silva, 24",Marvila,Lugar estacionamento automóvel,BICICLETA,Sheffield standard,2,4,Não,Público,Partilhado com Micromobilidade,11/12/2019,-1013264.2475817,4684865.1406344
15155,450,"Rua do Beato, 40",Beato,Via,HOTSPOT,Sheffield standard,2,9,Não,Público,Partilhado com Micromobilidade,11/12/2019,-1013588.7920364,4683720.1701319
15156,451,"Rua de Nossa Senhora do Amparo, 3A",Benfica,Via,BICICLETA,Sheffield standard,2,4,Não,Público,Partilhado com Micromobilidade,13/11/2019,-1024643.6288578,4685946.3394770
15157,452,"Alameda dos Oceanos, 2.14.01",Parque das Nações,Passeio,HOTSPOT,Sheffield standard,2,9,Não,Público,Partilhado com Micromobilidade,14/11/2019,-1012489.4534234,4689007.0983817
15158,453,"Alameda dos Oceanos, 2.14.01",Parque das Nações,Passeio,HOTSPOT,Sheffield standard,2,9,Não,Público,Partilhado com Micromobilidade,15/11/2019,-1012470.5126097,4689285.4915545
15159,454,"Rua do Bojador, 16D",Parque das Nações,Via,HOTSPOT,Sheffield standard,2,9,Não,Público,Partilhado com Micromobilidade,14/11/2019,-1012165.1832987,4689381.5598670
15160,455,Alameda dos Oceanos,Parque das Nações,Via,BICICLETA,Sheffield standard,2,4,Não,Público,Partilhado com Micromobilidade,18/11/2019,-1012416.3041866,4689874.3190682
15161,456,"Avenida Padre Cruz, Instituto Ricardo Jorge",Lumiar,Passeio,BICICLETA,Sheffield standard,3,6,Não,Público,Partilhado com Micromobilidade,13/11/2019,-1020160.8453875,4687995.9332287
15162,457,"Rua Jorge Ferreira de Vasconcelos, Escola",Alvalade,Passeio,BICICLETA,Sheffield standard,4,8,Não,Privado,Interdito Micromobilidade,25/10/2019,-1017939.3844884,4685438.7319168
15163,458,"Rua de Fernando Pedroso, Escola",Areeiro,Passeio,BICICLETA,Sheffield standard,4,8,Não,Privado,Interdito Micromobilidade,29/10/2019,-1017496.7680108,4684525.3980928
15164,459,"Rua Caetano Alberto, Escola",Areeiro,Passeio,BICICLETA,Sheffield standard,11,22,Não,Privado,Interdito Micromobilidade,29/10/2019,-1017452.2922157,4684389.7654057
15165,460,"Rua Jorge Ferreira de Vasconcelos, Escola",Alvalade,Passeio,BICICLETA,Sheffield standard,6,12,Não,Público,Partilhado com Micromobilidade,24/10/2019,-1018057.1552231,4685475.8724860
15166,461,"Rua Dr. Júlio Dantas, Escola",Campolide,Via,BICICLETA,Sheffield standard,4,8,Não,Privado,Interdito Micromobilidade,28/10/2019,-1019552.0823130,4683732.8408067
15167,462,"Rua Professor Mira Fernandes, Escola",Beato,Passeio,BICICLETA,Sheffield standard,5,10,Não,Público,Partilhado com Micromobilidade,11/11/2019,-1015368.2738370,4684421.4157709
15168,463,"Rua Dr. Júlio Dantas, Escola",Campolide,Passeio,BICICLETA,Sheffield standard,3,6,Não,Privado,Interdito Micromobilidade,28/10/2019,-1019507.0050930,4683794.4525248
15169,464,"Avenida Maria Helena Vieira da Silva, 39",Lumiar,Passeio,BICICLETA,Sheffield standard,5,10,Não,Privado,Interdito Micromobilidade,30/10/2019,-1018628.7008454,4688385.6591344
15170,465,"Rua de Xabregas, 50",Beato,Lugar estacionamento automóvel,BICICLETA,Sheffield standard,2,4,Não,Público,Partilhado com Micromobilidade,23/11/2019,-1014252.4837133,4682612.4592083
15171,466,"Alameda dos Oceanos, 2.14.01",Parque das Nações,Passeio,HOTSPOT,Sheffield standard,2,9,Não,Público,Partilhado com Micromobilidade,22/11/2019,-1012476.7566975,4689202.2219835
15172,467,"Via do Oriente, 2H",Parque das Nações,Passeio,HOTSPOT,Sheffield standard,2,9,Não,Público,Partilhado com Micromobilidade,18/11/2019,-1012972.6378547,4691407.3972789
15173,468,"Rua Cidade de Carmona, Escola",Olivais,Passeio,BICICLETA,Sheffield standard,5,10,Não,Público,Partilhado com Micromobilidade,18/12/2019,-1014844.1380042,4688263.6604623
15174,469,"Passeio dos Heróis do Mar, 100",Parque das Nações,Passeio,HOTSPOT,Sheffield standard,2,9,Não,Público,Partilhado com Micromobilidade,19/11/2019,-1012757.2075333,4692075.9859705
15175,470,"Rua Braamcamp, 90",Santo António,Passeio,HOTSPOT,Sheffield standard,2,9,Não,Público,Partilhado com Micromobilidade,20/11/2019,-1018868.9917623,4681807.9621373
15176,471,Campo Grande,Alvalade,Passeio,HOTSPOT,Sheffield standard,2,9,Não,Público,Partilhado com Micromobilidade,28/11/2019,-1018969.7429293,4686607.1481888
15177,472,"Campo Grande, 37A",Alvalade,Passeio,HOTSPOT,Sheffield standard,2,9,Não,Público,Partilhado com Micromobilidade,28/11/2019,-1018595.0797830,4685943.0177696
15178,473,Rua Alexandre Herculano,Santo António,Passeio,HOTSPOT,Sheffield standard,2,9,Não,Público,Partilhado com Micromobilidade,21/11/2019,-1018693.8664349,4681942.9914115
15179,474,"Rua Castilho, 26",Santo António,Passeio,HOTSPOT,Sheffield standard,2,9,Não,Público,Partilhado com Micromobilidade,21/11/2019,-1018601.2609332,4681854.5380609
15180,475,"Rua Castilho, 22",Santo António,Passeio,HOTSPOT,Sheffield standard,2,9,Não,Público,Partilhado com Micromobilidade,21/11/2019,-1018547.4955024,4681773.7139907
15181,476,"Rua Rodrigo da Fonseca, 15",Santo António,Passeio,HOTSPOT,Sheffield standard,2,9,Não,Público,Partilhado com Micromobilidade,23/11/2019,-1018709.2059219,4681720.0625458
15182,477,"Rua Alexandre Herculano, 50B",Santo António,Passeio,BICICLETA,Sheffield standard,2,4,Não,Público,Partilhado com Micromobilidade,25/11/2019,-1018789.8264749,4681856.1952009
15183,478,"Rua Alexandre Herculano, 46",Santo António,Passeio,BICICLETA,Sheffield estreito,3,6,Não,Público,Partilhado com Micromobilidade,,-1018695.5487219,4681922.2439962
15184,479,"Praça das Casas Novas, Mercado",Olivais,Passeio,BICICLETA,Onda,1,5,Não,Público,Partilhado com Micromobilidade,,-1014479.1178814,4689019.6540268
15185,480,"Rua da Escola Politécnica, 54",Santo António,Passeio,BICICLETA,Sheffield standard,4,8,Não,Privado,Interdito Micromobilidade,,-1018609.7916474,4681288.4023162
15186,481,Rua Dr. João Couto,Benfica,Passeio,BICICLETA,Onda,2,10,Não,Público,Partilhado com Micromobilidade,,-1022886.1698464,4686179.6983963
15187,483,"Rua José Domingos Barreiros, 1",Marvila,Lugar estacionamento automóvel,BICICLETA,Sheffield standard,4,8,Não,Público,Partilhado com Micromobilidade,11/11/2019,-1013422.3028008,4684138.8743216
15188,485,"Alameda das Linhas de Torres, Mercado",Lumiar,Passeio,BICICLETA,Onda,1,5,Não,Público,Partilhado com Micromobilidade,,-1019930.0485720,4689288.6440335
15189,488,"Rua João de Oliveira Miguens, 12",Estrela,Passeio,BICICLETA,Sheffield standard,3,6,Não,Público,Partilhado com Micromobilidade,,-1021261.7869997,4679486.0969984
15190,490,Estrada da Serafina,,,,Desconhecido,0,0,Não,,,,0.0000000,0.0000000
0,0,,,,,Desconhecido,0,0,Não,,,,0.0000000,0.0000000
15191,491,Avenida Frei Miguel Contreiras,Na ilha central em frente ao Teatro,Alvalade,Passeio,BICICLETA,0,1,Não,0,Público,DEPM,8.0000000,-1017290.9978865
15193,493,"Campo Grande, 245",Alvalade,Passeio,BICICLETA,Sheffield standard,4,8,Não,Público,Partilhado com Micromobilidade,,-1019251.1625806,4687111.3729517
15194,494,"Avenida Professor Gama Pinto, Cantina",Alvalade,Passeio,BICICLETA,Onda,2,10,Não,Público,Partilhado com Micromobilidade,,-1019600.6309998,4686093.0382964
15195,495,"Rua Junqueira, 188",Belém,Passeio,BICICLETA,Entorta rodas,1,9,Não,Público,Partilhado com Micromobilidade,,-1023199.5262114,4678495.0893553
15196,496,"Avenida Almirante Gago Coutinho, Estacionamento",Areeiro,Passeio,BICICLETA,Onda,2,10,Não,Público,Partilhado com Micromobilidade,,-1016637.2834810,4685081.5921148
15197,497,Avenida do Rio de Janeiro,Alvalade,Passeio,BICICLETA,Sheffield estreito,3,6,Não,Público,Partilhado com Micromobilidade,,-1017192.4621905,4686157.6634369
15198,498,"Avenida Afonso Costa, 41",Areeiro,Passeio,BICICLETA,Sheffield estreito,3,6,Não,Público,Partilhado com Micromobilidade,,-1016000.6190150,4684556.9704197
15199,499,"Avenida Fontes Pereira de Melo, 38",Arroios,Passeio,BICICLETA,Sheffield standard,8,16,Não,Público,Partilhado com Micromobilidade,,-1018171.0231482,4683187.8224592
15200,500,"Avenida do Colégio Militar, 29",Benfica,Passeio,BICICLETA,Sheffield estreito,4,8,Não,Público,Partilhado com Micromobilidade,,-1023012.5215142,4686196.2892725
15201,501,Avenida de Brasília,Belém,Passeio,BICICLETA,Entorta rodas,1,6,Não,Público,Partilhado com Micromobilidade,,-1023524.0988059,4678156.9233046
15202,502,Campo Pequeno,Avenidas Novas,Passeio,BICICLETA,Sheffield estreito,3,6,Não,Público,Partilhado com Micromobilidade,,-1018188.5969322,4684814.3280456
15203,503,Avenida de Brasília,Belém,Passeio,BICICLETA,Entorta rodas,10,10,Não,Público,Partilhado com Micromobilidade,,-1023886.4725649,4678119.5271420
15204,504,Praça do Duque de Saldanha,Arroios,Passeio,BICICLETA,Sheffield standard,7,14,Não,Público,Partilhado com Micromobilidade,30/11/2018,-1017984.7170016,4683526.6259210
15205,505,"Avenida do Colégio Militar, 15",Benfica,Passeio,BICICLETA,Sheffield estreito,5,10,Não,Público,Partilhado com Micromobilidade,,-1023184.3150898,4686019.7549720
15206,506,"Rua João Frederico Ludovice, Mercado",Benfica,Passeio,BICICLETA,Onda,1,5,Não,Público,Partilhado com Micromobilidade,,-1024827.8322734,4686053.8622792
15207,507,Avenida de Brasília,Estrela,Passeio,BICICLETA,Sheffield estreito,6,12,Não,Público,Partilhado com Micromobilidade,,-1020712.9235519,4679153.3628016
15208,508,Alameda dos Oceanos,Parque das Nações,Passeio,BICICLETA,Sheffield standard,1,6,Sim,Público,Interdito Micromobilidade,,-1012530.4166317,4687744.1825556
15209,509,Passeio de Neptuno,Parque das Nações,Passeio,BICICLETA,Cascata,1,6,Não,Público,Partilhado com Micromobilidade,,-1012199.7541242,4687718.5420489
15210,510,"Rua do Fogo de Santelmo, 2.22.01",Parque das Nações,Passeio,BICICLETA,Sheffield standard,3,6,Não,Público,Partilhado com Micromobilidade,,-1012454.3658211,4687520.2112686
15211,512,"Largo dos Arautos, 4",Parque das Nações,Passeio,BICICLETA,Sheffield standard,4,8,Não,Público,Partilhado com Micromobilidade,,-1012548.5631805,4687398.0070577
15212,513,Avenida Fernando Pessoa ao Parque das Nações,Parque das Nações,Passeio,BICICLETA,Entorta rodas,1,5,Não,Público,Partilhado com Micromobilidade,,-1012732.2786688,4687121.7440720
15213,515,"Alameda dos Oceanos, 15C",Parque das Nações,Passeio,BICICLETA,Cascata,1,8,Não,Público,Partilhado com Micromobilidade,,-1012653.6716846,4686896.3265582
15214,516,Largo Frei Heitor Pinto,Alvalade,Passeio,BICICLETA,Sheffield estreito,3,6,Não,Público,Partilhado com Micromobilidade,,-1017237.6938960,4686629.1799331
15215,517,Largo da Paz,Ajuda,Passeio,BICICLETA,Sheffield standard,4,8,Não,Público,Partilhado com Micromobilidade,06/04/2018,-1024188.3311273,4679421.9862826
15216,518,"Calçada da Ajuda, 202",Ajuda,Passeio,BICICLETA,Sheffield standard,3,6,Não,Público,Partilhado com Micromobilidade,06/04/2018,-1024066.6935704,4679397.3122954
15217,519,"Travessa da Boa-Hora à Ajuda, 35",Ajuda,Passeio,BICICLETA,Sheffield standard,4,8,Não,Público,Partilhado com Micromobilidade,06/04/2018,-1023769.8003241,4679279.6864753
15218,520,Largo da Boa-Hora à Ajuda,Ajuda,Passeio,HOTSPOT,Sheffield standard,2,9,Não,Público,Partilhado com Micromobilidade,06/04/2018,-1023558.3078326,4679307.7038311
15219,521,Rocha Conde de Óbidos,Estrela,Passeio,BICICLETA,Borboleta,2,10,Não,Público,Partilhado com Micromobilidade,,-1019893.6477555,4679210.2119700
15220,522,"Avenida de Brasília, Edif 115",Estrela,Passeio,BICICLETA,Borboleta,1,5,Não,Público,Partilhado com Micromobilidade,,-1019860.0869978,4679206.5110357
15221,524,"Campo Grande, 83",Alvalade,Passeio,BICICLETA,Grelha,1,5,Não,Público,Partilhado com Micromobilidade,,-1018652.6815517,4686055.2328162
15222,525,"Campo Grande, 173",Alvalade,Passeio,BICICLETA,Sheffield standard,4,8,Não,Público,Partilhado com Micromobilidade,,-1018970.1369384,4686645.6045989
15223,526,"Rua Dr. João Soares, 17",Alvalade,Passeio,BICICLETA,Onda,3,15,Não,Público,Partilhado com Micromobilidade,,-1018933.3244961,4686321.1193796
15224,527,Metro Campo Grande,Lumiar,Passeio,BICICLETA,Grelha,1,6,Sim,Privado,Interdito Micromobilidade,,-1019421.1340552,4687314.8615179
15225,528,"Rua Marquês de Sá da Bandeira, 94",Avenidas Novas,Passeio,BICICLETA,Sheffield standard,3,6,Não,Público,Partilhado com Micromobilidade,,-1018860.2931327,4684112.8852130
15226,529,"Avenida Conde de Valbom, 122",Avenidas Novas,Passeio,BICICLETA,Onda,2,10,Não,Público,Partilhado com Micromobilidade,,-1018826.1960636,4684207.2280377
15227,531,"Avenida Elias Garcia, 169",Avenidas Novas,Lugar estacionamento automóvel,BICICLETA,Sheffield standard,3,6,Não,Público,Partilhado com Micromobilidade,08/11/2018,-1018726.3324714,4684269.8524985
15228,532,"Avenida Elias Garcia, 137",Avenidas Novas,Lugar estacionamento automóvel,BICICLETA,Sheffield standard,4,8,Não,Público,Partilhado com Micromobilidade,08/11/2018,-1018590.9689396,4684297.3853569
15229,533,"Avenida Visconde de Valmor, 60A",Avenidas Novas,Lugar estacionamento automóvel,BICICLETA,Sheffield standard,5,10,Não,Público,Partilhado com Micromobilidade,08/11/2018,-1018518.6183468,4684172.5137925
15230,534,"Avenida Visconde de Valmor, 47B",Avenidas Novas,Lugar estacionamento automóvel,BICICLETA,Sheffield standard,4,8,Não,Público,Partilhado com Micromobilidade,08/11/2018,-1018376.0102909,4684188.8908988
15231,535,"Avenida Visconde de Valmor, 42B",Avenidas Novas,Lugar estacionamento automóvel,BICICLETA,Sheffield standard,5,10,Não,Público,Partilhado com Micromobilidade,08/11/2018,-1018323.2890879,4684218.5544021
15232,536,"Rua Tomás de Anunciação, 45",Campo de Ourique,Via,BICICLETA,Sheffield standard,3,6,Não,Público,Partilhado com Micromobilidade,08/03/2018,-1020312.2343564,4681292.4581089
15233,537,"Rua Almeida e Sousa, 25",Campo de Ourique,Passeio,BICICLETA,Sheffield estreito,4,8,Não,Privado,Interdito Micromobilidade,,-1020244.5056016,4681292.5451642
15234,538,"Avenida Engenheiro Duarte Pacheco, 26",Campolide,Passeio,BICICLETA,Sheffield standard,6,12,Não,Público,Partilhado com Micromobilidade,17/06/2018,-1019796.0492526,4682273.1355520
15235,539,"Alameda dos Oceanos, 2.11.01",Parque das Nações,Passeio,BICICLETA,Entorta rodas,1,9,Não,Público,Partilhado com Micromobilidade,,-1012512.5474994,4687940.6959864
15236,540,Jardim Mário Ruivo,Parque das Nações,Passeio,BICIPARQUE,Cacifo,0,6,Sim,Privado,Interdito Micromobilidade,,-1012270.8325096,4687613.3068842
15237,541,"Avenida Praia da Vitória, 16",Arroios,Lugar estacionamento automóvel,BICICLETA,Sheffield standard,5,10,Não,Público,Partilhado com Micromobilidade,,-1017782.6563205,4683649.8853208
15238,542,Passeio do Parque,Parque das Nações,Passeio,BICICLETA,Cascata,1,8,Não,Público,Partilhado com Micromobilidade,,-1012344.9697448,4690935.0885347
15239,641,"Avenida António José Almeida, IST",Areeiro,Lugar estacionamento automóvel,HOTSPOT,Sheffield standard,2,9,Não,Público,Partilhado com Micromobilidade,29/04/2019,-1017389.0838189,4684223.3160014
15240,642,Calçada da Tapada,Alcântara,Passeio,BICICLETA,Sheffield standard,3,6,Não,Público,Partilhado com Micromobilidade,29/01/2019,-1022404.1051185,4679639.8714405
15241,643,Praceta do Chinquilho,Alcântara,Passeio,BICICLETA,Sheffield standard,2,4,Não,Público,Partilhado com Micromobilidade,29/01/2019,-1023182.8222896,4679065.6798285
15242,644,"Rua do Instituto Industrial, 7C",Misericórdia,Passeio,BICICLETA,Sheffield standard,4,8,Não,Público,Partilhado com Micromobilidade,20/02/2019,-1018637.0268475,4679947.7286312
15243,645,Passeio dos Heróis do Mar,Parque das Nações,Passeio,BICICLETA,Cascata,1,8,Não,Público,Partilhado com Micromobilidade,,-1012208.2213672,4690437.7233043
15244,646,"Rua da Ilha dos Amores, Escola",Parque das Nações,Passeio,BICICLETA,Sheffield standard,14,28,Não,Público,Partilhado com Micromobilidade,,-1012231.2827706,4689959.1309371
15245,647,Passeio do Tejo,Parque das Nações,Passeio,BICICLETA,Cascata,1,8,Não,Público,Partilhado com Micromobilidade,,-1012041.2182303,4689801.0323831
15246,649,Travessa do Açafrão,Parque das Nações,Passeio,BICICLETA,Cascata,1,4,Não,Público,Partilhado com Micromobilidade,,-1012113.5816737,4689272.6169451
15247,650,"Rua Marquês do Soveral, Escola",Alvalade,Via,HOTSPOT,Sheffield standard,2,9,Não,Público,Partilhado com Micromobilidade,04/06/2019,-1017030.3741906,4687057.8945909
15248,651,Travessa da Canela,Parque das Nações,Passeio,BICICLETA,Cascata,1,4,Não,Público,Partilhado com Micromobilidade,,-1012133.7729128,4689001.0001338
15249,653,"Avenida D. João II, 49",Parque das Nações,Passeio,BICICLETA,Cascata,1,8,Não,Público,Partilhado com Micromobilidade,,-1012744.6790105,4689255.5457299
15250,654,"Alameda dos Oceanos, 57",Parque das Nações,Passeio,BICICLETA,Cascata,1,8,Não,Público,Partilhado com Micromobilidade,,-1012551.2222252,4688805.1259985
15251,655,Jardim Garcia de Orta ao Parque das Nações,Parque das Nações,Passeio,BICICLETA,Cascata,1,8,Não,Público,Partilhado com Micromobilidade,,-1012153.4689527,4688693.4034479
15252,656,"Alameda dos Oceanos, 49",Parque das Nações,Passeio,BICICLETA,Sheffield standard,5,10,Não,Público,Partilhado com Micromobilidade,,-1012540.2145534,4688462.8478451
15253,657,"Alameda dos Oceanos, 49",Parque das Nações,Passeio,BICICLETA,Sheffield standard,5,10,Não,Público,Partilhado com Micromobilidade,,-1012546.9186473,4688399.2990314
15254,2540,Rua Cipriano Dourado,Lumiar,Lugar estacionamento automóvel,BICICLETA,Sheffield estreito,12,12,Sim,Privado,Interdito Micromobilidade,,-1019408.8026630,4687320.2116500
15255,2541,"Avenida de Berlim, 19",Olivais,Passeio,BICICLETA,Sheffield standard,8,16,Não,Público,Partilhado com Micromobilidade,,-1013725.3728296,4688448.1707939
15256,665,"Rua Lopes de Mendonça, Escola",Alvalade,Via,BICICLETA,Sheffield standard,2,4,Não,Público,Partilhado com Micromobilidade,06/01/2022,-1017216.2319423,4686821.9443796
15257,666,"Largo Rafael Bordalo Pinheiro, 32",Santa Maria Maior,Passeio,BICICLETA,Grelha,1,4,Não,Público,Partilhado com Micromobilidade,,-1017635.5063750,4680423.8176340
15258,667,"Rua Dr. João Soares, 15",Alvalade,Lugar estacionamento automóvel,HOTSPOT,Sheffield standard,2,9,Não,Público,Partilhado com Micromobilidade,08/01/2019,-1018910.3873438,4686334.8891908
15259,668,"Rua Dr. João Soares, 15",Alvalade,Lugar estacionamento automóvel,BICICLETA,Sheffield standard,4,8,Não,Público,Partilhado com Micromobilidade,06/01/2022,-1018916.0672747,4686331.9223933
15260,543,"Alameda dos Oceanos, 1.08.01",Parque das Nações,Passeio,BICICLETA,Sheffield standard,6,12,Não,Público,Partilhado com Micromobilidade,,-1012489.3365289,4689286.8237145
15261,544,"Alameda dos Oceanos, 1.08.01",Parque das Nações,Passeio,BICICLETA,Sheffield standard,6,12,Não,Público,Partilhado com Micromobilidade,,-1012491.8635536,4689204.6144765
15262,609,Praça do Marquês de Pombal,Santo António,Passeio,BICICLETA,Sheffield standard,4,8,Não,Público,Partilhado com Micromobilidade,15/04/2019,-1018600.6460510,4682292.9678533
15263,610,Praça do Marquês de Pombal,Santo António,Passeio,BICICLETA,Sheffield standard,6,12,Não,Público,Partilhado com Micromobilidade,15/04/2019,-1018475.5032170,4682430.7329272
15264,611,Avenida Almirante Reis,Areeiro,Passeio,BICICLETA,Sheffield standard,5,10,Não,Público,Partilhado com Micromobilidade,15/04/2019,-1016738.4767218,4684101.4547365
15265,612,"Avenida 5 de Outubro, 345",Avenidas Novas,Lugar estacionamento automóvel,HOTSPOT,Sheffield standard,2,9,Não,Público,Partilhado com Micromobilidade,17/04/2019,-1018620.8313252,4685601.9051442
15266,613,"Avenida 5 de Outubro, 293",Avenidas Novas,Lugar estacionamento automóvel,HOTSPOT,Sheffield standard,2,9,Não,Público,Partilhado com Micromobilidade,17/04/2019,-1018578.0644163,4685470.2688046
15267,614,"Avenida 5 de Outubro, 265A",Avenidas Novas,Lugar estacionamento automóvel,HOTSPOT,Sheffield standard,2,9,Não,Público,Partilhado com Micromobilidade,17/04/2019,-1018544.5533671,4685287.5907857
15268,615,"Avenida Álvaro Pais, 2",Avenidas Novas,Lugar estacionamento automóvel,HOTSPOT,Sheffield standard,2,9,Não,Público,Partilhado com Micromobilidade,17/04/2019,-1018560.3406107,4685160.9403135
15269,616,Rua Ivone Silva,Avenidas Novas,Lugar estacionamento automóvel,HOTSPOT,Sheffield standard,2,9,Não,Público,Partilhado com Micromobilidade,17/04/2019,-1018683.8847520,4684882.2325345
15270,617,"Rua de Entrecampos, 66D",Alvalade,Lugar estacionamento automóvel,HOTSPOT,Sheffield standard,2,9,Não,Público,Partilhado com Micromobilidade,22/04/2019,-1018284.4185204,4685672.0696961
15271,618,"Rua de Entrecampos, 19",Alvalade,Lugar estacionamento automóvel,HOTSPOT,Sheffield standard,2,9,Não,Público,Partilhado com Micromobilidade,22/04/2019,-1018151.5022939,4685326.4078844
15272,619,"Rua Domingos Monteiro, 7B",Avenidas Novas,Lugar estacionamento automóvel,HOTSPOT,Sheffield standard,2,9,Não,Público,Partilhado com Micromobilidade,18/04/2019,-1018240.3223979,4685164.0385372
15273,620,"Rua de Entrecampos, 9",Avenidas Novas,Lugar estacionamento automóvel,HOTSPOT,Sheffield standard,2,9,Não,Público,Partilhado com Micromobilidade,22/04/2019,-1018039.8667430,4685156.0666002
15274,621,Rua Chaby Pinheiro,Avenidas Novas,Lugar estacionamento automóvel,HOTSPOT,Sheffield standard,2,9,Não,Público,Partilhado com Micromobilidade,18/04/2019,-1018117.4648205,4685012.6699831
15275,622,"Campo Pequeno, 17",Avenidas Novas,Lugar estacionamento automóvel,HOTSPOT,Sheffield standard,2,9,Não,Público,Partilhado com Micromobilidade,22/04/2019,-1018056.2359820,4685008.2682135
15276,624,"Avenida 5 de Outubro, 186",Avenidas Novas,Lugar estacionamento automóvel,HOTSPOT,Sheffield standard,2,9,Não,Público,Partilhado com Micromobilidade,29/04/2019,-1018455.3248661,4684807.1161642
15277,625,"Rua Laura Alves, 12A",Avenidas Novas,Lugar estacionamento automóvel,HOTSPOT,Sheffield standard,2,9,Não,Público,Partilhado com Micromobilidade,25/04/2019,-1018586.3526777,4684622.1236587
15278,627,"Avenida Barbosa du Bocage, 117",Avenidas Novas,Lugar estacionamento automóvel,HOTSPOT,Sheffield standard,2,9,Não,Público,Partilhado com Micromobilidade,29/04/2019,-1018555.7711836,4684456.7394878
15279,628,"Avenida Barbosa du Bocage, 120",Avenidas Novas,Lugar estacionamento automóvel,HOTSPOT,Sheffield standard,2,9,Não,Público,Partilhado com Micromobilidade,29/04/2019,-1018435.3892379,4684492.1413123
15280,629,"Avenida Barbosa du Bocage, 67",Avenidas Novas,Lugar estacionamento automóvel,HOTSPOT,Sheffield standard,2,9,Não,Público,Partilhado com Micromobilidade,29/04/2019,-1018292.5686650,4684508.9595630
15281,630,"Avenida Elias Garcia, 84",Avenidas Novas,Lugar estacionamento automóvel,HOTSPOT,Sheffield standard,2,9,Não,Público,Partilhado com Micromobilidade,29/04/2019,-1018329.9316744,4684372.6919556
15282,633,"Avenida Conde de Valbom, 61",Avenidas Novas,Lugar estacionamento automóvel,HOTSPOT,Sheffield standard,2,9,Não,Público,Partilhado com Micromobilidade,29/04/2019,-1018668.0044808,4684049.2039967
15283,876,"Avenida 24 de Julho, 102",Estrela,Passeio,BICICLETA,Sheffield standard,2,4,Não,Público,Partilhado com Micromobilidade,13/08/2020,-1019834.2351285,4679381.1822573
15284,877,"Avenida 24 de Julho, 140C",Estrela,Lugar estacionamento automóvel,HOTSPOT,Sheffield standard,4,13,Não,Público,Partilhado com Micromobilidade,13/08/2020,-1020462.5030780,4679320.6986689
15285,879,"Avenida D. João II, 1.15.01",Parque das Nações,Lugar estacionamento automóvel,BICICLETA,Car Bike Port,5,10,Não,Público,Partilhado com Micromobilidade,28/08/2020,-1012791.4680809,4688444.9792037
15286,880,"Rua dos Anjos, 86",Arroios,Lugar estacionamento automóvel,BICICLETA,Sheffield standard,4,8,Não,Público,Partilhado com Micromobilidade,09/01/2020,-1017043.2365758,4682520.3407403
15287,881,"Rua Rebelo da Silva, 9",Arroios,Lugar estacionamento automóvel,HOTSPOT,Sheffield standard,4,9,Não,Público,Partilhado com Micromobilidade,09/01/2020,-1017266.8992891,4683310.7857185
15288,882,"Rua António Pedro, 38",Arroios,Lugar estacionamento automóvel,HOTSPOT,Sheffield standard,2,9,Não,Público,Partilhado com Micromobilidade,09/01/2020,-1016932.2877364,4683272.8869029
15289,883,"Rua Passos Manuel, 108A",Arroios,Lugar estacionamento automóvel,HOTSPOT,Sheffield standard,4,13,Não,Público,Partilhado com Micromobilidade,09/01/2020,-1017111.0332796,4683127.6823799
15290,884,"Rua Passos Manuel, 64A",Arroios,Lugar estacionamento automóvel,BICICLETA,Sheffield standard,4,8,Não,Público,Partilhado com Micromobilidade,09/01/2020,-1017105.8172983,4682878.3864968
15291,885,"Rua Passos Manuel, 2A",Arroios,Lugar estacionamento automóvel,HOTSPOT,Sheffield standard,2,9,Não,Público,Partilhado com Micromobilidade,09/01/2020,-1017101.3475555,4682664.7334018
15292,886,"Rua José Estevão, 35",Arroios,Lugar estacionamento automóvel,HOTSPOT,Sheffield standard,2,9,Não,Público,Partilhado com Micromobilidade,09/01/2020,-1017194.5156122,4682891.2974644
15293,887,"Rua Bernardim Ribeiro, 16",Arroios,Lugar estacionamento automóvel,BICICLETA,Sheffield standard,2,4,Não,Público,Partilhado com Micromobilidade,06/01/2022,-1017743.7239308,4682645.1819798
15294,888,"Rua Bernardim Ribeiro, 28",Santo António,Lugar estacionamento automóvel,BICICLETA,Sheffield standard,2,4,Não,Público,Partilhado com Micromobilidade,06/01/2022,-1017844.5895444,4682550.1310880
15295,889,"Rua José Estêvão, 117B",Arroios,Lugar estacionamento automóvel,BICICLETA,Sheffield standard,4,8,Não,Público,Partilhado com Micromobilidade,09/01/2020,-1017199.4844580,4683132.4683739
15296,890,"Rua Alexandre Braga, 20",Arroios,Lugar estacionamento automóvel,HOTSPOT,Sheffield standard,4,9,Não,Público,Partilhado com Micromobilidade,09/01/2020,-1017414.0609559,4683177.2987627
15297,891,"Rua General Garcia Rosado, 2",Arroios,Lugar estacionamento automóvel,HOTSPOT,Sheffield standard,2,9,Não,Público,Partilhado com Micromobilidade,09/01/2020,-1017518.6180452,4682966.3957648
15298,892,"Campo dos Mártires da Pátria, 50",Arroios,Lugar estacionamento automóvel,HOTSPOT,Sheffield standard,2,9,Não,Público,Partilhado com Micromobilidade,09/01/2020,-1017502.7960005,4681951.5229883
15299,893,"Campo dos Mártires da Pátria, 117",Arroios,Lugar estacionamento automóvel,HOTSPOT,Sheffield standard,2,9,Não,Público,Partilhado com Micromobilidade,09/01/2020,-1017397.0041949,4682001.6127158
15300,1220,"Rua do Grilo, 129",Beato,Lugar estacionamento automóvel,HOTSPOT,Sheffield standard,2,9,Não,Público,Partilhado com Micromobilidade,26/10/2020,-1013877.9206097,4683117.2339052
15301,1221,"Estrada de Benfica, 535",Benfica,Lugar estacionamento automóvel,BICICLETA,Sheffield standard,4,8,Não,Público,Partilhado com Micromobilidade,26/10/2020,-1023524.0368962,4685888.1252687
15302,1222,"Estrada de Benfica, 537",Benfica,Lugar estacionamento automóvel,HOTSPOT,Sheffield standard,2,9,Não,Público,Partilhado com Micromobilidade,26/10/2020,-1023688.4511379,4685925.6693170
15303,1223,Rua Afonso Lopes Vieira,Alvalade,Via,HOTSPOT,Sheffield standard,2,9,Não,Público,Partilhado com Micromobilidade,10/09/2020,-1018495.5958815,4686598.0724022
15304,1224,"Alameda Padre Álvaro Proença, 2A",Benfica,Lugar estacionamento automóvel,HOTSPOT,Sheffield standard,2,9,Não,Público,Partilhado com Micromobilidade,26/10/2020,-1024304.5811485,4685775.9902990
15305,1225,"Rua Laura Ayres, 4",Carnide,Lugar estacionamento automóvel,HOTSPOT,Sheffield standard,2,9,Não,Público,Partilhado com Micromobilidade,26/10/2020,-1022294.2700479,4688076.5762875
15306,1226,"Rua Conselheiro Martins de Carvalho, 1",Belém,Passeio,BICICLETA,Sheffield estreito,5,10,Não,Público,Partilhado com Micromobilidade,,-1024439.6182529,4679778.6532832
15307,1227,"Avenida Professor Aníbal de Bettencourt, ISCTE (Edifício II)",Alvalade,Passeio,BICICLETA,Cascata,2,20,Não,Público,Partilhado com Micromobilidade,,-1018926.0753177,4685866.7962385
15308,1229,"Rua da Junqueira, 297",Belém,Passeio,BICICLETA,Onda,2,10,Não,Privado,Interdito Micromobilidade,,-1023710.1372472,4678391.1849352
15309,1231,"Praça de Goa, 3-3B",Belém,Passeio,BICICLETA,Sheffield standard,6,12,Não,Privado,Interdito Micromobilidade,26/11/2020,-1026140.7127915,4678973.3563483
15310,1232,"Avenida Infante Dom Henrique, 319",Marvila,Passeio,BICICLETA,Sheffield estilizado,4,8,Não,Público,Partilhado com Micromobilidade,,-1013389.1550121,4686727.0721615
15311,2319,Avenida Dr. Francisco Luís Gomes,Olivais,Passeio,HOTSPOT,Desconhecido,0,10,Não,Público,Dedicado Micromobilidade,23/10/2023,-1013654.7539625,4689192.0439674
15312,2320,Rua Alferes Santos Sasso,Olivais,Passeio,HOTSPOT,Desconhecido,0,10,Não,Público,Dedicado Micromobilidade,23/10/2023,-1014297.8414177,4688727.1215783
15313,2539,Rua Mário Sampaio Ribeiro,Lumiar,Passeio,BICICLETA,Sheffield standard,4,8,Não,Privado,Interdito Micromobilidade,01/09/2025,-1019862.6875149,4688609.8933038
15314,1233,"Avenida Infante Dom Henrique, Lote 17-18",Olivais,Via,BICICLETA,Entorta rodas,6,6,Não,Privado,Interdito Micromobilidade,,-1013461.3271837,4686901.9436045
15315,1234,Campus de Benfica do Instituto Politécnico de Lisboa,Benfica,Passeio,BICICLETA,Entorta rodas,1,5,Não,Privado,Interdito Micromobilidade,,-1023658.4161575,4685437.9681417
15316,1235,Eixo Central,Lumiar,Passeio,BICICLETA,Onda,2,10,Não,Público,Partilhado com Micromobilidade,18/05/2013,-1018466.0971862,4688584.3860295
15317,1236,Eixo Central,Lumiar,Passeio,BICICLETA,Onda,2,10,Não,Público,Partilhado com Micromobilidade,18/05/2013,-1018465.4102801,4688560.5740738
15318,1237,"Rua João Saraiva, 24",Alvalade,Lugar estacionamento automóvel,HOTSPOT,Sheffield standard,2,9,Não,Público,Partilhado com Micromobilidade,24/07/2020,-1017725.6085231,4686882.1540686
15319,1238,"Avenida Maria Helena Vieira da Silva, 39",Lumiar,Passeio,BICICLETA,Sheffield standard,4,8,Não,Público,Partilhado com Micromobilidade,09/09/2020,-1018619.4216511,4688377.0519269
15320,1239,Rua de Moscavide ao Parque das Nações,Parque das Nações,Lugar estacionamento automóvel,HOTSPOT,Sheffield standard,2,9,Não,Público,Partilhado com Micromobilidade,26/10/2020,-1012794.4444479,4689935.8557384
15321,1240,"Rua Hermínio da Palma Inácio, Lote 29.02",Santa Clara,Passeio,BICICLETA,Entorta rodas,1,6,Sim,Privado,Interdito Micromobilidade,,-1018110.2348184,4691429.9688241
15322,1241,"Rua Princípe do Mónaco, Escola",Parque das Nações,Passeio,BICICLETA,Cascata,1,8,Não,Privado,Interdito Micromobilidade,,-1012694.6681750,4691026.9755108
15323,1242,"Rua Conselheiro Emídio Navarro, ISEL",Marvila,Passeio,BICICLETA,Cascata,4,8,Não,Privado,Interdito Micromobilidade,,-1014870.3997805,4686913.6099125
15324,1243,"Rua Conselheiro Emídio Navarro, ISEL",Marvila,Passeio,BICICLETA,Entorta rodas,2,10,Sim,Privado,Interdito Micromobilidade,,-1014969.5583158,4686927.6452763
15325,1244,"Avenida António Augusto de Aguiar, 167",Avenidas Novas,Lugar estacionamento automóvel,BICICLETA,Sheffield standard,5,10,Não,Público,Partilhado com Micromobilidade,,-1019137.2953852,4683861.2020212
15326,1245,Avenida Columbano Bordalo Pinheiro,Campolide,Passeio,BICICLETA,Sheffield standard,12,24,Não,Público,Partilhado com Micromobilidade,12/11/2020,-1019657.6517437,4684203.3125138
15327,634,"Avenida Marquês de Tomar, 56",Avenidas Novas,Lugar estacionamento automóvel,HOTSPOT,Sheffield standard,2,9,Não,Público,Partilhado com Micromobilidade,29/04/2019,-1018504.4494820,4684053.9727591
15328,636,"Avenida da República, 44",Avenidas Novas,Lugar estacionamento automóvel,HOTSPOT,Sheffield standard,2,9,Não,Público,Partilhado com Micromobilidade,29/04/2019,-1018123.8925843,4684370.3048245
15329,637,"Avenida da República, 36",Avenidas Novas,Lugar estacionamento automóvel,HOTSPOT,Sheffield standard,2,9,Não,Público,Partilhado com Micromobilidade,29/04/2019,-1018094.9602965,4684217.5782706
15330,638,"Avenida da República, 28A",Avenidas Novas,Lugar estacionamento automóvel,HOTSPOT,Sheffield standard,2,9,Não,Público,Partilhado com Micromobilidade,29/04/2019,-1018068.0765084,4684077.2162265
15331,639,"Avenida da República, 56D",Avenidas Novas,Lugar estacionamento automóvel,HOTSPOT,Sheffield standard,2,9,Não,Público,Partilhado com Micromobilidade,29/04/2019,-1018164.3936379,4684652.6648115
15332,640,"Avenida dos Defensores de Chaves, 99",Avenidas Novas,Lugar estacionamento automóvel,HOTSPOT,Sheffield standard,2,9,Não,Público,Partilhado com Micromobilidade,29/04/2019,-1018006.0310114,4684690.1623628
15333,545,"Alameda dos Oceanos, 2.14.01",Parque das Nações,Passeio,BICICLETA,Cascata,1,10,Não,Público,Partilhado com Micromobilidade,,-1012503.8464374,4689006.0953208
15334,546,Alameda dos Oceanos,Parque das Nações,Passeio,BICICLETA,Sheffield standard,5,10,Não,Público,Partilhado com Micromobilidade,,-1012568.2429585,4687705.9924937
15335,548,"Rua Bernardo Lima, 35B",Santo António,Via,BICICLETA,Sheffield standard,3,12,Não,Público,Partilhado com Micromobilidade,,-1018033.4957759,4682686.9763018
15336,552,"Avenida Guerra Junqueiro, 13",Areeiro,Via,BICICLETA,Sheffield standard,3,6,Não,Público,Partilhado com Micromobilidade,04/10/2018,-1016969.4936290,4684327.0356966
15337,553,"Avenida Guerra Junqueiro, 24",Areeiro,Via,BICICLETA,Sheffield standard,3,6,Não,Público,Partilhado com Micromobilidade,04/10/2018,-1017010.6215080,4684395.9176648
15338,554,"Avenida Guerra Junqueiro, 26",Areeiro,Via,BICICLETA,Sheffield standard,3,6,Não,Público,Partilhado com Micromobilidade,04/10/2018,-1017027.3572063,4684418.0896022
15339,555,"Avenida Guerra Junqueiro, 23D",,,,Desconhecido,0,0,Não,,,,0.0000000,0.0000000
0,0,,,,,Desconhecido,0,0,Não,,,,0.0000000,0.0000000
15340,556,Avenida Rovisco Pais,Junto à ciclovia,Areeiro,Passeio,BICICLETA,0,1,Não,0,Público,,3.0000000,-1017301.8912227
15341,558,"Campo Grande, 376",Alvalade,Passeio,BICICLETA,Sheffield estreito,5,10,Não,Público,Partilhado com Micromobilidade,,-1018943.1167941,4687042.8308275
15342,559,Campo Grande,Alvalade,Passeio,BICICLETA,Entorta rodas,2,35,Não,Privado,Interdito Micromobilidade,,-1018666.7905341,4686282.7816722
15343,560,"Avenida Duque d' Ávila, 42",Avenidas Novas,Passeio,BICICLETA,Onda,1,5,Não,Público,Partilhado com Micromobilidade,,-1018188.1506903,4683802.9675087
15344,561,"Avenida Duque d' Ávila, 56",Avenidas Novas,Passeio,BICICLETA,Onda,1,5,Não,Público,Partilhado com Micromobilidade,,-1018341.1285341,4683797.3863764
15345,2089,"Rua Alfredo da Silva, 12",Ajuda,Passeio,HOTSPOT,Desconhecido,0,10,Não,Público,Dedicado Micromobilidade,17/04/2023,-1023513.6233583,4679038.7770266
15346,2090,"Rua do Meio à Ajuda, 30",Ajuda,Passeio,HOTSPOT,Desconhecido,0,10,Não,Público,Dedicado Micromobilidade,17/04/2023,-1024180.1130767,4679579.7255064
15347,562,"Avenida Duque d' Ávila, 30",Avenidas Novas,Passeio,BICICLETA,Onda,1,5,Não,Público,Partilhado com Micromobilidade,,-1017951.3543375,4683810.1923237
15348,563,Avenida Duque d' Ávila,Avenidas Novas,Passeio,BICICLETA,Sheffield estreito,3,6,Não,Público,Partilhado com Micromobilidade,,-1017748.1825883,4683831.7989194
15349,564,"Avenida Rovisco Pais, 4",Areeiro,Passeio,BICICLETA,Onda,1,5,Não,Público,Partilhado com Micromobilidade,,-1017411.1430799,4683831.8790696
15350,565,Rua Febo Moniz,Arroios,Passeio,BICICLETA,Sheffield estreito,3,6,Não,Público,Partilhado com Micromobilidade,,-1016924.1650695,4682560.9010229
15351,566,"Rua dos Anjos, 63",Arroios,Passeio,BICICLETA,Sheffield standard,3,6,Não,Público,Partilhado com Micromobilidade,,-1017029.5578114,4682337.2377193
15352,567,"Largo do Intendente Pina Manique, 36",Arroios,Passeio,BICICLETA,Sheffield standard,3,6,Não,Público,Partilhado com Micromobilidade,,-1016879.3484601,4681805.2896297
15353,568,Rua António Pedro,Arroios,Passeio,BICICLETA,Sheffield standard,3,6,Não,Público,Partilhado com Micromobilidade,,-1016922.7078403,4683606.4068123
15354,569,"Rua dos Heróis de Quionga, 17",Arroios,Passeio,BICICLETA,Sheffield standard,2,4,Não,Público,Partilhado com Micromobilidade,,-1016645.9654736,4683232.7787251
15355,570,"Rua Maria, 73",Arroios,Via,BICICLETA,Sheffield standard,3,6,Não,Público,Partilhado com Micromobilidade,,-1016698.0424212,4682330.2268557
15356,571,"Rua Maria, 38",Arroios,Passeio,BICICLETA,Sheffield standard,2,4,Não,Público,Partilhado com Micromobilidade,,-1016704.5801257,4682109.2425271
15357,572,"Rua Angelina Vidal, 73",Arroios,Passeio,BICICLETA,Sheffield standard,1,2,Não,Privado,Interdito Micromobilidade,,-1016552.9563798,4682147.3359564
15358,574,Praça do Império,Belém,Passeio,HOTSPOT,Sheffield standard,4,9,Não,Público,Partilhado com Micromobilidade,10/03/2018,-1024945.9372092,4678175.0965946
15359,575,Avenida de Brasília,Belém,Via,HOTSPOT,Sheffield standard,4,13,Não,Público,Partilhado com Micromobilidade,28/01/2018,-1022783.5198946,4678336.3045314
15360,576,"Praça do Duque da Terceira, 2",Misericórdia,Passeio,HOTSPOT,Sheffield standard,2,9,Não,Público,Partilhado com Micromobilidade,15/02/2019,-1017885.6224639,4679735.0725988
15361,577,Cais do Sodré,Misericórdia,Passeio,HOTSPOT,Sheffield standard,2,9,Não,Público,Partilhado com Micromobilidade,15/02/2019,-1017867.1395392,4679546.5337686
15362,578,Cais do Sodré,Misericórdia,Passeio,HOTSPOT,Sheffield standard,2,9,Não,Público,Partilhado com Micromobilidade,15/02/2019,-1017847.1476539,4679547.1032642
15363,580,"Avenida Almirante Reis, 19D",Arroios,Lugar estacionamento automóvel,BICICLETA,Sheffield standard,3,6,Não,Público,Partilhado com Micromobilidade,01/07/2019,-1016951.6059079,4681923.7277604
15364,581,Rua Febo Moniz,Arroios,Passeio,HOTSPOT,Sheffield standard,6,17,Não,Público,Partilhado com Micromobilidade,30/01/2019,-1016931.4560244,4682568.1522671
15365,582,"Avenida da República, 11",Avenidas Novas,Passeio,HOTSPOT,Sheffield standard,2,9,Não,Público,Partilhado com Micromobilidade,02/12/2019,-1018055.6140359,4683787.6775436
15366,585,"Avenida António Serpa, 1",Avenidas Novas,Passeio,BICICLETA,Sheffield standard,2,4,Não,Público,Partilhado com Micromobilidade,13/02/2019,-1018305.6097688,4684952.1537129
15367,586,"Avenida António Serpa, 1",Avenidas Novas,Passeio,HOTSPOT,Sheffield standard,2,9,Não,Público,Partilhado com Micromobilidade,13/02/2019,-1018296.8091848,4684955.3272817
15368,587,Avenida Duque d' Ávila,Avenidas Novas,Passeio,HOTSPOT,Sheffield standard,2,9,Não,Público,Partilhado com Micromobilidade,13/02/2019,-1017769.9351674,4683832.6897056
15369,588,"Avenida de Roma, 6D",Areeiro,Passeio,HOTSPOT,Sheffield standard,2,9,Não,Público,Partilhado com Micromobilidade,13/02/2019,-1017241.8781844,4684817.5700640
15370,589,"Avenida de Roma, 58",Alvalade,Passeio,HOTSPOT,Sheffield standard,2,9,Não,Público,Partilhado com Micromobilidade,13/02/2019,-1017617.6966544,4685731.2757923
15371,590,"Praça de Alvalade, 12",Alvalade,Passeio,HOTSPOT,Sheffield standard,2,9,Não,Público,Partilhado com Micromobilidade,,0.0000000,0.0000000
0,0,,,,,Desconhecido,0,0,Não,,,,0.0000000,0.0000000
15372,591,Campo Pequeno,Avenidas Novas,Passeio,BICICLETA,Sheffield estreito,3,6,Não,Público,Partilhado com Micromobilidade,,-1018033.1781227,4684988.9382484
15373,596,Avenida 5 de Outubro,Último lugar de estacionamento longitudinal (junto aos edifícios/café),Avenidas Novas,Lugar estacionamento automóvel,HOTSPOT,0,2,Não,,Público,DEPM,6.0000000,-1018237.3668010
15374,597,"Rua Filipe Folque, 32",Avenidas Novas,Lugar estacionamento automóvel,HOTSPOT,Sheffield standard,2,9,Não,Público,Partilhado com Micromobilidade,05/10/2019,-1018411.0499462,4683611.0741760
15375,598,"Rua Jau, Escola",Alcântara,Passeio,BICICLETA,Sheffield standard,3,6,Não,Público,Partilhado com Micromobilidade,29/01/2019,-1022839.4921454,4679118.7054329
15376,599,"Avenida de Brasília, Museu",Estrela,Via,BICICLETA,Borboleta,1,6,Não,Público,Partilhado com Micromobilidade,,-1020955.9552108,4679211.3127037
15377,602,"Avenida Duque d'Ávila, 2C",Areeiro,Passeio,BICICLETA,Onda,1,5,Não,Público,Partilhado com Micromobilidade,,-1017568.1620296,4683823.2810556
15378,603,"Rua António Enes, 23",Avenidas Novas,Passeio,BICICLETA,Onda,1,4,Não,Público,Partilhado com Micromobilidade,,-1018509.8869375,4683756.7061975
15379,604,"Rua Tomás Ribeiro, 47D",Avenidas Novas,Passeio,BICICLETA,Sheffield standard,2,4,Não,Público,Partilhado com Micromobilidade,30/04/2019,-1018247.3194133,4683196.6604622
15380,605,"Rua de Dona Estefânia, 157",Arroios,Passeio,BICICLETA,Sheffield standard,3,6,Não,Público,Partilhado com Micromobilidade,,-1017573.9180609,4683467.9953003
15381,606,Rua Alferes Malheiro,Alvalade,Lugar estacionamento automóvel,HOTSPOT,Sheffield standard,2,9,Não,Público,Partilhado com Micromobilidade,04/09/2019,-1016867.6955596,4687119.9406170
15382,673,Campus de Campolide,Campolide,Passeio,BICICLETA,Sheffield standard,5,10,Não,Privado,Interdito Micromobilidade,,-1019839.5827771,4683479.0827169
15383,1064,"Avenida do Rio de Janeiro, 66",Alvalade,Passeio,BICICLETA,Sheffield standard,2,4,Não,Público,Partilhado com Micromobilidade,17/09/2020,-1017527.1355534,4687051.9133167
15384,1065,"Rua João Saraiva, 1",Alvalade,Passeio,HOTSPOT,Sheffield standard,2,9,Não,Público,Partilhado com Micromobilidade,17/09/2020,-1017536.5279205,4686942.9376423
15385,1066,Rua Cordeiro Ferreira,Lumiar,Passeio,HOTSPOT,Sheffield standard,2,9,Não,Público,Partilhado com Micromobilidade,17/09/2020,-1019696.0848464,4689158.9774327
15386,1067,"Rua da República do Paraguai, 24",Lumiar,Passeio,BICICLETA,Sheffield standard,3,6,Não,Público,Partilhado com Micromobilidade,17/09/2020,-1019739.2666569,4689275.8409183
15387,1068,"Avenida David Mourão-Ferreira, 62D",Lumiar,Passeio,HOTSPOT,Sheffield standard,2,9,Não,Público,Partilhado com Micromobilidade,17/09/2020,-1019211.1283520,4689446.0536466
15388,1069,"Rua Helena Vaz da Silva, 20A",Lumiar,Passeio,BICICLETA,Sheffield standard,2,4,Não,Público,Partilhado com Micromobilidade,17/09/2020,-1018846.3234470,4689416.4000390
15389,1070,"Rua Helena Vaz da Silva, 14",Lumiar,Passeio,BICICLETA,Sheffield standard,2,4,Não,Público,Partilhado com Micromobilidade,17/09/2020,-1018900.6806096,4689246.6955366
15390,1071,"Rua Helena Vaz da Silva, 2A",Lumiar,Passeio,BICICLETA,Sheffield standard,2,4,Não,Público,Partilhado com Micromobilidade,17/09/2020,-1018961.0678121,4689054.0922667
15391,1072,"Alameda das Linhas de Torres, 199",Lumiar,Passeio,HOTSPOT,Sheffield standard,2,9,Não,Público,Partilhado com Micromobilidade,17/09/2020,-1019673.2257346,4688784.1039160
15392,1073,"Rua Silva Tavares, 7A",Lumiar,Passeio,BICICLETA,Sheffield standard,2,4,Não,Público,Partilhado com Micromobilidade,17/09/2020,-1019396.1751001,4688536.2616089
15393,1074,"Alameda das Linhas de Torres, 149B",Lumiar,Passeio,BICICLETA,Sheffield standard,2,4,Não,Público,Partilhado com Micromobilidade,17/09/2020,-1019469.3024354,4688347.7103071
15394,1075,Rua Francisco Stromp,Lumiar,Passeio,BICICLETA,Sheffield standard,4,8,Não,Público,Partilhado com Micromobilidade,17/09/2020,-1019456.3943471,4687850.9905985
15395,1076,"Rua Fernando Curado Ribeiro, 4G",Lumiar,Passeio,BICICLETA,Sheffield standard,4,8,Não,Público,Partilhado com Micromobilidade,17/09/2020,-1019310.0518173,4687463.4639717
15397,1078,"Rua Alexandre Herculano, 2A",Santo António,Passeio,BICICLETA,Sheffield standard,4,8,Não,Público,Partilhado com Micromobilidade,17/09/2020,-1018153.2483389,4682310.6242555
15398,1079,"Rua Alexandre Herculano, 33A",,,,Desconhecido,0,0,Não,,,,0.0000000,0.0000000
0,0,,,,,Desconhecido,0,0,Não,,,,0.0000000,0.0000000
15399,1080,Rua Castilho,,Santo António,Passeio,HOTSPOT,0,2,Não,,Público,DEPM,44.0000000,-1018623.2652629
15400,1081,"Rua Castilho, 5",Santo António,Passeio,HOTSPOT,Sheffield standard,2,9,Não,Público,Partilhado com Micromobilidade,17/09/2020,-1018532.8240532,4681711.4598438
15401,1082,"Rua Rodrigo da Fonseca, 2",Santo António,Passeio,HOTSPOT,Sheffield standard,2,9,Não,Público,Partilhado com Micromobilidade,17/09/2020,-1018623.4149581,4681627.6717072
15402,1083,"Rua Rodrigo da Fonseca, 24",Santo António,Passeio,BICICLETA,Sheffield standard,2,4,Não,Público,Partilhado com Micromobilidade,17/09/2020,-1018823.8619100,4681918.1576613
15403,1084,"Rua Braamcamp, 11",Santo António,Passeio,BICICLETA,Sheffield standard,3,6,Não,Público,Partilhado com Micromobilidade,17/09/2020,-1018749.8651869,4682006.9238887
15404,1085,"Rua de São Bento, 47",Misericórdia,Via,BICICLETA,Sheffield standard,3,6,Não,Público,Interdito Micromobilidade,17/09/2020,-1018870.7572228,4680375.7084566
15405,1086,"Rua de São Bento, 30",Misericórdia,Via,BICICLETA,Sheffield standard,2,4,Não,Público,Interdito Micromobilidade,17/09/2020,-1018861.5589898,4680284.1943834
15406,1087,"Rua Braamcamp, 18",Santo António,Passeio,BICICLETA,Sheffield standard,2,4,Não,Público,Partilhado com Micromobilidade,17/09/2020,-1018713.5455058,4682139.0184906
15407,1088,"Rua Duque de Palmela, 11B",Santo António,Passeio,HOTSPOT,Sheffield standard,2,9,Não,Público,Partilhado com Micromobilidade,17/09/2020,-1018546.6663579,4682087.8450120
15408,1089,"Rua Alexandre Herculano, 14",Santo António,Passeio,HOTSPOT,Sheffield standard,2,9,Não,Público,Partilhado com Micromobilidade,17/09/2020,-1018450.0298469,4682088.8249345
15409,1090,"Rua Mouzinho da Silveira, 34C",Santo António,Passeio,HOTSPOT,Sheffield standard,2,9,Não,Público,Partilhado com Micromobilidade,17/09/2020,-1018662.5771510,4682125.0162423
15410,1091,"Rua Mouzinho da Silveira, 3B",Santo António,Passeio,HOTSPOT,Sheffield standard,2,9,Não,Público,Partilhado com Micromobilidade,17/09/2020,-1018509.8027156,4681871.2691782
15411,1092,"Rua Barata Salgueiro, 33",Santo António,Passeio,BICICLETA,Sheffield standard,2,4,Não,Público,Partilhado com Micromobilidade,17/09/2020,-1018414.1656801,4681807.3282511
15412,1093,"Rua Rosa Araújo, 7",Santo António,Passeio,HOTSPOT,Sheffield standard,2,9,Não,Público,Partilhado com Micromobilidade,17/09/2020,-1018381.1449121,4681968.7694314
15413,1094,"Rua Rosa Araújo, 41",Santo António,Passeio,HOTSPOT,Sheffield standard,2,9,Não,Público,Partilhado com Micromobilidade,17/09/2020,-1018478.7975386,4681901.9865949
15414,1095,"Rua Alexandre Herculano, 35",Santo António,Passeio,BICICLETA,Sheffield standard,2,4,Não,Público,Partilhado com Micromobilidade,17/09/2020,-1018684.4720941,4681901.1714393
15415,1096,"Rua Alexandre Herculano, 51",Santo António,Passeio,BICICLETA,Sheffield standard,2,9,Não,Público,Partilhado com Micromobilidade,17/09/2020,-1018851.6676148,4681787.5815035
15416,1098,"Rua Melo Gouveia, 9",Penha de França,Via,BICICLETA,Sheffield standard,2,4,Não,Público,Partilhado com Micromobilidade,17/09/2020,-1016065.1190016,4683495.6231921
15417,1099,"Rua Rodrigo da Fonseca, 101C",,,,Desconhecido,0,0,Não,,,,0.0000000,0.0000000
0,0,,,,,Desconhecido,0,0,Não,,,,0.0000000,0.0000000
0,0,,,,,Desconhecido,0,0,Não,,,,0.0000000,0.0000000
15418,1100,Avenida dos Estados Unidos da América,Entre a luminária e o contador perto da esquina de acesso ao campo de jogos,mais encostado à luminária,Alvalade,Passeio,0,0,Não,Não,0,Equipamento Desportivo - Campo Desportivo,0.0000000,0.0000000
15419,1101,Rua Alberto de Oliveira,Alvalade,Passeio,BICICLETA,Sheffield standard,2,4,Não,Público,Partilhado com Micromobilidade,17/09/2020,-1017992.2477500,4685963.0293684
15420,1102,"Rua Fernando Pessoa, Escola",Alvalade,Passeio,BICICLETA,Sheffield standard,3,6,Não,Público,Partilhado com Micromobilidade,17/09/2020,-1018118.9570599,4686005.6580326
15421,2167,Avenida da Índia,Alcântara,Passeio,HOTSPOT,Desconhecido,0,10,Não,Público,Dedicado Micromobilidade,09/08/2023,-1021827.9253552,4678792.0602957
15422,2168,Avenida de Brasília,Alcântara,Passeio,HOTSPOT,Desconhecido,0,10,Não,Público,Dedicado Micromobilidade,09/08/2023,-1022724.3795234,4678408.2571838
15423,674,Campus de Campolide,Campolide,Passeio,BICICLETA,Sheffield standard,4,8,Não,Privado,Interdito Micromobilidade,,-1019864.7750432,4683526.6856151
15424,675,Campus de Campolide,Campolide,Passeio,BICICLETA,Sheffield standard,7,14,Não,Privado,Interdito Micromobilidade,,-1019868.4069287,4683536.4397591
15425,676,Campus de Campolide,Campolide,Passeio,BICICLETA,Sheffield standard,7,14,Não,Privado,Interdito Micromobilidade,,-1019845.0781178,4683522.1463990
15426,677,Avenida Almirante Gago Coutinho,Alvalade,Passeio,HOTSPOT,Sheffield standard,2,9,Não,Público,Partilhado com Micromobilidade,26/11/2019,-1016327.9402570,4687610.6028153
15427,679,"Largo do Rato, 4",Santo António,Passeio,BICICLETA,Sheffield standard,2,4,Não,Público,Partilhado com Micromobilidade,23/11/2019,-1019048.7272831,4681696.2846642
15428,2066,"Rua Duque de Palmela, 36B",Santo António,Passeio,HOTSPOT,Sheffield standard,2,9,Não,Público,Partilhado com Micromobilidade,24/01/2023,-1018627.5707060,4682241.1241439
15429,2067,Rua Galdim Pais,Beato,Passeio,BICICLETA,Onda,1,0,Não,Privado,Interdito Micromobilidade,,-1014612.5183802,4682727.2029511
15430,680,Rua Alberto de Oliveira,Alvalade,Via,BICICLETA,Sheffield standard,2,4,Não,Público,Partilhado com Micromobilidade,,0.0000000,0.0000000
0,0,,,,,Desconhecido,0,0,Não,,,,0.0000000,0.0000000
15431,681,Rua do Instituto Industrial,Na zona pedonal,entre o segundo e terceiro canteiros a contar de Norte,Misericórdia,Passeio,0,0,Não,Não,0,,0.0000000,831.0000000
15432,682,"Rua do Instituto Industrial, 7C",Misericórdia,Passeio,HOTSPOT,Sheffield standard,2,9,Não,Público,Partilhado com Micromobilidade,15/02/2019,-1018636.8498659,4679927.9444191
15433,683,"Rua da Palma, 233",Santa Maria Maior,Lugar estacionamento automóvel,HOTSPOT,Sheffield standard,2,9,Não,Público,Partilhado com Micromobilidade,01/09/2019,-1016987.3335368,4681487.6147980
15434,684,"Rua da Palma, 278",Santa Maria Maior,Passeio,BICICLETA,Sheffield standard,2,4,Não,Público,Partilhado com Micromobilidade,30/01/2019,-1016964.5004571,4681550.2156792
15435,688,"Avenida de Roma, 26",Areeiro,Passeio,BICICLETA,Sheffield standard,3,6,Não,Público,Partilhado com Micromobilidade,13/02/2019,-1017383.0034626,4685155.0928385
15436,689,"Rua Luís Augusto Palmeirim, 13",Alvalade,Via,HOTSPOT,Sheffield standard,2,9,Não,Público,Partilhado com Micromobilidade,04/05/2019,-1017881.6310905,4686598.6329429
15437,690,"Rua Acácio de Paiva, 13C",Alvalade,Via,HOTSPOT,Sheffield standard,3,11,Não,Público,Partilhado com Micromobilidade,04/05/2019,-1017780.6919976,4686627.7621587
15438,691,"Rua José Duro, 25B",Alvalade,Via,HOTSPOT,Sheffield standard,4,13,Não,Público,Partilhado com Micromobilidade,30/04/2019,-1017585.7248188,4686620.5873051
15439,692,"Rua José d'Esaguy, 1A",Alvalade,Via,HOTSPOT,Sheffield standard,2,9,Não,Público,Partilhado com Micromobilidade,04/05/2019,-1017634.7393264,4686511.7447594
15440,693,"Rua Dr. João Soares, 20",Alvalade,Lugar estacionamento automóvel,BICICLETA,Sheffield standard,6,12,Não,Público,Partilhado com Micromobilidade,20/09/2019,-1019040.5975530,4686358.9072215
15441,694,"Rua Dr. João Soares, 20",Alvalade,Lugar estacionamento automóvel,BICICLETA,Sheffield standard,6,12,Não,Público,Partilhado com Micromobilidade,20/09/2019,-1019046.8033950,4686361.1385404
15442,697,"Avenida Fontes Pereira de Melo, 35E",Avenidas Novas,Passeio,HOTSPOT,Sheffield standard,2,9,Não,Público,Partilhado com Micromobilidade,22/03/2019,-1018190.8346351,4683264.4788345
15443,2533,"Rua António Gedeão, Escola",Marvila,Passeio,BICICLETA,Sheffield standard,9,18,Não,Privado,Interdito Micromobilidade,15/04/2024,-1014180.2451471,4684523.1005319
15444,2534,"Rua Hermano Neves, 13A",Lumiar,Passeio,BICICLETA,Sheffield standard,6,12,Não,Privado,Interdito Micromobilidade,15/04/2024,-1020836.9720859,4687397.3381758
15445,698,"Rua Martens Ferrão, 20",Arroios,Passeio,HOTSPOT,Sheffield standard,2,9,Não,Público,Partilhado com Micromobilidade,30/04/2019,-1018287.0023189,4682944.1988647
15446,699,"Rua Alexandre Herculano, 31",Santo António,Passeio,HOTSPOT,Sheffield standard,2,9,Não,Público,Partilhado com Micromobilidade,12/06/2019,-1018592.0987828,4681962.9821151
15447,700,"Rua Duque de Palmela, 4",Santo António,Passeio,BICICLETA,Sheffield standard,2,4,Não,Público,Partilhado com Micromobilidade,12/05/2019,-1018529.6054830,4682098.6315797
15448,701,"Rua Mouzinho da Silveira, 27C",Santo António,Passeio,HOTSPOT,Sheffield standard,2,9,Não,Público,Partilhado com Micromobilidade,12/05/2019,-1018658.6257948,4682080.1720654
15449,702,"Rua do Açúcar, 54",Marvila,Lugar estacionamento automóvel,HOTSPOT,Sheffield standard,2,9,Não,Público,Partilhado com Micromobilidade,31/12/2019,-1013325.4149765,4684499.3137556
15450,703,Rua Antão Gonçalves,Belém,Passeio,BICICLETA,Sheffield standard,6,12,Não,Privado,Interdito Micromobilidade,17/12/2019,-1025753.6728217,4680120.7699509
15451,704,"Rua Padre Luís Fróis, Escola",Belém,Passeio,BICICLETA,Sheffield standard,4,8,Não,Privado,Interdito Micromobilidade,19/12/2019,-1025697.8233329,4680815.8696149
15452,259,Praça do Duque de Saldanha,Avenidas Novas,Passeio,BICICLETA,Sheffield standard,5,10,Não,Público,Partilhado com Micromobilidade,30/11/2018,-1018068.9111020,4683567.4695031
15453,712,"Rua Andrade Corvo, 25",Arroios,Lugar estacionamento automóvel,BICICLETA,Sheffield standard,4,8,Não,Público,Partilhado com Micromobilidade,30/07/2019,-1018233.6836229,4683043.7374916
15454,713,"Rua Andrade Corvo, 17A",Arroios,Lugar estacionamento automóvel,HOTSPOT,Sheffield standard,2,9,Não,Público,Partilhado com Micromobilidade,30/07/2019,-1018098.3019896,4682978.8599753
15455,714,"Rua Andrade Corvo, 1",Arroios,Lugar estacionamento automóvel,BICICLETA,Sheffield standard,4,8,Não,Público,Partilhado com Micromobilidade,30/07/2019,-1017957.1927152,4682908.0154568
15456,715,"Avenida General Roçadas, Escola",Penha de França,Passeio,BICICLETA,Sheffield estreito,3,6,Não,Privado,Interdito Micromobilidade,,-1016148.7004627,4682617.6769122
15457,716,Avenida de Brasília,Estrela,Via,HOTSPOT,Sheffield standard,4,13,Não,Público,Partilhado com Micromobilidade,01/02/2020,-1020570.7777044,4679249.7047276
15459,720,"Avenida de Paris, 1B",Areeiro,Lugar estacionamento automóvel,HOTSPOT,Sheffield standard,3,11,Não,Público,Partilhado com Micromobilidade,17/01/2020,-1016772.0983519,4684642.9461275
15460,721,"Praça Pasteur, 11",Areeiro,Lugar estacionamento automóvel,BICICLETA,Sheffield standard,2,4,Não,Público,Partilhado com Micromobilidade,17/01/2020,-1016992.7593374,4684648.4095847
15461,722,"Avenida de Paris, 19",Areeiro,Via,BICICLETA,Sheffield standard,2,4,Não,Público,Partilhado com Micromobilidade,17/01/2020,-1017122.2354214,4684642.3566350
15463,724,"Praça de Londres, 6",Areeiro,Passeio,BICICLETA,Sheffield standard,7,14,Não,Público,Partilhado com Micromobilidade,17/01/2020,-1017130.7876360,4684615.9050331
15464,725,Rua Dr. Júlio Dantas,,,,Desconhecido,0,0,Não,,,,0.0000000,0.0000000
0,0,,,,,Desconhecido,0,0,Não,,,,0.0000000,0.0000000
15465,726,Rua Dr. Júlio Dantas,Escola EB Marquesa de Alorna,no exterior,próximo do ecoponto,Desconhecido,0,0,Não,,,,0.0000000,0.0000000
0,0,,,,,Desconhecido,0,0,Não,,,,0.0000000,0.0000000
15466,727,Avenida Ressano Garcia,Entre árvores,Avenidas Novas,Passeio,BICICLETA,0,2,Não,0,Público,DEPM,0.0000000,-1019198.4770689
15467,728,"Avenida Ressano Garcia, 39",Avenidas Novas,Passeio,BICICLETA,Sheffield standard,2,4,Não,Público,Partilhado com Micromobilidade,30/01/2020,-1019359.8959052,4683777.6406955
15468,729,"Avenida Ressano Garcia, 25",Avenidas Novas,Passeio,HOTSPOT,Sheffield standard,2,9,Não,Público,Partilhado com Micromobilidade,30/01/2020,-1019281.6450423,4683756.2604016
15469,730,"Avenida Ressano Garcia, 24",Avenidas Novas,Passeio,HOTSPOT,Sheffield standard,2,9,Não,Público,Partilhado com Micromobilidade,30/01/2020,-1019297.0968679,4683782.6030105
15470,1,Avenida de Brasília,Alcântara,Passeio,HOTSPOT,Sheffield standard,2,9,Não,Público,Partilhado com Micromobilidade,01/02/2020,-1022253.7729471,4678508.8389405
15471,731,"Rua da Verónica, Escola",São Vicente,Passeio,BICICLETA,Sheffield standard,8,16,Não,Privado,Interdito Micromobilidade,13/02/2020,-1016167.8443209,4681131.1847090
15472,732,"Avenida General Roçadas, Escola",Penha de França,Passeio,BICICLETA,Sheffield standard,4,8,Não,Privado,Interdito Micromobilidade,13/02/2020,-1016144.6417840,4682614.4016439
15473,733,Rua Alexandre de Sá Pinto,Belém,Via,BICICLETA,Sheffield standard,2,4,Não,Privado,Interdito Micromobilidade,02/12/2020,-1023559.7537790,4678899.6542913
15474,734,Rua Alexandre de Sá Pinto,Belém,Passeio,BICICLETA,Sheffield standard,4,8,Não,Privado,Interdito Micromobilidade,02/12/2020,-1023490.3886405,4678873.9454897
15475,735,Rua Alexandre de Sá Pinto,Belém,Passeio,BICICLETA,Sheffield standard,4,8,Não,Privado,Interdito Micromobilidade,02/12/2020,-1023681.1152815,4678810.5320136
15476,737,"Rua da Penha de França, 175",Arroios,Passeio,BICICLETA,Sheffield standard,4,8,Não,Privado,Interdito Micromobilidade,13/02/2020,-1016398.9179977,4682576.8436856
15477,738,Rua Gomes Freire,Arroios,Lugar estacionamento automóvel,BICICLETA,Sheffield standard,4,8,Não,Público,Partilhado com Micromobilidade,17/02/2020,-1017848.1195901,4682937.9048698
15478,739,"Avenida Ressano Garcia, 36",Avenidas Novas,Passeio,HOTSPOT,Sheffield standard,2,9,Não,Público,Partilhado com Micromobilidade,17/02/2020,-1019404.4528146,4683810.9866144
15480,741,Rua de São Lázaro,Arroios,Passeio,BICICLETA,Sheffield standard,5,10,Não,Privado,Interdito Micromobilidade,17/02/2020,-1017238.5989882,4681634.1552771
15481,742,Praça do Império,Belém,Passeio,BICICLETA,Grelha,2,11,Sim,Privado,Interdito Micromobilidade,,-1025133.2119373,4678251.5896325
15482,743,"Avenida de Pádua, 5",Parque das Nações,Lugar estacionamento automóvel,BICICLETA,Sheffield standard,5,10,Não,Público,Partilhado com Micromobilidade,03/01/2020,-1013382.3422652,4687759.0517485
15483,744,Avenida do Colégio Militar,Carnide,Passeio,BICICLETA,Entorta rodas,1,5,Não,Público,Partilhado com Micromobilidade,,-1022873.4380640,4686430.1733908
15484,745,Avenida do Colégio Militar,Carnide,Passeio,BICICLETA,Entorta rodas,1,5,Não,Público,Partilhado com Micromobilidade,,-1022863.1244363,4686438.2339396
15485,746,Avenida do Colégio Militar,Carnide,Passeio,BICICLETA,Entorta rodas,1,5,Não,Público,Partilhado com Micromobilidade,,-1022809.1587550,4686450.9792592
15486,747,Avenida do Colégio Militar,Carnide,Passeio,BICICLETA,Entorta rodas,5,5,Não,Público,Partilhado com Micromobilidade,,-1022799.9162193,4686443.5631229
15487,762,"Avenida do Rio de Janeiro, 50G",Alvalade,Passeio,BICICLETA,Sheffield standard,2,4,Não,Público,Partilhado com Micromobilidade,03/10/2020,-1017426.3022306,4686815.1466527
15488,761,"Avenida do Brasil, 196",Alvalade,Passeio,BICICLETA,Sheffield standard,2,4,Não,Público,Partilhado com Micromobilidade,03/10/2020,-1017094.7053557,4687280.6653596
15489,760,"Avenida do Brasil, 186B",Alvalade,Passeio,HOTSPOT,Sheffield standard,2,9,Não,Público,Partilhado com Micromobilidade,03/10/2020,-1017263.7566107,4687213.0324469
15490,759,"Avenida do Brasil, 101",Alvalade,Passeio,HOTSPOT,Sheffield standard,2,9,Não,Público,Partilhado com Micromobilidade,03/10/2020,-1017532.2011099,4687129.6687421
15491,758,"Avenida de Roma, 129",Alvalade,Passeio,HOTSPOT,Sheffield standard,2,9,Não,Público,Partilhado com Micromobilidade,03/12/2020,-1018074.8116374,4686749.1548288
15492,757,Avenida de Roma,Alvalade,Passeio,HOTSPOT,Sheffield standard,2,9,Não,Público,Partilhado com Micromobilidade,03/12/2020,-1017996.0756194,4686545.4569349
15493,748,"Avenida do Brasil, 53",Alvalade,Passeio,HOTSPOT,Sheffield standard,2,9,Não,Público,Partilhado com Micromobilidade,03/12/2020,-1018128.8853956,4686878.0017488
15494,755,Doca de Santo Amaro,Alcântara,Passeio,HOTSPOT,Sheffield standard,2,9,Não,Público,Partilhado com Micromobilidade,03/12/2020,-1021813.0763181,4678689.5067648
15495,765,"Largo Vitorino Damásio, 7",Estrela,Passeio,HOTSPOT,Sheffield standard,2,9,Não,Público,Partilhado com Micromobilidade,16/03/2020,-1018974.3546333,4679893.9254236
15496,753,Avenida Conde de Valbom,Avenidas Novas,Passeio,BICICLETA,Sheffield standard,2,4,Não,Público,Partilhado com Micromobilidade,03/09/2020,-1018389.2110104,4683797.0671070
15497,756,Avenida António Augusto de Aguiar,Avenidas Novas,Passeio,HOTSPOT,Sheffield standard,2,9,Não,Público,Partilhado com Micromobilidade,03/09/2020,-1019054.0413314,4683700.0513511
15498,752,"Avenida Duque d' Ávila, 100",Avenidas Novas,Passeio,BICICLETA,Sheffield standard,2,4,Não,Público,Partilhado com Micromobilidade,03/10/2020,-1018659.2642786,4683785.0629065
15499,751,Rua Rodrigo da Fonseca,,,,Desconhecido,0,0,Não,,,,0.0000000,0.0000000
0,0,,,,,Desconhecido,0,0,Não,,,,0.0000000,0.0000000
15500,750,Rua Rodrigo da Fonseca,placa central de estacionamento,na zona de curva entre a passagem de peões e a via,,Desconhecido,0,0,Não,,,,0.0000000,0.0000000
0,0,,,,,Desconhecido,0,0,Não,,,,0.0000000,0.0000000
15501,749,Rua Rodrigo da Fonseca,placa central de estacionamento,na zona de curva entre a passagem de peões e a via,,Desconhecido,0,0,Não,,,,0.0000000,0.0000000
0,0,,,,,Desconhecido,0,0,Não,,,,0.0000000,0.0000000
15502,754,Rua Rodrigo da Fonseca,placa central de estacionamento,na zona de curva entre a passagem de peões e a via,,Desconhecido,0,0,Não,,,,0.0000000,0.0000000
0,0,,,,,Desconhecido,0,0,Não,,,,0.0000000,0.0000000
15503,767,Avenida da Liberdade,Último lugar de estacionamento,Santo António,Lugar estacionamento automóvel,BICICLETA,0,4,Não,,Público,DEPM,19742255.0000000,-1018530.0695077
15504,778,Campo Grande,Alvalade,Passeio,HOTSPOT,Sheffield standard,2,9,Não,Público,Partilhado com Micromobilidade,22/02/2020,-1018379.9196467,4685625.2817282
15505,777,Avenida da República,Avenidas Novas,Lugar estacionamento motociclo,HOTSPOT,Sheffield standard,2,9,Não,Público,Partilhado com Micromobilidade,03/09/2020,-1018337.2871204,4685232.4605859
15506,776,"Avenida da República, 17",Avenidas Novas,Passeio,HOTSPOT,Sheffield standard,2,9,Não,Público,Partilhado com Micromobilidade,03/12/2020,-1018070.3655653,4683864.2347344
15507,775,"Avenida Dom Carlos I, 122",Misericórdia,Passeio,HOTSPOT,Sheffield standard,2,9,Não,Público,Partilhado com Micromobilidade,16/03/2020,-1018914.1153267,4680124.0724444
15508,774,Campo Grande,Alvalade,Passeio,HOTSPOT,Sheffield standard,2,9,Não,Público,Partilhado com Micromobilidade,22/02/2020,-1018372.5482479,4685626.8168135
15509,773,"Avenida Dom Carlos I, 146",Misericórdia,Passeio,HOTSPOT,Sheffield standard,2,9,Não,Público,Partilhado com Micromobilidade,16/03/2020,-1018970.5234419,4680408.6114935
15510,779,"Avenida Dom Carlos I, 111",Estrela,Passeio,BICICLETA,Sheffield standard,2,4,Não,Público,Partilhado com Micromobilidade,16/03/2020,-1018981.1046334,4680355.6077707
15511,772,"Largo do Rato, 2",Santo António,Passeio,HOTSPOT,Sheffield standard,2,9,Não,Público,Partilhado com Micromobilidade,16/03/2020,-1019099.7933696,4681683.7426655
15512,770,"Rua Sebastião Saraiva Lima, 68A",Penha de França,Lugar estacionamento automóvel,HOTSPOT,Sheffield standard,4,12,Não,Público,Partilhado com Micromobilidade,06/01/2022,-1016267.5780493,4683324.3254175
15514,764,"Rua Visconde de Santarém, 73",Arroios,Via,BICICLETA,Sheffield standard,1,2,Não,Público,Partilhado com Micromobilidade,03/12/2020,-1017467.7902171,4683780.1244347
15515,766,"Rua Visconde de Santarém, 69",Arroios,Via,BICICLETA,Sheffield standard,1,2,Não,Público,Partilhado com Micromobilidade,03/12/2020,-1017410.3430101,4683747.5117808
15516,780,Rua Professor Mira Fernandes,Beato,Via,HOTSPOT,Sheffield standard,2,9,Não,Público,Partilhado com Micromobilidade,03/10/2020,-1015361.6908811,4684393.9095587
15517,763,Avenida João Crisóstomo,Avenidas Novas,Passeio,BICICLETA,Sheffield standard,4,8,Não,Público,Interdito Micromobilidade,01/08/2019,-1017690.4483943,4683968.4545845
15518,781,Rua de São Domingos de Benfica,São Domingos de Benfica,Passeio,HOTSPOT,Sheffield standard,2,9,Não,Público,Partilhado com Micromobilidade,14/04/2020,-1021496.9835182,4684708.9521318
15519,782,Praça Silvestre Pinheiro Ferreira,São Domingos de Benfica,Passeio,HOTSPOT,Sheffield standard,2,9,Não,Público,Partilhado com Micromobilidade,14/04/2020,-1021504.0589204,4684997.4522625
15520,783,"Travessa de São Domingos de Benfica, 25",São Domingos de Benfica,Passeio,HOTSPOT,Sheffield standard,2,9,Não,Público,Partilhado com Micromobilidade,14/04/2020,-1021963.3365483,4684981.5512770
15521,785,Rua Olivério Serpa,Benfica,Passeio,HOTSPOT,Sheffield standard,4,13,Não,Público,Partilhado com Micromobilidade,14/04/2020,-1024850.3806844,4685976.5631288
15522,786,"Rua General Morais Sarmento, 2",Benfica,Passeio,BICICLETA,Sheffield standard,2,4,Não,Público,Partilhado com Micromobilidade,14/04/2020,-1023899.2781364,4685734.4709864
15523,788,"Rua Capitão Santiago de Carvalho, Escola",Olivais,Passeio,BICICLETA,Sheffield standard,8,16,Não,Público,Partilhado com Micromobilidade,04/01/2020,-1014211.1271342,4688920.3563992
15524,789,Rua Interior à Est. da Correia,Carnide,Passeio,HOTSPOT,Sheffield standard,4,13,Não,Público,Partilhado com Micromobilidade,15/04/2020,-1023746.1832743,4687624.0383611
15525,790,Avenida Marechal Teixeira Rebelo,Carnide,Passeio,HOTSPOT,Sheffield standard,2,9,Não,Público,Partilhado com Micromobilidade,15/04/2020,-1023322.1229447,4687172.3152664
15526,791,"Rua de São Bento, 216",Estrela,Via,BICICLETA,Sheffield standard,4,8,Não,Público,Partilhado com Micromobilidade,17/04/2020,-1018933.0728551,4680677.9597460
15527,792,"Rua de São Bento, 406",Misericórdia,Via,BICICLETA,Sheffield standard,2,4,Não,Público,Partilhado com Micromobilidade,17/04/2020,-1019040.3820017,4680964.0752148
15528,2542,Rua de Dom Vasco,Ajuda,Via,BICIPARQUE,Vertical,34,34,Sim,Privado,Interdito Micromobilidade,22/01/2025,-1023622.1453031,4679253.1091177
15529,2543,Campo Grande,Alvalade,Passeio,BICICLETA,Entorta rodas com encosto,2,10,Não,Privado,Interdito Micromobilidade,,-1019328.6293161,4687120.9574612
15530,793,"Avenida Coronel Eduardo Galhardo, 20A",Penha de França,Via,BICICLETA,Sheffield standard,2,4,Não,Público,Partilhado com Micromobilidade,17/04/2020,-1015948.3186087,4682784.0749288
15531,794,"Avenida Coronel Eduardo Galhardo, 30",Penha de França,Via,BICICLETA,Sheffield standard,2,4,Não,Público,Partilhado com Micromobilidade,17/04/2020,-1016086.6770112,4682794.9606033
15532,795,"Avenida General Roçadas, Escola",Penha de França,Passeio,HOTSPOT,Sheffield standard,2,9,Não,Público,Partilhado com Micromobilidade,17/04/2020,-1016156.0568584,4682590.4524613
15533,796,"Rua Moeda, 11B",Misericórdia,Via,BICICLETA,Sheffield standard,2,4,Não,Público,Partilhado com Micromobilidade,17/04/2020,-1018212.6399299,4679988.1588470
15534,797,"Avenida do Restelo, 23",Belém,Passeio,BICICLETA,Sheffield standard,4,8,Não,Privado,Interdito Micromobilidade,15/04/2020,-1025562.4246258,4678730.6374370
15535,798,"Rua Fernando Namora, Escola",Lumiar,Passeio,BICICLETA,Grelha,1,3,Não,Público,Partilhado com Micromobilidade,,-1021189.7947752,4687344.6327576
15536,799,Avenida Infante Dom Henrique,Santa Maria Maior,Passeio,HOTSPOT,Sheffield standard,2,9,Não,Público,Partilhado com Micromobilidade,12/09/2019,-1015544.0609591,4680659.2320096
15537,800,"Rua Raul Carapinha, 10",São Domingos de Benfica,Via,HOTSPOT,Sheffield standard,2,9,Não,Público,Partilhado com Micromobilidade,12/11/2019,-1021160.0217225,4684755.5412747
15538,801,Praça Dr. Nuno Pinheiro Torres,Benfica,Passeio,HOTSPOT,Sheffield standard,2,9,Não,Público,Partilhado com Micromobilidade,13/03/2020,-1023212.3731581,4685657.9916154
15539,802,"Rua Olivério Serpa, 3",Benfica,Passeio,HOTSPOT,Sheffield standard,2,9,Não,Público,Partilhado com Micromobilidade,13/03/2020,-1024743.7488596,4685955.3667419
15540,803,"Estrada de Benfica, 546",Benfica,Passeio,HOTSPOT,Sheffield standard,2,9,Não,Público,Partilhado com Micromobilidade,13/03/2020,-1023946.9698922,4686034.1703138
15541,804,"Avenida dos Estados Unidos da América, 2",Alvalade,Passeio,HOTSPOT,Sheffield standard,2,9,Não,Público,Partilhado com Micromobilidade,12/12/2019,-1016526.8594500,4685771.7515120
15542,805,"Avenida Dom Rodrigo da Cunha, 2",Alvalade,Passeio,HOTSPOT,Sheffield standard,2,9,Não,Público,Partilhado com Micromobilidade,26/11/2019,-1016427.4377380,4686562.3985503
15543,806,Alameda Dom Afonso Henriques,Arroios,Passeio,HOTSPOT,Sheffield standard,2,9,Não,Público,Partilhado com Micromobilidade,13/03/2020,-1016810.6431435,4684043.2034350
15544,807,"Rua Barão de Sabrosa, 165A",Penha de França,Passeio,HOTSPOT,Sheffield standard,2,9,Não,Público,Partilhado com Micromobilidade,21/04/2020,-1016214.3355413,4684086.0514314
15545,808,"Rua Barão de Sabrosa, 129A",Penha de França,Passeio,BICICLETA,Sheffield standard,2,4,Não,Público,Partilhado com Micromobilidade,21/04/2020,-1016232.0795942,4683848.8797686
15546,809,"Rua Barata Salgueiro, 39",Santo António,Passeio,HOTSPOT,Sheffield standard,2,9,Não,Público,Partilhado com Micromobilidade,12/12/2019,-1018440.7040735,4681789.6466817
15547,811,Rua do Cruzado Osberno,Penha de França,Passeio,HOTSPOT,Sheffield standard,2,9,Não,Público,Partilhado com Micromobilidade,21/04/2020,-1014830.7904877,4682302.8631393
15548,812,Rua Paio Peres Correia,Penha de França,Passeio,BICICLETA,Sheffield standard,2,4,Não,Público,Partilhado com Micromobilidade,21/04/2020,-1014873.3766993,4682548.9647224
15549,813,"Estrada de Chelas, 41",Penha de França,Passeio,BICICLETA,Sheffield standard,2,4,Não,Público,Partilhado com Micromobilidade,21/04/2020,-1014750.5362614,4682557.4254973
15550,814,"Calçada da Cruz da Pedra, Lote O",Penha de França,Passeio,HOTSPOT,Sheffield standard,2,9,Não,Público,Partilhado com Micromobilidade,21/04/2020,-1014757.0305560,4682008.9925971
15551,815,Avenida Infante Dom Henrique,Penha de França,Passeio,HOTSPOT,Sheffield standard,2,9,Não,Público,Partilhado com Micromobilidade,21/04/2020,-1014341.6231730,4682308.7121294
15552,816,Rua da Madre de Deus,Penha de França,Passeio,BICICLETA,Sheffield standard,2,4,Não,Público,Partilhado com Micromobilidade,23/04/2020,-1014502.9505522,4682352.4174412
15553,817,Largo da Penha de França,Penha de França,Passeio,HOTSPOT,Sheffield standard,2,9,Não,Público,Partilhado com Micromobilidade,23/04/2020,-1016445.4894094,4683082.7152638
15554,818,"Avenida General Roçadas, 68",Penha de França,Passeio,HOTSPOT,Sheffield standard,2,9,Não,Público,Partilhado com Micromobilidade,23/04/2020,-1016120.0400455,4683040.4992543
15555,819,"Avenida Mouzinho de Albuquerque, 7",Penha de França,Passeio,HOTSPOT,Sheffield standard,2,9,Não,Público,Partilhado com Micromobilidade,29/04/2020,-1015978.0067695,4683108.1991701
15556,820,"Avenida Mouzinho de Albuquerque, 19",Penha de França,Passeio,HOTSPOT,Sheffield standard,2,9,Não,Público,Partilhado com Micromobilidade,29/04/2020,-1015856.8933721,4682996.2683199
15557,821,"Avenida Coronel Eduardo Galhardo, 2",Penha de França,Passeio,BICICLETA,Sheffield standard,2,4,Não,Público,Partilhado com Micromobilidade,29/04/2020,-1015744.9398997,4682807.0370903
15558,822,"Avenida Coronel Eduardo Galhardo, 3G",Penha de França,Passeio,HOTSPOT,Sheffield standard,2,9,Não,Público,Partilhado com Micromobilidade,29/04/2020,-1015848.6944389,4682754.7235735
15560,824,"Rua Visconde de Santarém, 69B",Arroios,Via,BICICLETA,Sheffield standard,1,2,Não,Público,Partilhado com Micromobilidade,13/03/2020,-1017397.0344833,4683741.6973200
15561,825,"Rua Actor Taborda, 5",Arroios,Lugar estacionamento automóvel,HOTSPOT,Sheffield standard,2,9,Não,Público,Partilhado com Micromobilidade,25/06/2020,-1017767.8219581,4683384.1942906
15562,826,"Rua de Pascoal de Melo, 150",Arroios,Lugar estacionamento automóvel,HOTSPOT,Sheffield standard,2,9,Não,Público,Partilhado com Micromobilidade,25/06/2020,-1017511.1307041,4683317.0988295
15563,827,"Rua da Ilha Terceira, 35",Arroios,Lugar estacionamento automóvel,HOTSPOT,Sheffield standard,2,9,Não,Público,Partilhado com Micromobilidade,25/06/2020,-1017442.4111916,4683565.0374366
15564,828,"Rua de Arroios, 152B",Arroios,Lugar estacionamento automóvel,HOTSPOT,Sheffield standard,2,9,Não,Público,Partilhado com Micromobilidade,25/06/2020,-1017043.1952019,4683194.4634468
15565,829,"Rua de Arroios, 93",Arroios,Lugar estacionamento automóvel,HOTSPOT,Sheffield standard,2,9,Não,Público,Partilhado com Micromobilidade,25/06/2020,-1017032.0001828,4683051.3704831
15566,830,"Rua de Ponta Delgada, 2",Arroios,Lugar estacionamento automóvel,HOTSPOT,Sheffield standard,4,13,Não,Público,Partilhado com Micromobilidade,25/06/2020,-1017499.2446784,4683480.3222946
15567,832,"Rua de Pascoal de Melo, 110",Arroios,Lugar estacionamento automóvel,HOTSPOT,Sheffield standard,2,9,Não,Público,Partilhado com Micromobilidade,25/06/2020,-1017352.3768988,4683299.3374241
15568,833,"Rua José Falcão, 70",Arroios,Lugar estacionamento automóvel,HOTSPOT,Sheffield standard,4,13,Não,Público,Partilhado com Micromobilidade,25/06/2020,-1016935.1206769,4683496.8101479
15569,834,"Rua Joaquim Costa, 1A",Arroios,Lugar estacionamento automóvel,HOTSPOT,Sheffield standard,2,9,Não,Público,Partilhado com Micromobilidade,25/06/2020,-1017028.2800796,4683691.9492378
15570,835,Rua Carlos José Barreiros,Arroios,Lugar estacionamento automóvel,HOTSPOT,Sheffield standard,4,13,Não,Público,Partilhado com Micromobilidade,25/06/2020,-1017111.5976131,4683693.8034261
15571,836,"Rua José Estevão, 2C",Arroios,Lugar estacionamento automóvel,HOTSPOT,Sheffield standard,4,9,Não,Público,Partilhado com Micromobilidade,25/06/2020,-1017180.7910602,4682713.0772128
15572,851,"Rua Luíz Pacheco, Lote 101",Marvila,Passeio,BICICLETA,Onda,1,5,Não,Público,Partilhado com Micromobilidade,,-1014449.9167977,4686402.8097021
15573,852,"Rua Luíz Pacheco, Lote 101",Marvila,Passeio,BICICLETA,Onda,1,5,Não,Público,Partilhado com Micromobilidade,,-1014453.3717769,4686402.3875841
15574,853,"Rua Luíz Pacheco, Lote 101",Marvila,Passeio,BICICLETA,Onda,1,5,Não,Público,Partilhado com Micromobilidade,,-1014423.4917580,4686393.2170531
15575,854,"Rua Luíz Pacheco, Lote 104",Marvila,Passeio,BICICLETA,Onda,1,5,Não,Público,Partilhado com Micromobilidade,,-1014456.9217898,4686392.1431793
15576,855,"Rua Luíz Pacheco, Lote 104",Marvila,Passeio,BICICLETA,Onda,1,5,Não,Público,Partilhado com Micromobilidade,,-1014469.7114239,4686390.4747709
15577,856,"Rua Luíz Pacheco, Lote 104",Marvila,Passeio,BICICLETA,Onda,1,5,Não,Público,Partilhado com Micromobilidade,,-1014483.7173957,4686388.4869837
15578,857,"Rua Luíz Pacheco, Lote 104",Marvila,Passeio,BICICLETA,Onda,1,5,Não,Público,Partilhado com Micromobilidade,,-1014499.4499565,4686386.3786425
15579,858,"Rua Luíz Pacheco, Lote 104",Marvila,Passeio,BICICLETA,Onda,1,5,Não,Público,Partilhado com Micromobilidade,,-1014511.2220825,4686384.6190315
15580,859,Rua Conselheiro Emídio Navarro,Marvila,Passeio,BICICLETA,Onda,1,5,Não,Público,Partilhado com Micromobilidade,,-1014707.3096115,4686896.2011329
15581,860,Rua António Gedeão,Marvila,Passeio,BICICLETA,Entorta rodas,1,4,Não,Público,Partilhado com Micromobilidade,,-1014032.1557613,4684562.1930957
15582,861,Praça Baden Powell,Olivais,Passeio,HOTSPOT,Sheffield standard,2,9,Não,Público,Partilhado com Micromobilidade,24/06/2020,-1014124.5868418,4688470.4709709
15583,862,Doca de Alcântara,Estrela,Passeio,HOTSPOT,Sheffield standard,2,9,Não,Público,Partilhado com Micromobilidade,22/02/2020,-1021341.5154453,4678992.3456918
15584,863,"Avenida de Berlim, 35D",Olivais,Passeio,HOTSPOT,Sheffield standard,2,9,Não,Público,Partilhado com Micromobilidade,24/06/2020,-1013988.3002260,4688471.9111625
15585,864,"Jardim Eduardo Prado Coelho, Escola",Olivais,Passeio,HOTSPOT,Sheffield standard,2,9,Não,Público,Partilhado com Micromobilidade,24/06/2020,-1013959.6822407,4688854.7771186
15586,865,"Praça da Viscondessa dos Olivais, 38",Olivais,Passeio,HOTSPOT,Sheffield standard,2,9,Não,Público,Partilhado com Micromobilidade,24/06/2020,-1013720.0924090,4688622.7407301
15587,867,"Avenida 24 de Julho, 62",Estrela,Lugar estacionamento automóvel,HOTSPOT,Sheffield standard,4,13,Não,Público,Partilhado com Micromobilidade,13/08/2020,-1019344.1638684,4679645.0102315
15588,868,"Avenida 24 de Julho, 74",Estrela,Passeio,BICICLETA,Sheffield standard,4,8,Não,Público,Partilhado com Micromobilidade,13/08/2020,-1019444.6970285,4679589.3954229
15589,869,"Avenida 24 de Julho, 86",Estrela,Lugar estacionamento automóvel,HOTSPOT,Sheffield standard,4,13,Não,Público,Partilhado com Micromobilidade,13/08/2020,-1019643.4713787,4679468.7110251
15590,870,"Avenida 24 de Julho, 96J",Estrela,Lugar estacionamento automóvel,HOTSPOT,Sheffield standard,2,9,Não,Público,Partilhado com Micromobilidade,13/08/2020,-1019718.6281279,4679436.4939175
15591,871,"Avenida 24 de Julho, 96J",Estrela,Lugar estacionamento automóvel,HOTSPOT,Sheffield standard,2,9,Não,Público,Partilhado com Micromobilidade,13/08/2020,-1019715.8996071,4679437.7485524
15592,872,"Avenida 24 de Julho, 118",Estrela,Passeio,BICICLETA,Sheffield standard,3,6,Não,Público,Partilhado com Micromobilidade,13/08/2020,-1020089.4622045,4679325.7300093
15593,873,"Avenida 24 de Julho, 134D",Estrela,Passeio,BICICLETA,Sheffield standard,2,4,Não,Público,Partilhado com Micromobilidade,13/08/2020,-1020414.6820018,4679320.8858797
15594,874,Avenida Infante Santo,Estrela,Passeio,HOTSPOT,Sheffield standard,2,9,Não,Público,Partilhado com Micromobilidade,13/08/2020,-1020562.3076777,4679363.7071451
15595,875,"Avenida Infante Santo, 2G",Estrela,Passeio,HOTSPOT,Sheffield standard,2,9,Não,Público,Partilhado com Micromobilidade,13/08/2020,-1020567.9211435,4679387.8681861
15596,894,Alameda de Santo António dos Campuchos,Arroios,Lugar estacionamento automóvel,HOTSPOT,Sheffield standard,2,9,Não,Público,Partilhado com Micromobilidade,09/01/2020,-1017722.2851306,4682104.2702718
15597,895,"Rua Garrett, 2",Santa Maria Maior,Via,BICICLETA,Car Bike Port,5,10,Não,Público,Partilhado com Micromobilidade,28/08/2020,-1017427.7519334,4680357.7434676
15598,896,"Avenida Almirante Reis, 2",Arroios,Lugar estacionamento automóvel,BICICLETA,Sheffield standard,5,10,Não,Público,Partilhado com Micromobilidade,07/01/2024,-1016948.8638149,4681741.3143078
15599,897,Avenida António Augusto de Aguiar,Avenidas Novas,Lugar estacionamento automóvel,BICICLETA,Car Bike Port,5,10,Não,Público,Partilhado com Micromobilidade,28/08/2020,-1018984.3022190,4683623.8505870
15600,898,Rua Engenheiro Vieira da Silva,Arroios,Lugar estacionamento automóvel,BICICLETA,Sheffield standard,5,10,Não,Público,Partilhado com Micromobilidade,07/01/2024,-1017972.8842823,4683316.2473326
15601,1062,"Largo Jaime Carvalho, 15A",Olivais,Passeio,HOTSPOT,Sheffield standard,2,9,Não,Público,Partilhado com Micromobilidade,07/12/2020,-1013819.0906881,4688306.7879833
15602,1063,Largo da Revista Militar,Benfica,Passeio,BICICLETA,Sheffield standard,4,8,Não,Público,Interdito Micromobilidade,,-1022984.8598782,4686348.0334603
15603,1103,Rua Alberto de Oliveira,Alvalade,Via,BICICLETA,Sheffield standard,3,6,Não,Público,Partilhado com Micromobilidade,17/09/2020,-1017932.3588335,4686059.4420437
15604,1104,"Largo João Vaz, 9",Alvalade,Passeio,BICICLETA,Sheffield standard,2,4,Não,Público,Partilhado com Micromobilidade,17/09/2020,-1017282.6411398,4687053.7588924
15605,1105,"Largo João Vaz, 4",Alvalade,Passeio,HOTSPOT,Sheffield standard,2,9,Não,Público,Partilhado com Micromobilidade,17/09/2020,-1017300.1840632,4687096.2296103
15606,1106,"Campo Grande,  258",Alvalade,Passeio,BICICLETA,Sheffield standard,2,4,Não,Público,Partilhado com Micromobilidade,17/09/2020,-1018704.4518628,4686662.6225361
15607,1107,"Largo de São Mamede, Igreja",Santo António,Passeio,HOTSPOT,Sheffield standard,2,9,Não,Público,Partilhado com Micromobilidade,17/09/2020,-1018848.1378193,4681465.8234678
15608,1108,"Rua Pedro Bandeira, 2",Lumiar,Passeio,BICICLETA,Sheffield standard,2,4,Não,Público,Partilhado com Micromobilidade,17/09/2020,-1018971.9549048,4687737.1053256
15609,1109,"Rua Ramalho Ortigão, 41",Avenidas Novas,Passeio,BICICLETA,Sheffield standard,2,4,Não,Público,Partilhado com Micromobilidade,17/09/2020,-1019349.6427332,4683877.4140714
15610,1110,"Praça das Casas Novas, Mercado",Olivais,Passeio,BICICLETA,Sheffield standard,2,4,Não,Público,Partilhado com Micromobilidade,17/09/2020,-1014526.4093074,4689033.7558985
15611,1111,"Rua General Silva Freire, Lote C",Olivais,Passeio,BICICLETA,Sheffield standard,2,4,Não,Público,Partilhado com Micromobilidade,17/09/2020,-1014452.7245279,4689139.8269444
15612,1112,"Rua Dom Pedro V, 2",Santo António,Passeio,HOTSPOT,Sheffield standard,2,9,Não,Público,Partilhado com Micromobilidade,17/09/2020,-1018012.6172455,4681017.8579200
15613,1113,"Rua Visconde de Santarém, 71B",Arroios,Via,BICICLETA,Sheffield standard,1,2,Não,Público,Partilhado com Micromobilidade,17/09/2020,-1017444.0810475,4683762.9603037
15614,1114,"Rua Ramalho Ortigão, 3",Avenidas Novas,Passeio,HOTSPOT,Sheffield standard,2,9,Não,Público,Partilhado com Micromobilidade,17/09/2020,-1019136.2774629,4683819.9491617
15616,1116,Rua Cidade de Nampula,Olivais,Passeio,BICICLETA,Sheffield standard,2,4,Não,Público,Partilhado com Micromobilidade,17/09/2020,-1015268.9989074,4687854.5141701
15617,1117,Alameda da Encarnação,Olivais,Passeio,HOTSPOT,Sheffield standard,2,9,Não,Público,Partilhado com Micromobilidade,17/09/2020,-1015103.2992231,4689125.5490337
15618,1118,"Rua Cidade de Vila Cabral, Escola",Olivais,Passeio,BICICLETA,Sheffield standard,2,4,Não,Público,Partilhado com Micromobilidade,17/09/2020,-1015351.7637085,4688425.6832600
15619,1119,Rua Cidade de Bengela,Olivais,Passeio,BICICLETA,Sheffield standard,2,4,Não,Público,Partilhado com Micromobilidade,17/09/2020,-1014464.9819942,4688261.0785265
15620,1120,"Rua Cidade de Vila Cabral, Lote 354",Olivais,Passeio,BICICLETA,Sheffield standard,2,4,Não,Público,Partilhado com Micromobilidade,17/09/2020,-1015609.3785036,4688190.8029379
15621,1121,"Rua Cidade de Bengela, Lote 301",Olivais,Passeio,BICICLETA,Sheffield standard,2,4,Não,Público,Partilhado com Micromobilidade,17/09/2020,-1014215.8767540,4688025.0098644
15622,1122,Rua General Silva Freire,Olivais,Passeio,HOTSPOT,Sheffield standard,2,9,Não,Público,Partilhado com Micromobilidade,17/09/2020,-1014644.3678217,4689446.5421991
15623,1123,Rua Cidade de Bissau,Olivais,Passeio,HOTSPOT,Sheffield standard,2,9,Não,Público,Partilhado com Micromobilidade,17/09/2020,-1014361.7729550,4687467.3664651
15624,1124,Rua de Chibuto,Olivais,Passeio,BICICLETA,Sheffield standard,2,4,Não,Público,Partilhado com Micromobilidade,17/09/2020,-1013919.3366244,4687570.0579887
15625,1125,Rua Cidade de Negage,Olivais,Passeio,BICICLETA,Sheffield standard,2,4,Não,Público,Partilhado com Micromobilidade,17/09/2020,-1014955.8022381,4688345.9117780
15626,1126,Praça Cidade de São Salvador,Olivais,Passeio,BICICLETA,Sheffield standard,2,4,Não,Público,Partilhado com Micromobilidade,17/09/2020,-1014639.5953264,4687976.5357770
15627,1127,Rua Cidade do Lobito,Olivais,Passeio,BICICLETA,Sheffield standard,2,4,Não,Público,Partilhado com Micromobilidade,17/09/2020,-1014470.8092490,4687843.8862408
15628,1128,"Rua Eurico da Fonseca, 3",Olivais,Passeio,HOTSPOT,Sheffield standard,2,9,Não,Público,Partilhado com Micromobilidade,17/09/2020,-1014070.3805013,4687609.0340804
15629,1129,"Avenida Óscar Monteiro Torres, 59",Areeiro,Passeio,BICICLETA,Sheffield standard,2,4,Não,Público,Partilhado com Micromobilidade,17/09/2020,-1017444.3528257,4685037.7018136
15630,1130,"Avenida Sacadura Cabral, 18",Areeiro,Passeio,HOTSPOT,Sheffield standard,2,9,Não,Público,Partilhado com Micromobilidade,17/09/2020,-1017570.7555421,4685155.5611516
15631,1131,"Avenida Sacadura Cabral, 27",Areeiro,Passeio,BICICLETA,Sheffield standard,2,4,Não,Público,Partilhado com Micromobilidade,17/09/2020,-1017702.9234596,4685100.9661757
15633,1133,"Rua Cidade de Vila Cabral, Lote 353",Olivais,Passeio,HOTSPOT,Sheffield standard,2,9,Não,Público,Partilhado com Micromobilidade,17/09/2020,-1015542.8269884,4688241.1478671
15634,1134,"Rua Cidade da Beira, 68",Olivais,Passeio,BICICLETA,Sheffield standard,2,4,Não,Público,Partilhado com Micromobilidade,17/09/2020,-1015299.7475625,4688534.0738543
15635,1135,Praça de Bilene,Olivais,Passeio,BICICLETA,Sheffield standard,2,4,Não,Público,Partilhado com Micromobilidade,17/09/2020,-1015392.3123379,4687744.2434788
15636,1136,"Rua Cidade da Beira, 44",Olivais,Passeio,BICICLETA,Sheffield standard,2,4,Não,Público,Partilhado com Micromobilidade,17/09/2020,-1015718.4417219,4688103.6801547
15637,1137,Alameda da Encarnação,Olivais,Passeio,HOTSPOT,Sheffield standard,2,9,Não,Público,Partilhado com Micromobilidade,17/09/2020,-1015056.6021562,4689187.6786243
15638,1138,"Rua Professor Salazar de Sousa, Igreja",Lumiar,Passeio,BICICLETA,Sheffield standard,2,4,Não,Público,Partilhado com Micromobilidade,17/09/2020,-1019237.3215230,4688245.4601174
15639,1139,"Rua Luís de Freitas Branco, 30B",Lumiar,Passeio,BICICLETA,Sheffield standard,2,4,Não,Público,Partilhado com Micromobilidade,17/09/2020,-1019980.0720414,4689050.5621570
15640,1140,"Alameda das Linhas de Torres, 22A",Lumiar,Passeio,HOTSPOT,Sheffield standard,2,9,Não,Público,Partilhado com Micromobilidade,17/09/2020,-1019723.0915274,4688929.6048703
15641,1141,"Alameda das Linhas de Torres, 253",Lumiar,Passeio,BICICLETA,Sheffield standard,2,4,Não,Público,Partilhado com Micromobilidade,17/09/2020,-1019828.1722964,4689139.6497554
15642,1142,"Rua Ramalho Ortigão, 43",Avenidas Novas,Passeio,BICICLETA,Sheffield standard,1,2,Não,Público,Partilhado com Micromobilidade,17/09/2020,-1019382.6421844,4683850.9402496
15643,1143,"Rua Ramalho Ortigão, 43",Avenidas Novas,Passeio,BICICLETA,Sheffield standard,1,2,Não,Público,Partilhado com Micromobilidade,17/09/2020,-1019396.7766423,4683854.8645023
15644,1144,"Rua Fialho de Almeida, 2",Avenidas Novas,Passeio,BICICLETA,Sheffield standard,2,4,Não,Público,Partilhado com Micromobilidade,17/09/2020,-1019129.3886955,4683634.8139907
15645,1145,"Rua Ramalho Ortigão, 33",Avenidas Novas,Passeio,BICICLETA,Sheffield standard,2,4,Não,Público,Partilhado com Micromobilidade,17/09/2020,-1019294.4220026,4683863.2204404
15646,1146,"Rua Manuel Marques, 13",Lumiar,Passeio,HOTSPOT,Sheffield standard,2,9,Não,Público,Partilhado com Micromobilidade,17/09/2020,-1019014.8389151,4688086.7368615
15647,1147,"Rua Manuel Marques, 8E",Lumiar,Passeio,HOTSPOT,Sheffield standard,2,9,Não,Público,Partilhado com Micromobilidade,17/09/2020,-1019004.2622678,4688125.2342352
15648,1148,"Campo Grande, 246",Alvalade,Passeio,BICICLETA,Sheffield standard,3,6,Não,Público,Partilhado com Micromobilidade,17/09/2020,-1018622.0300945,4686523.0037718
15649,1149,Rua Xavier Araújo,São Domingos de Benfica,Passeio,HOTSPOT,Sheffield standard,4,13,Não,Público,Partilhado com Micromobilidade,17/09/2020,-1021045.0485752,4685702.0651425
15650,1150,"Rua Manuel da Silva Real, 11D",São Domingos de Benfica,Passeio,BICICLETA,Sheffield standard,2,4,Não,Público,Partilhado com Micromobilidade,17/09/2020,-1020911.1163547,4685836.6520312
15651,1151,Rua Manuel da Silva Real,São Domingos de Benfica,Passeio,BICICLETA,Sheffield standard,2,4,Não,Público,Partilhado com Micromobilidade,17/09/2020,-1020958.0222922,4685954.9580172
15652,1152,Rua Manuel da Silva Real,São Domingos de Benfica,Passeio,HOTSPOT,Sheffield standard,2,9,Não,Público,Partilhado com Micromobilidade,17/09/2020,-1021046.8932936,4685955.2605268
15653,1153,"Rua Virgílio Correia, 2B",São Domingos de Benfica,Passeio,HOTSPOT,Sheffield standard,2,9,Não,Público,Partilhado com Micromobilidade,17/09/2020,-1021041.6566862,4686067.4483097
15654,1154,"Rua Virgílio Correia, 3",São Domingos de Benfica,Passeio,BICICLETA,Sheffield standard,2,4,Não,Público,Partilhado com Micromobilidade,17/09/2020,-1021060.1932651,4686064.7875809
15655,1155,"Rua Abranches Ferrão, 6",São Domingos de Benfica,Passeio,BICICLETA,Sheffield standard,2,4,Não,Público,Partilhado com Micromobilidade,17/09/2020,-1021055.7788586,4686033.9481439
15656,1156,"Rua São Tomás de Aquilo, Igreja",São Domingos de Benfica,Passeio,HOTSPOT,Sheffield standard,2,9,Não,Público,Partilhado com Micromobilidade,17/09/2020,-1021082.6409594,4686300.0863156
15657,1157,"Rua São Tomás de Aquilo, 4C",São Domingos de Benfica,Passeio,BICICLETA,Sheffield standard,2,4,Não,Público,Partilhado com Micromobilidade,17/09/2020,-1021174.2802389,4686262.7666245
15658,1158,"Rua Lúcio de Azevedo, 12A",São Domingos de Benfica,Passeio,BICICLETA,Sheffield standard,4,8,Não,Público,Partilhado com Micromobilidade,17/09/2020,-1021135.6253455,4686574.4810346
15659,1159,"Rua Lúcio de Azevedo, 21B",São Domingos de Benfica,Passeio,BICICLETA,Sheffield standard,2,4,Não,Público,Partilhado com Micromobilidade,17/09/2020,-1021095.8653444,4686600.0423709
15660,1160,"Rua Virgílio Correia, Escola",São Domingos de Benfica,Passeio,BICICLETA,Sheffield standard,2,4,Não,Público,Partilhado com Micromobilidade,17/09/2020,-1021192.8663684,4686620.5732790
15661,1161,"Estrada da Luz, 146",São Domingos de Benfica,Passeio,BICICLETA,Sheffield standard,2,4,Não,Público,Partilhado com Micromobilidade,17/09/2020,-1021456.8409822,4686664.9485023
15662,1162,"Estrada da Luz, 165",São Domingos de Benfica,Passeio,HOTSPOT,Sheffield standard,2,9,Não,Público,Partilhado com Micromobilidade,17/09/2020,-1021468.9783174,4686629.7674821
15663,1163,"Estrada da Luz, 173B",São Domingos de Benfica,Passeio,BICICLETA,Sheffield standard,2,4,Não,Público,Partilhado com Micromobilidade,17/09/2020,-1021521.6572747,4686688.7022552
15664,1164,"Rua Tomás da Fonseca, 3B",São Domingos de Benfica,Passeio,HOTSPOT,Sheffield standard,4,13,Não,Público,Partilhado com Micromobilidade,17/09/2020,-1021379.8681842,4686805.4034428
15665,1165,"Rua Tomás da Fonseca, 1B",São Domingos de Benfica,Passeio,HOTSPOT,Sheffield standard,4,13,Não,Público,Partilhado com Micromobilidade,17/09/2020,-1021449.6720733,4686805.7959212
15666,1166,"Estrada da Luz, 197",São Domingos de Benfica,Passeio,HOTSPOT,Sheffield standard,2,9,Não,Público,Partilhado com Micromobilidade,17/09/2020,-1021658.0296815,4686863.2889440
15667,1167,"Rua dos Soeiros, 339",São Domingos de Benfica,Passeio,BICICLETA,Sheffield standard,2,4,Não,Público,Partilhado com Micromobilidade,17/09/2020,-1021598.9010707,4686773.6377767
15668,1168,Rua João de Freitas Branco,São Domingos de Benfica,Passeio,HOTSPOT,Sheffield standard,2,9,Não,Público,Partilhado com Micromobilidade,17/09/2020,-1021915.3912241,4685858.0681286
15669,1169,Rua Abílio Mendes,São Domingos de Benfica,Passeio,HOTSPOT,Sheffield standard,2,9,Não,Público,Partilhado com Micromobilidade,17/09/2020,-1021738.6714727,4685762.6324904
15670,1170,Rua Abílio Mendes,São Domingos de Benfica,Passeio,HOTSPOT,Sheffield standard,2,9,Não,Público,Partilhado com Micromobilidade,17/09/2020,-1021592.2207470,4685745.7366582
15671,1171,"Avenida Manuel da Maia, 2",Arroios,Passeio,BICICLETA,Sheffield standard,3,6,Não,Público,Partilhado com Micromobilidade,17/09/2020,-1017102.4068065,4683780.0074840
15672,1172,"Avenida do Brasil, 46",Alvalade,Passeio,BICICLETA,Sheffield standard,3,6,Não,Público,Partilhado com Micromobilidade,17/09/2020,-1018264.0104168,4686805.2615027
15673,1173,"Rua Fernando Pessoa, Escola",Alvalade,Passeio,BICICLETA,Sheffield standard,2,4,Não,Público,Partilhado com Micromobilidade,17/09/2020,-1018121.0483674,4686015.5302452
15674,1174,"Avenida David Mourão-Ferreira, 62B",Lumiar,Passeio,HOTSPOT,Sheffield standard,2,9,Não,Público,Partilhado com Micromobilidade,17/09/2020,-1019214.1194980,4689457.4659917
15675,1175,"Estrada da Luz, 177F",São Domingos de Benfica,Passeio,HOTSPOT,Sheffield standard,2,9,Não,Público,Partilhado com Micromobilidade,17/09/2020,-1021551.2310277,4686733.7404755
15676,1176,"Calçada da Tapada, 9",Alcântara,Passeio,BICICLETA,Sheffield standard,6,12,Não,Público,Partilhado com Micromobilidade,,-1021494.6548679,4679741.9760095
15677,1178,"Rua Fernando Pessoa, 20",Alvalade,Lugar estacionamento automóvel,BICICLETA,Sheffield standard,5,10,Não,Público,Partilhado com Micromobilidade,06/01/2022,-1018263.3258324,4685987.0519221
15678,1179,"Rua Fernando Pessoa, 12",Alvalade,Lugar estacionamento automóvel,BICICLETA,Sheffield standard,4,8,Não,Público,Partilhado com Micromobilidade,06/01/2022,-1018163.0606813,4686029.5648445
15679,1180,Rua António Patrício,Alvalade,Via,HOTSPOT,Sheffield standard,3,11,Não,Público,Partilhado com Micromobilidade,09/01/2020,-1017847.6938949,4685855.1896156
15680,1181,Rua António Patrício,Alvalade,Via,HOTSPOT,Sheffield standard,3,11,Não,Público,Partilhado com Micromobilidade,09/01/2020,-1017826.7029260,4685861.6774604
15681,1182,Rua António Patrício,Alvalade,Via,HOTSPOT,Sheffield standard,3,11,Não,Público,Partilhado com Micromobilidade,09/01/2020,-1017792.4906268,4685872.1105185
15682,1183,Avenida António Augusto de Aguiar,Avenidas Novas,Passeio,BICICLETA,Entorta rodas,2,10,Sim,Privado,Interdito Micromobilidade,,-1018895.1683677,4683461.0084380
15683,1184,Avenida de Sidónio Pais,Avenidas Novas,Passeio,BICICLETA,Entorta rodas,2,10,Sim,Privado,Interdito Micromobilidade,,-1018997.4188937,4683518.1086043
15684,1185,"Alameda Edgar Cardoso, Estufa Fria",Avenidas Novas,Passeio,BICICLETA,Sheffield standard,3,6,Não,Público,Partilhado com Micromobilidade,22/06/2020,-1019181.2472240,4682917.8436193
15685,1186,"Largo do Leão, Escola",Arroios,Passeio,BICICLETA,Sheffield standard,4,8,Não,Público,Partilhado com Micromobilidade,09/09/2020,-1017193.6606528,4683745.8407181
15686,1187,"Campo dos Mártires da Pátria, 30",Arroios,Passeio,BICICLETA,Sheffield standard,3,6,Não,Público,Partilhado com Micromobilidade,24/07/2020,-1017516.0863647,4681779.4254673
15687,1188,"Rua Capitão Tenente Oliveira e Carmo, Lote 144",Olivais,Passeio,HOTSPOT,Sheffield standard,2,9,Não,Público,Partilhado com Micromobilidade,09/07/2020,-1014511.6060748,4689521.7559712
15688,1189,Rua da Centieira,Parque das Nações,Passeio,BICICLETA,Sheffield standard,3,6,Não,Público,Partilhado com Micromobilidade,08/03/2018,-1013106.8205405,4687759.5153221
15689,1190,"Avenida da República, 91",Avenidas Novas,Lugar estacionamento automóvel,BICICLETA,Sheffield standard,5,10,Não,Público,Partilhado com Micromobilidade,19/08/2020,-1018271.4762939,4684922.6443928
15690,1191,"Avenida da República, 91",Avenidas Novas,Lugar estacionamento automóvel,BICICLETA,Sheffield standard,5,10,Não,Público,Partilhado com Micromobilidade,19/08/2020,-1018272.7386521,4684929.3073171
15691,1192,"Avenida da República, 91",Avenidas Novas,Lugar estacionamento automóvel,BICICLETA,Sheffield standard,5,10,Não,Público,Partilhado com Micromobilidade,19/08/2020,-1018270.2798808,4684916.3299184
15692,1193,Metro campo Grande,Lumiar,Passeio,BICICLETA,Grelha,1,6,Não,Público,Partilhado com Micromobilidade,,-1019409.8997347,4687267.6267542
15693,1343,"Avenida Dr. Augusto de Castro, Lote 408",Marvila,Passeio,BICICLETA,Entorta rodas,1,5,Sim,Público,Partilhado com Micromobilidade,,-1014463.4195295,4687021.8535848
15694,1344,"Rua João Saraiva, 7",Alvalade,Lugar estacionamento automóvel,BICICLETA,Entorta rodas,2,10,Sim,Privado,Interdito Micromobilidade,,-1017678.7217473,4686881.3925600
15695,1324,Rua da Cintura do Porto de Lisboa,Marvila,Passeio,BICICLETA,Sheffield standard,8,16,Não,Público,Partilhado com Micromobilidade,02/07/2020,-1012780.6082255,4684819.1044992
15696,1325,Rua da Cintura do Porto de Lisboa,Marvila,Passeio,BICICLETA,Sheffield standard,8,16,Não,Público,Partilhado com Micromobilidade,02/07/2020,-1012759.4756185,4685180.7510450
15697,1326,Rua da Cintura do Porto de Lisboa,Marvila,Passeio,BICICLETA,Sheffield standard,8,16,Não,Público,Partilhado com Micromobilidade,02/07/2020,-1012674.7793125,4685361.5297452
15698,1327,Rua da Cintura do Porto de Lisboa,Marvila,Passeio,BICICLETA,Sheffield standard,8,16,Não,Público,Partilhado com Micromobilidade,02/07/2020,-1012728.1902911,4685330.6074086
15699,1328,Largo da Estação de Braço de Prata,Marvila,Passeio,BICICLETA,Sheffield standard,5,10,Não,Público,Partilhado com Micromobilidade,,-1013351.3408861,4685311.7716136
15700,1329,Avenida Infante Dom Henrique,Marvila,Passeio,BICICLETA,Sheffield standard,4,8,Não,Público,Partilhado com Micromobilidade,02/07/2020,-1012909.4591009,4685026.2607797
15701,1330,"Avenida de Ceuta, Estação",Estrela,Passeio,BICICLETA,Sheffield standard,4,8,Não,Público,Partilhado com Micromobilidade,,-1021169.9908373,4679919.5605869
15702,1331,"Avenida Infante Dom Henrique, 319",Marvila,Passeio,BICICLETA,Entorta rodas,1,5,Sim,Privado,Interdito Micromobilidade,,-1013426.8413346,4686695.4426127
15703,1333,"Avenida Infante Dom Henrique, 321",Olivais,Passeio,BICICLETA,Entorta rodas,1,5,Não,Público,Partilhado com Micromobilidade,,-1013403.4003671,4686830.7769320
15704,1334,"Avenida Francisco Salgado Zenha, Lote 2",Marvila,Passeio,BICICLETA,Entorta rodas,1,5,Não,Público,Partilhado com Micromobilidade,,-1015056.6495258,4685667.0555281
15705,1335,"Rua Gaivotas em Terra, Escola",Parque das Nações,Passeio,BICICLETA,Entorta rodas,6,36,Não,Privado,Interdito Micromobilidade,15/01/2021,-1012777.7645931,4686684.1835457
15706,1337,"Campo Grande, 13",Alvalade,Passeio,BICICLETA,Sheffield estreito,4,8,Sim,Privado,Interdito Micromobilidade,,-1018577.7344949,4685789.6202564
15707,1338,"Rua das Trinas, 4",Estrela,Lugar estacionamento automóvel,BICICLETA,Sheffield standard,4,8,Não,Público,Partilhado com Micromobilidade,02/10/2021,-1019291.3175578,4679871.7119029
15708,1339,Rua Fernando Namora,Lumiar,Passeio,BICICLETA,Grelha,1,2,Não,Público,Partilhado com Micromobilidade,,-1021314.3798582,4687265.0856755
15709,1340,Rua Fernando Namora,Lumiar,Passeio,BICICLETA,Grelha,1,2,Não,Público,Partilhado com Micromobilidade,,-1021299.5562514,4687212.8587629
15710,1341,"Rua Luís Augusto Palmeirim, 10",Alvalade,Lugar estacionamento automóvel,HOTSPOT,Sheffield standard,4,13,Não,Público,Partilhado com Micromobilidade,12/01/2020,-1017685.7150103,4686694.3256028
15711,1342,"Rua Luís Augusto Palmeirim, 4D",Alvalade,Lugar estacionamento automóvel,HOTSPOT,Sheffield standard,4,13,Não,Público,Partilhado com Micromobilidade,12/01/2020,-1017611.9865155,4686725.9580583
15712,1354,Rua Francisco Gentil Martins,Campolide,Via,HOTSPOT,Sheffield standard,2,9,Não,Público,Partilhado com Micromobilidade,,-1020800.6444051,4684419.1263725
15713,1355,Rua Conde de Almoster,São Domingos de Benfica,Passeio,HOTSPOT,Sheffield standard,2,9,Não,Público,Partilhado com Micromobilidade,,-1021764.9636134,4684843.6096140
15714,1356,"Rua Conde de Almoster, 76",São Domingos de Benfica,Via,HOTSPOT,Sheffield standard,2,9,Não,Público,Partilhado com Micromobilidade,,-1022076.0627164,4685016.7155014
15715,1357,"Rua Conde de Almoster, 82",São Domingos de Benfica,Passeio,HOTSPOT,Sheffield standard,2,9,Não,Público,Partilhado com Micromobilidade,,-1022125.1739154,4685043.9715677
15716,1358,"Rua Conde de Almoster, 100",São Domingos de Benfica,Via,HOTSPOT,Sheffield standard,2,9,Não,Público,Partilhado com Micromobilidade,,-1022332.6257313,4685145.1898406
15717,1359,Rua Conde de Almoster,São Domingos de Benfica,Via,HOTSPOT,Sheffield standard,2,9,Não,Público,Partilhado com Micromobilidade,,-1022833.5737965,4685195.2593459
15718,1360,"Rua António Champalimaud, Lote 4",Carnide,Lugar estacionamento automóvel,HOTSPOT,Sheffield standard,2,9,Não,Público,Partilhado com Micromobilidade,19/03/2021,-1022116.9725735,4688472.6019326
15719,1361,"Rua António Champalimaud, Lote 3",Carnide,Lugar estacionamento automóvel,HOTSPOT,Sheffield standard,2,9,Não,Público,Partilhado com Micromobilidade,19/03/2021,-1022048.0947769,4688545.4651230
15720,1362,"Avenida Professor Egas Moniz, Piscina",Alvalade,Passeio,BICICLETA,Cascata,2,16,Não,Público,Partilhado com Micromobilidade,,-1019814.0059159,4686706.6991963
15721,1363,Avenida Professor Egas Moniz,Alvalade,Passeio,BICICLETA,Entorta rodas,1,5,Não,Público,Partilhado com Micromobilidade,,-1019934.8888794,4686802.0111461
15722,1364,"Avenida Professor Egas Moniz, Piscina",Alvalade,Passeio,BICICLETA,Entorta rodas,1,5,Não,Público,Partilhado com Micromobilidade,,-1019897.3755684,4686756.1987914
15723,1365,Rua Ginestal Machado,São Domingos de Benfica,Passeio,BICICLETA,Sheffield standard,2,4,Não,Público,Partilhado com Micromobilidade,10/09/2020,-1021156.3639222,4686335.7152903
15724,1366,"Rua Carlos Mardel, 32",Arroios,Via,BICICLETA,Sheffield standard,1,2,Não,Público,Partilhado com Micromobilidade,03/04/2021,-1016697.2865217,4683768.4418215
15725,1567,Rua Castilho,Avenidas Novas,Via,HOTSPOT,Sheffield standard,2,9,Não,Público,Partilhado com Micromobilidade,22/10/2021,-1019318.5622116,4682852.9308084
15726,1568,Rua Castilho,Avenidas Novas,Via,HOTSPOT,Sheffield standard,2,9,Não,Público,Partilhado com Micromobilidade,22/10/2021,-1019245.4402204,4682747.5335144
15727,1345,"Rua Francisco Pedro Curado, 5",Penha de França,Lugar estacionamento automóvel,BICICLETA,Sheffield standard,5,10,Não,Público,Partilhado com Micromobilidade,,-1015970.2346672,4682670.0868824
15728,1346,"Avenida de António José de Almeida, Universidade",Areeiro,Passeio,BICICLETA,Sheffield largo,8,16,Não,Privado,Interdito Micromobilidade,,-1017319.4706747,4683848.6641571
15729,1347,"Avenida de António José de Almeida, Universidade",Areeiro,Passeio,BICICLETA,Sheffield largo,8,16,Não,Privado,Interdito Micromobilidade,,-1017347.3538286,4684221.6834442
15730,1348,"Avenida de António José de Almeida, IST",Areeiro,Via,BICICLETA,Sheffield standard,10,20,Não,Privado,Interdito Micromobilidade,,-1017432.8737114,4684048.4258155
15731,1349,"Avenida de António José de Almeida, IST",Areeiro,Via,BICICLETA,Sheffield standard,10,20,Não,Privado,Interdito Micromobilidade,,-1017429.4287552,4684003.7282554
15732,1350,"Avenida de António José de Almeida, IST",Areeiro,Via,BICICLETA,Sheffield standard,4,8,Não,Privado,Interdito Micromobilidade,,-1017351.5386047,4684059.0349847
15733,1351,"Avenida de António José de Almeida, IST",Areeiro,Via,BICICLETA,Sheffield standard,4,8,Não,Privado,Interdito Micromobilidade,,-1017347.2268365,4684005.5120071
15734,1352,"Avenida de António José de Almeida, Universidade",Areeiro,Passeio,BICICLETA,Sheffield standard,6,12,Não,Privado,Interdito Micromobilidade,04/01/2021,-1017152.6927692,4684092.4064613
15735,1353,Largo Prof. Arnaldo Sampaio,Campolide,Passeio,HOTSPOT,Sheffield standard,2,9,Não,Público,Partilhado com Micromobilidade,,-1020652.4212416,4684441.5257138
15736,1194,Rua João Amaral,Santa Clara,Passeio,BICICLETA,Onda,1,5,Não,Público,Partilhado com Micromobilidade,,-1018889.3494525,4690697.9283497
15737,1195,Calçada do Duque,Santa Maria Maior,Passeio,BICICLETA,Sheffield standard,3,6,Sim,Público,Partilhado com Micromobilidade,,-1017611.9230005,4680768.6301394
15738,1196,Rua da Venezuela,Benfica,Passeio,BICICLETA,Sheffield standard,3,6,Sim,Privado,Interdito Micromobilidade,,-1024124.6361471,4685127.9710706
15739,1197,"Avenida Professor Egas Moniz, Escola",Alvalade,Passeio,BICICLETA,Sheffield standard,6,12,Não,Privado,Interdito Micromobilidade,,-1019976.0955631,4685866.8180620
15740,1198,"Avenida Padre Manuel da Nóbrega, 15",Areeiro,Passeio,BICICLETA,Sheffield standard,5,10,Não,Privado,Interdito Micromobilidade,,-1016877.1092820,4685123.8030895
15741,1199,Alameda da Universidade,Alvalade,Via,BICICLETA,Sheffield standard,4,8,Não,Público,Partilhado com Micromobilidade,,-1019431.6647065,4686084.3802562
15742,1200,"Avenida Professor Gama Pinto, Faculdade",Alvalade,Via,BICICLETA,Sheffield standard,4,8,Não,Público,Partilhado com Micromobilidade,,-1019378.2045601,4685841.3969884
15743,1201,"Rua Capitão-Mor Pedro Teixeira, 11",Belém,Lugar estacionamento automóvel,BICICLETA,Sheffield standard,4,8,Não,Público,Partilhado com Micromobilidade,26/10/2020,-1024922.9948656,4679885.4421233
15744,1202,"Rua Capitão-Mor Pedro Teixeira, Escola",Belém,Lugar estacionamento automóvel,BICICLETA,Sheffield standard,4,8,Não,Público,Partilhado com Micromobilidade,26/10/2020,-1024941.7014619,4679860.7425822
15745,1203,Calçada do Galvão,Belém,Lugar estacionamento automóvel,BICICLETA,Sheffield standard,2,4,Não,Público,Partilhado com Micromobilidade,26/10/2020,-1024410.0915431,4679735.1111787
15746,1204,"Avenida Dom Carlos I, 97",Estrela,Lugar estacionamento automóvel,HOTSPOT,Sheffield standard,2,9,Não,Público,Partilhado com Micromobilidade,26/10/2020,-1018954.8274831,4680231.0416347
15747,1205,"Largo do Conde Barão, 12",Misericórdia,Lugar estacionamento automóvel,HOTSPOT,Sheffield standard,2,9,Não,Público,Partilhado com Micromobilidade,26/10/2020,-1018699.8614548,4680040.8270473
15748,1206,"Rua de São Pedro de Alcântara, 55",Misericórdia,Lugar estacionamento automóvel,HOTSPOT,Sheffield standard,2,9,Não,Público,Partilhado com Micromobilidade,26/10/2020,-1017922.6107363,4680847.5873237
15749,1207,"Rua Marquês da Fronteira, 72A",,,,Desconhecido,0,0,Não,,,,0.0000000,0.0000000
0,0,,,,,Desconhecido,0,0,Não,,,,0.0000000,0.0000000
15750,1208,Rua Marquês da Fronteira,,,,Desconhecido,0,0,Não,,,,0.0000000,0.0000000
0,0,,,,,Desconhecido,0,0,Não,,,,0.0000000,0.0000000
15751,1209,Rua Prof. Sousa da Câmara,Lugar entre cargas e descargas e entrada garagem,Campolide,Lugar estacionamento automóvel,HOTSPOT,0,2,Não,4,Público,EMEL,5.0000000,-1019958.5974014
15752,1210,"Rua Almirante Barroso, 1B",Arroios,Lugar estacionamento automóvel,HOTSPOT,Sheffield standard,4,9,Não,Público,Partilhado com Micromobilidade,26/10/2020,-1017602.1274501,4683288.0538434
15753,1211,Rua Carlos José Barreiros,Arroios,Via,HOTSPOT,Sheffield standard,2,9,Não,Público,Partilhado com Micromobilidade,26/10/2020,-1017061.5990753,4683405.0367317
15754,1212,"Largo de Santa Bárbara, 11",Arroios,Lugar estacionamento automóvel,HOTSPOT,Sheffield standard,2,9,Não,Público,Partilhado com Micromobilidade,26/10/2020,-1017045.6938629,4682605.0938255
15755,1213,"Rua Frei Francisco Foreiro, 8C",Arroios,Lugar estacionamento automóvel,HOTSPOT,Sheffield standard,2,9,Não,Público,Partilhado com Micromobilidade,26/10/2020,-1016957.5406315,4682792.7507171
15756,1214,"Rua António Pedro, 32A",Arroios,Lugar estacionamento automóvel,HOTSPOT,Sheffield standard,2,9,Não,Público,Partilhado com Micromobilidade,26/10/2020,-1016948.6956763,4683036.8430248
15757,1215,"Rua de Dona Estefânia, 127A",Arroios,Lugar estacionamento automóvel,HOTSPOT,Sheffield standard,2,9,Não,Público,Partilhado com Micromobilidade,26/10/2020,-1017550.7416984,4683231.9765418
15758,1216,"Rua de Dona Estefânia, 114",Arroios,Lugar estacionamento automóvel,HOTSPOT,Sheffield standard,2,9,Não,Público,Partilhado com Micromobilidade,26/10/2020,-1017615.2409868,4683712.2101674
15759,1217,"Rua Gomes Freire, 162",Arroios,Lugar estacionamento automóvel,HOTSPOT,Sheffield standard,2,9,Não,Público,Partilhado com Micromobilidade,26/10/2020,-1017680.7688495,4682702.8014936
15760,1218,"Rua da Escola de Medicina Veterinária, 2",Arroios,Lugar estacionamento automóvel,HOTSPOT,Sheffield standard,4,13,Não,Público,Partilhado com Micromobilidade,26/10/2020,-1017538.5782879,4683059.2259655
15761,1219,"Rua Alexandre Braga, 33",Arroios,Lugar estacionamento automóvel,BICICLETA,Sheffield standard,4,8,Não,Público,Partilhado com Micromobilidade,26/10/2020,-1017516.6788985,4683161.0380668
15762,1246,Avenida de Pádua,Parque das Nações,Passeio,BICICLETA,Sheffield standard,33,66,Não,Público,Partilhado com Micromobilidade,,-1013126.9955721,4687781.8755814
15763,1247,"Calçada da Estação, Estação",Campolide,Passeio,BICICLETA,Lisboa,8,16,Não,Público,Partilhado com Micromobilidade,,-1020604.4566816,4683384.0559252
15764,1248,"Estrada da Torre, 28",Lumiar,Passeio,BICICLETA,Sheffield estreito,15,30,Sim,Privado,Interdito Micromobilidade,,-1019516.6347905,4689376.5345423
15765,1250,"Rua Mário Sampaio Ribeiro, Escola",Lumiar,Via,BICICLETA,Entorta rodas,2,10,Não,Privado,Interdito Micromobilidade,,-1019891.5094995,4688719.9987603
15766,1251,Rua de Campolide,Campolide,Via,BICICLETA,Sheffield standard,4,8,Não,Público,Partilhado com Micromobilidade,,-1020384.8903496,4684039.8373313
15767,1252,Avenida António Augusto de Aguiar,Avenidas Novas,Via,BICICLETA,Sheffield standard,4,8,Não,Público,Partilhado com Micromobilidade,,-1019238.1475952,4684061.4908021
15769,1255,"Praça Dom Manuel I, 4A",Belém,Passeio,BICICLETA,Sheffield standard,2,4,Não,Público,Partilhado com Micromobilidade,,-1027065.1569904,4678572.5846617
15770,1256,"Rua Raul Carapinha, Escola",São Domingos de Benfica,Lugar estacionamento automóvel,BICICLETA,Sheffield standard,3,6,Não,Público,Partilhado com Micromobilidade,14/12/2020,-1020963.2530558,4684671.8992579
15771,1257,"Avenida D. João II, 4.69.01",Parque das Nações,Lugar estacionamento automóvel,HOTSPOT,Sheffield standard,2,9,Não,Público,Partilhado com Micromobilidade,14/12/2020,-1012718.0661385,4689634.4636342
15772,1258,Avenida 24 de Julho,Estrela,Lugar estacionamento automóvel,HOTSPOT,Sheffield standard,2,9,Não,Público,Partilhado com Micromobilidade,14/12/2020,-1019188.5551146,4679724.7649302
15773,1259,"Rua da Junqueira, 188",Belém,Lugar estacionamento automóvel,HOTSPOT,Sheffield standard,2,9,Não,Público,Partilhado com Micromobilidade,26/10/2020,-1023202.1352856,4678497.0698591
15774,1260,Praça Martim Moniz,Santa Maria Maior,Passeio,BICICLETA,Sheffield standard,3,6,Não,Público,Partilhado com Micromobilidade,02/03/2021,-1017058.0947095,4680955.4726117
15775,1261,"Rua Gonçalves Zarco, Escola",Belém,Lugar estacionamento automóvel,BICICLETA,Sheffield standard,4,8,Não,Público,Partilhado com Micromobilidade,14/12/2020,-1024718.9024999,4679527.2206554
15776,1262,"Rua Gonçalves Zarco, 21H",Belém,Lugar estacionamento automóvel,HOTSPOT,Sheffield standard,2,9,Não,Público,Partilhado com Micromobilidade,14/12/2020,-1024834.3882273,4679119.8564311
15777,1263,Parque do Vale do Silêncio,Olivais,Via,BICICLETA,Sheffield standard,2,4,Não,Público,Partilhado com Micromobilidade,14/12/2020,-1015067.8920738,4688160.1757054
15778,1264,"Rua Cidade de Gabela, 1",Olivais,Lugar estacionamento automóvel,HOTSPOT,Sheffield standard,2,9,Não,Público,Partilhado com Micromobilidade,14/12/2020,-1014590.3760439,4688493.9227154
15779,1265,"Avenida de Pádua, Cemitério",Olivais,Via,BICICLETA,Sheffield standard,6,12,Não,Público,Partilhado com Micromobilidade,22/10/2019,-1013905.0760157,4687849.4453408
15780,1266,"Avenida Sacadura Cabral, 4B",Areeiro,Lugar estacionamento automóvel,HOTSPOT,Sheffield standard,2,9,Não,Público,Partilhado com Micromobilidade,07/01/2020,-1017474.5208729,4685185.3473993
15781,1267,Rua do Comércio,Santa Maria Maior,Lugar estacionamento motociclo,BICICLETA,Car Bike Port,5,8,Não,Público,Partilhado com Micromobilidade,09/08/2020,-1017303.5352671,4679990.2894190
15782,1268,"Rua Francisco Stromp, 21C",Lumiar,Passeio,BICICLETA,Entorta rodas,5,5,Não,Público,Partilhado com Micromobilidade,,-1019642.2890387,4687894.4960900
15783,1269,Eixo Central,Lumiar,Passeio,BICICLETA,Onda,2,10,Não,Público,Partilhado com Micromobilidade,18/05/2013,-1018382.3375793,4688403.0845409
15784,1270,Rua Interior à Azinhaga da Fonte do Louro,Areeiro,Passeio,BICICLETA,Lisboa,4,8,Não,Público,Partilhado com Micromobilidade,,-1016367.0404519,4685669.6390555
15785,1271,"Avenida de Roma, 26AA",Areeiro,Passeio,BICICLETA,Entorta rodas,1,5,Sim,Privado,Interdito Micromobilidade,,-1017307.9242909,4685177.0964546
15786,1272,Rua Tomás da Fonseca,São Domingos de Benfica,Passeio,BICICLETA,Sheffield estreito,6,12,Não,Privado,Interdito Micromobilidade,,-1021411.9280507,4686851.0222456
15787,1273,"Azinhaga das Galhardas, 23A",Alvalade,Passeio,BICICLETA,Sheffield standard,2,4,Não,Público,Partilhado com Micromobilidade,,-1020426.4680846,4686547.4656608
15788,1274,Alameda da Universidade,Alvalade,Via,BICICLETA,Sheffield standard,4,8,Não,Público,Partilhado com Micromobilidade,,-1019559.5957312,4686220.6595515
15789,1280,"Rua Luís Augusto Palmeirim, 19B",Alvalade,Lugar estacionamento automóvel,BICICLETA,Sheffield standard,4,8,Não,Público,Partilhado com Micromobilidade,12/01/2020,-1017957.5497166,4686567.3751677
15790,1282,"Avenida do Rio de Janeiro, INATEL",Alvalade,Passeio,BICICLETA,Grelha,1,5,Não,Privado,Interdito Micromobilidade,,-1017212.0692556,4686131.7532402
15791,1283,"Avenida do Rio de Janeiro, INATEL",Alvalade,Passeio,BICICLETA,Grelha,1,5,Não,Privado,Interdito Micromobilidade,,-1017526.8922561,4686020.5038437
15792,1284,Campo Grande,Alvalade,Passeio,BICICLETA,Grelha,8,8,Não,Privado,Interdito Micromobilidade,,-1018541.0090593,4686086.8739923
15793,1285,"Campo Grande, 23",Alvalade,Via,BICICLETA,Borboleta,1,5,Não,Público,Partilhado com Micromobilidade,,-1018574.4182721,4685844.9740766
15794,1287,"Jardim Fernando Pessa, Estacionamento",Areeiro,Passeio,BICICLETA,Entorta rodas,7,35,Sim,Privado,Interdito Micromobilidade,,-1017177.3122852,4685010.6891873
15795,1288,"Rua Manuel Teixeira Gomes, Escola",Marvila,Lugar estacionamento automóvel,BICICLETA,Desconhecido,4,8,Não,Público,Partilhado com Micromobilidade,06/01/2022,-1014345.7989795,4686170.0497984
15796,1289,"Rua Manuel Teixeira Gomes, Escola",Marvila,Passeio,BICICLETA,Sheffield standard,30,60,Não,Privado,Interdito Micromobilidade,,-1014353.3850796,4686157.0193265
15797,1290,"Campo Grande, 13",Alvalade,Passeio,BICICLETA,Sheffield estreito,3,6,Sim,Privado,Interdito Micromobilidade,,-1018555.7921035,4685790.6814685
15798,1291,"Campo Grande, 13",Alvalade,Passeio,BICICLETA,Barra,6,6,Sim,Privado,Interdito Micromobilidade,,-1018569.9313107,4685788.5475614
15799,1292,Rua Gomes Freire,Arroios,Lugar estacionamento automóvel,BICICLETA,Entorta rodas,1,5,Sim,Privado,Interdito Micromobilidade,,-1017689.1810416,4682924.6019337
15800,1293,"Rua Rodrigues Sampaio, 97A",Santo António,Lugar estacionamento automóvel,BICICLETA,Sheffield standard,4,8,Não,Público,Partilhado com Micromobilidade,02/04/2021,-1018317.7463625,4682237.9883836
15801,1294,"Calçada da Ajuda, 72",Belém,Lugar estacionamento automóvel,HOTSPOT,Sheffield standard,2,9,Não,Público,Partilhado com Micromobilidade,02/04/2021,-1024091.4294435,4678629.1734360
15802,1295,"Avenida da Ilha da Madeira, 30D",Belém,Lugar estacionamento automóvel,HOTSPOT,Sheffield standard,4,13,Não,Público,Partilhado com Micromobilidade,02/04/2021,-1025001.4824622,4679619.1937741
15803,1296,"Avenida da Ilha da Madeira, 35C",Belém,Via,BICICLETA,Sheffield standard,2,4,Não,Público,Partilhado com Micromobilidade,02/04/2021,-1025047.8815663,4679674.8895533
15804,1297,"Rua dos Jerónimos, 24C",Belém,Lugar estacionamento automóvel,BICICLETA,Sheffield standard,2,4,Não,Público,Partilhado com Micromobilidade,02/04/2021,-1024785.8201900,4678788.2159588
15805,1298,"Rua Adolfo Coelho, 22",Penha de França,Via,HOTSPOT,Sheffield standard,2,9,Não,Público,Partilhado com Micromobilidade,02/04/2021,-1015284.5470407,4682421.3987858
15806,1299,"Rua Rodrigo da Fonseca, 57A",Santo António,Lugar estacionamento automóvel,HOTSPOT,Sheffield standard,2,9,Não,Público,Partilhado com Micromobilidade,02/04/2021,-1018923.2379249,4682029.8888085
15807,1300,"Largo da Luz, Portaria do Colégio Militar",Carnide,Via,BICICLETA,Sheffield standard,2,4,Não,Público,Partilhado com Micromobilidade,02/04/2021,-1022287.6994161,4687362.8392590
15808,1301,"Estrada do Paço do Lumiar, 67",Carnide,Lugar estacionamento automóvel,BICICLETA,Sheffield standard,2,4,Não,Público,Partilhado com Micromobilidade,02/04/2021,-1022240.2632519,4687678.4320331
15809,1302,"Rua Padre Américo, 11C",Carnide,Lugar estacionamento automóvel,BICICLETA,Sheffield standard,2,4,Não,Público,Partilhado com Micromobilidade,02/04/2021,-1021890.4284470,4687554.8942902
15810,1303,"Rua Padre Américo, 20",Carnide,Lugar estacionamento automóvel,BICICLETA,Sheffield standard,2,4,Não,Público,Partilhado com Micromobilidade,02/04/2021,-1021874.0160453,4687689.0200341
15811,1304,"Rua Padre Américo, 22J",Carnide,Via,HOTSPOT,Sheffield standard,2,9,Não,Público,Partilhado com Micromobilidade,02/04/2021,-1021905.4802003,4687735.1190530
15812,1305,Praça São Francisco de Assis,Carnide,Lugar estacionamento automóvel,HOTSPOT,Sheffield standard,2,9,Não,Público,Partilhado com Micromobilidade,02/04/2021,-1022011.3177789,4687911.1039000
15813,1306,"Avenida General Roçadas, 9",Penha de França,Lugar estacionamento automóvel,HOTSPOT,Sheffield standard,2,9,Não,Público,Partilhado com Micromobilidade,02/04/2021,-1016201.7249710,4682232.2006287
15814,1307,"Rua da Penha de França, 110A",Penha de França,Lugar estacionamento automóvel,HOTSPOT,Sheffield standard,2,9,Não,Público,Partilhado com Micromobilidade,02/04/2021,-1016284.7261292,4682241.4520359
15815,1308,"Rua Cidade da Horta, 38",Arroios,Lugar estacionamento automóvel,HOTSPOT,Sheffield standard,2,9,Não,Público,Partilhado com Micromobilidade,07/08/2020,-1017355.0611446,4683381.1661923
15816,1309,"Rua Cidade de Bolama, Escola",Olivais,Passeio,BICICLETA,Sheffield standard,5,10,Não,Público,Partilhado com Micromobilidade,04/01/2023,-1014829.9969261,4687582.1939534
15817,1310,Rua Alexandre de Sá Pinto,Belém,Via,BICICLETA,Sheffield standard,4,8,Não,Privado,Interdito Micromobilidade,02/12/2020,-1023659.3054161,4678725.1185933
15818,1311,"Rua Jorge de Sena, 3B",Santa Clara,Lugar estacionamento automóvel,HOTSPOT,Sheffield standard,2,9,Não,Público,Partilhado com Micromobilidade,02/04/2021,-1019777.0795018,4690095.6325476
15819,1312,"Alameda da Encarnação, Igreja",Olivais,Via,BICICLETA,Sheffield standard,2,4,Não,Público,Partilhado com Micromobilidade,21/01/2021,-1014941.6461789,4689289.1072146
15820,1313,Rua Contra-Almirante Armando Ferraz,Olivais,Lugar estacionamento automóvel,HOTSPOT,Sheffield standard,2,9,Não,Público,Partilhado com Micromobilidade,21/01/2021,-1014078.1823244,4688553.0190975
15821,1314,"Rua General Silva Freire, Lote 158",Olivais,Lugar estacionamento automóvel,HOTSPOT,Sheffield standard,2,9,Não,Público,Partilhado com Micromobilidade,21/01/2021,-1014504.3380032,4689348.4337553
15822,1315,"Rua Cesina Adães Bermudes, 3",Carnide,Lugar estacionamento automóvel,HOTSPOT,Sheffield standard,2,9,Não,Público,Partilhado com Micromobilidade,02/04/2021,-1022409.8384926,4688052.5682032
15823,1316,"Rua Cesina Adães Bermudes, 1",Carnide,Lugar estacionamento automóvel,BICICLETA,Sheffield standard,4,8,Não,Público,Partilhado com Micromobilidade,02/04/2021,-1022398.8757200,4688113.2614022
15824,1317,"Rua Flores de Lima, 16",Alvalade,Passeio,BICICLETA,Sheffield standard,3,6,Não,Público,Partilhado com Micromobilidade,04/01/2019,-1017964.1970031,4685696.2894228
15825,1318,"Rua Frei Francisco Foreiro, 11",Arroios,Lugar estacionamento automóvel,BICICLETA,Sheffield standard,4,8,Não,Público,Partilhado com Micromobilidade,02/09/2021,-1017019.9592785,4682790.7031305
15826,1319,Rua de Pascoal de Melo,Arroios,Lugar estacionamento automóvel,HOTSPOT,Sheffield standard,2,9,Não,Público,Partilhado com Micromobilidade,02/09/2021,-1017138.4560383,4683265.2737765
15827,1395,"Avenida de Brasília, Fundação Champalimaud",Belém,Via,BICICLETA,Entorta rodas,0,0,Sim,Privado,Interdito Micromobilidade,,-1026498.0456593,4677839.7454993
15828,1396,Avenida de Brasília,Estrela,Lugar estacionamento automóvel,HOTSPOT,Sheffield standard,2,9,Não,Público,Partilhado com Micromobilidade,19/03/2021,-1019143.1563400,4679646.1204922
15829,1398,"Largo Hintze Ribeiro, 1A",Santo António,Via,BICICLETA,Sheffield standard,4,12,Não,Público,Partilhado com Micromobilidade,06/01/2022,-1019152.6590703,4681467.7653619
15830,1399,"Praça Nuno Rodrigues dos Santos, 7",São Domingos de Benfica,Lugar estacionamento automóvel,HOTSPOT,Sheffield standard,4,13,Não,Público,Partilhado com Micromobilidade,19/03/2021,-1020405.1848386,4685173.7449387
15831,1401,"Rua Carlos Alves, 3A",Carnide,Lugar estacionamento automóvel,HOTSPOT,Sheffield standard,2,9,Não,Público,Partilhado com Micromobilidade,19/03/2021,-1022230.2676454,4688009.4007503
15832,1402,Rua Cupertino de Miranda,Carnide,Lugar estacionamento automóvel,HOTSPOT,Sheffield standard,2,9,Não,Público,Partilhado com Micromobilidade,19/03/2021,-1022204.3703109,4688347.9062838
15833,1403,Rua Cupertino de Miranda,Carnide,Passeio,BICICLETA,Sheffield standard,4,8,Não,Público,Partilhado com Micromobilidade,19/03/2021,-1022191.1281232,4688360.4786983
15834,1406,"Rua Professor Reinaldo dos Santos, 21",São Domingos de Benfica,Passeio,BICICLETA,Sheffield estilizado,2,4,Não,Público,Partilhado com Micromobilidade,,-1022893.6188867,4685763.3797604
15835,1407,"Estrada de Benfica, 360",São Domingos de Benfica,Passeio,BICICLETA,Borboleta,1,6,Não,Público,Partilhado com Micromobilidade,,-1022049.5572508,4685268.8333489
15836,1408,"Rua Ferreira da Silva, 1",Arroios,Via,BICICLETA,Sheffield standard,1,2,Não,Público,Partilhado com Micromobilidade,27/03/2021,-1016714.9029745,4683857.8286604
15837,1409,"Rua Ferreira da Silva, 1",Arroios,Via,BICICLETA,Sheffield standard,1,2,Não,Público,Interdito Micromobilidade,27/03/2021,-1016702.9431289,4683848.2663497
15838,1410,Rua Ângela Pinto,Arroios,Via,BICICLETA,Sheffield standard,1,2,Não,Público,Interdito Micromobilidade,27/03/2021,-1016601.7338289,4683862.7257575
15839,1411,Rua Ângela Pinto,Arroios,Via,BICICLETA,Sheffield standard,1,2,Não,Público,Interdito Micromobilidade,27/03/2021,-1016596.9467846,4683858.6116248
15840,1412,Rua Ângela Pinto,Arroios,Via,BICICLETA,Sheffield standard,1,2,Não,Público,Interdito Micromobilidade,27/03/2021,-1016592.8260883,4683853.4698834
15841,1413,"Rua Alberto de Oliveira, 23",Alvalade,Lugar estacionamento automóvel,BICICLETA,Sheffield standard,5,10,Não,Público,Partilhado com Micromobilidade,04/05/2021,-1018067.6476101,4686258.7077384
15842,1414,"Rua Coronel Ferreira do Amaral, Escola",Penha de França,Via,BICICLETA,Sheffield estreito,4,8,Não,Público,Interdito Micromobilidade,,-1016074.8116507,4683990.3422299
15843,1415,"Rua Coronel Ferreira do Amaral, Escola",Penha de França,Via,BICICLETA,Sheffield estreito,5,10,Não,Público,Interdito Micromobilidade,,-1016069.8788103,4683941.4175396
15844,1416,Rua Maria da Fonte,Arroios,Via,BICICLETA,Sheffield standard,6,10,Não,Público,Partilhado com Micromobilidade,08/01/2019,-1016634.9260308,4681917.5316227
15845,1417,"Avenida dos Defensores de Chaves, 45",Avenidas Novas,Passeio,BICICLETA,Entorta rodas,1,11,Sim,Privado,Interdito Micromobilidade,,-1017904.9275651,4684053.1660370
15846,1419,"Avenida 24 de Julho, 155",Estrela,Passeio,BICICLETA,Sheffield standard,5,10,Sim,Privado,Interdito Micromobilidade,,-1021138.8865045,4679284.7062535
15847,1418,"Rua Almada Negreiros, Escola",Olivais,Passeio,BICICLETA,Sheffield standard,15,30,Não,Privado,Interdito Micromobilidade,04/08/2021,-1014109.3049683,4687252.1780941
15848,1420,Alameda das Comunidades Portuguesas,Olivais,Passeio,BICICLETA,Onda,1,4,Não,Público,Partilhado com Micromobilidade,,-1016208.2584570,4688331.5946993
15849,1421,"Avenida D. João II, 4.69.01",Parque das Nações,Passeio,BICICLETA,Entorta rodas,1,5,Não,Público,Partilhado com Micromobilidade,,-1012762.0653486,4689709.5213218
15850,1422,"Avenida D. João II, 4.69.01",Parque das Nações,Passeio,BICICLETA,Entorta rodas,1,5,Não,Público,Partilhado com Micromobilidade,,-1012768.4757299,4689709.9638207
15851,1423,"Campo Grande, Caleidoscópio",Alvalade,Passeio,BICICLETA,Grelha,5,5,Não,Privado,Interdito Micromobilidade,,-1018973.6563920,4686934.2362983
15852,1424,"Avenida Marechal Craveiro Lopes, 1",Lumiar,Passeio,BICICLETA,Entorta rodas,2,10,Não,Privado,Interdito Micromobilidade,,-1019035.9355768,4687419.3312722
15853,1425,"Rua Luís Augusto Palmeirim, Escola",Alvalade,Passeio,BICICLETA,Borboleta,1,5,Não,Privado,Interdito Micromobilidade,,-1017939.0012189,4686595.4365019
15854,1426,"Rua Alberto de Oliveira, 9",Alvalade,Passeio,BICICLETA,Sheffield standard,6,12,Não,Público,Partilhado com Micromobilidade,29/04/2021,-1017978.5214397,4686049.5249029
15855,1427,"Avenida 5 de Outubro, 206",Avenidas Novas,Passeio,BICICLETA,Cascata,1,12,Não,Público,Partilhado com Micromobilidade,,-1018471.0315739,4685024.7072276
15856,1428,"Avenida Engenheiro Duarte Pacheco, 32",Campolide,Passeio,BICICLETA,Entorta rodas,3,12,Não,Privado,Interdito Micromobilidade,,-1020087.3311027,4682208.8964883
15857,1429,"Avenida Engenheiro Duarte Pacheco, 32",Campolide,Passeio,BICICLETA,Borboleta,1,6,Não,Privado,Interdito Micromobilidade,,-1020066.4511718,4682234.5525450
15858,1320,"Rua Carlos Alves, 2",Carnide,Lugar estacionamento automóvel,HOTSPOT,Sheffield standard,2,9,Não,Público,Partilhado com Micromobilidade,02/09/2021,-1022221.9743095,4688054.6829024
15859,1321,"Rua da Cintura do Porto de Lisboa, Pav 397",Marvila,Passeio,BICICLETA,Sheffield standard,4,8,Não,Público,Partilhado com Micromobilidade,02/07/2020,-1012922.0411189,4684853.4958002
15860,1322,Avenida Infante Dom Henrique,Marvila,Passeio,BICICLETA,Sheffield standard,4,8,Não,Público,Partilhado com Micromobilidade,02/07/2020,-1012846.1370191,4685004.8208535
15861,1323,Rua da Cintura do Porto de Lisboa,Marvila,Passeio,BICICLETA,Sheffield standard,8,16,Não,Público,Partilhado com Micromobilidade,02/07/2020,-1012789.7021487,4685034.3321922
15862,1569,"Rua Doutor Gama Barros, 65",Alvalade,Via,BICICLETA,Sheffield standard,2,4,Não,Público,Partilhado com Micromobilidade,22/10/2021,-1017151.7710631,4685672.7764539
15863,1570,"Rua Conde de Sabugosa, 3",Alvalade,Via,BICICLETA,Sheffield standard,2,4,Não,Público,Partilhado com Micromobilidade,22/10/2021,-1017456.1990653,4685492.7605685
15864,1571,"Avenida São João de Deus, 31",Alvalade,Via,BICICLETA,Sheffield standard,2,4,Não,Público,Partilhado com Micromobilidade,22/10/2021,-1017201.4618522,4685265.8553424
15865,1572,"Rua Martins Barata, 2",Belém,Via,BICICLETA,Sheffield standard,2,4,Não,Público,Partilhado com Micromobilidade,22/10/2021,-1025320.5635105,4678282.5618049
15866,1573,"Rua Olivério Serpa, 9Q",Benfica,Lugar estacionamento automóvel,BICICLETA,Sheffield standard,4,8,Não,Público,Partilhado com Micromobilidade,22/10/2021,-1024974.0387059,4685873.6131062
15867,1601,"Avenida Almirante Gago Coutinho, 162",Alvalade,Passeio,BICICLETA,Sheffield standard,3,6,Não,Privado,Interdito Micromobilidade,11/10/2021,-1016299.1083261,4687452.3653680
15868,1602,"Rua Conde de Arnoso, 3",Alvalade,Passeio,BICICLETA,Sheffield standard,3,6,Não,Público,Partilhado com Micromobilidade,11/10/2021,-1017050.0649356,4686772.5582723
15869,1603,"Rua Luís Augusto Palmeirim, Escola",Alvalade,Passeio,BICICLETA,Sheffield standard,12,24,Não,Privado,Interdito Micromobilidade,11/10/2021,-1017934.0118639,4686597.5534537
15870,1604,"Estrada das Laranjeiras, 122",Avenidas Novas,Passeio,BICICLETA,Sheffield standard,5,10,Não,Público,Partilhado com Micromobilidade,11/10/2021,-1020040.9223804,4684707.1477487
15871,1605,"Estrada de Benfica, 358",São Domingos de Benfica,Passeio,BICICLETA,Sheffield standard,4,8,Não,Privado,Interdito Micromobilidade,11/08/2021,-1021971.8005534,4685224.8858586
15872,1606,"Rua Maestro Frederico de Freitas, Escola",São Domingos de Benfica,Passeio,BICICLETA,Sheffield standard,6,12,Não,Privado,Interdito Micromobilidade,11/08/2021,-1022057.4298104,4685699.9554414
15873,1607,"Rua Gaivotas em Terra, Escola",Parque das Nações,Passeio,BICICLETA,Sheffield standard,15,30,Não,Público,Partilhado com Micromobilidade,15/02/2021,-1012771.4776019,4686694.6910480
15874,1608,"Rua Virgílio Correia, Escola",São Domingos de Benfica,Passeio,BICICLETA,Sheffield standard,6,12,Não,Privado,Interdito Micromobilidade,26/10/2021,-1021197.4821936,4686629.0587518
15875,1610,"Estrada das Laranjeiras, 122",Avenidas Novas,Passeio,BICICLETA,Sheffield standard,9,18,Não,Privado,Interdito Micromobilidade,26/10/2021,-1020021.7298294,4684713.2096028
15876,1611,"Rua António Nobre, 55",São Domingos de Benfica,Passeio,BICICLETA,Sheffield standard,5,10,Não,Privado,Interdito Micromobilidade,14/10/2022,-1021666.8447501,4685357.6855990
15877,1612,"Praça de Londres, 5",Areeiro,Passeio,BICICLETA,Sheffield standard,7,14,Não,Público,Partilhado com Micromobilidade,17/01/2020,-1017154.1456910,4684671.7971110
15878,1613,"Rua Cidade de Vila Cabral, Escola",Olivais,Via,BICICLETA,Sheffield standard,6,12,Não,Público,Partilhado com Micromobilidade,19/10/2021,-1015421.6369248,4688149.9020284
15879,1614,"Rua Cidade de Vila Cabral, Escola",Olivais,Passeio,BICICLETA,Sheffield standard,3,6,Não,Privado,Interdito Micromobilidade,18/10/2021,-1015390.9883665,4688419.5756252
15880,1616,"Avenida de António José de Almeida, Universidade",Areeiro,Passeio,BICICLETA,Sheffield standard,3,6,Não,Privado,Interdito Micromobilidade,10/11/2021,-1017146.0484198,4684003.0340821
15881,1617,"Avenida de António José de Almeida, Universidade",Areeiro,Lugar estacionamento automóvel,BICICLETA,Sheffield standard,5,10,Não,Privado,Interdito Micromobilidade,10/11/2021,-1017435.0783346,4683888.5745114
15882,1618,"Avenida de António José de Almeida, IST",Areeiro,Via,BICICLETA,Sheffield standard,5,10,Não,Privado,Interdito Micromobilidade,10/12/2021,-1017442.5169372,4684048.1825681
15883,1619,"Rua Maestro Frederico de Freitas, Escola",São Domingos de Benfica,Passeio,BICICLETA,Sheffield standard,6,12,Não,Privado,Interdito Micromobilidade,15/10/2021,-1022066.4744520,4685702.6225756
15884,1620,"Rua Cidade de Vila Cabral, Escola",Olivais,Passeio,BICICLETA,Sheffield standard,4,8,Não,Privado,Interdito Micromobilidade,18/10/2021,-1015403.1607694,4688437.3175092
15885,1621,"Estrada de Benfica, 535",Benfica,Passeio,BICICLETA,Lisboa,10,20,Não,Privado,Interdito Micromobilidade,,-1023542.2668008,4685870.6518740
15886,1622,Travessa do Grilo,Beato,Passeio,BICICLETA,Sheffield standard,6,12,Não,Público,Partilhado com Micromobilidade,15/09/2021,-1013714.0425880,4683111.3171625
15887,1634,"Rua Professor Sedas Nunes, Escola",Carnide,Passeio,BICICLETA,Sheffield standard,6,12,Não,Privado,Interdito Micromobilidade,13/12/2021,-1023334.4312079,4688437.3203273
15888,1635,"Rua Diogo de Macedo, Escola",Avenidas Novas,Passeio,BICICLETA,Sheffield standard,5,10,Não,Privado,Interdito Micromobilidade,15/12/2021,-1019242.2182599,4685292.5772329
15889,1636,"Estrada de Benfica, 535",Benfica,Passeio,BICICLETA,Sheffield standard,2,4,Não,Privado,Interdito Micromobilidade,15/12/2021,-1023566.7500999,4685877.5296581
15890,1637,"Rua Dr. Cunha Seixas, Escola",Benfica,Passeio,BICICLETA,Sheffield standard,4,8,Não,Privado,Interdito Micromobilidade,12/08/2021,-1025267.8348528,4685943.9910963
15891,1638,"Rua Fernando Pessoa, Escola",Alvalade,Passeio,BICICLETA,Sheffield standard,4,8,Não,Privado,Interdito Micromobilidade,12/05/2021,-1018135.5252815,4685990.1269436
15892,1367,"Rua Ângela Pinto, 2",Arroios,Via,BICICLETA,Sheffield standard,1,2,Não,Público,Interdito Micromobilidade,03/04/2021,-1016684.9823592,4683772.3521303
15893,1368,Rua Prof. Fernando da Fonseca,Lumiar,Via,BICICLETA,Entorta rodas,1,6,Sim,Privado,Interdito Micromobilidade,,-1019867.4530302,4687596.9811222
15894,1369,Rua Prof. Moniz Pereira,Lumiar,Passeio,BICICLETA,Entorta rodas,1,5,Não,Privado,Interdito Micromobilidade,,-1019766.3684535,4687384.6253235
15895,1370,"Avenida do Brasil, 53",Alvalade,Via,BICICLETA,Onda,1,5,Não,Privado,Interdito Micromobilidade,,-1018108.8033922,4686925.5744351
15896,1371,"Avenida do Brasil, 53",Alvalade,Lugar estacionamento automóvel,BICICLETA,Onda,1,5,Não,Privado,Interdito Micromobilidade,,-1018495.7637393,4687289.3136189
15897,1372,"Rua Cidade de Bolama, 4",Olivais,Passeio,BICICLETA,Entorta rodas,1,5,Não,Público,Partilhado com Micromobilidade,,-1014560.5771450,4687621.1794238
15898,1373,"Rua Cidade de Bissau, Lote 19",Olivais,Passeio,BICICLETA,Entorta rodas,1,5,Não,Público,Partilhado com Micromobilidade,,-1014578.5225905,4687730.0223480
15899,1374,Rua Cidade de Bissau,Olivais,Via,BICICLETA,Entorta rodas,1,5,Sim,Privado,Interdito Micromobilidade,,-1014503.6924063,4687668.3685889
15900,1375,"Rua Frederico George, Lote 2",Lumiar,Passeio,BICICLETA,Entorta rodas,1,6,Sim,Público,Partilhado com Micromobilidade,,-1020443.6033370,4688627.9193685
15901,1376,"Avenida das Nações Unidas, 16B",Lumiar,Via,BICICLETA,Sheffield estreito,4,8,Sim,Privado,Interdito Micromobilidade,,-1021343.2311188,4687973.7637921
15902,1377,"Azinhaga da Torre do Fato, 6",Lumiar,Via,BICICLETA,Sheffield estreito,2,4,Sim,Privado,Interdito Micromobilidade,,-1021571.9412270,4688016.0607598
15903,1378,"Rua 11 do Bairro das Terras do Forno ou Novo de Belém, Lote 3",Belém,Passeio,BICICLETA,Sheffield estreito,3,6,Não,Público,Partilhado com Micromobilidade,,-1024645.8893321,4678901.5978150
15904,1379,"Rua Duarte Pacheco Pereira, 26",Belém,Passeio,BICICLETA,Grelha,1,5,Não,Público,Partilhado com Micromobilidade,,-1026228.6159671,4678499.2088732
15905,1380,"Rua Fernão Mendes Pinto, 41A",Belém,Lugar estacionamento automóvel,BICICLETA,Sheffield standard,4,8,Não,Público,Partilhado com Micromobilidade,02/01/2021,-1026930.3855112,4678438.6121759
15906,1381,"Rua General Massano de Amorim, 15",Ajuda,Passeio,BICICLETA,Grelha,1,9,Não,Público,Partilhado com Micromobilidade,,-1024194.0729861,4679121.1042624
15908,1383,"Rua Nova do Calhariz, 34A",Ajuda,Passeio,BICICLETA,Grelha,1,4,Não,Público,Partilhado com Micromobilidade,,-1023752.7608387,4679149.4598285
15909,1384,"Estrada de Montes Claros, Centro Equestre",Ajuda,Passeio,BICICLETA,Sheffield estilizado,2,4,Não,Público,Partilhado com Micromobilidade,,-1024145.3414220,4681497.7899671
15910,1385,"Estrada de Montes Claros, Centro Equestre",Ajuda,Passeio,BICICLETA,Sheffield estilizado,2,4,Não,Público,Partilhado com Micromobilidade,,-1024157.2639624,4681457.2389080
15911,1386,Calçada da Estação,Campolide,Passeio,BICICLETA,Lisboa,3,6,Não,Público,Partilhado com Micromobilidade,07/01/2019,-1020764.3650051,4683037.9575806
15912,1387,Calçada da Estação,Campolide,Passeio,BICICLETA,Lisboa,3,6,Não,Público,Partilhado com Micromobilidade,07/01/2019,-1020813.6229776,4682954.7543970
15913,1388,Largo da Igreja a Campolide,Campolide,Passeio,BICICLETA,Cascata,1,4,Não,Público,Partilhado com Micromobilidade,,-1020615.4036259,4682607.3635626
15914,1389,Jardim Guerra Junqueiro,Estrela,Passeio,BICICLETA,Sheffield estilizado,1,10,Não,Privado,Interdito Micromobilidade,,-1019667.4511354,4680749.3455083
15915,1391,"Travessa André Valente, 7",Misericórdia,Passeio,BICICLETA,Sheffield standard,6,12,Sim,Público,Interdito Micromobilidade,,-1018303.1476203,4680381.0135567
15916,1392,Beco da Atafona,Santa Maria Maior,Passeio,BICICLETA,Sheffield standard,1,2,Sim,Público,Interdito Micromobilidade,,-1016906.9874520,4680546.1976807
15917,1393,"Campo dos Mártires da Pátria, Faculdade",Arroios,Passeio,BICICLETA,Entorta rodas,1,5,Não,Privado,Interdito Micromobilidade,,-1017367.8134933,4681538.2967834
15918,1394,"Rua Prof. Bento de Jesus Caraça, 71E",Lumiar,Passeio,BICICLETA,Entorta rodas,1,5,Não,Público,Partilhado com Micromobilidade,,-1020881.4662260,4688045.7535596
15919,1430,"Avenida de António José de Almeida, Universidade",Areeiro,Passeio,BICICLETA,Sheffield largo,4,8,Não,Privado,Interdito Micromobilidade,,-1017366.9285626,4684207.7561735
15920,1431,"Avenida de António José de Almeida, Universidade",Areeiro,Passeio,BICICLETA,Sheffield largo,6,12,Não,Privado,Interdito Micromobilidade,,-1017427.8248844,4684118.3778826
15921,1432,"Avenida de António José de Almeida, IST",Areeiro,Passeio,BICICLETA,Entorta rodas,1,5,Não,Privado,Interdito Micromobilidade,,-1017424.1189178,4684055.2563337
15922,1433,"Avenida de António José de Almeida, IST",Areeiro,Passeio,BICICLETA,Entorta rodas,1,5,Não,Privado,Interdito Micromobilidade,,-1017422.8237383,4684060.7126727
15923,1434,"Avenida de António José de Almeida, Universidade",Areeiro,Passeio,BICICLETA,Sheffield largo,2,4,Não,Privado,Interdito Micromobilidade,,-1017439.6608330,4683884.2894484
15924,1435,Estrada de Benfica,São Domingos de Benfica,Lugar estacionamento automóvel,HOTSPOT,Sheffield standard,2,9,Não,Público,Partilhado com Micromobilidade,05/05/2021,-1022094.4390400,4685309.0303930
15925,1436,"Avenida Dom Carlos I, 51D",Estrela,Lugar estacionamento automóvel,HOTSPOT,Sheffield standard,2,9,Não,Público,Partilhado com Micromobilidade,05/05/2021,-1018903.8298302,4679962.6819708
15926,1437,"Rua Padre Américo, 8A",Carnide,Lugar estacionamento automóvel,BICICLETA,Sheffield standard,2,4,Não,Público,Partilhado com Micromobilidade,05/05/2021,-1021872.0058114,4687474.1798156
15927,1438,"Rua António Pedro, 68",Arroios,Lugar estacionamento automóvel,HOTSPOT,Sheffield standard,2,9,Não,Público,Partilhado com Micromobilidade,05/05/2021,-1016916.4664747,4683472.0389009
15928,1439,"Calçadinha dos Olivais, Escola",Olivais,Lugar estacionamento automóvel,HOTSPOT,Sheffield standard,2,9,Não,Público,Partilhado com Micromobilidade,05/05/2021,-1013808.6049443,4688730.0932114
15930,1441,Rua da Cintura do Porto de Lisboa,Estrela,Via,HOTSPOT,Sheffield standard,2,9,Não,Público,Partilhado com Micromobilidade,05/05/2021,-1018846.1188892,4679563.4633795
15931,1442,Avenida de Brasília,Belém,Lugar estacionamento automóvel,HOTSPOT,Sheffield standard,2,9,Não,Público,Partilhado com Micromobilidade,05/05/2021,-1024215.0623589,4678008.3410717
15932,1443,Avenida de Brasília,Belém,Lugar estacionamento automóvel,HOTSPOT,Sheffield standard,2,9,Não,Público,Partilhado com Micromobilidade,05/05/2021,-1024467.1159845,4678101.4428539
15933,1444,"Rua da Praia do Bom Sucesso, 1",Belém,Lugar estacionamento automóvel,BICICLETA,Sheffield standard,3,6,Não,Público,Partilhado com Micromobilidade,05/05/2021,-1025515.1380724,4678103.7974601
15934,2545,Rua João de Freitas Branco,São Domingos de Benfica,Passeio,HOTSPOT,Desconhecido,0,10,Não,Público,Dedicado Micromobilidade,06/02/2025,-1021928.0076315,4686067.2939364
15935,1446,"Rua do Jardim do Tabaco, 32",Santa Maria Maior,Lugar estacionamento motociclo,BICICLETA,Sheffield standard,4,8,Não,Público,Partilhado com Micromobilidade,05/05/2021,-1015887.0714667,4680522.7734659
15936,1447,"Rua António Champalimaud, 1",Carnide,Lugar estacionamento automóvel,HOTSPOT,Sheffield standard,2,9,Não,Público,Partilhado com Micromobilidade,05/05/2021,-1021969.2057875,4688686.0366740
15937,1448,"Rua Nova de São Mamede, 76",Santo António,Via,BICICLETA,Sheffield standard,4,8,Não,Público,Partilhado com Micromobilidade,05/05/2021,-1018672.5739437,4681595.7109670
15938,1449,"Rua Professor Gomes Teixeira, 5",Campo de Ourique,Lugar estacionamento automóvel,BICICLETA,Sheffield estilizado,4,8,Não,Público,Partilhado com Micromobilidade,,-1020443.1529780,4680725.5106902
15939,1450,"Azinhaga da Bela Vista, 2B",Marvila,Passeio,BICICLETA,Entorta rodas,1,5,Não,Privado,Interdito Micromobilidade,26/10/2020,-1015911.4573185,4686733.7872520
15940,1451,Rua Prof.ª Teresa Ambrósio,Alvalade,Lugar estacionamento automóvel,BICICLETA,Sheffield standard,5,10,Sim,Privado,Interdito Micromobilidade,26/10/2020,-1019239.5731126,4685960.2533091
15941,1452,"Rua Interior à Alameda da Universidade, Faculdade - Edif C5",Alvalade,Passeio,BICICLETA,Sheffield standard,10,40,Sim,Privado,Interdito Micromobilidade,26/10/2020,-1019357.3856893,4686780.1755597
15942,1453,"Rua Prof. José Sebastião e Silva, Escola",Benfica,Passeio,BICICLETA,Borboleta,1,5,Não,Privado,Interdito Micromobilidade,26/10/2020,-1023368.2118068,4685427.0392487
15943,1454,"Campus de Benfica do Instituto Politécnico de Lisboa, Escola",Benfica,Passeio,BICICLETA,Borboleta,1,5,Não,Privado,Interdito Micromobilidade,26/10/2020,-1023755.2792462,4685321.2413635
15944,1455,Campus de Benfica do Instituto Politécnico de Lisboa,Benfica,Passeio,BICICLETA,Entorta rodas,2,10,Não,Privado,Interdito Micromobilidade,26/10/2020,-1023583.1144200,4685345.1370751
15945,1457,"Avenida do Brasil, 168",Alvalade,Passeio,BICICLETA,Sheffield standard,4,8,Não,Público,Partilhado com Micromobilidade,20/05/2021,-1017454.3768201,4687114.9660255
15946,1458,"Rua Aprígio Mafra, 112",Alvalade,Via,BICICLETA,Sheffield standard,3,6,Não,Público,Partilhado com Micromobilidade,15/05/2021,-1017983.7001146,4686843.6588104
15947,1459,"Avenida do Brasil, 110",Alvalade,Lugar estacionamento automóvel,BICICLETA,Sheffield standard,4,8,Não,Público,Partilhado com Micromobilidade,15/05/2021,-1018035.7853927,4686898.7970671
15948,1460,"Rua José Lins do Rego, 28A",Alvalade,Via,BICICLETA,Sheffield standard,4,8,Não,Público,Partilhado com Micromobilidade,15/05/2021,-1018449.3857883,4686699.4941119
15949,1623,Travessa do Grilo,Beato,Passeio,BICICLETA,Sheffield standard,5,10,Não,Público,Partilhado com Micromobilidade,15/09/2021,-1013715.5664183,4683127.2855810
15950,1624,Travessa do Grilo,Beato,Passeio,BICICLETA,Sheffield standard,4,8,Não,Público,Partilhado com Micromobilidade,15/09/2021,-1013652.8937166,4683213.3200285
15951,1625,Travessa do Grilo,Beato,Passeio,BICICLETA,Sheffield standard,4,8,Não,Público,Partilhado com Micromobilidade,15/09/2021,-1013603.7763459,4683302.3391905
15952,1626,Travessa do Grilo,Beato,Passeio,BICICLETA,Sheffield standard,8,16,Não,Público,Partilhado com Micromobilidade,15/09/2021,-1013585.2634441,4683338.9960771
15953,1627,"Azinhaga da Cidade, Escola",Santa Clara,Via,BICICLETA,Sheffield standard,4,8,Não,Privado,Interdito Micromobilidade,12/01/2021,-1019614.3802513,4690273.6927601
15954,1628,Rua Francisco Pedro Curado,Penha de França,Via,BICICLETA,Sheffield standard,2,4,Não,Público,Partilhado com Micromobilidade,,-1016130.5839752,4682683.2203344
15955,1629,Campus de Campolide,Campolide,Lugar estacionamento automóvel,BICIPARQUE,Sheffield standard,10,20,Sim,Privado,Interdito Micromobilidade,,-1019784.7015918,4683644.6441988
15956,1630,Avenida dos Combatentes,São Domingos de Benfica,Passeio,BICICLETA,Entorta rodas,1,6,Não,Privado,Interdito Micromobilidade,,-1020249.3984192,4685792.5405156
15957,1631,"Avenida Professor Egas Moniz, Hospital",Alvalade,Lugar estacionamento automóvel,BICICLETA,Sheffield standard,10,20,Sim,Privado,Interdito Micromobilidade,,-1019879.7166165,4685588.0838806
15958,1632,"Travessa dos Jerónimos, 6",Belém,Passeio,BICICLETA,Sheffield standard,4,8,Não,Público,Interdito Micromobilidade,04/01/2020,-1024564.0701709,4678499.6755534
15959,1633,"Avenida de António José de Almeida, Universidade",Areeiro,Lugar estacionamento automóvel,BICICLETA,Sheffield standard,10,20,Sim,Privado,Interdito Micromobilidade,12/09/2021,-1017519.4878452,4684148.7658997
15960,1461,"Rua José Lins do Rego, 20",Alvalade,Via,BICICLETA,Sheffield standard,2,4,Não,Público,Partilhado com Micromobilidade,15/05/2021,-1018427.7032383,4686617.2006847
15961,1465,Rua Galileu Galilei,Carnide,Passeio,BICICLETA,Sheffield standard,5,10,Não,Público,Partilhado com Micromobilidade,31/05/2021,-1022959.9513912,4686459.9773369
15962,1467,"Avenida Almirante Reis, 31",Arroios,Passeio,BICICLETA,Sheffield standard,5,10,Não,Público,Partilhado com Micromobilidade,31/05/2021,-1016942.6228090,4682074.3219541
15963,1468,"Campo Grande, 5",Alvalade,Passeio,BICICLETA,Sheffield standard,5,10,Sim,Público,Partilhado com Micromobilidade,31/05/2021,-1018477.4325552,4685720.6634383
15964,2544,Rua Marquês de Fronteira,Avenidas Novas,Passeio,BICICLETA,Sheffield standard,5,10,Não,Privado,Interdito Micromobilidade,,-1018835.5755355,4683777.9775038
15965,1470,Praça da Figueira,Santa Maria Maior,Passeio,BICICLETA,Sheffield standard,5,10,Não,Público,Partilhado com Micromobilidade,31/05/2021,-1017184.5450953,4680815.4958489
15966,1471,"Avenida António Augusto de Aguiar, 142",Avenidas Novas,Passeio,BICICLETA,Sheffield standard,5,10,Não,Público,Partilhado com Micromobilidade,31/05/2021,-1019036.9507612,4683751.2488856
15967,1472,"Praça do Duque de Saldanha, 32",Arroios,Passeio,BICICLETA,Sheffield standard,5,10,Não,Público,Partilhado com Micromobilidade,31/05/2021,-1017929.6589702,4683650.2876771
15968,1473,Praça dos Restauradores,Santa Maria Maior,Passeio,BICICLETA,Sheffield standard,5,10,Não,Público,Partilhado com Micromobilidade,31/05/2021,-1017571.2721570,4680978.6293252
15969,1474,"Tapada da Ajuda, ISA",Alcântara,Lugar estacionamento automóvel,BICICLETA,Sheffield standard,4,8,Não,Público,Partilhado com Micromobilidade,,-1022110.5625438,4679888.6661165
15970,1475,Tapada da Ajuda,Alcântara,Passeio,BICICLETA,Sheffield standard,4,8,Não,Público,Partilhado com Micromobilidade,,-1022449.7369292,4679927.6887233
15971,1477,Avenida Professor Egas Moniz,Alvalade,Via,BICICLETA,Entorta rodas,2,8,Não,Público,Partilhado com Micromobilidade,,-1019712.8378807,4685975.1776588
15972,1478,"Alameda da Encarnação, Escola",Olivais,Passeio,BICICLETA,Sheffield standard,10,20,Não,Privado,Interdito Micromobilidade,18/06/2021,-1015074.7687178,4689376.7542938
15973,1479,"Avenida de Brasília, Estação Fluvial",Belém,Passeio,BICICLETA,Sheffield estreito,2,2,Não,Público,Partilhado com Micromobilidade,,-1024075.4120469,4678090.8355868
15974,1480,"Avenida de Madrid, 8",Areeiro,Passeio,BICICLETA,Sheffield standard,5,10,Não,Público,Partilhado com Micromobilidade,,-1016951.6705523,4685018.4082862
15975,1481,"Praça Francisco Sá Carneiro, 12",Areeiro,Passeio,BICICLETA,Sheffield standard,3,6,Não,Público,Partilhado com Micromobilidade,22/06/2021,-1016660.6964488,4684786.5167365
15976,1482,Praça Francisco Sá Carneiro,Areeiro,Passeio,BICICLETA,Sheffield standard,5,10,Não,Público,Partilhado com Micromobilidade,31/05/2021,-1016691.5005637,4684766.0845184
15977,1483,Rua Interior ao Aeroporto da Portela,Olivais,Passeio,BICICLETA,Sheffield standard,5,10,Não,Público,Partilhado com Micromobilidade,22/06/2021,-1016124.5233498,4688589.6777857
15978,1484,Estrada Militar,Carnide,Passeio,BICICLETA,Sheffield standard,5,10,Não,Público,Partilhado com Micromobilidade,06/09/2021,-1023768.2199268,4687699.5951403
15979,1485,Avenida Professor Gama Pinto,Alvalade,Passeio,BICICLETA,Sheffield standard,5,10,Não,Público,Partilhado com Micromobilidade,06/09/2021,-1019579.7363300,4686058.3800806
15980,1486,Avenida da República,Avenidas Novas,Passeio,BICICLETA,Sheffield standard,5,10,Não,Público,Partilhado com Micromobilidade,22/06/2021,-1018349.3600071,4685238.9649181
15981,1487,"Avenida Infante Dom Henrique, Estação",Santa Maria Maior,Passeio,BICICLETA,Sheffield standard,5,10,Não,Público,Partilhado com Micromobilidade,22/06/2021,-1016891.5903287,4679741.5693275
15982,1488,"Avenida Afonso Costa, 6",Areeiro,Lugar estacionamento automóvel,BICICLETA,Sheffield standard,4,8,Não,Público,Partilhado com Micromobilidade,07/01/2021,-1016550.8416234,4684773.0894456
15983,1489,"Avenida Afonso Costa, 10",Areeiro,Lugar estacionamento automóvel,BICICLETA,Sheffield standard,4,8,Não,Público,Partilhado com Micromobilidade,07/01/2021,-1016434.1833541,4684756.8813568
15984,1490,"Rua Primeiro de Maio a Alcântara, 52",Alcântara,Via,BICICLETA,Sheffield standard,5,10,Não,Público,Partilhado com Micromobilidade,07/05/2021,-1021847.0379599,4679309.0882084
15985,354,"Avenida Barbosa du Bocage, 27",Avenidas Novas,Lugar estacionamento automóvel,HOTSPOT,Sheffield standard,2,9,Não,Público,Partilhado com Micromobilidade,05/06/2019,-1017956.8732134,4684582.9126365
15986,199,"Rua Fernão Mendes Pinto,19",Belém,Passeio,BICICLETA,Sheffield standard,6,12,Não,Público,Partilhado com Micromobilidade,02/01/2021,-1026447.8342635,4678137.3532027
15987,1493,Rua Pedro de Azevedo,Marvila,Lugar estacionamento automóvel,BICICLETA,Sheffield standard,4,8,Não,Público,Partilhado com Micromobilidade,24/06/2021,-1013867.6385781,4685152.6139414
15988,1494,"Rua do Salitre, 201",Santo António,Lugar estacionamento automóvel,HOTSPOT,Sheffield standard,2,9,Não,Público,Partilhado com Micromobilidade,02/04/2021,-1019016.6791292,4681640.7986272
15989,1495,"Rua Morais Soares, 35A",,,,Desconhecido,0,0,Não,,,,0.0000000,0.0000000
0,0,,,,,Desconhecido,0,0,Não,,,,0.0000000,0.0000000
15990,1496,Rua Prof. Fernando da Fonseca,no passeio na continuidade da zona e tomada e largada de passageiros  entre caixa e a luminária),Lumiar,Passeio,BICICLETA,0,3,Não,0,Público,Rede Ciclável - Pop Up,0.0000000,-1019802.2622631
15991,1497,"Rua António Stromp, 10",Lumiar,Lugar estacionamento automóvel,BICICLETA,Sheffield standard,4,8,Não,Público,Partilhado com Micromobilidade,07/05/2021,-1019451.2015045,4687937.7164468
15992,1498,Rua Francisco Stromp,Lumiar,Lugar estacionamento automóvel,BICICLETA,Sheffield standard,4,8,Não,Público,Partilhado com Micromobilidade,07/05/2021,-1019578.3030748,4687896.0151344
15993,1499,"Rua Bispo de Cochim, 1",Penha de França,Via,BICICLETA,Entorta rodas,1,5,Não,Público,Partilhado com Micromobilidade,,-1014402.8672541,4682281.4671344
15994,1500,"Rua Jorge de Sena, 3E",Santa Clara,Passeio,BICICLETA,Sheffield standard,4,8,Não,Público,Partilhado com Micromobilidade,04/01/2021,-1019841.4929667,4690075.1995764
15995,1501,"Rua Vitorino Nemésio, 3",Santa Clara,Passeio,BICICLETA,Sheffield standard,4,8,Não,Público,Partilhado com Micromobilidade,04/01/2021,-1019739.0166277,4690402.6684395
15996,1502,"Largo do Ministro, 1",Santa Clara,Passeio,BICICLETA,Sheffield standard,2,4,Não,Público,Partilhado com Micromobilidade,04/01/2021,-1019624.3065147,4690568.6140345
15997,1503,"Largo do Ministro, 7",Santa Clara,Passeio,BICICLETA,Sheffield standard,4,8,Não,Público,Partilhado com Micromobilidade,04/01/2021,-1019615.6997249,4690546.1892393
15998,1504,Largo da Boa-Hora,Santa Maria Maior,Passeio,BICICLETA,Sheffield standard,6,12,Não,Público,Interdito Micromobilidade,13/08/2021,-1017371.9491820,4680188.3790752
15999,1505,"Rua Professor Eduardo Araújo Coelho, 3B",Lumiar,Lugar estacionamento automóvel,BICIPARQUE,Entorta rodas com encosto,13,13,Sim,Público,Interdito Micromobilidade,07/01/2021,-1020234.0485430,4687510.8903569
16000,1506,"Rua Prof. Vieira de Almeida, 4",Lumiar,Lugar estacionamento automóvel,BICIPARQUE,Entorta rodas com encosto,13,13,Sim,Público,Interdito Micromobilidade,07/01/2021,-1020426.1803546,4687504.9194951
16001,1507,Avenida Machado Santos,São Domingos de Benfica,Lugar estacionamento automóvel,BICIPARQUE,Entorta rodas com encosto,11,11,Sim,Público,Interdito Micromobilidade,07/01/2021,-1022150.3688252,4686443.1821905
16002,1508,"Rua João Chagas, 3",São Domingos de Benfica,Lugar estacionamento automóvel,BICIPARQUE,Entorta rodas com encosto,30,30,Sim,Público,Interdito Micromobilidade,07/01/2021,-1021684.2145312,4685616.6983213
16003,1509,Rua Teixeira de Pascoais,Alvalade,Lugar estacionamento automóvel,BICIPARQUE,Entorta rodas com encosto,13,13,Sim,Público,Interdito Micromobilidade,07/01/2021,-1017003.2937474,4685393.8190366
16004,1510,Rua Soeiro Pereira Gomes,Avenidas Novas,Lugar estacionamento automóvel,BICIPARQUE,Entorta rodas com encosto,16,16,Sim,Público,Interdito Micromobilidade,07/01/2021,-1019691.7118041,4685146.6237117
16005,1511,Rua Manuel Gouveia,Areeiro,Lugar estacionamento automóvel,BICIPARQUE,Entorta rodas com encosto,42,42,Sim,Público,Interdito Micromobilidade,07/01/2021,-1016440.3472641,4685136.1251778
16006,1512,Rua João da Silva,Areeiro,Lugar estacionamento automóvel,BICIPARQUE,Entorta rodas com encosto,13,13,Sim,Público,Interdito Micromobilidade,07/01/2021,-1016232.2266854,4684853.8551330
16007,1513,Rua da Verónica,São Vicente,Lugar estacionamento automóvel,BICIPARQUE,Entorta rodas com encosto,7,7,Sim,Público,Interdito Micromobilidade,07/01/2021,-1016269.5097825,4681180.7928242
16008,1514,Calçada do Marquês de Tancos,Santa Maria Maior,Lugar estacionamento automóvel,BICIPARQUE,Entorta rodas com encosto,9,9,Sim,Público,Interdito Micromobilidade,07/01/2021,-1016911.7186330,4680540.3454467
16009,1516,Rua Sousa Pinto,Santo António,Lugar estacionamento automóvel,BICIPARQUE,Entorta rodas com encosto,20,20,Sim,Público,Interdito Micromobilidade,07/01/2021,-1019427.3702674,4682253.1578750
16010,1517,"Rua Correia Teles, 103",Campo de Ourique,Lugar estacionamento automóvel,BICIPARQUE,Entorta rodas com encosto,29,29,Sim,Público,Interdito Micromobilidade,07/01/2021,-1020879.8375687,4681454.5292974
16011,1518,"Rua de Ponta Delgada, 68",Arroios,Passeio,BICICLETA,Sheffield standard,3,6,Não,Público,Partilhado com Micromobilidade,,-1017199.1574311,4683552.5684002
16012,1519,"Largo Doutor António Viana, 1",Campo de Ourique,Passeio,BICICLETA,Sheffield standard,5,10,Não,Público,Partilhado com Micromobilidade,04/01/2022,-1019941.7774822,4681366.0664488
16013,1520,"Rua Silva Carvalho, 54",Campo de Ourique,Lugar estacionamento automóvel,BICICLETA,Sheffield standard,5,10,Não,Público,Partilhado com Micromobilidade,,-1019940.4597406,4681398.1797373
16014,1521,Rua da Centieira,Parque das Nações,Passeio,BICICLETA,Sheffield standard,27,54,Não,Público,Partilhado com Micromobilidade,,-1012980.3114018,4688294.0137805
16015,1522,Praça das Novas Nações,Arroios,Lugar estacionamento automóvel,BICICLETA,Sheffield standard,4,8,Não,Público,Partilhado com Micromobilidade,24/08/2021,-1016669.9281733,4682523.4688859
16016,1523,"Avenida Engenheiro Arantes e Oliveira, 24",Areeiro,Via,BICICLETA,Sheffield standard,2,4,Não,Público,Partilhado com Micromobilidade,24/08/2021,-1015722.4952664,4684653.0022383
16017,1524,Rua Prof. Simões Raposo 13C,Lumiar,Lugar estacionamento automóvel,HOTSPOT,Sheffield standard,2,9,Não,Público,Partilhado com Micromobilidade,24/08/2021,-1021243.0101454,4687649.4546509
16018,1525,"Avenida São João de Deus, 1",Areeiro,Via,BICICLETA,Sheffield standard,4,8,Não,Público,Partilhado com Micromobilidade,24/08/2021,-1016615.0395546,4685295.5127927
16019,1526,"Praça Afrânio Peixoto, 13",Areeiro,Via,BICICLETA,Sheffield standard,1,2,Não,Público,Partilhado com Micromobilidade,24/08/2021,-1017090.1760385,4685193.8359502
16020,1527,"Praça Afrânio Peixoto, 8",Areeiro,Via,BICICLETA,Sheffield standard,1,2,Não,Público,Partilhado com Micromobilidade,24/08/2021,-1017043.0223506,4685135.1271937
16021,1528,"Praça Afrânio Peixoto, 2",Areeiro,Via,BICICLETA,Sheffield standard,1,2,Não,Público,Partilhado com Micromobilidade,24/08/2021,-1016999.5362250,4685199.9865708
16022,1529,Rua Oliveira Cadornega,Marvila,Via,BICICLETA,Sheffield standard,3,6,Não,Público,Partilhado com Micromobilidade,24/08/2021,-1014085.8310224,4686482.5229215
16023,1530,"Praça Afrânio Peixoto, 15",Areeiro,Via,BICICLETA,Sheffield standard,1,2,Não,Público,Partilhado com Micromobilidade,24/08/2021,-1017091.8335013,4685243.4949621
16024,1531,"Praça Afrânio Peixoto, 14",Areeiro,Via,BICICLETA,Sheffield standard,1,2,Não,Público,Partilhado com Micromobilidade,24/08/2021,-1017090.0169346,4685211.3258332
16025,1532,"Praça Afrânio Peixoto, 11",Areeiro,Via,BICICLETA,Sheffield standard,1,2,Não,Público,Partilhado com Micromobilidade,24/08/2021,-1017083.0571882,4685155.8543340
16026,1533,"Praça Afrânio Peixoto, 7",Areeiro,Via,BICICLETA,Sheffield standard,1,2,Não,Público,Partilhado com Micromobilidade,24/08/2021,-1017030.6374327,4685136.8206629
16027,1534,"Praça Afrânio Peixoto, 4",Areeiro,Via,BICICLETA,Sheffield standard,1,2,Não,Público,Partilhado com Micromobilidade,24/08/2021,-1017001.5137617,4685163.8429620
16028,1535,"Praça Afrânio Peixoto, 2A",Areeiro,Via,BICICLETA,Sheffield standard,1,2,Não,Público,Partilhado com Micromobilidade,24/08/2021,-1017000.5355021,4685214.1555485
16029,1536,"Praça Afrânio Peixoto, 1",Areeiro,Passeio,BICICLETA,Sheffield standard,1,2,Não,Público,Partilhado com Micromobilidade,24/08/2021,-1017002.2070584,4685237.8590705
16030,1537,Avenida Professor Egas Moniz,Alvalade,Passeio,BICICLETA,Entorta rodas,1,9,Não,Público,Partilhado com Micromobilidade,,-1020167.3637614,4686019.1611364
16031,530,Rua da Verónica,São Vicente,Passeio,BICICLETA,Sheffield standard,3,6,Sim,Público,Interdito Micromobilidade,07/01/2021,-1016259.6434556,4681181.0488760
16032,1539,Rua Sousa Pinto,Santo António,Lugar estacionamento automóvel,BICICLETA,Sheffield standard,5,10,Sim,Privado,Interdito Micromobilidade,07/01/2021,-1019419.0499604,4682258.6884382
16033,1540,Rua Manuel Gouveia,Areeiro,Lugar estacionamento motociclo,BICICLETA,Sheffield standard,6,12,Sim,Público,Partilhado com Micromobilidade,09/01/2021,-1016389.6568842,4685241.9633566
16034,1541,"Rua Correia Teles, 103",Campo de Ourique,Passeio,BICICLETA,Sheffield standard,2,4,Sim,Público,Partilhado com Micromobilidade,07/01/2021,-1020887.0325404,4681423.4898741
16035,1542,Rua João da Silva,Areeiro,Passeio,BICICLETA,Sheffield standard,4,8,Sim,Privado,Interdito Micromobilidade,07/01/2021,-1016227.3003901,4684853.1673901
16036,1543,"Calçada dos Barbadinhos, 114E",São Vicente,Passeio,BICICLETA,Sheffield standard,2,4,Não,Público,Partilhado com Micromobilidade,04/01/2022,-1015630.4308647,4681807.0434903
16037,1544,"Rua Conde de Sabugosa, 25A",Alvalade,Lugar estacionamento automóvel,BICICLETA,Sheffield standard,2,4,Não,Público,Partilhado com Micromobilidade,22/09/2021,-1017493.8107529,4685650.9399667
16038,1545,Doca do Jardim do Tabaco,Santa Maria Maior,Passeio,BICICLETA,Sheffield standard,6,12,Não,Público,Partilhado com Micromobilidade,,-1015683.6726382,4680475.0526450
16039,1547,Rua Jorge Dias,Belém,Passeio,BICICLETA,Sheffield estreito,4,8,Não,Público,Partilhado com Micromobilidade,,-1024805.1549962,4679735.1504479
16040,1548,Rua do Arco do Marquês de Alegrete,Santa Maria Maior,Via,HOTSPOT,Sheffield standard,4,13,Não,Público,Partilhado com Micromobilidade,10/01/2021,-1017061.8506019,4680859.4786780
16041,1549,Rua Silva e Albuquerque,Alvalade,Lugar estacionamento automóvel,BICICLETA,Sheffield standard,4,8,Não,Público,Partilhado com Micromobilidade,10/01/2021,-1017195.9414590,4685918.4842779
16042,1550,"Rua Silva e Albuquerque, 25",Alvalade,Lugar estacionamento automóvel,BICICLETA,Sheffield standard,4,8,Não,Público,Partilhado com Micromobilidade,10/10/2021,-1017641.6386978,4686022.0960474
16043,1551,Avenida Rovisco Pais,Areeiro,Passeio,BICICLETA,Sheffield standard,10,20,Não,Privado,Interdito Micromobilidade,10/07/2021,-1017212.4347992,4683920.2810145
16044,1552,"Avenida de António José de Almeida, Universidade",Areeiro,Passeio,BICICLETA,Sheffield standard,5,10,Não,Privado,Interdito Micromobilidade,10/07/2021,-1017275.9234692,4684084.7330459
16045,1553,"Rua Capitão Santiago de Carvalho, Escola",Olivais,Via,HOTSPOT,Sheffield standard,2,9,Não,Público,Partilhado com Micromobilidade,14/12/2020,-1014210.7160439,4688935.4553516
16046,1556,"Avenida 5 de Outubro, 18",Avenidas Novas,Passeio,BICICLETA,Sheffield standard,3,6,Não,Público,Partilhado com Micromobilidade,25/06/2021,-1018435.8418042,4684663.4760899
16047,1557,"Avenida Poeta Mistral, 31",Avenidas Novas,Passeio,BICICLETA,Sheffield standard,3,6,Não,Público,Partilhado com Micromobilidade,25/06/2021,-1018737.4660254,4684432.1958163
16049,1559,"Rua Carvalho Araújo, 28",Penha de França,Lugar estacionamento automóvel,BICICLETA,Sheffield standard,2,4,Não,Público,Partilhado com Micromobilidade,08/01/2021,-1016487.3562289,4683610.4797332
16050,1560,"Rua Carvalho Araújo, 28",Penha de França,Lugar estacionamento automóvel,BICICLETA,Sheffield standard,2,4,Não,Público,Partilhado com Micromobilidade,08/01/2021,-1016486.5408844,4683595.3183739
16051,1561,"Rua Professor Lima Basto, 69",São Domingos de Benfica,Passeio,BICICLETA,Sheffield standard,3,6,Não,Público,Partilhado com Micromobilidade,10/01/2021,-1019757.3187076,4684305.6531475
16052,1562,Rua Professor Lima Basto,São Domingos de Benfica,Via,BICICLETA,Sheffield standard,6,12,Não,Público,Partilhado com Micromobilidade,10/01/2021,-1019956.3151599,4684408.5187120
16053,1563,"Rua Doutor António Granjo, 1",São Domingos de Benfica,Via,BICICLETA,Sheffield standard,4,8,Não,Público,Partilhado com Micromobilidade,10/01/2021,-1020226.0012653,4684489.3880530
16054,1564,"Rua Doutor António Granjo, 4",São Domingos de Benfica,Via,BICICLETA,Sheffield standard,2,4,Não,Público,Partilhado com Micromobilidade,10/01/2021,-1020234.2537573,4684491.2335803
16055,1565,Estrada de Telheiras,Lumiar,Via,HOTSPOT,Sheffield standard,2,9,Não,Público,Partilhado com Micromobilidade,22/10/2021,-1020456.1625693,4687323.2883162
16056,1566,Rua Castilho,Avenidas Novas,Via,HOTSPOT,Sheffield standard,2,9,Não,Público,Partilhado com Micromobilidade,22/10/2021,-1019399.2199444,4682953.8308648
16057,1640,"Rua Eugénio de Castro, Escola",Alvalade,Passeio,BICICLETA,Sheffield standard,7,14,Não,Privado,Interdito Micromobilidade,12/06/2021,-1018280.6077670,4686564.6682140
16058,1641,"Rua Abel Salazar, 31",Lumiar,Passeio,BICICLETA,Sheffield standard,2,4,Não,Privado,Interdito Micromobilidade,12/10/2021,-1020571.8697544,4688425.4936516
16059,1642,"Rua Prof. Arsénio Nunes, Escola",Carnide,Passeio,BICICLETA,Sheffield standard,8,16,Não,Privado,Interdito Micromobilidade,14/12/2021,-1023481.7395897,4688544.6530881
16060,1643,"Rua Maria Amália Vaz de Carvalho, Escola",Alvalade,Passeio,BICICLETA,Sheffield standard,4,8,Sim,Privado,Interdito Micromobilidade,12/06/2021,-1017660.2966689,4686092.5102030
16061,1644,"Largo do Ministro, 9",Santa Clara,Lugar estacionamento automóvel,BICICLETA,Sheffield standard,8,16,Sim,Privado,Interdito Micromobilidade,12/09/2021,-1019584.7432426,4690518.7562822
16062,1645,"Largo do Poço, 6",Lumiar,Passeio,BICICLETA,Sheffield standard,6,12,Não,Privado,Interdito Micromobilidade,14/12/2021,-1020514.3338148,4687302.2258868
16063,1646,"Avenida Santa Joana Princesa, 13",Alvalade,Passeio,BICICLETA,Sheffield standard,4,8,Não,Público,Partilhado com Micromobilidade,12/03/2021,-1017146.8275919,4686464.0150465
16064,1647,"Rua Alexandre de Sá Pinto, 26",Belém,Lugar estacionamento automóvel,BICICLETA,Sheffield standard,5,10,Não,Privado,Interdito Micromobilidade,23/12/2021,-1023603.1543751,4678539.1943044
16065,1648,"Praça de Malaca, 3",Belém,Via,BICICLETA,Sheffield standard,5,10,Não,Privado,Interdito Micromobilidade,22/12/2021,-1025281.6115752,4678700.8523920
16066,1649,"Rua Gilberto Freyre, Escola",Marvila,Passeio,BICICLETA,Sheffield standard,5,10,Não,Privado,Interdito Micromobilidade,12/09/2021,-1015375.2186422,4685119.2271765
16067,1650,"Azinhaga da Bela Vista, 2B-2C",Marvila,Via,BICICLETA,Sheffield standard,5,10,Não,Privado,Interdito Micromobilidade,12/08/2021,-1015879.6862938,4686737.8608063
16068,1651,"Rua Corsário das Ilhas, 4-4B",Parque das Nações,Passeio,BICICLETA,Sheffield standard,5,10,Não,Privado,Interdito Micromobilidade,12/02/2021,-1012817.8956190,4687175.8298550
16069,1652,Rua Madre de Deus,Penha de França,Passeio,BICICLETA,Sheffield standard,5,10,Não,Privado,Interdito Micromobilidade,12/10/2021,-1014712.6369414,4682097.8833892
16070,1653,"Rua da Verónica, Escola",São Vicente,Passeio,BICICLETA,Sheffield standard,3,6,Sim,Privado,Interdito Micromobilidade,13/12/2021,-1016158.9762143,4681113.6598952
16071,1654,"Rua Abel Salazar, 31",Lumiar,Passeio,BICICLETA,Sheffield standard,2,4,Não,Privado,Interdito Micromobilidade,12/10/2021,-1020575.8827663,4688432.4798145
16072,1655,"Largo Frederico Valsassina, 2A",Marvila,Passeio,BICICLETA,Sheffield standard,6,12,Não,Público,Partilhado com Micromobilidade,12/09/2021,-1015903.0785698,4686716.7868095
16073,1656,"Avenida Marechal Craveiro Lopes, 1",Lumiar,Via,BICICLETA,Sheffield standard,7,14,Não,Privado,Interdito Micromobilidade,12/09/2021,-1019024.0965375,4687401.9056965
16074,1657,"Rua da Verónica, Escola",São Vicente,Passeio,BICICLETA,Sheffield standard,4,8,Não,Privado,Interdito Micromobilidade,13/12/2021,-1016143.5638216,4681094.2070341
16075,1658,Rua Madre de Deus,Penha de França,Passeio,BICICLETA,Sheffield standard,5,10,Não,Privado,Interdito Micromobilidade,12/10/2021,-1014683.0378068,4682094.8354086
16076,1659,Rua Armindo Rodrigues,Lumiar,Passeio,BICICLETA,Sheffield standard,11,22,Sim,Privado,Interdito Micromobilidade,23/12/2021,-1020416.0992998,4688507.8854530
16077,1660,"Avenida Almirante Gago Coutinho, 82",Alvalade,Passeio,BICICLETA,Sheffield standard,3,6,Sim,Privado,Interdito Micromobilidade,12/07/2021,-1016396.1566016,4686142.7552626
16078,1661,"Estrada de Telheiras, 113",Lumiar,Passeio,BICICLETA,Sheffield standard,3,6,Não,Privado,Interdito Micromobilidade,12/10/2021,-1020182.5774331,4687223.9754154
16079,1662,"Estrada de Benfica, 535",Benfica,Passeio,BICICLETA,Sheffield standard,3,6,Não,Privado,Interdito Micromobilidade,16/12/2021,-1023555.6569840,4685874.0953969
16080,1663,"Estrada de Benfica, 535",Benfica,Passeio,BICICLETA,Sheffield standard,3,6,Não,Privado,Interdito Micromobilidade,17/12/2021,-1023547.7612491,4685872.4864303
16081,1664,"Campo de Santa Clara, Mercado",São Vicente,Passeio,BICICLETA,Sheffield standard,3,6,Não,Público,Partilhado com Micromobilidade,28/01/2022,-1015882.1029707,4680975.9445135
16082,1665,Campo de Santa Clara,São Vicente,Passeio,BICICLETA,Sheffield standard,2,4,Não,Privado,Interdito Micromobilidade,28/01/2022,-1015785.7468972,4681050.5949201
16083,1666,Campo de Santa Clara,São Vicente,Passeio,BICICLETA,Sheffield standard,2,4,Não,Privado,Interdito Micromobilidade,28/01/2022,-1015723.1916027,4681074.8935511
16084,1667,Campus de Campolide,Campolide,Passeio,BICICLETA,Sheffield standard,25,50,Não,Privado,Interdito Micromobilidade,,-1019660.3878228,4683508.4923683
16085,1668,"Rua de Campolide, 28",Campolide,Passeio,BICICLETA,Sheffield estilizado,1,5,Não,Público,Partilhado com Micromobilidade,,-1019928.0838794,4682530.4265824
16086,1669,"Tapada das Necessidades, Escola",Estrela,Passeio,BICICLETA,Sheffield standard,4,8,Não,Privado,Interdito Micromobilidade,02/02/2022,-1020918.5679949,4680074.5743570
16087,1670,"Rua Prista Monteiro, Escola",Carnide,Passeio,BICICLETA,Sheffield standard,3,6,Não,Privado,Interdito Micromobilidade,02/02/2022,-1022129.8181392,4688188.2831544
16088,1671,"Rua Maria Brown, 1",Carnide,Passeio,BICICLETA,Sheffield standard,3,6,Não,Privado,Interdito Micromobilidade,31/01/2022,-1022630.1595069,4687301.3380338
16089,1672,"Rua Dom Luís da Cunha, Escola",Alvalade,Passeio,BICICLETA,Sheffield standard,8,16,Não,Privado,Interdito Micromobilidade,02/01/2022,-1020517.5727674,4686832.2971535
16090,1673,"Rua Luís de Freitas Branco, Escola",Lumiar,Passeio,BICICLETA,Sheffield standard,5,10,Não,Privado,Interdito Micromobilidade,17/01/2022,-1019964.8679195,4688927.9452057
16091,1674,"Rua Mário Sampaio Ribeiro, Escola",Lumiar,Passeio,BICICLETA,Sheffield standard,5,10,Não,Privado,Interdito Micromobilidade,17/01/2022,-1020002.4696615,4688633.0158938
16092,1675,"Rua Mário Sampaio Ribeiro, Escola",Lumiar,Via,BICICLETA,Sheffield standard,4,8,Não,Privado,Interdito Micromobilidade,17/01/2022,-1019891.5094995,4688719.9987603
16093,1676,"Rua Prof. Mário Chicó, Escola",Lumiar,Passeio,BICICLETA,Sheffield standard,9,18,Não,Privado,Interdito Micromobilidade,02/02/2022,-1020615.5968511,4687708.7582642
16094,1677,"Rua Rodrigo da Fonseca, Escola",Avenidas Novas,Passeio,BICICLETA,Sheffield standard,2,4,Sim,Privado,Interdito Micromobilidade,02/04/2022,-1019355.9486915,4682599.7589005
16095,1678,"Rua Professor Mira Fernandes, Escola",Beato,Passeio,BICICLETA,Sheffield standard,5,10,Não,Privado,Interdito Micromobilidade,27/01/2022,-1015364.4597892,4684426.3281624
16096,1679,"Rua Dom Francisco de Almeida, 1",Belém,Via,BICICLETA,Sheffield standard,7,14,Não,Privado,Interdito Micromobilidade,13/01/2022,-1025229.3352916,4678600.9949256
16097,1680,"Rua Bartolomeu Dias, 53",Belém,Via,BICICLETA,Sheffield standard,4,8,Não,Privado,Interdito Micromobilidade,13/01/2022,-1025446.3831843,4678071.0024813
16098,1681,"Rua Direita ao Lumiar, 9",Lumiar,Passeio,BICICLETA,Sheffield standard,2,4,Não,Privado,Interdito Micromobilidade,14/01/2022,-1021039.0486267,4689218.3792794
16099,1682,"Rua Dom Luís I, Escola",Misericórdia,Via,BICICLETA,Sheffield standard,5,10,Não,Privado,Interdito Micromobilidade,18/01/2022,-1018543.8211068,4680009.7431044
16100,1683,Rua Prof. Fernando de Mello Moser,Lumiar,Passeio,BICICLETA,Sheffield standard,6,12,Não,Privado,Interdito Micromobilidade,14/02/2022,-1020818.5727691,4689269.3949007
16101,1684,Rua Prof. Fernando de Mello Moser,Lumiar,Passeio,BICICLETA,Sheffield standard,4,8,Não,Privado,Interdito Micromobilidade,14/02/2022,-1020822.3188925,4689264.9963577
16102,1685,"Avenida Almirante Gago Coutinho, 141",Alvalade,Passeio,BICICLETA,Sheffield standard,2,4,Não,Privado,Interdito Micromobilidade,31/01/2022,-1016373.8377399,4687289.5425308
16103,1686,"Travessa de Francisco Resende, 59",Benfica,Passeio,BICICLETA,Sheffield standard,8,16,Não,Privado,Interdito Micromobilidade,31/01/2022,-1023712.6053573,4684859.1015377
16105,1688,"Rua Major Neutel de Abreu, 11",São Domingos de Benfica,Passeio,BICICLETA,Sheffield standard,8,16,Não,Privado,Interdito Micromobilidade,18/01/2022,-1022057.7676478,4685548.2213034
16106,1689,Rua Alexandre de Sá Pinto,Belém,Passeio,BICICLETA,Sheffield standard,4,8,Não,Privado,Interdito Micromobilidade,13/01/2022,-1023684.2396817,4678809.8963598
16107,1690,"Rua Matateu, Escola",Belém,Passeio,BICICLETA,Sheffield standard,3,6,Não,Privado,Interdito Micromobilidade,28/01/2022,-1023560.3981754,4678901.3929518
16108,1691,Rua Alexandre de Sá Pinto,Belém,Passeio,BICICLETA,Sheffield standard,4,8,Não,Privado,Interdito Micromobilidade,28/01/2022,-1023408.2217682,4678749.9350660
16109,1692,"Avenida Engenheiro Duarte Pacheco, 32",Campolide,Passeio,BICICLETA,Sheffield standard,10,20,Não,Privado,Interdito Micromobilidade,25/01/2022,-1020059.9962351,4682235.4190070
16110,1693,Rua Afonso Lopes Vieira,Alvalade,Lugar estacionamento automóvel,BICICLETA,Sheffield standard,4,8,Não,Público,Partilhado com Micromobilidade,,-1018382.4387538,4686188.4454485
16111,1694,"Avenida do Brasil, 101",Alvalade,Lugar estacionamento automóvel,BICICLETA,Entorta rodas,1,5,Não,Privado,Interdito Micromobilidade,,-1017542.0726019,4687167.0156646
16112,1695,"Avenida do Brasil, 101",Alvalade,Passeio,BICICLETA,Sheffield standard,4,8,Não,Privado,Interdito Micromobilidade,,-1017708.2118492,4687236.3183268
16113,1696,"Jardim Prof. António de Sousa Franco, 1-1C",Lumiar,Passeio,BICICLETA,Entorta rodas,1,5,Não,Público,Partilhado com Micromobilidade,,-1020430.3329444,4687401.4870822
16114,1697,"Rua Cidade de Bolama, 20",Olivais,Passeio,BICICLETA,Sheffield estilizado,4,8,Não,Público,Partilhado com Micromobilidade,27/05/2021,-1014871.6308534,4687720.4627269
16115,1698,Travessa do Grilo,Beato,Passeio,BICICLETA,Sheffield standard,5,10,Não,Público,Partilhado com Micromobilidade,15/09/2021,-1013813.4286711,4683083.6961320
16116,1699,Travessa do Grilo,Beato,Passeio,BICICLETA,Sheffield standard,5,10,Não,Público,Partilhado com Micromobilidade,15/09/2021,-1013805.2090622,4683123.8562449
16117,1700,Alameda do Beato,Beato,Passeio,BICICLETA,Sheffield standard,4,8,Não,Público,Partilhado com Micromobilidade,03/01/2022,-1013634.3731317,4683604.4082118
16118,1701,"Paço da Rainha, 90",Arroios,Passeio,BICICLETA,Sheffield standard,4,8,Não,Público,Partilhado com Micromobilidade,02/10/2022,-1017181.0626533,4682161.8435101
16119,1702,"Paço da Rainha, 41",Arroios,Passeio,BICICLETA,Sheffield standard,4,8,Não,Público,Partilhado com Micromobilidade,02/10/2022,-1017190.9451736,4682170.4623523
16120,1703,"Rua de Ponta Delgada, 29",Arroios,Via,BICICLETA,Sheffield standard,2,4,Não,Público,Partilhado com Micromobilidade,,-1017333.8530399,4683472.1918036
16121,1705,"Rua Gomes Freire, 68",Arroios,Passeio,BICICLETA,Sheffield standard,5,10,Não,Público,Partilhado com Micromobilidade,04/05/2022,-1017466.8870220,4682279.7687290
16122,1706,"Rua dos Heróis de Quionga, 13",Arroios,Passeio,BICICLETA,Sheffield standard,2,4,Não,Público,Partilhado com Micromobilidade,,-1016655.7107302,4683206.9600020
16123,1707,"Rua Damasceno Monteiro, 113",Arroios,Lugar estacionamento automóvel,BICICLETA,Sheffield standard,2,4,Não,Público,Partilhado com Micromobilidade,03/01/2022,-1016605.1610594,4682044.6152761
16124,1709,"Calçadinha dos Olivais, Escola",Olivais,Passeio,BICICLETA,Sheffield standard,8,16,Não,Privado,Interdito Micromobilidade,22/11/2021,-1013735.4567126,4688720.6209938
16125,1710,"Rua Cidade de Nampula, Escola",Olivais,Passeio,BICICLETA,Sheffield standard,8,16,Não,Privado,Interdito Micromobilidade,24/11/2021,-1015413.8709398,4687949.2735031
16126,1711,"Rua Fernando Namora, Escola",Lumiar,Passeio,BICICLETA,Sheffield standard,10,20,Não,Privado,Interdito Micromobilidade,24/11/2021,-1021235.4460196,4687323.6728146
16127,1712,"Rua Prof. José Sebastião e Silva, Escola",Benfica,Passeio,BICICLETA,Sheffield standard,10,20,Não,Privado,Interdito Micromobilidade,25/11/2021,-1023483.2465213,4685563.3038407
16128,1713,"Rua Fernando Namora, Escola",Lumiar,Passeio,BICICLETA,Sheffield standard,3,6,Não,Privado,Interdito Micromobilidade,25/11/2021,-1021174.5672962,4687291.8560158
16129,1715,"Rua Prof. José Sebastião e Silva, Escola",Benfica,Passeio,BICICLETA,Sheffield standard,10,20,Não,Privado,Interdito Micromobilidade,26/11/2021,-1023505.4937520,4685563.5625092
16130,1716,"Praça de Alvalade, 14",Alvalade,Passeio,BICICLETA,Sheffield standard,2,4,Não,Público,Partilhado com Micromobilidade,04/06/2022,-1017852.0065826,4686361.4099952
16131,1717,Rua Augusto Pina,São Domingos de Benfica,Lugar estacionamento automóvel,BICICLETA,Sheffield standard,4,8,Não,Público,Partilhado com Micromobilidade,05/04/2022,-1022711.6104232,4685867.4912389
16132,1718,"Rua Augusto Pina, 21",São Domingos de Benfica,Lugar estacionamento automóvel,BICICLETA,Sheffield standard,4,8,Não,Público,Partilhado com Micromobilidade,05/04/2022,-1022433.5013790,4685855.5005977
16133,1719,"Rua Maestro Frederico de Freitas, Escola",São Domingos de Benfica,Passeio,BICICLETA,Sheffield standard,4,8,Não,Público,Partilhado com Micromobilidade,05/04/2022,-1022041.6707316,4685692.3613013
16134,1720,"Rua Saraiva de Carvalho, 35",Campo de Ourique,Passeio,BICICLETA,Sheffield standard,5,10,Não,Público,Partilhado com Micromobilidade,05/05/2022,-1019629.3233534,4681288.2812430
16135,1721,"Rua Saraiva de Carvalho, 1",Campo de Ourique,Passeio,BICICLETA,Sheffield standard,5,10,Não,Público,Partilhado com Micromobilidade,05/05/2022,-1019464.2140751,4681440.4496765
16136,1722,"Passeio do Adamastor, 2.01.01",Parque das Nações,Passeio,BICICLETA,Sheffield standard,4,6,Não,Público,Partilhado com Micromobilidade,05/01/2022,-1012279.2678331,4687158.4637354
16137,1723,Rua da Cintura do Porto de Lisboa,Marvila,Passeio,BICICLETA,Sheffield standard,8,16,Não,Público,Partilhado com Micromobilidade,02/07/2020,-1012604.6748137,4685708.3043939
16138,1724,"Estrada das Oliveiras de Baixo, CML (Oficinas)",Benfica,Passeio,BICICLETA,Sheffield standard,4,8,Não,Privado,Interdito Micromobilidade,,-1023806.5658538,4682619.4586713
16139,1725,Rua Fernão Álvares do Oriente,Alvalade,Passeio,BICICLETA,Sheffield standard,2,4,Não,Público,Partilhado com Micromobilidade,16/05/2022,-1018034.4987881,4685603.7164284
16140,1726,"Rua Eduardo Costa, Escola",Penha de França,Passeio,BICICLETA,Sheffield standard,5,10,Não,Privado,Interdito Micromobilidade,05/10/2022,-1015804.1961842,4682597.8279977
16141,1727,Avenida Professor Aníbal de Bettencourt,Alvalade,Passeio,BICICLETA,Sheffield standard,10,20,Não,Privado,Interdito Micromobilidade,30/03/2022,-1018958.1622289,4685851.9263504
16142,1728,Campus de Benfica do Instituto Politécnico de Lisboa,Benfica,Passeio,BICICLETA,Sheffield standard,5,10,Não,Privado,Interdito Micromobilidade,30/03/2022,-1023368.5591453,4685416.8761470
16143,1729,Alameda da Universidade,Alvalade,Passeio,BICICLETA,Sheffield standard,10,20,Não,Privado,Interdito Micromobilidade,18/03/2022,-1019371.9456759,4686266.2305480
16144,1730,"Avenida Professor Aníbal de Bettencourt, ISCTE (Edifício I)",Alvalade,Passeio,BICICLETA,Sheffield standard,16,32,Não,Público,Partilhado com Micromobilidade,25/02/2022,-1019032.8461290,4685771.0568602
16145,1731,Avenida da Universidade Técnica,Ajuda,Passeio,BICICLETA,Sheffield standard,5,10,Não,Privado,Interdito Micromobilidade,22/02/2022,-1023637.3107696,4680798.5447824
16146,1732,Alameda da Universidade,Alvalade,Passeio,BICICLETA,Sheffield standard,8,16,Não,Privado,Interdito Micromobilidade,25/02/2022,-1019438.9923715,4686428.1270508
16147,1733,"Praça Eduardo Mondlane, 7C",Marvila,Passeio,BICICLETA,Sheffield standard,2,4,Sim,Privado,Interdito Micromobilidade,22/02/2022,-1014519.0281182,4685029.0469920
16148,1734,Rua Primeiro de Maio a Alcântara,Alcântara,Passeio,BICICLETA,Sheffield standard,3,6,Não,Público,Partilhado com Micromobilidade,17/03/2022,-1021721.3646035,4679346.0192991
16149,1735,Avenida de Ceuta,Alcântara,Passeio,BICICLETA,Sheffield standard,5,10,Não,Público,Partilhado com Micromobilidade,15/03/2022,-1021473.0047960,4680630.6786272
16150,1736,"Avenida Álvares Cabral, 69",Campo de Ourique,Passeio,BICICLETA,Sheffield standard,2,4,Não,Privado,Interdito Micromobilidade,17/03/2022,-1019494.9278587,4681061.2243843
16151,1737,Tapada da Ajuda,Alcântara,Via,BICICLETA,Sheffield standard,10,20,Sim,Privado,Interdito Micromobilidade,15/03/2022,-1022486.2156568,4680632.0224518
16152,1738,"Campo Grande, 376",Alvalade,Passeio,BICICLETA,Sheffield standard,16,32,Não,Privado,Interdito Micromobilidade,21/03/2022,-1018824.7616774,4686985.9993136
16153,1739,"Avenida Professor Egas Moniz, Escola",Alvalade,Via,BICICLETA,Sheffield standard,4,8,Não,Privado,Interdito Micromobilidade,22/02/2022,-1020032.5636158,4685796.3595309
16154,1740,Rua Almerindo Lessa,Ajuda,Lugar estacionamento automóvel,BICICLETA,Sheffield standard,5,10,Não,Privado,Interdito Micromobilidade,18/03/2022,-1023875.3771315,4680703.8745924
16155,1741,"Rua José Escada, Escola",Lumiar,Passeio,BICICLETA,Sheffield standard,10,20,Não,Privado,Interdito Micromobilidade,17/03/2022,-1020979.8452386,4687291.3133225
16156,1742,"Rua Raul Carapinha, Escola",São Domingos de Benfica,Passeio,BICICLETA,Sheffield standard,8,16,Sim,Privado,Interdito Micromobilidade,17/02/2022,-1020953.3123913,4684657.3349787
16157,1743,"Estrada de Benfica, 628",Benfica,Passeio,BICICLETA,Sheffield standard,2,4,Não,Privado,Interdito Micromobilidade,05/06/2022,-1024192.7889972,4686027.6669985
16158,1744,"Largo do Leão, 9",Arroios,Passeio,BICICLETA,Sheffield standard,2,4,Não,Privado,Interdito Micromobilidade,05/09/2022,-1017125.3507667,4683771.5786381
16159,1745,"Avenida do Rio de Janeiro, 26",Alvalade,Passeio,HOTSPOT,Sheffield standard,2,9,Não,Público,Partilhado com Micromobilidade,21/03/2022,-1017219.0691011,4686258.5940159
16160,1746,"Avenida do Rio de Janeiro, 4",Alvalade,Passeio,BICICLETA,Sheffield standard,2,4,Não,Público,Partilhado com Micromobilidade,04/04/2022,-1017162.5026787,4685926.7644083
16161,1747,"Avenida dos Estados Unidos da América, 52",Alvalade,Passeio,BICICLETA,Sheffield standard,2,4,Não,Público,Partilhado com Micromobilidade,19/05/2022,-1017188.9960263,4685870.6073364
16162,1748,"Avenida dos Estados Unidos da América, 82",Alvalade,Passeio,BICICLETA,Sheffield standard,3,6,Não,Público,Partilhado com Micromobilidade,20/05/2022,-1017477.6910654,4685858.4069786
16163,1749,"Avenida dos Estados Unidos da América, 90",Alvalade,Passeio,BICICLETA,Sheffield standard,2,4,Não,Público,Partilhado com Micromobilidade,19/05/2022,-1017604.1414941,4685850.0354128
16164,1750,"Avenida dos Estados Unidos da América, 94",Alvalade,Passeio,BICICLETA,Sheffield standard,3,6,Não,Público,Partilhado com Micromobilidade,16/05/2022,-1017647.6176278,4685890.8875872
16165,1751,"Avenida de Roma, 72",Alvalade,Passeio,BICICLETA,Sheffield standard,4,8,Não,Público,Partilhado com Micromobilidade,16/05/2022,-1017733.7885588,4686055.6082302
16166,1752,"Praça de Alvalade, 4",Alvalade,Passeio,BICICLETA,Sheffield standard,2,4,Não,Público,Partilhado com Micromobilidade,16/05/2022,-1017940.1849926,4686323.0094826
16167,1753,"Avenida de Roma, 97",Alvalade,Passeio,BICICLETA,Sheffield standard,2,4,Não,Público,Partilhado com Micromobilidade,04/06/2022,-1017868.9159835,4686243.0013366
16168,1754,"Avenida dos Estados Unidos da América, 102",Alvalade,Passeio,BICICLETA,Sheffield standard,2,4,Não,Público,Partilhado com Micromobilidade,04/06/2022,-1017743.6254267,4685836.6134510
16169,1755,"Avenida dos Estados Unidos da América, 142",Alvalade,Passeio,BICICLETA,Sheffield standard,3,6,Não,Público,Partilhado com Micromobilidade,04/06/2022,-1018289.4285886,4685722.6131630
16170,1756,"Campo Grande, 28",Alvalade,Passeio,BICICLETA,Sheffield standard,4,8,Não,Público,Partilhado com Micromobilidade,04/06/2022,-1018325.1283604,4685862.9176134
16171,1757,"Campo Grande, 376",Alvalade,Passeio,BICICLETA,Sheffield standard,6,12,Não,Público,Partilhado com Micromobilidade,17/05/2022,-1018842.9670203,4687157.9495131
16172,1758,"Campo Grande, 376",Alvalade,Passeio,BICICLETA,Sheffield standard,6,12,Não,Público,Partilhado com Micromobilidade,18/03/2022,-1018806.0934988,4687178.6908074
16173,1759,Rua Almerindo Lessa,Ajuda,Lugar estacionamento automóvel,BICICLETA,Sheffield standard,5,10,Não,Privado,Interdito Micromobilidade,30/03/2022,-1023826.4949959,4680646.7097334
16174,1760,Rua Almerindo Lessa,Ajuda,Lugar estacionamento automóvel,BICICLETA,Sheffield standard,5,10,Não,Privado,Interdito Micromobilidade,20/05/2022,-1023830.4856624,4680704.8063563
16175,1761,Campus de Benfica do Instituto Politécnico de Lisboa,Benfica,Via,BICICLETA,Sheffield standard,10,20,Não,Privado,Interdito Micromobilidade,16/03/2022,-1023575.0847631,4685349.5456295
16176,1762,Campus de Benfica do Instituto Politécnico de Lisboa,Benfica,Lugar estacionamento automóvel,BICICLETA,Sheffield standard,4,8,Não,Privado,Interdito Micromobilidade,18/03/2022,-1023642.3672522,4685442.6309714
16177,1763,"Rua Conselheiro Emídio Navarro, ISEL",Marvila,Passeio,BICICLETA,Sheffield standard,5,10,Não,Privado,Interdito Micromobilidade,17/03/2022,-1014968.4791028,4686930.1061715
16178,1764,"Rua Conselheiro Emídio Navarro, ISEL",Marvila,Passeio,BICICLETA,Sheffield standard,5,10,Sim,Privado,Interdito Micromobilidade,17/02/2022,-1014981.2657888,4686890.1616729
16179,1765,"Rua Conselheiro Emídio Navarro, ISEL",Marvila,Passeio,BICICLETA,Sheffield standard,10,20,Não,Privado,Interdito Micromobilidade,28/03/2022,-1014875.0264318,4686915.4715829
16180,1766,"Avenida do Rio de Janeiro, 14",Alvalade,Passeio,BICICLETA,Sheffield standard,2,4,Sim,Privado,Interdito Micromobilidade,25/02/2022,-1017152.7914780,4686085.1573262
16181,1767,Rua Primeiro de Maio a Alcântara,Alcântara,Via,BICICLETA,Sheffield standard,1,2,Sim,Privado,Interdito Micromobilidade,18/02/2022,-1021715.1528746,4679354.6486769
16182,1768,Rua Primeiro de Maio a Alcântara,Alcântara,Via,BICICLETA,Sheffield standard,1,2,Não,Privado,Interdito Micromobilidade,18/02/2022,-1021712.6369581,4679356.7173401
16183,1769,"Avenida Professor Aníbal de Bettencourt, ISCTE (Edifício II)",Alvalade,Lugar estacionamento automóvel,BICICLETA,Sheffield standard,9,18,Não,Privado,Interdito Micromobilidade,13/05/2022,-1018924.5955075,4685904.0790877
16184,1770,"Campo Grande, 400",Lumiar,Passeio,BICICLETA,Sheffield standard,3,6,Sim,Privado,Interdito Micromobilidade,13/05/2022,-1019218.8368065,4687323.5463581
16185,1771,Campus de Benfica do Instituto Politécnico de Lisboa,Benfica,Passeio,BICICLETA,Sheffield standard,5,10,Sim,Privado,Interdito Micromobilidade,05/12/2022,-1023375.7795758,4685414.6992045
16186,1772,Tapada da Ajuda,Alcântara,Via,BICICLETA,Sheffield standard,5,10,Não,Privado,Interdito Micromobilidade,05/12/2022,-1022131.4673197,4679831.5996845
16187,1773,Tapada da Ajuda,Alcântara,Passeio,BICICLETA,Sheffield standard,10,20,Sim,Privado,Interdito Micromobilidade,23/02/2022,-1022536.1157605,4679882.2054601
16188,1774,Tapada da Ajuda,Alcântara,Passeio,BICICLETA,Sheffield standard,6,12,Não,Privado,Interdito Micromobilidade,17/02/2022,-1022452.1450544,4680049.7713498
16189,1775,Tapada da Ajuda,Alcântara,Passeio,BICICLETA,Sheffield standard,5,10,Não,Privado,Interdito Micromobilidade,18/02/2022,-1022447.5637082,4679927.4597273
16190,1776,Tapada da Ajuda,Alcântara,Via,BICICLETA,Sheffield standard,6,12,Não,Privado,Interdito Micromobilidade,02/06/2022,-1022439.8281817,4680618.0990158
16191,1777,Tapada da Ajuda,Alcântara,Via,BICICLETA,Sheffield standard,10,20,Não,Privado,Interdito Micromobilidade,16/02/2022,-1022338.1826995,4679835.3109788
16192,1778,Tapada da Ajuda,Alcântara,Passeio,BICICLETA,Sheffield standard,10,20,Não,Privado,Interdito Micromobilidade,02/11/2022,-1022944.7563306,4681054.4488157
16193,1779,Estrada da Pontinha,Carnide,Passeio,BICICLETA,Sheffield standard,8,16,Não,Público,Partilhado com Micromobilidade,04/01/2022,-1023557.5332442,4687767.5262448
16194,1780,Estrada do Alvito,Alcântara,Lugar estacionamento automóvel,BICICLETA,Sheffield standard,4,8,Não,Público,Partilhado com Micromobilidade,,-1022540.0541521,4681573.0842350
16195,1781,"Avenida D. João II, 40",Parque das Nações,Via,BICIPARQUE,Desconhecido,0,0,Sim,Privado,Interdito Micromobilidade,,-1012656.0571916,4688445.7086599
16196,1782,"Alameda dos Oceanos, 37 B",Parque das Nações,Passeio,BICICLETA,Sheffield standard,9,18,Não,Público,Partilhado com Micromobilidade,04/01/2022,-1012614.2572866,4687617.1730507
16197,1783,Praça Príncipe Perfeito,Parque das Nações,Passeio,BICICLETA,Grelha,3,12,Não,Público,Partilhado com Micromobilidade,04/01/2022,-1012841.2009525,4687548.6401222
16198,1786,Avenida Infante Dom Henrique,Santa Maria Maior,Passeio,HOTSPOT,Sheffield standard,2,9,Não,Público,Partilhado com Micromobilidade,07/03/2022,-1016083.4713645,4680271.1480482
16199,1785,Largo José Saramago,Santa Maria Maior,Passeio,BICICLETA,Sheffield standard,3,6,Não,Público,Partilhado com Micromobilidade,07/08/2022,-1016635.7159026,4680049.8304011
16200,1831,"Avenida Infante Dom Henrique, Armazém B",São Vicente,Passeio,HOTSPOT,Sheffield standard,2,9,Não,Público,Partilhado com Micromobilidade,07/08/2022,-1015425.9375792,4680800.1057061
16201,1784,"Calçada da Patriarcal, 11",Santo António,Passeio,BICICLETA,Sheffield standard,2,4,Não,Público,Partilhado com Micromobilidade,23/07/2022,-1018257.2100935,4681171.9549053
16202,1832,"Rua Barata Salgueiro, 19",Santo António,Passeio,HOTSPOT,Sheffield standard,2,9,Não,Público,Partilhado com Micromobilidade,08/12/2022,-1018313.7038970,4681875.6413804
16203,1808,"Rua Prof. Mário Chicó, 2M",Lumiar,Passeio,BICICLETA,Sheffield standard,2,4,Não,Público,Partilhado com Micromobilidade,25/06/2022,-1020583.9071208,4687521.7285809
16204,1975,"Rua Fernando Lopes Graça, 19H",Lumiar,Passeio,BICICLETA,Sheffield standard,2,4,Não,Público,Partilhado com Micromobilidade,13/07/2022,-1020895.5540963,4688686.4738308
16205,1976,"Rua Fernando Lopes Graça, 23A",Lumiar,Passeio,BICICLETA,Sheffield standard,2,4,Não,Público,Partilhado com Micromobilidade,13/07/2022,-1020976.8070206,4688661.2519042
16206,1977,"Alameda Mahatma Gandhi, 2",Lumiar,Passeio,BICICLETA,Sheffield standard,2,4,Não,Público,Partilhado com Micromobilidade,07/11/2022,-1021160.8534297,4688671.9359529
16207,1978,"Alameda Mahatma Gandhi, 12",Lumiar,Passeio,BICICLETA,Sheffield standard,2,4,Não,Público,Partilhado com Micromobilidade,15/07/2022,-1021186.7784495,4688811.7463958
16208,1979,"Rua Prof. Alfredo de Sousa, 8B",Lumiar,Passeio,BICICLETA,Sheffield standard,2,4,Não,Público,Partilhado com Micromobilidade,16/07/2022,-1020963.2543830,4688836.9252758
16209,1980,"Rua Professor Orlando Ribeiro, 6E",Lumiar,Passeio,BICICLETA,Sheffield standard,2,4,Não,Público,Partilhado com Micromobilidade,18/07/2022,-1020807.2710463,4688889.0304779
16210,1981,"Rua Duarte Vidal, 8",Lumiar,Passeio,BICICLETA,Sheffield standard,3,6,Não,Público,Partilhado com Micromobilidade,16/07/2022,-1020825.4359994,4688949.0551080
16211,1982,"Rua Cidade da Beira, 46",Olivais,Passeio,BICICLETA,Sheffield standard,2,4,Não,Público,Partilhado com Micromobilidade,17/07/2022,-1015685.1362271,4688279.1284956
16212,1983,Rua Mem de Sá,Alvalade,Passeio,BICICLETA,Sheffield standard,4,8,Não,Público,Partilhado com Micromobilidade,27/07/2022,-1020657.1786687,4686788.3387348
16213,1984,"Rua Tomás da Fonseca, 36",Alvalade,Passeio,BICICLETA,Sheffield standard,2,4,Não,Público,Partilhado com Micromobilidade,14/07/2022,-1020520.9069633,4686722.5436335
16214,1985,"Rua Tomás da Fonseca, 44",Alvalade,Passeio,BICICLETA,Sheffield standard,2,4,Não,Público,Partilhado com Micromobilidade,18/07/2022,-1020396.6013225,4686714.3776829
16215,1986,"Rua Paul Harris, 9B",Alvalade,Passeio,BICICLETA,Sheffield standard,2,4,Não,Público,Partilhado com Micromobilidade,07/12/2022,-1020407.2672579,4686251.0894206
16216,1987,"Rua Paul Harris, 1D",Alvalade,Passeio,BICICLETA,Sheffield standard,2,4,Não,Público,Partilhado com Micromobilidade,07/12/2022,-1020330.6292121,4686153.2486481
16217,1988,"Avenida Rui Nogueira Simões, 2A",Alvalade,Passeio,BICICLETA,Sheffield standard,3,6,Não,Público,Partilhado com Micromobilidade,07/12/2022,-1020369.1037922,4686145.9406523
16218,1989,"Avenida Rui Nogueira Simões, 12",Alvalade,Passeio,BICICLETA,Sheffield standard,3,6,Não,Público,Partilhado com Micromobilidade,07/12/2022,-1020440.5429497,4686231.8819426
16219,1990,"Avenida Rui Nogueira Simões, 11",São Domingos de Benfica,Passeio,BICICLETA,Sheffield standard,3,6,Não,Público,Partilhado com Micromobilidade,22/07/2022,-1020470.4065007,4686206.0281075
16220,1991,"Avenida Rui Nogueira Simões, 1A",São Domingos de Benfica,Passeio,BICICLETA,Sheffield standard,3,6,Não,Público,Partilhado com Micromobilidade,22/07/2022,-1020401.0150447,4686121.4247783
16221,1992,"Rua Melvin Jones, 2D",São Domingos de Benfica,Passeio,BICICLETA,Sheffield standard,2,4,Não,Público,Partilhado com Micromobilidade,21/07/2022,-1020414.1526540,4686084.5345554
16222,1993,"Rua Melvin Jones, 10B",São Domingos de Benfica,Passeio,BICICLETA,Sheffield standard,2,4,Não,Público,Partilhado com Micromobilidade,21/07/2022,-1020494.8839828,4686183.2970921
16223,1994,"Largo Mário Neves, Polidesportivo",São Domingos de Benfica,Passeio,BICICLETA,Sheffield standard,2,4,Não,Público,Partilhado com Micromobilidade,22/07/2022,-1020556.6032180,4686218.3177594
16224,1995,"Rua António Albino Machado, 19A",São Domingos de Benfica,Passeio,BICICLETA,Sheffield standard,2,4,Não,Público,Partilhado com Micromobilidade,22/07/2022,-1020630.9411188,4686392.9511066
16225,1787,"Calçada da Ajuda, 25",Belém,Passeio,BICICLETA,Sheffield standard,3,6,Não,Público,Partilhado com Micromobilidade,30/07/2022,-1024137.2124345,4678888.6840422
16226,1788,"Calçada da Ajuda, 10-12",Belém,Passeio,HOTSPOT,Sheffield standard,2,9,Não,Público,Interdito Micromobilidade,23/06/2022,-1024080.1849677,4678477.1461584
16227,1789,"Rua Gonçalves Zarco, 2",Belém,Passeio,BICICLETA,Sheffield standard,2,4,Não,Público,Partilhado com Micromobilidade,07/05/2022,-1024459.7699099,4679575.7709987
16228,1790,"Rua Gonçalves Zarco, 22",Belém,Passeio,BICICLETA,Sheffield standard,2,4,Não,Público,Partilhado com Micromobilidade,07/05/2022,-1024757.1480034,4679529.7771078
16229,1791,"Rua Tristão Vaz, 2",Belém,Passeio,BICICLETA,Sheffield standard,2,4,Não,Público,Partilhado com Micromobilidade,07/05/2022,-1024686.3581544,4679587.6147343
16230,1792,"Rua Conselheiro Martins de Carvalho, 10",Belém,Passeio,HOTSPOT,Sheffield standard,2,9,Não,Público,Partilhado com Micromobilidade,18/07/2022,-1024709.5816960,4679697.5290933
16231,1793,Rua Nuno Bragança,Belém,Passeio,BICICLETA,Sheffield standard,2,4,Não,Público,Partilhado com Micromobilidade,07/07/2022,-1024746.1355605,4679800.6920169
16232,1794,"Rua Tristão Vaz, 31",Belém,Passeio,BICICLETA,Sheffield standard,2,4,Não,Público,Partilhado com Micromobilidade,18/06/2022,-1024795.9446764,4679855.8636061
16233,1795,Rua Tristão Vaz,Belém,Passeio,HOTSPOT,Sheffield standard,2,9,Não,Público,Partilhado com Micromobilidade,18/06/2022,-1024851.3691051,4679997.4623578
16234,1796,"Rua Rodrigo Reinel, 3A",Belém,Passeio,BICICLETA,Sheffield standard,2,4,Não,Público,Partilhado com Micromobilidade,06/08/2022,-1025080.4793252,4679992.5178107
16235,1797,Rua Diogo Afonso,Belém,Passeio,BICICLETA,Sheffield standard,2,4,Não,Público,Partilhado com Micromobilidade,17/07/2022,-1024820.0507575,4679624.6719200
16236,1798,Rua Gonçalves Zarco,Belém,Passeio,BICICLETA,Sheffield standard,2,4,Não,Público,Partilhado com Micromobilidade,18/06/2022,-1024913.6227894,4679379.2551714
16237,1799,"Avenida da Ilha da Madeira, 36",Belém,Passeio,BICICLETA,Sheffield standard,3,6,Não,Público,Partilhado com Micromobilidade,24/07/2022,-1025051.3700292,4679779.5547702
16238,1800,"Avenida da Ilha da Madeira, 48",Belém,Passeio,HOTSPOT,Sheffield standard,2,9,Não,Público,Partilhado com Micromobilidade,18/06/2022,-1025142.1497938,4679901.6501433
16239,1801,"Rua Gonçalo Velho Cabral, 48",Belém,Passeio,BICICLETA,Sheffield standard,2,4,Não,Público,Partilhado com Micromobilidade,21/07/2022,-1025589.2529559,4679739.5608663
16240,1802,Rua dos Jerónimos,Belém,Passeio,HOTSPOT,Sheffield standard,2,9,Não,Público,Partilhado com Micromobilidade,18/06/2022,-1024777.2337586,4678698.7787105
16241,1803,"Rua dos Jerónimos, 10",Belém,Passeio,HOTSPOT,Sheffield standard,2,9,Não,Público,Partilhado com Micromobilidade,23/06/2022,-1024719.8039280,4678611.7332137
16242,1804,"Rua Professor Eduardo Araújo Coelho, 5",Lumiar,Passeio,HOTSPOT,Sheffield standard,2,9,Não,Público,Partilhado com Micromobilidade,28/06/2022,-1020229.0960273,4687532.3771024
16243,1805,"Rua Prof. Fernando da Fonseca, 25C",Lumiar,Passeio,BICICLETA,Sheffield standard,2,4,Não,Público,Partilhado com Micromobilidade,07/05/2022,-1020390.5404980,4687571.1826898
16244,1806,"Rua Prof. Vieira de Almeida, 4F",Lumiar,Passeio,BICICLETA,Sheffield standard,2,4,Não,Público,Partilhado com Micromobilidade,25/06/2022,-1020427.0435215,4687559.1109654
16245,1807,"Rua Prof. Vieira de Almeida, 1B",Lumiar,Passeio,HOTSPOT,Sheffield standard,2,9,Não,Público,Partilhado com Micromobilidade,25/06/2022,-1020455.6972205,4687480.2365103
16246,1809,"Rua Prof. Mário Chicó, Escola",Lumiar,Passeio,HOTSPOT,Sheffield standard,2,9,Não,Público,Partilhado com Micromobilidade,25/06/2022,-1020653.5973228,4687744.5740934
16247,1810,"Rua Prof. Mário Chicó, 7",Lumiar,Passeio,BICICLETA,Sheffield standard,2,4,Não,Público,Partilhado com Micromobilidade,27/06/2022,-1020658.2927286,4687598.7104433
16248,1811,"Rua Professor João Barreira, 21-25",Lumiar,Passeio,BICICLETA,Sheffield standard,3,6,Não,Público,Partilhado com Micromobilidade,25/06/2022,-1020903.0109156,4687651.6769210
16249,1812,"Rua Hermano Neves, 13",Lumiar,Passeio,HOTSPOT,Sheffield standard,2,9,Não,Público,Partilhado com Micromobilidade,07/05/2022,-1020812.7277190,4687356.8958576
16250,1813,"Rua Hermano Neves, 18D",Lumiar,Passeio,HOTSPOT,Sheffield standard,2,9,Não,Público,Partilhado com Micromobilidade,27/06/2022,-1020781.7369660,4687281.6827564
16251,1814,Jardim Prof. António de Sousa Franco,Lumiar,Passeio,BICICLETA,Sheffield standard,3,6,Não,Público,Partilhado com Micromobilidade,07/05/2022,-1020668.7358329,4687370.6475128
16252,1815,"Rua Professor Francisco Gentil, 27C",Lumiar,Passeio,HOTSPOT,Sheffield standard,2,9,Não,Público,Partilhado com Micromobilidade,25/06/2022,-1020620.5048542,4687420.5985904
16253,1816,"Rua Professor Francisco Gentil, 21A",Lumiar,Passeio,BICICLETA,Sheffield standard,3,6,Não,Público,Partilhado com Micromobilidade,25/06/2022,-1020509.9451754,4687424.3052257
16254,1818,"Rua Poeta Bocage, 20C",Carnide,Passeio,BICICLETA,Sheffield standard,2,4,Não,Público,Partilhado com Micromobilidade,27/07/2022,-1021877.7743284,4687877.3557583
16255,1819,"Rua Poeta Bocage, 5B",Carnide,Passeio,BICICLETA,Sheffield standard,2,4,Não,Público,Partilhado com Micromobilidade,27/06/2022,-1021748.9245665,4687870.3300215
16256,1820,"Azinhaga da Torre do Fato, 29",Carnide,Passeio,BICICLETA,Sheffield standard,2,4,Não,Público,Partilhado com Micromobilidade,24/08/2022,-1021588.5268962,4687845.4610232
16257,1821,Avenida das Nações Unidas,Carnide,Passeio,BICICLETA,Sheffield standard,2,4,Não,Público,Partilhado com Micromobilidade,27/06/2022,-1021636.4370686,4687987.8519886
16258,1822,"Rua Aristides de Sousa Mendes, 2E",Carnide,Passeio,BICICLETA,Sheffield standard,2,4,Não,Público,Partilhado com Micromobilidade,25/06/2022,-1021750.4649863,4687565.4168530
16259,1823,"Alameda da Quinta de Santo António, 2A",Lumiar,Passeio,HOTSPOT,Sheffield standard,2,9,Não,Público,Partilhado com Micromobilidade,25/06/2022,-1021341.1122262,4687479.7006177
16260,1817,"Rua Padre Américo, 1A",Carnide,Passeio,BICICLETA,Sheffield standard,2,4,Não,Público,Partilhado com Micromobilidade,18/06/2022,-1021891.0117778,4687393.6652134
16261,2010,"Jardim dos Jacarandás, 8D",Parque das Nações,Passeio,BICICLETA,Sheffield standard,4,8,Não,Público,Partilhado com Micromobilidade,08/01/2022,-1012412.9822562,4690084.7475190
16263,1827,"Avenida Nuno Krus Abecasis, 40",Santa Clara,Passeio,BICICLETA,Sheffield standard,2,4,Não,Público,Partilhado com Micromobilidade,07/02/2022,-1018702.3133506,4690152.4584474
16264,1828,"Avenida Sérgio Vieira de Mello, 17A",Santa Clara,Passeio,BICICLETA,Sheffield standard,2,4,Não,Público,Partilhado com Micromobilidade,07/02/2022,-1018580.8150095,4690331.9781532
16265,1829,Rua Tavares Belo,Santa Clara,Passeio,BICICLETA,Sheffield standard,2,4,Não,Público,Partilhado com Micromobilidade,07/02/2022,-1019440.9019249,4690531.1592515
16266,1833,"Avenida de Pádua, 10L",Olivais,Passeio,HOTSPOT,Sheffield standard,2,9,Não,Público,Partilhado com Micromobilidade,17/07/2022,-1013617.4053361,4687781.8583436
16267,1830,"Rua Frederico de Brito, 1B",Santa Clara,Passeio,BICICLETA,Sheffield standard,2,4,Não,Público,Partilhado com Micromobilidade,07/02/2022,-1019521.9913406,4690491.1916942
16268,1825,Largo José Saramago,Santa Maria Maior,Passeio,BICICLETA,Sheffield standard,3,6,Não,Público,Partilhado com Micromobilidade,07/08/2022,-1016709.6002415,4680054.0580655
16269,1834,"Praça Nuno Rodrigues dos Santos, 2 H",São Domingos de Benfica,Passeio,BICICLETA,Sheffield standard,2,4,Não,Público,Partilhado com Micromobilidade,15/07/2022,-1020505.2780072,4685132.3587878
16270,1835,"Praça Nuno Rodrigues dos Santos, 2H",São Domingos de Benfica,Passeio,BICICLETA,Sheffield standard,2,4,Não,Público,Partilhado com Micromobilidade,15/07/2022,-1020450.0524643,4685089.7904328
16271,1836,Rua Cintura do Porto de Lisboa,Misericórdia,Passeio,HOTSPOT,Sheffield standard,2,9,Não,Público,Partilhado com Micromobilidade,07/05/2022,-1018176.5564924,4679551.6275425
16272,1837,Avenida de Brasília,Estrela,Passeio,BICICLETA,Sheffield standard,3,6,Não,Público,Partilhado com Micromobilidade,24/07/2022,-1020614.2309774,4679178.8580264
16273,1838,"Rua da Cintura do Porto de Lisboa, Edif Gonçalves Zarco",Estrela,Passeio,BICICLETA,Sheffield standard,3,6,Não,Público,Partilhado com Micromobilidade,24/07/2022,-1020871.9975536,4679110.3164441
16274,1839,"Rua da Cintura do Porto de Lisboa, Edif Infante D. Henrique",Estrela,Passeio,BICICLETA,Sheffield standard,3,6,Não,Público,Partilhado com Micromobilidade,24/07/2022,-1021050.3764380,4679075.7858441
16275,1840,Avenida de Brasília,Belém,Passeio,HOTSPOT,Sheffield standard,2,9,Não,Público,Partilhado com Micromobilidade,18/07/2022,-1023042.7178606,4678306.3376220
16276,1841,Avenida de Brasília,Belém,Passeio,HOTSPOT,Sheffield standard,6,12,Não,Público,Partilhado com Micromobilidade,07/11/2022,-1023884.9797978,4678113.1849909
16277,1842,Avenida de Brasília,Belém,Passeio,HOTSPOT,Sheffield standard,2,9,Não,Público,Partilhado com Micromobilidade,18/07/2022,-1024902.7247597,4677986.5631581
16278,1843,"Rua Vila Correia, 1",Belém,Passeio,BICICLETA,Sheffield standard,2,4,Não,Público,Partilhado com Micromobilidade,17/07/2022,-1025447.0043110,4678158.7951687
16279,1844,"Rua Bartolomeu Dias, 170",Belém,Passeio,BICICLETA,Sheffield standard,2,4,Não,Público,Partilhado com Micromobilidade,17/07/2022,-1025735.5127798,4678087.9654487
16280,1853,"Avenida Miguel Bombarda, 16",Avenidas Novas,Passeio,BICICLETA,Sheffield standard,6,12,Não,Público,Partilhado com Micromobilidade,07/11/2022,-1018206.9645376,4684098.4698792
16281,1854,"Avenida Carlos Paredes, Escola",Lumiar,Passeio,BICICLETA,Sheffield standard,6,12,Não,Privado,Interdito Micromobilidade,16/09/2021,-1019030.9258905,4689424.5155153
16282,1855,"Largo de Santos, 2D",Estrela,Passeio,HOTSPOT,Sheffield standard,4,12,Não,Público,Partilhado com Micromobilidade,16/07/2022,-1019139.7278651,4679802.4290350
16283,1845,"Rua Cidade de Cádiz, 9",São Domingos de Benfica,Passeio,BICICLETA,Sheffield standard,2,4,Não,Público,Partilhado com Micromobilidade,16/07/2022,-1021597.3431666,4686682.9131648
16284,1846,"Rua Raquel Roque Gameiro, 10",São Domingos de Benfica,Passeio,BICICLETA,Sheffield standard,2,4,Não,Público,Partilhado com Micromobilidade,16/07/2022,-1021349.3552669,4685162.4202145
16285,1847,"Rua Prof. Simões Raposo, 5D",Lumiar,Passeio,BICICLETA,Sheffield standard,2,4,Não,Público,Partilhado com Micromobilidade,25/06/2022,-1021226.8893701,4687490.7883310
16286,1848,"Rua Professor Mira Fernandes, Lote 10",Beato,Passeio,BICICLETA,Sheffield standard,2,4,Não,Público,Partilhado com Micromobilidade,21/07/2022,-1015555.5771208,4684284.4339429
16287,1849,"Rua Professor Mira Fernandes, Lote 11",Beato,Passeio,BICICLETA,Sheffield standard,2,4,Não,Público,Partilhado com Micromobilidade,19/07/2022,-1015518.0994822,4684282.8898737
16288,1850,Rua Sousa Pinto,Santo António,Passeio,HOTSPOT,Sheffield standard,4,12,Não,Público,Partilhado com Micromobilidade,07/02/2022,-1019363.6895013,4682268.9307884
16289,1851,"Travessa dos Prazeres, Escola",Campo de Ourique,Passeio,BICICLETA,Sheffield standard,12,24,Não,Privado,Interdito Micromobilidade,24/08/2022,-1020455.3383668,4680808.9372371
16290,1852,"Rua Príncipe do Mónaco, Escola",Parque das Nações,Passeio,BICICLETA,Sheffield standard,8,16,Não,Privado,Interdito Micromobilidade,18/08/2022,-1012729.9143138,4690922.9684988
16291,1856,"Avenida Magalhães Lima, Escola",Areeiro,Passeio,BICICLETA,Sheffield standard,5,10,Não,Público,Partilhado com Micromobilidade,28/07/2022,-1017489.8642642,4684428.2059290
16292,1857,"Avenida Magalhães Lima, Escola",Areeiro,Passeio,BICICLETA,Sheffield standard,5,10,Não,Público,Partilhado com Micromobilidade,28/07/2022,-1017503.2979055,4684467.0379886
16293,1858,"Rua Conde de Sabugosa, 14",Alvalade,Passeio,BICICLETA,Sheffield standard,1,2,Não,Público,Partilhado com Micromobilidade,16/06/2022,-1017464.3392472,4685604.9301211
16294,1859,"Avenida dos Estados Unidos da América, 91",Alvalade,Passeio,BICICLETA,Sheffield standard,2,4,Não,Público,Partilhado com Micromobilidade,16/06/2022,-1017499.6349167,4685789.8049659
16295,1860,"Rua Coronel Bento Roma, 14",Alvalade,Passeio,BICICLETA,Sheffield standard,2,4,Não,Público,Partilhado com Micromobilidade,18/06/2022,-1017179.7076537,4685696.3647104
16296,1861,"Rua Antero de Figueiredo, 16",Alvalade,Passeio,BICICLETA,Sheffield standard,4,8,Não,Público,Partilhado com Micromobilidade,16/06/2022,-1017333.7034161,4685465.3506929
16297,1862,Rua Bulhão Pato,Alvalade,Passeio,HOTSPOT,Sheffield standard,2,9,Não,Público,Partilhado com Micromobilidade,17/06/2022,-1017298.8237043,4685451.2779403
16298,1863,Rua Antero de Figueiredo,Alvalade,Passeio,BICICLETA,Sheffield standard,2,4,Não,Público,Partilhado com Micromobilidade,18/07/2022,-1017126.4104730,4685376.4685139
16299,1864,"Rua General Pimenta de Castro, 7D",Alvalade,Passeio,BICICLETA,Sheffield standard,2,4,Não,Público,Partilhado com Micromobilidade,16/06/2022,-1016862.4966003,4685454.2099634
16300,1865,"Rua dos Lagares D'El-Rei, Lote 1335",Alvalade,Passeio,BICICLETA,Sheffield standard,2,4,Não,Público,Partilhado com Micromobilidade,16/06/2022,-1016830.8946216,4685523.2731841
16301,1866,"Avenida Frei Miguel Contreiras, 14",Alvalade,Passeio,BICICLETA,Sheffield standard,2,4,Não,Público,Partilhado com Micromobilidade,17/06/2022,-1016711.4901562,4685384.9411824
16302,1867,"Avenida Frei Miguel Contreiras, 10",Alvalade,Passeio,BICICLETA,Sheffield standard,2,4,Não,Público,Partilhado com Micromobilidade,17/06/2022,-1016662.2434386,4685389.2232567
16303,1868,"Largo Cristovão Aires, 6B",Alvalade,Passeio,BICICLETA,Sheffield standard,2,4,Não,Público,Partilhado com Micromobilidade,17/06/2022,-1016595.2880546,4685478.5732769
16304,1869,"Largo Fernandes Costa, 6B",Alvalade,Passeio,BICICLETA,Sheffield standard,2,4,Não,Público,Partilhado com Micromobilidade,17/07/2022,-1016593.3478012,4685565.0001027
16305,1870,"Largo Rodrigues Cordeiro, 6B",Alvalade,Passeio,BICICLETA,Sheffield standard,2,4,Não,Público,Partilhado com Micromobilidade,18/06/2022,-1016593.8252914,4685650.2105674
16306,1871,"Avenida São João de Deus, 7H",Areeiro,Passeio,BICICLETA,Sheffield standard,2,4,Não,Público,Partilhado com Micromobilidade,18/06/2022,-1016711.5105068,4685294.1826782
16307,1872,"Avenida São João de Deus, 23",Areeiro,Passeio,HOTSPOT,Sheffield standard,2,9,Não,Público,Partilhado com Micromobilidade,17/06/2022,-1016992.2193836,4685262.5247834
16308,1873,"Avenida de Madrid, 29A",Areeiro,Passeio,BICICLETA,Sheffield standard,2,4,Não,Público,Partilhado com Micromobilidade,13/07/2022,-1017209.8983140,4685125.4520547
16309,1874,"Rua Edison, 8A",Areeiro,Passeio,BICICLETA,Sheffield standard,2,4,Não,Público,Partilhado com Micromobilidade,17/06/2022,-1017300.7140396,4685107.6561112
16310,1875,"Avenida Padre Manuel da Nóbrega, 7",Areeiro,Passeio,BICICLETA,Sheffield standard,4,8,Não,Público,Partilhado com Micromobilidade,17/06/2022,-1016777.8715546,4684976.0019093
16311,1876,"Avenida de Madrid, 2D",Areeiro,Passeio,BICICLETA,Sheffield standard,2,4,Não,Público,Partilhado com Micromobilidade,13/07/2022,-1016825.5957906,4684997.1486738
16312,1877,"Avenida Padre Manuel da Nóbrega, 17C",Areeiro,Passeio,BICICLETA,Sheffield standard,2,4,Não,Público,Partilhado com Micromobilidade,17/06/2022,-1016852.5951978,4685176.3569274
16313,1878,"Avenida do Rio de Janeiro, 30A",Alvalade,Passeio,BICICLETA,Sheffield standard,3,6,Não,Público,Partilhado com Micromobilidade,30/06/2022,-1017226.5144529,4686349.2275095
16314,1879,"Avenida do Rio de Janeiro, 6",Alvalade,Passeio,BICICLETA,Sheffield standard,2,4,Não,Público,Partilhado com Micromobilidade,07/09/2022,-1017160.6869652,4685967.6109966
16315,1880,"Avenida de Roma, 76",Alvalade,Passeio,BICICLETA,Sheffield standard,2,4,Não,Público,Partilhado com Micromobilidade,07/09/2022,-1017779.3478003,4686112.8767453
16316,1916,"Avenida de Ceuta, Estação",Estrela,Passeio,BICICLETA,Sheffield standard,8,16,Não,Público,Partilhado com Micromobilidade,07/07/2022,-1021186.7658572,4679768.9661732
16317,1917,Largo dos Caminhos de Ferro,São Vicente,Passeio,BICICLETA,Sheffield standard,4,8,Não,Privado,Interdito Micromobilidade,23/07/2022,-1015574.5824841,4680705.0358798
16318,1918,Cais do Gás,Misericórdia,Passeio,BICICLETA,Sheffield standard,4,8,Não,Público,Partilhado com Micromobilidade,17/07/2022,-1018000.9997938,4679544.7001843
16319,1919,Rua da Venezuela,Benfica,Passeio,BICICLETA,Sheffield standard,6,12,Não,Público,Partilhado com Micromobilidade,28/07/2022,-1024147.1102464,4685170.1351781
16320,1905,"Rua Jorge Colaço, 2",Alvalade,Passeio,BICICLETA,Sheffield standard,2,4,Não,Público,Partilhado com Micromobilidade,16/06/2022,-1017328.6559585,4687244.0417142
16321,1906,"Rua Bartolomeu Dias, 84",Belém,Passeio,BICICLETA,Sheffield standard,3,6,Não,Público,Partilhado com Micromobilidade,09/01/2022,-1025372.1158839,4678177.7962276
16322,1907,"Rua Martins Barata, 6",Belém,Passeio,BICICLETA,Sheffield standard,2,4,Não,Público,Partilhado com Micromobilidade,22/07/2022,-1025406.1623128,4678263.5000387
16323,1908,"Avenida Dom Rodrigo da Cunha, 6A",Alvalade,Passeio,BICICLETA,Sheffield standard,2,4,Não,Público,Partilhado com Micromobilidade,16/06/2022,-1016505.7314279,4686572.6985856
16324,1909,"Rua Conde de Ficalho, 2",Alvalade,Passeio,BICICLETA,Sheffield standard,4,8,Não,Privado,Interdito Micromobilidade,30/05/2022,-1016564.8568083,4686611.7027745
16325,1910,"Avenida Dom Rodrigo da Cunha, 13",Alvalade,Passeio,BICICLETA,Sheffield standard,2,4,Não,Público,Partilhado com Micromobilidade,16/06/2022,-1016795.2618381,4686593.3042066
16326,1911,"Avenida Dom Rodrigo da Cunha, 20",Alvalade,Passeio,BICICLETA,Sheffield standard,2,4,Não,Público,Partilhado com Micromobilidade,16/06/2022,-1016805.5990819,4686616.4743336
16327,1912,"Avenida Santa Joana Princesa, 3",Alvalade,Passeio,BICICLETA,Sheffield standard,2,4,Não,Público,Partilhado com Micromobilidade,07/09/2022,-1017011.9112578,4686625.5056859
16328,1913,Avenida Dom Rodrigo da Cunha,Alvalade,Passeio,BICICLETA,Sheffield standard,2,4,Não,Público,Partilhado com Micromobilidade,07/09/2022,-1017009.5941884,4686646.0461988
16329,1914,"Avenida Santa Joana Princesa, 23B",Alvalade,Passeio,BICICLETA,Sheffield standard,2,4,Não,Público,Partilhado com Micromobilidade,30/05/2022,-1017248.4447281,4686572.6846423
16330,1915,"Largo Frei Heitor Pinto, 7",Alvalade,Passeio,BICICLETA,Sheffield standard,4,8,Não,Público,Partilhado com Micromobilidade,30/05/2022,-1017320.7029447,4686562.1914862
16331,2011,"Estrada de Benfica, 521B",Benfica,Passeio,BICICLETA,Sheffield standard,2,4,Não,Público,Partilhado com Micromobilidade,17/07/2022,-1023353.0475318,4685853.3535382
16332,2012,"Estrada de Benfica, 604",Benfica,Passeio,HOTSPOT,Sheffield standard,2,9,Não,Público,Partilhado com Micromobilidade,07/12/2022,-1024125.8692282,4686025.7564440
16333,1920,"Alameda das Linhas de Torres, 37",Lumiar,Passeio,BICICLETA,Sheffield standard,2,4,Não,Público,Partilhado com Micromobilidade,07/04/2022,-1019293.6042805,4687677.1723709
16334,1921,"Rua Frederico George, 39",Lumiar,Passeio,BICICLETA,Sheffield standard,5,10,Não,Público,Partilhado com Micromobilidade,07/12/2022,-1020265.2238040,4688747.5983730
16335,1922,"Rua Rainha Dona Luísa de Gusmão, 7C",Lumiar,Passeio,BICICLETA,Sheffield standard,2,4,Não,Público,Partilhado com Micromobilidade,28/07/2022,-1019656.1611512,4688436.9198223
16336,1923,"Rua Rainha Dona Luísa de Gusmão, 10C",Lumiar,Passeio,BICICLETA,Sheffield standard,6,12,Não,Público,Partilhado com Micromobilidade,07/10/2022,-1019597.7470495,4688405.8539412
16337,1924,"Rua Rainha Dona Luísa de Gusmão, 3-7",Lumiar,Passeio,BICICLETA,Sheffield standard,6,12,Não,Público,Partilhado com Micromobilidade,07/10/2022,-1019643.3867809,4688365.6980874
16338,1925,"Avenida Rainha Dona Amélia, 26",Lumiar,Passeio,BICICLETA,Sheffield standard,2,4,Não,Público,Partilhado com Micromobilidade,28/06/2022,-1019719.1020894,4688336.1598088
16339,1926,"Avenida Rainha Dona Amélia, 32",Lumiar,Passeio,BICICLETA,Sheffield standard,2,4,Não,Público,Partilhado com Micromobilidade,28/06/2022,-1019774.7800653,4688333.0820632
16340,1927,"Praça Rainha Santa, 11",Lumiar,Passeio,BICICLETA,Sheffield standard,2,4,Não,Público,Partilhado com Micromobilidade,28/06/2022,-1019858.4531625,4688348.4711729
16341,1928,Praça Rainha Santa,Lumiar,Passeio,BICICLETA,Sheffield standard,2,4,Não,Público,Partilhado com Micromobilidade,28/06/2022,-1019894.7448055,4688381.5102984
16342,1929,"Praça Rainha Santa, 1",Lumiar,Passeio,BICICLETA,Sheffield standard,2,4,Não,Público,Partilhado com Micromobilidade,07/04/2022,-1019933.2638975,4688356.2353376
16343,1930,"Praça Rainha Santa, 6",Lumiar,Passeio,BICICLETA,Sheffield standard,2,4,Não,Público,Partilhado com Micromobilidade,29/06/2022,-1019911.3847881,4688445.1237164
16344,1931,"Praça Rainha Santa, 7",Lumiar,Passeio,BICICLETA,Sheffield standard,2,4,Não,Público,Partilhado com Micromobilidade,28/06/2022,-1019856.7028947,4688441.8314858
16345,1932,"Praça Rainha Dona Filipa, 4D",Lumiar,Passeio,BICICLETA,Sheffield standard,2,4,Não,Público,Partilhado com Micromobilidade,07/04/2022,-1020057.8643073,4688419.3055971
16346,1933,"Rua Prof. Aires de Sousa, 2A",Lumiar,Passeio,BICICLETA,Sheffield standard,2,4,Não,Público,Partilhado com Micromobilidade,18/07/2022,-1020663.7482460,4687063.5117252
16347,1934,Rua Prof. Manuel Cavaleiro de Ferreira,Lumiar,Passeio,BICICLETA,Sheffield standard,2,4,Não,Público,Partilhado com Micromobilidade,20/07/2022,-1020890.7252355,4687173.2056785
16348,1935,"Alameda da Quinta de Santo António, 1B",Lumiar,Passeio,BICICLETA,Sheffield standard,2,4,Não,Público,Partilhado com Micromobilidade,25/06/2022,-1021345.2133916,4687452.3058775
16349,1936,"Alameda da Quinta de Santo António, 5F",Lumiar,Passeio,HOTSPOT,Sheffield standard,2,9,Não,Público,Partilhado com Micromobilidade,07/04/2022,-1021421.4176442,4687484.8221888
16350,1937,"Rua Prof. Mário de Albuquerque, 15G",Lumiar,Passeio,BICICLETA,Sheffield standard,2,4,Não,Público,Partilhado com Micromobilidade,07/04/2022,-1021340.4835849,4687637.3590143
16351,1938,"Rua Prof. Carlos Teixeira, 7D",Lumiar,Passeio,BICICLETA,Sheffield standard,2,4,Não,Público,Partilhado com Micromobilidade,23/06/2022,-1021308.0527361,4687767.4725195
16352,1939,"Rua Prof. Moisés Amzalak, 9D",Lumiar,Passeio,BICICLETA,Sheffield standard,2,4,Não,Público,Partilhado com Micromobilidade,23/06/2022,-1021364.6064198,4687831.4741694
16353,1940,"Rua Prof. Moisés Amzalak, 6",Lumiar,Passeio,HOTSPOT,Sheffield standard,2,9,Não,Público,Partilhado com Micromobilidade,07/04/2022,-1021401.2021462,4687848.2442117
16354,1941,"Rua Prof. Luís da Cunha Gonçalves, Escola",Lumiar,Passeio,BICICLETA,Sheffield standard,2,4,Não,Público,Partilhado com Micromobilidade,20/06/2022,-1021494.6481044,4687757.5180770
16355,1942,"Rua José Pontes, 7A",Lumiar,Passeio,BICICLETA,Sheffield standard,2,4,Não,Público,Partilhado com Micromobilidade,20/06/2022,-1021678.7234463,4687485.4533606
16356,1943,"Avenida Dr. Augusto de Castro, 2B",Marvila,Passeio,BICICLETA,Sheffield standard,2,4,Não,Público,Partilhado com Micromobilidade,29/06/2022,-1014609.5568620,4686516.2306942
16357,1944,"Rua Luiz Pacheco, Lote 107",Marvila,Via,BICICLETA,Sheffield standard,2,4,Não,Público,Partilhado com Micromobilidade,29/06/2022,-1014612.3657042,4686366.9019790
16358,1945,"Rua Luiz Pacheco, Lote 25",Marvila,Passeio,HOTSPOT,Sheffield standard,2,9,Não,Público,Partilhado com Micromobilidade,29/06/2022,-1014709.9357198,4686445.6300454
16359,1946,"Rua Actriz Palmira Bastos, 8",Marvila,Passeio,BICICLETA,Sheffield standard,2,4,Não,Público,Partilhado com Micromobilidade,30/07/2022,-1014488.3179034,4686493.7826876
16360,1947,"Rua Actriz Palmira Bastos, 8",Marvila,Passeio,BICICLETA,Sheffield standard,2,4,Não,Público,Partilhado com Micromobilidade,30/07/2022,-1014493.0063187,4686466.3791960
16361,1948,"Rua Actriz Palmira Bastos, Lote 41",Marvila,Passeio,BICICLETA,Sheffield standard,2,4,Não,Público,Partilhado com Micromobilidade,30/07/2022,-1014506.1325706,4686550.2501371
16362,1949,"Rua Actriz Palmira Bastos, Lote 39",Marvila,Passeio,BICICLETA,Sheffield standard,2,4,Não,Público,Partilhado com Micromobilidade,30/07/2022,-1014491.1110160,4686615.8689801
16363,1950,"Rua Actriz Palmira Bastos, Lote 37",Marvila,Passeio,BICICLETA,Sheffield standard,2,4,Não,Público,Partilhado com Micromobilidade,30/07/2022,-1014473.5877907,4686637.5590847
16364,1951,"Rua Actriz Palmira Bastos, 14",Marvila,Passeio,BICICLETA,Sheffield standard,2,4,Não,Público,Partilhado com Micromobilidade,30/07/2022,-1014397.1361980,4686674.5799464
16365,1952,"Rua Actriz Palmira Bastos, 12",Marvila,Passeio,BICICLETA,Sheffield standard,2,4,Não,Público,Partilhado com Micromobilidade,30/07/2022,-1014451.0652529,4686622.5594896
16366,1953,"Rua Manuel Teixeira Gomes, Lote 103",Marvila,Passeio,BICICLETA,Sheffield standard,2,4,Não,Público,Partilhado com Micromobilidade,29/06/2022,-1014485.0999017,4686309.6049628
16367,1954,"Rua Oliveira Cadumega, Lote 55",Marvila,Passeio,BICICLETA,Sheffield standard,2,4,Não,Público,Partilhado com Micromobilidade,07/02/2022,-1014076.4818899,4686545.1349876
16368,1955,"Rua Oliveira Cadumega, Lote 51",Marvila,Passeio,BICICLETA,Sheffield standard,2,4,Não,Público,Partilhado com Micromobilidade,07/02/2022,-1014175.5134368,4686569.9637819
16369,1956,"Avenida dos Estados Unidos da América, 38-40",Alvalade,Passeio,BICICLETA,Sheffield standard,4,8,Não,Público,Partilhado com Micromobilidade,07/09/2022,-1017037.5461713,4685865.0839379
16370,1957,"Avenida dos Estados Unidos da América, 30-32",Alvalade,Passeio,BICICLETA,Sheffield standard,4,8,Não,Público,Partilhado com Micromobilidade,07/10/2022,-1016945.8649904,4685858.7443002
16371,1958,"Avenida dos Estados Unidos da América, 22-24",Alvalade,Passeio,BICICLETA,Sheffield standard,4,8,Não,Público,Partilhado com Micromobilidade,07/10/2022,-1016853.3025473,4685853.2744608
16372,1959,Rua Francisco Lourenço da Fonseca,Alvalade,Passeio,BICICLETA,Sheffield standard,2,4,Não,Público,Partilhado com Micromobilidade,18/07/2022,-1016739.3649535,4685819.0182893
16373,1960,"Avenida dos Estados Unidos da América, 35",Alvalade,Passeio,BICICLETA,Sheffield standard,2,4,Não,Público,Partilhado com Micromobilidade,07/10/2022,-1016929.9596929,4685758.6675474
16374,1961,"Avenida dos Estados Unidos da América, 55",Alvalade,Passeio,BICICLETA,Sheffield standard,3,6,Não,Público,Partilhado com Micromobilidade,07/10/2022,-1017184.2330513,4685774.6474592
16375,1962,"Rua Abel Salazar, 4",Lumiar,Passeio,BICICLETA,Sheffield standard,2,4,Não,Público,Partilhado com Micromobilidade,07/11/2022,-1020533.3952469,4688430.0864810
16376,1963,"Rua Armindo Rodrigues, 36A",Lumiar,Passeio,BICICLETA,Sheffield standard,2,4,Não,Público,Partilhado com Micromobilidade,07/12/2022,-1020492.0247409,4688612.8853763
16377,1964,"Rua Frederico George, 37",Lumiar,Passeio,BICICLETA,Sheffield standard,5,10,Não,Público,Partilhado com Micromobilidade,07/11/2022,-1020290.8138277,4688788.1160582
16378,1965,"Rua Frederico George, 23",Lumiar,Via,BICICLETA,Sheffield standard,1,2,Não,Público,Partilhado com Micromobilidade,27/07/2022,-1020610.5690253,4688606.9735029
16379,1966,"Rua Frederico George, 10C",Lumiar,Via,BICICLETA,Sheffield standard,1,2,Não,Público,Partilhado com Micromobilidade,07/12/2022,-1020652.9270388,4688567.2128167
16380,1967,"Rua Prof. Prado Coelho, 19A",Lumiar,Passeio,BICICLETA,Sheffield standard,3,6,Não,Público,Partilhado com Micromobilidade,16/07/2022,-1021016.1709618,4688124.9096548
16381,1968,"Rua Prof. Prado Coelho, 15A",Lumiar,Passeio,BICICLETA,Sheffield standard,3,6,Não,Público,Partilhado com Micromobilidade,15/07/2022,-1021028.8049908,4688075.8081453
16382,1969,"Rua Mário Dionísio, 4A",Lumiar,Passeio,BICICLETA,Sheffield standard,2,4,Não,Público,Partilhado com Micromobilidade,07/11/2022,-1020929.0489600,4687851.6672966
16383,1970,"Rua Fernando Lopes Graça, 4",Lumiar,Passeio,BICICLETA,Sheffield standard,2,4,Não,Público,Partilhado com Micromobilidade,07/10/2022,-1020683.0812024,4688825.9583495
16384,1971,"Rua Fernando Lopes Graça, 9C",Lumiar,Passeio,BICICLETA,Sheffield standard,2,4,Não,Público,Partilhado com Micromobilidade,07/12/2022,-1020760.7724025,4688764.2656554
16385,1972,"Rua Fernando Lopes Graça, 11",Lumiar,Passeio,BICICLETA,Sheffield standard,2,4,Não,Público,Partilhado com Micromobilidade,13/07/2022,-1020806.1687975,4688740.3444073
16386,1973,"Rua Fernando Lopes Graça, 12C",Lumiar,Passeio,BICICLETA,Sheffield standard,2,4,Não,Público,Partilhado com Micromobilidade,07/11/2022,-1020841.2296990,4688737.5224243
16387,1974,"Rua Fernando Lopes Graça, 14",Lumiar,Passeio,BICICLETA,Sheffield standard,1,2,Não,Público,Partilhado com Micromobilidade,07/11/2022,-1020877.6066596,4688717.7120121
16388,1996,"Rua Joaquim Rocha Cabral, 24A",Alvalade,Passeio,BICICLETA,Sheffield standard,2,4,Não,Público,Partilhado com Micromobilidade,14/07/2022,-1020394.4722876,4686480.5676529
16389,1997,"Rua António Albino Machado, 28",Alvalade,Passeio,BICICLETA,Sheffield standard,1,2,Não,Público,Partilhado com Micromobilidade,13/09/2022,-1020632.4789657,4686434.0845957
16390,1998,"Rua Tomás da Fonseca, 26B",São Domingos de Benfica,Passeio,BICICLETA,Sheffield standard,2,4,Não,Público,Partilhado com Micromobilidade,22/07/2022,-1020868.4426477,4686753.7851152
16391,1999,Rua Primeiro de Dezembro,Santa Maria Maior,Passeio,BICICLETA,Sheffield standard,2,4,Não,Privado,Interdito Micromobilidade,18/07/2022,-1017521.3782382,4680847.0268345
16392,1881,"Rua João de Freitas Branco, 2",São Domingos de Benfica,Passeio,BICICLETA,Sheffield standard,2,4,Não,Público,Partilhado com Micromobilidade,15/07/2022,-1021888.0156860,4685746.6179065
16393,1882,"Rua Cidade de Rabat, 56",São Domingos de Benfica,Passeio,BICICLETA,Sheffield standard,3,6,Não,Público,Partilhado com Micromobilidade,15/07/2022,-1021902.7901829,4685669.3343127
16394,1883,"Rua Maestro Frederico de Freitas, 1",São Domingos de Benfica,Passeio,BICICLETA,Sheffield standard,2,4,Não,Público,Partilhado com Micromobilidade,16/07/2022,-1021997.6388704,4685662.0852722
16395,1884,"Rua Maestro Frederico de Freitas, 9",São Domingos de Benfica,Passeio,BICICLETA,Sheffield standard,3,3,Não,Público,Partilhado com Micromobilidade,16/07/2022,-1022085.2256669,4685676.1715792
16396,1885,"Rua Maestro Frederico de Freitas, 13F",São Domingos de Benfica,Passeio,BICICLETA,Sheffield standard,2,4,Não,Público,Partilhado com Micromobilidade,15/07/2022,-1022133.8085866,4685701.9058941
16397,1886,Largo Carlos Selvagem,São Domingos de Benfica,Passeio,BICICLETA,Sheffield standard,2,4,Não,Público,Partilhado com Micromobilidade,20/07/2022,-1022749.3723987,4685992.5762609
16398,1887,"Rua Professor Reinaldo dos Santos, 22E",São Domingos de Benfica,Passeio,BICICLETA,Sheffield standard,2,4,Não,Público,Partilhado com Micromobilidade,16/07/2022,-1022836.8306269,4685868.7825523
16399,1888,"Rua Professor Reinaldo dos Santos, 14C",São Domingos de Benfica,Passeio,BICICLETA,Sheffield standard,2,4,Não,Público,Partilhado com Micromobilidade,16/07/2022,-1022823.2219438,4685782.0041156
16400,1889,"Rua Professor Reinaldo dos Santos, 21",São Domingos de Benfica,Passeio,HOTSPOT,Sheffield standard,2,9,Não,Público,Partilhado com Micromobilidade,20/07/2022,-1022849.7726645,4685764.3467258
16401,1890,"Rua Professor Reinaldo dos Santos, 11",São Domingos de Benfica,Passeio,BICICLETA,Sheffield standard,2,4,Não,Público,Partilhado com Micromobilidade,20/07/2022,-1022859.5953422,4685668.0521270
16402,1891,"Estrada de Benfica, 431A",São Domingos de Benfica,Passeio,BICICLETA,Sheffield standard,2,4,Não,Público,Partilhado com Micromobilidade,21/07/2022,-1022468.2261414,4685463.9059791
16403,1892,"Rua Professor Reinaldo dos Santos, 5B",São Domingos de Benfica,Passeio,BICICLETA,Sheffield standard,3,6,Não,Público,Partilhado com Micromobilidade,20/07/2022,-1022865.3824448,4685613.1244119
16404,1893,"Estrada de Benfica, 461A",São Domingos de Benfica,Passeio,BICICLETA,Sheffield standard,3,6,Não,Público,Partilhado com Micromobilidade,22/07/2022,-1022864.4518687,4685508.4960121
16405,1894,"Estrada de Benfica, 420",São Domingos de Benfica,Passeio,BICICLETA,Sheffield standard,2,4,Não,Público,Partilhado com Micromobilidade,21/07/2022,-1022811.8964431,4685522.4393476
16406,1895,"Rua Professor Reinaldo dos Santos, 4",São Domingos de Benfica,Passeio,HOTSPOT,Sheffield standard,2,9,Não,Público,Partilhado com Micromobilidade,21/07/2022,-1022839.2255292,4685573.1803743
16407,1896,"Rua Professor Reinaldo dos Santos, 8A",São Domingos de Benfica,Passeio,BICICLETA,Sheffield standard,3,6,Não,Público,Partilhado com Micromobilidade,22/07/2022,-1022802.8763247,4685645.6889940
16408,1897,"Rua Manuel Ferreira de Andrade, 18B",São Domingos de Benfica,Passeio,BICICLETA,Sheffield standard,2,4,Não,Público,Partilhado com Micromobilidade,22/07/2022,-1022701.8681476,4685629.7122317
16409,1898,"Estrada de Benfica, 421",São Domingos de Benfica,Passeio,BICICLETA,Sheffield standard,2,4,Não,Público,Partilhado com Micromobilidade,24/07/2022,-1022385.0160872,4685447.8712431
16410,1899,"Estrada de Benfica, 415",São Domingos de Benfica,Passeio,BICICLETA,Sheffield standard,2,4,Não,Público,Partilhado com Micromobilidade,22/07/2022,-1022293.7212528,4685412.6520179
16411,1900,"Estrada de Benfica, 407",São Domingos de Benfica,Passeio,BICICLETA,Sheffield standard,2,4,Não,Público,Partilhado com Micromobilidade,21/07/2022,-1022208.7990716,4685362.0961496
16412,1901,"Estrada de Benfica, 405",São Domingos de Benfica,Passeio,BICICLETA,Sheffield standard,2,4,Não,Público,Partilhado com Micromobilidade,21/07/2022,-1022185.0549632,4685347.6740570
16413,1902,"Estrada de Benfica, 399",São Domingos de Benfica,Passeio,BICICLETA,Sheffield standard,2,4,Não,Público,Partilhado com Micromobilidade,20/07/2022,-1022084.5438509,4685273.9418480
16414,1903,"Rua Major Neutel de Abreu, 9",São Domingos de Benfica,Passeio,BICICLETA,Sheffield standard,2,4,Não,Público,Partilhado com Micromobilidade,22/07/2022,-1022046.8646700,4685502.1215014
16415,1904,Travessa Carlo Paggi,São Domingos de Benfica,Passeio,BICICLETA,Sheffield standard,2,4,Não,Público,Partilhado com Micromobilidade,22/07/2022,-1022024.4222469,4685488.1325832
16416,2000,"Rua Luís Pastor de Macedo, 39",Lumiar,Passeio,BICICLETA,Sheffield standard,3,6,Não,Público,Partilhado com Micromobilidade,15/07/2022,-1019277.8657252,4688643.0915806
16417,2001,"Rua António Patrício, 15",Alvalade,Passeio,BICICLETA,Sheffield standard,2,4,Não,Público,Partilhado com Micromobilidade,14/07/2022,-1018195.0717722,4685840.9507303
16418,2002,"Rua António Patrício, 26",Alvalade,Passeio,BICICLETA,Sheffield standard,3,6,Não,Público,Partilhado com Micromobilidade,14/07/2022,-1018222.2490382,4685847.5883859
16419,2003,"Avenida do Rio de Janeiro, 28 A",Alvalade,Passeio,BICICLETA,Sheffield standard,3,6,Não,Público,Partilhado com Micromobilidade,14/07/2022,-1017214.9877792,4686308.4052212
16420,2004,"Rua Primeiro de Maio a Alcântara, 18",Alcântara,Passeio,BICICLETA,Sheffield standard,4,8,Não,Público,Partilhado com Micromobilidade,07/11/2022,-1021742.6309393,4679418.8783079
16421,2005,"Rua Possidónio da Silva, Escola",Campo de Ourique,Passeio,BICICLETA,Sheffield standard,2,2,Não,Público,Partilhado com Micromobilidade,19/07/2022,-1020423.9489121,4680623.0247718
16422,2034,"Praça Rainha Dona Filipa, 1",Lumiar,Passeio,BICICLETA,Sheffield standard,2,4,Não,Público,Partilhado com Micromobilidade,16/07/2022,-1020079.9796339,4688362.1703476
16423,2033,Praça Rainha Dona Filipa,Lumiar,Passeio,BICICLETA,Sheffield standard,1,2,Não,Público,Partilhado com Micromobilidade,16/07/2022,-1020090.8240913,4688362.1837746
16424,2032,"Avenida Duque d' Ávila, 38B",Avenidas Novas,Passeio,BICICLETA,Sheffield standard,2,4,Não,Público,Partilhado com Micromobilidade,14/07/2022,-1018095.2566504,4683804.7763476
16425,2007,"Rua Professor Gomes Teixeira, 2",Campo de Ourique,Passeio,BICICLETA,Sheffield standard,4,8,Não,Público,Partilhado com Micromobilidade,17/07/2022,-1020394.9121070,4680734.3027484
16426,2008,"Rua Professor Gomes Teixeira, 19A",Campo de Ourique,Passeio,BICICLETA,Sheffield standard,2,4,Não,Público,Partilhado com Micromobilidade,19/07/2022,-1020326.4107413,4680795.4512285
16427,2006,"Rua Saraiva de Carvalho, 275",Campo de Ourique,Passeio,BICICLETA,Sheffield standard,2,2,Não,Público,Partilhado com Micromobilidade,20/07/2022,-1020663.5267565,4680826.2180725
16428,2013,"Avenida das Nações Unidas, 21",Carnide,Passeio,BICICLETA,Sheffield standard,2,4,Não,Público,Partilhado com Micromobilidade,27/06/2022,-1021717.7006554,4687938.0868198
16429,2014,"Estrada de Telheiras, 113",Lumiar,Passeio,BICICLETA,Sheffield standard,4,8,Não,Público,Partilhado com Micromobilidade,15/07/2022,-1020220.0756573,4687304.3910628
16431,2016,"Avenida João XXI, 9",,,,Desconhecido,0,0,Não,,,,0.0000000,0.0000000
0,0,,,,,Desconhecido,0,0,Não,,,,0.0000000,0.0000000
16432,2017,Avenida Álvares Cabral,Entre caldeira e o semáforo,Campo de Ourique,Passeio,BICICLETA,0,2,Não,,Público,Munícipe,6844.0000000,-1019426.9217961
16433,2018,"Rua da Junqueira, 297",Belém,Passeio,BICICLETA,Sheffield standard,4,8,Não,Privado,Interdito Micromobilidade,24/07/2022,-1023710.1372472,4678391.1849352
16434,2019,"Rua do Arco do Marquês de Alegrete, 6E",Santa Maria Maior,Passeio,BICICLETA,Sheffield standard,4,4,Não,Público,Interdito Micromobilidade,17/07/2022,-1017004.4108131,4680967.0448470
16435,2020,"Avenida de Roma, 106",Alvalade,Passeio,BICICLETA,Sheffield standard,2,2,Não,Público,Partilhado com Micromobilidade,14/07/2022,-1018068.2250723,4686786.9835475
16436,2030,"Alameda António Sérgio, 2",Santa Clara,Passeio,BICICLETA,Sheffield standard,2,4,Não,Público,Partilhado com Micromobilidade,25/07/2022,-1019722.8305325,4690148.0076527
16437,2031,"Alameda António Sérgio, 8F",Santa Clara,Passeio,BICICLETA,Sheffield standard,2,4,Não,Público,Partilhado com Micromobilidade,17/07/2022,-1019683.3862712,4690347.3439604
16438,2029,"Rua Cidade de Nampula,12",Olivais,Passeio,BICICLETA,Sheffield standard,4,8,Não,Público,Partilhado com Micromobilidade,16/07/2022,-1015259.7506293,4687920.7290703
16439,2026,"Rua General José Celestino da Silva, 4",São Domingos de Benfica,Passeio,BICICLETA,Sheffield standard,3,6,Não,Público,Partilhado com Micromobilidade,20/07/2022,-1021703.0629798,4686636.5352439
16440,2035,"Rua dos Lagares D'El-Rei, 27",Alvalade,Passeio,BICICLETA,Sheffield standard,4,8,Não,Público,Partilhado com Micromobilidade,19/07/2022,-1016970.0538488,4685526.2924102
16441,2036,"Rua Conde de Sabugosa, 13",Alvalade,Passeio,BICICLETA,Sheffield standard,1,2,Não,Público,Partilhado com Micromobilidade,22/07/2022,-1017494.2046587,4685589.6224107
16442,2021,Rua Moura Girão,Alvalade,Passeio,BICICLETA,Sheffield standard,4,8,Não,Privado,Interdito Micromobilidade,31/08/2022,-1016982.2997545,4685662.2590240
16443,2023,Avenida Professor Aníbal de Bettencourt,Alvalade,Passeio,BICICLETA,Sheffield standard,4,8,Não,Público,Partilhado com Micromobilidade,20/07/2022,-1018833.8863110,4685880.5659550
16444,2024,Avenida Professor Aníbal de Bettencourt,Alvalade,Lugar estacionamento automóvel,BICICLETA,Sheffield standard,5,10,Sim,Privado,Interdito Micromobilidade,27/07/2022,-1018840.7837726,4685876.2364445
16445,2025,"Rua Afonso Lopes Vieira, 20",Alvalade,Via,BICICLETA,Sheffield standard,6,12,Não,Público,Partilhado com Micromobilidade,27/07/2022,-1018371.4709191,4686253.4546201
16446,2027,"Calçada da Patriarcal, 7",Santo António,Passeio,BICICLETA,Sheffield standard,2,2,Não,Público,Partilhado com Micromobilidade,23/07/2022,-1018253.3256799,4681175.5898836
16447,2028,"Praça de Londres, 2",Areeiro,Passeio,BICICLETA,Sheffield standard,3,6,Não,Público,Partilhado com Micromobilidade,22/07/2022,-1017236.6264516,4684696.5726562
16448,2043,"Rua Conselheiro Emídio Navarro, ISEL",Marvila,Passeio,BICICLETA,Sheffield standard,5,10,Não,Privado,Interdito Micromobilidade,21/09/2022,-1014744.7114627,4686785.0155438
16449,2038,"Rua Ricardo Jorge, 1",Alvalade,Via,BICICLETA,Sheffield standard,4,8,Não,Público,Partilhado com Micromobilidade,19/09/2022,-1017241.6819386,4686973.5382327
16450,2039,"Rua Ricardo Jorge,14",Alvalade,Via,BICICLETA,Sheffield standard,4,8,Não,Público,Partilhado com Micromobilidade,20/09/2022,-1017353.0709184,4686942.2318721
16451,2040,"Rua Ricardo Jorge, 6",Alvalade,Via,HOTSPOT,Sheffield standard,2,9,Não,Público,Partilhado com Micromobilidade,21/09/2022,-1017271.2104583,4686976.5122110
16452,2041,"Estrada de Benfica, 393-397",São Domingos de Benfica,Via,HOTSPOT,Sheffield standard,4,12,Não,Público,Partilhado com Micromobilidade,22/09/2022,-1022048.8867562,4685248.8188134
16453,2037,"Largo da Boa-Hora à Ajuda, 19",Ajuda,Passeio,BICICLETA,Sheffield standard,3,6,Não,Público,Partilhado com Micromobilidade,01/01/2022,-1023497.4985328,4679337.8204415
16454,2044,"Estrada de Benfica, 535",Benfica,Passeio,BICICLETA,Sheffield standard,3,6,Não,Privado,Interdito Micromobilidade,23/09/2022,-1023560.6798744,4685875.9119096
16455,2042,"Avenida Infante Dom Henrique, Lote 308",Marvila,Passeio,BICICLETA,Sheffield standard,5,10,Sim,Privado,Interdito Micromobilidade,09/12/2022,-1013345.0662964,4686178.9528440
16456,2045,"Avenida Columbano Bordalo Pinheiro, 64",São Domingos de Benfica,Passeio,BICICLETA,Sheffield standard,4,8,Não,Público,Partilhado com Micromobilidade,21/09/2022,-1019933.1009826,4684270.1610092
16457,2046,Tapada da Ajuda,Alcântara,Passeio,BICICLETA,Sheffield standard,3,6,Não,Privado,Interdito Micromobilidade,23/09/2022,-1022555.4218411,4680058.4481421
16458,2047,"Rua Álvaro Benamor, 1A",Carnide,Passeio,BICICLETA,Sheffield standard,3,6,Não,Público,Partilhado com Micromobilidade,23/09/2022,-1022936.5842810,4687958.7143338
16459,2048,"Rua Álvaro Benamor, 8",Carnide,Passeio,BICICLETA,Sheffield standard,4,8,Não,Público,Partilhado com Micromobilidade,23/09/2022,-1022945.5448679,4687942.2781224
16460,2049,Rua dos Táxis Palhinhas,Carnide,Via,BICICLETA,Entorta rodas,1,10,Não,Público,Partilhado com Micromobilidade,,-1022667.3409243,4687411.3508130
16461,2051,"Rua da Manutenção, 114",Beato,Via,BICICLETA,Sheffield standard,4,8,Não,Público,Partilhado com Micromobilidade,11/11/2022,-1013843.1252338,4683030.5811849
16462,2052,"Rua Coronel Bento Roma, 53A",Alvalade,Via,BICICLETA,Sheffield standard,2,4,Não,Público,Partilhado com Micromobilidade,11/11/2022,-1017435.2397304,4685688.6984523
16463,2053,"Rua José Pinheiro de Melo, 62",Alvalade,Via,BICICLETA,Sheffield standard,3,6,Não,Público,Partilhado com Micromobilidade,11/11/2022,-1017309.3225292,4685683.1994774
16464,2054,"Rua Professor Reinaldo dos Santos, 54C",São Domingos de Benfica,Via,BICICLETA,Sheffield standard,2,4,Não,Público,Partilhado com Micromobilidade,11/11/2022,-1022432.3295644,4685896.4920059
16465,2055,"Rua do Telhal aos Olivais, 8",Marvila,Lugar estacionamento automóvel,BICICLETA,Sheffield standard,4,8,Não,Público,Partilhado com Micromobilidade,11/11/2022,-1013059.1195957,4685492.4004183
16466,2056,"Avenida de Pádua, 10B",Olivais,Via,BICICLETA,Sheffield standard,3,6,Não,Público,Partilhado com Micromobilidade,11/11/2022,-1013497.5314965,4687780.0859355
16467,2057,Rua do Desterro,Arroios,Via,HOTSPOT,Sheffield standard,4,9,Não,Público,Partilhado com Micromobilidade,11/11/2022,-1017127.7316567,4681544.2041996
16468,2058,Travessa do Conde da Ribeira ,Alcântara,Via,BICICLETA,Sheffield standard,2,4,Não,Público,Partilhado com Micromobilidade,,-1022388.0792463,4679149.4535891
16469,2059,Travessa do Conde da Ribeira ,Alcântara,Via,BICICLETA,Sheffield standard,2,4,Não,Público,Partilhado com Micromobilidade,,-1022378.9890795,4679145.1236713
16470,2060,Travessa de Francisco Rezende,Benfica,Passeio,BICICLETA,Entorta rodas,1,6,Não,Público,Partilhado com Micromobilidade,,-1023722.4794804,4684812.1416171
16471,2061,Estrada do Desvio,Santa Clara,Passeio,BICICLETA,Lisboa,4,0,Não,Público,Partilhado com Micromobilidade,,-1019949.4635257,4690787.6547179
16472,2062,"Largo Willy Brandt, Escola",Lumiar,Passeio,BICICLETA,Entorta rodas,3,24,Não,Privado,Interdito Micromobilidade,,-1020056.2065511,4687191.6684049
16473,2063,Rua das Francesinhas,Estrela,Passeio,BICICLETA,Cascata,2,16,Não,Privado,Interdito Micromobilidade,,-1019135.4816658,4680283.4933461
16474,2064,"Rua Afonso Lopes Vieira, 45",Alvalade,Lugar estacionamento automóvel,HOTSPOT,Sheffield standard,4,10,Não,Público,Partilhado com Micromobilidade,,-1018539.8422651,4686563.3009334
16475,2065,"Avenida 24 de Julho, 3",Misericórdia,Passeio,BICICLETA,Sheffield standard,3,6,Não,Público,Partilhado com Micromobilidade,,-1018294.8345546,4679731.5514717
16476,2068,"Rua Filipe da Mata, 23",Avenidas Novas,Lugar estacionamento automóvel,BICICLETA,Sheffield standard,5,10,Não,Público,Partilhado com Micromobilidade,25/01/2023,-1019328.2332199,4684694.1767264
16477,2069,"Rua da Beneficência, 159A",Avenidas Novas,Lugar estacionamento automóvel,BICICLETA,Sheffield standard,3,6,Não,Público,Partilhado com Micromobilidade,25/01/2023,-1019365.3131440,4684887.5896172
16478,2070,"Rua do Barão de Monte Pedral, Escola",São Vicente,Passeio,BICICLETA,Sheffield standard,4,8,Não,Público,Partilhado com Micromobilidade,,-1015302.7783093,4681787.0143209
16479,2071,"Rua Félix Bermudes, Piscina",Marvila,Passeio,BICICLETA,Onda,1,5,Não,Privado,Interdito Micromobilidade,,-1013664.8157003,4686135.6911581
16480,2072,Rua F ao Braço de Prata,Marvila,Passeio,BICICLETA,Sheffield standard,4,8,Não,Público,Partilhado com Micromobilidade,,-1012854.1646255,4685264.8073362
16481,2073,Rua Coronel Ferreira do Amaral,Penha de França,Lugar estacionamento automóvel,BICICLETA,Sheffield standard,11,22,Não,Público,Partilhado com Micromobilidade,,-1016057.0272355,4683831.2480866
16482,2074,"Rua do Barão, 2",Santa Maria Maior,Passeio,BICICLETA,Sheffield standard,2,4,Não,Público,Interdito Micromobilidade,22/02/2023,-1016395.9095816,4680220.2489889
16483,2075,"Rua de São João da Praça, 77",Santa Maria Maior,Via,BICICLETA,Sheffield standard,2,4,Não,Público,Interdito Micromobilidade,22/02/2023,-1016448.4594528,4680156.2705286
16484,2076,Avenida Barbosa du Bocage,Avenidas Novas,Passeio,BICICLETA,Entorta rodas,2,10,Não,Privado,Interdito Micromobilidade,,-1017858.1523984,4684619.4235588
16485,2078,"Alameda dos Oceanos, 59",Parque das Nações,Passeio,HOTSPOT,Sheffield standard,2,10,Não,Público,Partilhado com Micromobilidade,,-1012518.9875314,4688824.5080808
16486,2077,Avenida Aquilino Ribeiro Machado,Parque das Nações,Passeio,HOTSPOT,Desconhecido,0,10,Não,Público,Dedicado Micromobilidade,03/09/2023,-1012884.9986395,4688557.8777939
16487,2079,Avenida do Pacífico,Parque das Nações,Passeio,HOTSPOT,Desconhecido,0,10,Não,Público,Dedicado Micromobilidade,03/09/2023,-1012679.5835501,4688308.8297683
16488,2080,"Avenida do Índico, 1C",Parque das Nações,Passeio,HOTSPOT,Desconhecido,0,10,Não,Público,Dedicado Micromobilidade,03/09/2023,-1012610.0141190,4688573.3043447
16489,2081,Avenida de Berlim,Parque das Nações,Passeio,HOTSPOT,Desconhecido,0,10,Não,Público,Dedicado Micromobilidade,03/09/2023,-1012899.7233339,4688380.6355064
16490,2082,Alameda dos Oceanos,Parque das Nações,Passeio,HOTSPOT,Desconhecido,0,10,Não,Público,Dedicado Micromobilidade,03/09/2023,-1012416.2589756,4689854.2527384
16491,2083,"Alameda dos Oceanos, 104A",Parque das Nações,Passeio,HOTSPOT,Desconhecido,0,10,Não,Público,Dedicado Micromobilidade,03/09/2023,-1012590.2095335,4690316.1039922
16492,2091,"Rua General João de Almeida, 30A",Ajuda,Passeio,HOTSPOT,Desconhecido,0,10,Não,Público,Dedicado Micromobilidade,17/04/2023,-1024292.2590822,4678994.3848538
16493,2092,Rua dos Marcos,Ajuda,Passeio,HOTSPOT,Desconhecido,0,10,Não,Público,Dedicado Micromobilidade,17/04/2023,-1024098.7064834,4680071.0878237
16494,2093,Largo da Ajuda,Ajuda,Passeio,HOTSPOT,Desconhecido,0,10,Não,Público,Dedicado Micromobilidade,17/04/2023,-1023793.1701180,4679910.5696715
16495,2094,Rua do Guarda-Jóias,Ajuda,Passeio,HOTSPOT,Desconhecido,0,10,Não,Público,Dedicado Micromobilidade,17/04/2023,-1023476.8955484,4679594.8510701
16496,2095,"Rua Aliança Operária, 112A",Ajuda,Passeio,HOTSPOT,Desconhecido,0,10,Não,Público,Dedicado Micromobilidade,17/04/2023,-1023400.0959721,4679238.8447445
16497,2096,"Rua de Diogo Cão, 6",Alcântara,Passeio,HOTSPOT,Desconhecido,0,10,Não,Público,Dedicado Micromobilidade,17/04/2023,-1023229.6075583,4679000.9524380
16498,2097,Rua Rui de Pina,Ajuda,Passeio,HOTSPOT,Desconhecido,0,10,Não,Público,Dedicado Micromobilidade,17/04/2023,-1023275.6413820,4679474.5889108
16499,2098,"Largo do Rio Seco, 13",Ajuda,Passeio,HOTSPOT,Desconhecido,0,10,Não,Público,Dedicado Micromobilidade,17/04/2023,-1023189.9758748,4679358.2431949
16500,2099,Rua Eduardo Bairrada,Ajuda,Passeio,HOTSPOT,Desconhecido,0,10,Não,Público,Dedicado Micromobilidade,17/04/2023,-1023427.4010787,4679826.5953413
16501,2146,"Avenida Carlos Pinhão, 8",Beato,Passeio,HOTSPOT,Desconhecido,0,10,Não,Público,Dedicado Micromobilidade,09/06/2023,-1015627.3706052,4684560.1969044
16502,2432,"Avenida da Liberdade, 190B",Santo António,Lugar estacionamento automóvel,BICICLETA,Sheffield standard,7,14,Não,Público,Partilhado com Micromobilidade,31/12/2023,-1018071.2428960,4681745.8066185
16503,2100,"Rua do Cruzeiro, 75",Ajuda,Passeio,HOTSPOT,Desconhecido,0,10,Não,Público,Dedicado Micromobilidade,17/04/2023,-1023162.7682055,4679758.1982754
16504,2101,"Rua do Casalinho da Ajuda, Escola",Ajuda,Passeio,HOTSPOT,Desconhecido,0,10,Não,Público,Dedicado Micromobilidade,17/04/2023,-1023364.8619666,4680128.3565836
16505,2102,Rua Sá Nogueira,Ajuda,Passeio,HOTSPOT,Desconhecido,0,10,Não,Público,Dedicado Micromobilidade,17/04/2023,-1023614.5121038,4680709.6984520
16506,2103,Rua das Açucenas,Ajuda,Passeio,HOTSPOT,Desconhecido,0,10,Não,Público,Dedicado Micromobilidade,17/04/2023,-1024500.0740610,4680167.9162442
16507,2104,Rua da Guarda Nacional Republicana,Ajuda,Passeio,HOTSPOT,Desconhecido,0,10,Não,Público,Dedicado Micromobilidade,17/04/2023,-1024516.5095364,4680242.2610015
16508,2105,"Rua dos Marcos, Escola",Ajuda,Passeio,HOTSPOT,Desconhecido,0,10,Não,Público,Dedicado Micromobilidade,17/04/2023,-1024316.8936940,4680547.2210351
16509,2106,Largo Ocidental,Ajuda,Passeio,HOTSPOT,Desconhecido,0,10,Não,Público,Dedicado Micromobilidade,17/04/2023,-1025171.7205267,4680556.8201681
16510,2107,Calçada da Memória,Ajuda,Passeio,HOTSPOT,Desconhecido,0,10,Não,Público,Dedicado Micromobilidade,17/04/2023,-1024368.8489358,4679271.1496986
16511,2108,Largo da Paz,Ajuda,Passeio,HOTSPOT,Desconhecido,0,10,Não,Público,Dedicado Micromobilidade,17/04/2023,-1024188.1080791,4679420.6629531
16512,2109,Avenida da Universidade Técnica,Ajuda,Passeio,HOTSPOT,Desconhecido,0,10,Não,Público,Dedicado Micromobilidade,17/04/2023,-1023871.3316053,4680780.8948273
16513,2110,Avenida do Colégio Militar,Carnide,Via,BICIPARQUE,Estacionamento Dois Níveis,0,0,Sim,Privado,Interdito Micromobilidade,,-1022902.4817350,4686616.7694669
16514,2111,Rua A do PUAL,Lumiar,Passeio,BICICLETA,Sheffield standard,4,8,Sim,Privado,Interdito Micromobilidade,,-1019487.5822914,4689700.6117155
16515,2112,Rua A do PUAL,Lumiar,Passeio,BICICLETA,Sheffield standard,4,8,Não,Privado,Interdito Micromobilidade,,-1019494.6649219,4689689.8970567
16516,2113,Rua A do PUAL,Lumiar,Passeio,BICICLETA,Sheffield standard,4,8,Não,Privado,Interdito Micromobilidade,,-1019503.4325721,4689678.3127284
16517,2114,Rua A do PUAL,Lumiar,Passeio,BICICLETA,Sheffield standard,4,8,Sim,Privado,Interdito Micromobilidade,,-1019511.3528110,4689666.7379428
16518,2115,Rua Marques da Silva,Arroios,Passeio,BICICLETA,Desconhecido,0,0,Não,Privado,Interdito Micromobilidade,14/07/2023,-1016762.5868861,4683022.5446742
16519,2116,Rua Cidade de Cardiff,Penha de França,Passeio,BICICLETA,Desconhecido,0,0,Não,Privado,Interdito Micromobilidade,14/07/2023,-1016650.7991717,4682909.0905368
16520,2117,"Largo de São Julião, 15",Santa Maria Maior,Lugar estacionamento motociclo,HOTSPOT,Desconhecido,0,20,Não,Público,Dedicado Micromobilidade,19/07/2023,-1017365.9524575,4680041.2937961
16521,2118,"Travessa do Pregoeiro, 26B",Carnide,Passeio,BICICLETA,Sheffield standard,4,8,Não,Público,Partilhado com Micromobilidade,,-1022734.8467850,4687493.4919224
16522,2119,Alameda Cardeal Cerejeira,Avenidas Novas,Passeio,HOTSPOT,Desconhecido,0,10,Não,Público,Dedicado Micromobilidade,09/06/2023,-1019325.9966055,4682979.6233725
16523,2120,Alameda Cardeal Cerejeira,Avenidas Novas,Passeio,HOTSPOT,Desconhecido,0,10,Não,Público,Dedicado Micromobilidade,09/06/2023,-1019022.1418639,4683170.3885830
16524,2161,Rua Dr. Manuel Espírito Santo,Beato,Passeio,HOTSPOT,Desconhecido,0,10,Não,Público,Dedicado Micromobilidade,09/07/2023,-1014714.2608174,4683694.8502953
16525,2162,"Calçada do Carrascal, 189",Beato,Passeio,HOTSPOT,Desconhecido,0,10,Não,Público,Dedicado Micromobilidade,09/07/2023,-1015663.1905577,4683988.1877409
16526,2163,"Rua Gualdim Pais, 44",Beato,Passeio,HOTSPOT,Desconhecido,0,10,Não,Público,Dedicado Micromobilidade,09/07/2023,-1014618.2483806,4682692.3542822
16527,2164,"Rua Engenheiro Maciel Chaves, 11",Beato,Passeio,HOTSPOT,Desconhecido,0,10,Não,Público,Dedicado Micromobilidade,09/07/2023,-1015782.3365988,4684035.7854112
16528,2165,"Rua Marquês de Olhão, USF Beato",Beato,Passeio,HOTSPOT,Desconhecido,0,10,Não,Público,Dedicado Micromobilidade,09/07/2023,-1014254.8126283,4683291.6369873
16529,2166,"Rua Marquês de Olhão, 102",Beato,Passeio,HOTSPOT,Desconhecido,0,10,Não,Público,Dedicado Micromobilidade,09/07/2023,-1014491.5178187,4683726.9515114
16530,2121,Alameda Edgar Cardoso,Avenidas Novas,Passeio,HOTSPOT,Desconhecido,0,10,Não,Público,Dedicado Micromobilidade,09/06/2023,-1018733.7955168,4682504.3947992
16531,2122,"Avenida Álvaro Pais, 11",Avenidas Novas,Passeio,HOTSPOT,Desconhecido,0,10,Não,Público,Dedicado Micromobilidade,09/06/2023,-1018835.5652289,4685200.6611526
16532,2123,"Avenida das Forças Armadas, 101",Avenidas Novas,Passeio,HOTSPOT,Desconhecido,0,10,Não,Público,Dedicado Micromobilidade,09/06/2023,-1019169.3183643,4685499.2283695
16533,2124,Rua Soeiro Pereira Gomes,Avenidas Novas,Passeio,HOTSPOT,Desconhecido,0,10,Não,Público,Dedicado Micromobilidade,09/06/2023,-1019659.1563485,4685322.6913332
16534,2125,Praça de Espanha,,,,Desconhecido,0,0,Não,,,,0.0000000,0.0000000
0,0,,,,,Desconhecido,0,0,Não,,,,0.0000000,0.0000000
16535,2126,Avenida Sidónio Pais,Avenidas Novas,Passeio,HOTSPOT,Desconhecido,0,10,Não,Público,Dedicado Micromobilidade,09/06/2023,-1018873.6313079,4683259.9688490
16536,2169,Estrada do Alvito,Alcântara,Passeio,HOTSPOT,Desconhecido,0,10,Não,Público,Dedicado Micromobilidade,09/08/2023,-1021998.6141183,4680734.1445272
16537,2170,"Calçada da Tapada, 151",Alcântara,Lugar estacionamento automóvel,HOTSPOT,Desconhecido,0,10,Não,Público,Dedicado Micromobilidade,09/08/2023,-1022622.9712620,4679611.9403270
16538,2171,Calçada da Tapada,Alcântara,Via,HOTSPOT,Desconhecido,0,10,Não,Público,Dedicado Micromobilidade,09/08/2023,-1022223.8074421,4679648.3841224
16539,2172,Calçada da Tapada,Alcântara,Lugar estacionamento automóvel,HOTSPOT,Desconhecido,0,10,Não,Público,Dedicado Micromobilidade,09/08/2023,-1021745.7968815,4679735.2275064
16540,2173,Calçada de Santo Amaro,Alcântara,Passeio,HOTSPOT,Desconhecido,0,10,Não,Público,Dedicado Micromobilidade,09/08/2023,-1022245.3622194,4679139.2881586
16541,2174,Doca de Santo Amaro,Alcântara,Passeio,HOTSPOT,Desconhecido,0,20,Não,Público,Dedicado Micromobilidade,26/09/2025,-1021414.6525312,4678827.4888127
16542,2175,Avenida de Brasília,Estrela,Passeio,HOTSPOT,Desconhecido,0,10,Não,Público,Dedicado Micromobilidade,09/08/2023,-1019420.6397193,4679515.4320216
16543,2176,Estrada do Alvito,Alcântara,Via,HOTSPOT,Desconhecido,0,10,Não,Público,Dedicado Micromobilidade,09/08/2023,-1022337.0143913,4681203.1302356
16544,2177,Rua Prof. Vieira Natividade,Alcântara,Passeio,HOTSPOT,Desconhecido,0,10,Não,Público,Dedicado Micromobilidade,09/08/2023,-1021892.4025544,4680093.6284889
16545,2178,"Rua Fradesso da Silveira, 30",Alcântara,Passeio,HOTSPOT,Desconhecido,0,10,Não,Público,Dedicado Micromobilidade,09/08/2023,-1021495.7148374,4679450.7270079
16546,2179,"Travessa do Conde da Ribeira, 11",Alcântara,Passeio,HOTSPOT,Desconhecido,0,10,Não,Público,Dedicado Micromobilidade,09/08/2023,-1022434.7594924,4678952.7206488
16547,2180,Rua da Fábrica da Pólvora,Alcântara,Lugar estacionamento automóvel,HOTSPOT,Desconhecido,0,10,Não,Público,Dedicado Micromobilidade,09/08/2023,-1021455.7967522,4680640.9218837
16548,2181,"Rua da Junqueira, 59",Alcântara,Passeio,HOTSPOT,Desconhecido,0,10,Não,Público,Dedicado Micromobilidade,09/11/2023,-1022361.3390864,4678766.0586314
16549,2127,Avenida Sidónio Pais,Avenidas Novas,Passeio,HOTSPOT,Desconhecido,0,10,Não,Público,Dedicado Micromobilidade,09/06/2023,-1018702.5308048,4683027.5038278
16550,2128,"Avenida Santos Dumont, 74",Avenidas Novas,Lugar estacionamento automóvel,HOTSPOT,Desconhecido,0,10,Não,Público,Dedicado Micromobilidade,09/06/2023,-1019325.5731305,4684417.7218550
16551,2129,"Avenida Visconde de Valmor, 1",Avenidas Novas,Passeio,HOTSPOT,Desconhecido,0,10,Não,Público,Dedicado Micromobilidade,09/06/2023,-1017758.6246027,4684345.9177225
16553,2131,"Rua Filipe da Mata, 79",Avenidas Novas,Lugar estacionamento automóvel,HOTSPOT,Desconhecido,0,10,Não,Público,Dedicado Micromobilidade,09/06/2023,-1019650.4576236,4684675.4071618
16554,2132,Rua Castilho,Avenidas Novas,Passeio,HOTSPOT,Desconhecido,0,10,Não,Público,Dedicado Micromobilidade,09/06/2023,-1019131.4315061,4682583.9398210
16555,2182,Rua da Junqueira,Alcântara,Passeio,HOTSPOT,Desconhecido,0,10,Não,Público,Dedicado Micromobilidade,09/11/2023,-1022522.1632030,4678680.2697406
16556,2183,"Rua da Junqueira, 5",Alcântara,Passeio,HOTSPOT,Desconhecido,0,10,Não,Público,Dedicado Micromobilidade,09/11/2023,-1022131.2405036,4678902.5890466
16557,2184,"Rua Mécia Mouzinho de Albuquerque, 1",Alcântara,Passeio,HOTSPOT,Desconhecido,0,10,Não,Público,Dedicado Micromobilidade,09/11/2023,-1022796.6931499,4678540.8028185
16558,2185,Rua da Fábrica da Pólvora,Alcântara,Lugar estacionamento automóvel,HOTSPOT,Desconhecido,0,10,Não,Público,Dedicado Micromobilidade,09/11/2023,-1021445.6818775,4680476.0610422
16559,2186,Calçada da Tapada,Alcântara,Lugar estacionamento automóvel,HOTSPOT,Desconhecido,0,10,Não,Público,Dedicado Micromobilidade,09/11/2023,-1021444.6580069,4679725.3427659
16560,2187,"Rua do Alvito, 36",Alcântara,Via,HOTSPOT,Desconhecido,0,10,Não,Público,Dedicado Micromobilidade,09/12/2023,-1021389.1679592,4679924.4169321
16561,2188,"Rua Padre Manuel Alves Correia, 1",Alcântara,Passeio,HOTSPOT,Desconhecido,0,10,Não,Público,Dedicado Micromobilidade,09/12/2023,-1022857.7197015,4679659.6751289
16562,2133,Rua Castilho,Avenidas Novas,Passeio,HOTSPOT,Desconhecido,0,10,Não,Público,Dedicado Micromobilidade,09/06/2023,-1019009.6518605,4682404.9023980
16563,2134,"Rua da Cruz Vermelha, 13D",Avenidas Novas,Passeio,HOTSPOT,Desconhecido,0,10,Não,Público,Dedicado Micromobilidade,09/06/2023,-1018738.1580797,4685257.7094466
16564,2135,Rua de Artilharia Um,Campolide,Passeio,HOTSPOT,Desconhecido,0,10,Não,Público,Dedicado Micromobilidade,09/06/2023,-1019677.0623775,4682819.4878020
16565,2136,"Rua Tenente Espanca, 3C",Avenidas Novas,Lugar estacionamento automóvel,HOTSPOT,Desconhecido,0,10,Não,Público,Dedicado Micromobilidade,09/06/2023,-1019125.8389177,4684328.3103623
16566,2137,"Rua Dr. Nicolau de Bettencourt, 29",Avenidas Novas,Passeio,HOTSPOT,Desconhecido,0,10,Não,Público,Dedicado Micromobilidade,09/06/2023,-1018953.8058617,4683744.7235937
16567,2138,"Rua Fialho de Almeida, 21B",Avenidas Novas,Passeio,HOTSPOT,Desconhecido,0,10,Não,Público,Dedicado Micromobilidade,09/06/2023,-1019460.4268796,4683707.8492360
16568,2139,"Rua Francisco de Holanda, 47",Avenidas Novas,Lugar estacionamento automóvel,HOTSPOT,Desconhecido,0,10,Não,Público,Dedicado Micromobilidade,09/06/2023,-1019428.5343505,4685124.3705584
16569,2189,"Rua do Giestal, 2",Alcântara,Passeio,HOTSPOT,Desconhecido,0,10,Não,Público,Dedicado Micromobilidade,13/09/2023,-1023073.0796301,4678818.6341683
16570,2190,Travessa dos Fornos,Ajuda,Via,HOTSPOT,Desconhecido,0,10,Não,Público,Dedicado Micromobilidade,13/09/2023,-1022947.2582028,4679709.0145952
16571,2191,Rua Luís de Camões,Alcântara,Passeio,HOTSPOT,Desconhecido,0,10,Não,Público,Dedicado Micromobilidade,13/09/2023,-1022222.6818689,4679376.7548822
16572,2192,"Rua dos Lusíadas, 106",Alcântara,Lugar estacionamento automóvel,HOTSPOT,Desconhecido,0,10,Não,Público,Dedicado Micromobilidade,18/09/2023,-1022083.2787671,4679468.8489839
16573,2193,"Rua dos Lusíadas, 9",Alcântara,Lugar estacionamento automóvel,HOTSPOT,Desconhecido,0,10,Não,Público,Dedicado Micromobilidade,18/09/2023,-1021763.7801931,4679593.1600629
16574,2194,Rua Gil Vicente,Alcântara,Passeio,HOTSPOT,Desconhecido,0,10,Não,Público,Dedicado Micromobilidade,18/09/2023,-1022366.4084258,4679392.0856221
16575,2140,"Rua Francisco Lyon de Castro, 12",Avenidas Novas,Passeio,HOTSPOT,Desconhecido,0,10,Não,Público,Dedicado Micromobilidade,09/06/2023,-1018974.6628314,4685434.5551594
16576,2141,Rua Rodrigo da Fonseca,Avenidas Novas,Passeio,HOTSPOT,Desconhecido,0,10,Não,Público,Dedicado Micromobilidade,09/06/2023,-1019551.9319109,4682958.4774026
16577,2142,"Rua Rodrigo da Fonseca, 103",Avenidas Novas,Passeio,HOTSPOT,Desconhecido,0,10,Não,Público,Dedicado Micromobilidade,09/06/2023,-1019156.5503243,4682382.5874816
16578,2143,"Rua Sousa Lopes, Lote PQ",Avenidas Novas,Passeio,HOTSPOT,Desconhecido,0,10,Não,Público,Dedicado Micromobilidade,09/06/2023,-1019086.4470720,4685069.3432445
16579,2144,"Rua Sousa Lopes, 51D",Avenidas Novas,Passeio,HOTSPOT,Desconhecido,0,10,Não,Público,Dedicado Micromobilidade,09/06/2023,-1018870.6105538,4685044.0447427
16580,2145,"Avenida das Forças Armadas, 51C",Avenidas Novas,Passeio,HOTSPOT,Desconhecido,0,8,Não,Público,Dedicado Micromobilidade,09/06/2023,-1018788.8081344,4685585.1680196
16581,2195,"Rua José Dias Coelho, 29",Alcântara,Via,HOTSPOT,Desconhecido,0,10,Não,Público,Dedicado Micromobilidade,18/09/2023,-1021664.1843186,4679712.1052237
16582,2196,"Rua Luís de Camões, 126",Alcântara,Lugar estacionamento automóvel,HOTSPOT,Desconhecido,0,10,Não,Público,Dedicado Micromobilidade,18/09/2023,-1022348.4328078,4679545.8727999
16583,2197,"Rua Luís de Camões, 1",Alcântara,Via,HOTSPOT,Desconhecido,0,10,Não,Público,Dedicado Micromobilidade,18/09/2023,-1022001.2243287,4679120.6938419
16584,2198,"Rua Primeiro de Maio a Alcântara, 24",Alcântara,Passeio,HOTSPOT,Desconhecido,0,10,Não,Público,Dedicado Micromobilidade,18/09/2023,-1021780.0010224,4679357.4164230
16585,2199,Travessa do Conde da Ponte,Alcântara,Passeio,HOTSPOT,Desconhecido,0,10,Não,Público,Dedicado Micromobilidade,18/09/2023,-1022018.3949008,4678733.8453116
16586,2201,"Rua João de Barros, 31",Alcântara,Passeio,HOTSPOT,Desconhecido,0,10,Não,Público,Dedicado Micromobilidade,18/09/2023,-1022771.7272122,4679495.5986696
16587,2202,Largo da Revista Militar,Benfica,Passeio,HOTSPOT,Desconhecido,0,10,Não,Público,Dedicado Micromobilidade,18/09/2023,-1022909.9537003,4686325.1210020
16588,2147,Avenida Infante Dom Henrique,Beato,Passeio,HOTSPOT,Desconhecido,0,8,Não,Público,Dedicado Micromobilidade,09/06/2023,-1014151.3734699,4682598.8234416
16589,2148,Rua General Vassalo e Silva,Beato,Passeio,HOTSPOT,Desconhecido,0,5,Não,Público,Dedicado Micromobilidade,09/06/2023,-1015851.6649752,4684005.9758068
16590,2149,"Calçada de Dom Gastão, 33",Beato,Passeio,HOTSPOT,Desconhecido,0,10,Não,Público,Dedicado Micromobilidade,09/06/2023,-1014052.1000285,4682849.1895388
16591,2150,Largo do Marquês de Nisa,Penha de França,Passeio,HOTSPOT,Desconhecido,0,10,Não,Público,Dedicado Micromobilidade,09/06/2023,-1014494.3702715,4682488.5785425
16592,2151,"Rua Aquiles Machado, 2",Beato,Passeio,HOTSPOT,Desconhecido,0,10,Não,Público,Dedicado Micromobilidade,09/06/2023,-1015846.1469247,4684212.0116474
16593,2152,Rua Rocha Santos,Beato,Via,HOTSPOT,Desconhecido,0,10,Não,Público,Dedicado Micromobilidade,09/06/2023,-1014535.7124313,4683094.1674450
16594,2153,"Rua Professor Mira Fernandes, Lote 1",Beato,Passeio,HOTSPOT,Desconhecido,0,8,Não,Público,Dedicado Micromobilidade,09/06/2023,-1015740.2936437,4684232.4002287
16595,2154,Rua Carlos Botelho,Beato,Passeio,HOTSPOT,Desconhecido,0,10,Não,Público,Dedicado Micromobilidade,09/06/2023,-1015389.4623428,4683787.8477076
16596,2155,"Rua da Manutenção, 69",Beato,Passeio,HOTSPOT,Desconhecido,0,10,Não,Público,Dedicado Micromobilidade,09/07/2023,-1013844.9895355,4683061.4572106
16597,2156,"Rua da Manutenção, 22",Beato,Passeio,HOTSPOT,Desconhecido,0,10,Não,Público,Dedicado Micromobilidade,09/07/2023,-1014268.4659087,4682568.7421531
16598,2157,"Rua da Manutenção, 78",Beato,Passeio,HOTSPOT,Desconhecido,0,10,Não,Público,Dedicado Micromobilidade,09/07/2023,-1013988.0685906,4682807.4541336
16599,2158,"Rua de Xabregas, 4",Beato,Passeio,HOTSPOT,Desconhecido,0,10,Não,Público,Dedicado Micromobilidade,09/07/2023,-1014093.7736664,4682819.8003951
16600,2159,Largo da Madre de Deus,Beato,Passeio,HOTSPOT,Desconhecido,0,10,Não,Público,Dedicado Micromobilidade,09/07/2023,-1014593.0209585,4683357.8606690
16601,2160,"Rua Doutor Faria de Vasconcelos, 6B",Beato,Passeio,HOTSPOT,Desconhecido,0,10,Não,Público,Dedicado Micromobilidade,09/07/2023,-1015295.6535362,4684360.8264741
16602,2203,"Avenida do Uruguai, 7B",Benfica,Passeio,HOTSPOT,Desconhecido,0,10,Não,Público,Dedicado Micromobilidade,18/09/2023,-1023860.7731594,4686093.8360067
16603,2204,"Avenida do Uruguai, 27",Benfica,Passeio,HOTSPOT,Desconhecido,0,10,Não,Público,Dedicado Micromobilidade,18/09/2023,-1023801.8332091,4686302.3563901
16605,2206,"Avenida Gomes Pereira, 98B",Benfica,Passeio,HOTSPOT,Desconhecido,0,10,Não,Público,Dedicado Micromobilidade,18/09/2023,-1023922.7343072,4685261.9141056
16607,2208,"Calçada do Tojal, 52",Benfica,Passeio,HOTSPOT,Desconhecido,0,10,Não,Público,Dedicado Micromobilidade,18/09/2023,-1024532.4158564,4686553.0538632
16608,2209,Rua do Bom Pastor,Benfica,Passeio,HOTSPOT,Desconhecido,0,10,Não,Público,Dedicado Micromobilidade,20/09/2023,-1024453.0721162,4684822.0307083
16609,2210,"Estrada da Buraca, 1",Benfica,Via,HOTSPOT,Desconhecido,0,10,Não,Público,Dedicado Micromobilidade,20/09/2023,-1024529.9512488,4685140.4705397
16610,2211,Estrada da Circunvalação,Benfica,Passeio,HOTSPOT,Desconhecido,0,10,Não,Público,Dedicado Micromobilidade,20/09/2023,-1024744.5021154,4684052.5499099
16611,2212,Estrada da Circunvalação,Benfica,Passeio,HOTSPOT,Desconhecido,0,10,Não,Público,Dedicado Micromobilidade,20/09/2023,-1025004.7566599,4682293.8284202
16612,2213,Estrada das Oliveiras de Baixo,Benfica,Via,HOTSPOT,Desconhecido,0,10,Não,Público,Dedicado Micromobilidade,20/09/2023,-1023765.2825996,4682371.2841112
16613,2214,"Estrada de A-da-Maia, 58",Benfica,Passeio,HOTSPOT,Desconhecido,0,10,Não,Público,Dedicado Micromobilidade,20/09/2023,-1025134.6776417,4686056.0782425
16614,2215,"Estrada de Benfica, 717",Benfica,Passeio,HOTSPOT,Desconhecido,0,10,Não,Público,Dedicado Micromobilidade,20/09/2023,-1024342.7623380,4686034.7618911
16615,2216,Estrada de Monsanto,Benfica,Via,HOTSPOT,Desconhecido,0,10,Não,Público,Dedicado Micromobilidade,20/09/2023,-1024393.7097630,4684034.6421826
16616,2217,Estrada de Monsanto,Benfica,Via,HOTSPOT,Desconhecido,0,5,Não,Público,Dedicado Micromobilidade,20/09/2023,-1023533.8145739,4682611.3831045
16617,2218,Estrada do Forte,Benfica,Via,HOTSPOT,Desconhecido,0,10,Não,Público,Dedicado Micromobilidade,20/09/2023,-1024192.5402926,4683164.6467467
16618,2219,Estrada do Forte,Benfica,Passeio,HOTSPOT,Desconhecido,0,5,Não,Público,Dedicado Micromobilidade,20/09/2023,-1023032.4567524,4683553.4605581
16619,2220,Estrada dos Arneiros,Benfica,Passeio,HOTSPOT,Desconhecido,0,10,Não,Público,Dedicado Micromobilidade,20/09/2023,-1024159.8424637,4686765.5877031
16620,2221,Rua 4 do Bairro da Boavista,Benfica,Via,HOTSPOT,Desconhecido,0,10,Não,Público,Dedicado Micromobilidade,20/09/2023,-1024496.4023639,4683608.0593877
16621,2222,Rua António Pinho,Benfica,Passeio,HOTSPOT,Desconhecido,0,10,Não,Público,Dedicado Micromobilidade,20/09/2023,-1024510.7300097,4683901.4288657
16622,2223,"Rua Maria Lalande, 19",Benfica,Passeio,HOTSPOT,Desconhecido,0,10,Não,Público,Dedicado Micromobilidade,20/09/2023,-1024603.4530857,4686453.8336160
16623,2224,Rua Prof. Jorge da Silva Horta,Benfica,Passeio,HOTSPOT,Desconhecido,0,10,Não,Público,Dedicado Micromobilidade,20/09/2023,-1024813.6421720,4685294.2724166
16624,2225,Rua Actor Estevão Amarante,Benfica,Passeio,HOTSPOT,Desconhecido,0,3,Não,Público,Dedicado Micromobilidade,20/09/2023,-1024370.8339958,4685243.8273844
16625,2226,Rua José Augusto Seabra,Benfica,Passeio,HOTSPOT,Desconhecido,0,10,Não,Público,Dedicado Micromobilidade,21/09/2023,-1024238.4391462,4685084.6673481
16626,2227,"Rua das Acácias, Lote D",Benfica,Passeio,HOTSPOT,Desconhecido,0,10,Não,Público,Dedicado Micromobilidade,21/09/2023,-1024753.3144432,4683331.3348290
16627,2228,Rua das Azáleas,Benfica,Passeio,HOTSPOT,Desconhecido,0,10,Não,Público,Dedicado Micromobilidade,21/09/2023,-1024816.7552791,4683710.8153056
16628,2229,"Rua das Garridas, 37",Benfica,Lugar estacionamento automóvel,HOTSPOT,Desconhecido,0,10,Não,Público,Dedicado Micromobilidade,21/09/2023,-1024187.1923161,4685543.2920970
16629,2230,Rua Dr Joaquim Manso,Benfica,Passeio,HOTSPOT,Desconhecido,0,3,Não,Público,Dedicado Micromobilidade,21/09/2023,-1023776.9757214,4686699.8276560
16630,2231,"Rua Dr. João de Barros, 2",Benfica,Passeio,HOTSPOT,Desconhecido,0,10,Não,Público,Dedicado Micromobilidade,21/09/2023,-1024147.5395978,4686380.7460090
16631,2232,Rua Dr. José Baptista de Sousa,Benfica,Passeio,HOTSPOT,Desconhecido,0,10,Não,Público,Dedicado Micromobilidade,21/09/2023,-1023453.0272104,4685991.8038783
16632,2233,Rua João Ortigão Ramos,Benfica,Passeio,HOTSPOT,Desconhecido,0,10,Não,Público,Dedicado Micromobilidade,22/09/2023,-1024635.8501031,4686792.7986002
16633,2234,Rua Joaquim Paço d'Arcos,Benfica,Passeio,HOTSPOT,Desconhecido,0,10,Não,Público,Dedicado Micromobilidade,22/09/2023,-1023158.0012831,4685659.1496241
16634,2235,"Rua José dos Santos Pereira, 10A",Benfica,Passeio,HOTSPOT,Desconhecido,0,10,Não,Público,Dedicado Micromobilidade,22/09/2023,-1023337.3775693,4685216.1952487
16635,2236,"Rua Lucília Simões, 11",Benfica,Passeio,HOTSPOT,Desconhecido,0,10,Não,Público,Dedicado Micromobilidade,22/09/2023,-1024814.2236602,4686341.4543151
16636,2237,Rua Maria Violante Vieira,Benfica,Passeio,HOTSPOT,Desconhecido,0,10,Não,Público,Dedicado Micromobilidade,22/09/2023,-1024842.6462559,4685139.1080391
16637,2238,"Avenida Gomes Pereira, 16A",Benfica,Passeio,HOTSPOT,Desconhecido,0,10,Não,Público,Dedicado Micromobilidade,22/09/2023,-1023876.2081992,4685870.3316418
16638,2239,"Rua Prof. Jorge da Silva Horta, 6A",Benfica,Passeio,HOTSPOT,Desconhecido,0,10,Não,Público,Dedicado Micromobilidade,22/09/2023,-1024698.8803155,4685333.2646869
16639,2240,"Rua Prof. José Sebastião e Silva, Escola",Benfica,Passeio,HOTSPOT,Desconhecido,0,10,Não,Público,Dedicado Micromobilidade,22/09/2023,-1023323.9712686,4685672.0327681
16640,2241,Rua Ten. Coronel Ribeiro dos Reis,Benfica,Passeio,HOTSPOT,Desconhecido,0,10,Não,Público,Dedicado Micromobilidade,22/09/2023,-1023012.0738552,4685360.9098915
16641,2242,Rua Ten. Coronel Ribeiro dos Reis,Benfica,Via,BICICLETA,Sheffield standard,5,10,Não,Privado,Interdito Micromobilidade,,-1023009.9125910,4685446.2267909
16642,2243,Avenida Calouste Gulbenkian,Campolide,Passeio,HOTSPOT,Desconhecido,0,10,Não,Público,Dedicado Micromobilidade,25/09/2023,-1019802.9764708,4683954.4317020
16643,2244,Rua Professor Lima Basto,São Domingos de Benfica,Passeio,HOTSPOT,Desconhecido,0,10,Não,Público,Dedicado Micromobilidade,25/09/2023,-1020473.1766824,4684539.3812086
16644,2245,"Avenida Columbano Bordalo Pinheiro, 78",São Domingos de Benfica,Passeio,HOTSPOT,Desconhecido,0,10,Não,Público,Dedicado Micromobilidade,25/09/2023,-1020096.7626143,4684304.0976398
16645,2246,"Avenida Conselheiro Fernando de Sousa, 27",Campolide,Passeio,HOTSPOT,Desconhecido,0,5,Não,Público,Dedicado Micromobilidade,25/09/2023,-1019873.3191757,4682567.1192821
16646,2247,Rua Aviador Plácido de Abreu,Campolide,Passeio,HOTSPOT,Desconhecido,0,10,Não,Público,Dedicado Micromobilidade,25/09/2023,-1019777.0816112,4682471.9066625
16648,2249,Rua Basílio Teles,Campolide,Passeio,HOTSPOT,Desconhecido,0,10,Não,Público,Dedicado Micromobilidade,25/09/2023,-1020124.0474363,4684149.4013924
16649,2250,"Avenida José Malhoa, 27C",Campolide,Passeio,HOTSPOT,Desconhecido,0,10,Não,Público,Dedicado Micromobilidade,25/09/2023,-1020486.6742382,4684235.5840069
16650,2251,Avenida Miguel Torga,Campolide,Passeio,HOTSPOT,Desconhecido,0,8,Não,Público,Dedicado Micromobilidade,25/09/2023,-1019918.0625086,4683354.6947810
16651,2252,Avenida Miguel Torga,Campolide,Passeio,HOTSPOT,Desconhecido,0,10,Não,Público,Dedicado Micromobilidade,25/09/2023,-1019823.4504533,4683245.8928032
16652,2253,"Avenida Miguel Torga, 4",Campolide,Lugar estacionamento automóvel,HOTSPOT,Desconhecido,0,10,Não,Público,Dedicado Micromobilidade,25/09/2023,-1019837.7790929,4683102.4982232
16653,2254,Calçada da Quintinha,Campolide,Passeio,HOTSPOT,Desconhecido,0,10,Não,Público,Dedicado Micromobilidade,25/09/2023,-1020286.6730245,4682590.9388306
16654,2255,Avenida Calouste Gulbenkian,Campolide,Passeio,HOTSPOT,Desconhecido,0,10,Não,Público,Dedicado Micromobilidade,25/09/2023,-1020355.6194346,4683051.9684599
16655,2256,Rua Inácio Pardelhas Sanchez,Campolide,Passeio,HOTSPOT,Desconhecido,0,10,Não,Público,Dedicado Micromobilidade,25/09/2023,-1020960.6031099,4683807.4806266
16656,2257,Calçada da Quintinha,Campolide,Passeio,HOTSPOT,Desconhecido,0,10,Não,Público,Dedicado Micromobilidade,25/09/2023,-1020374.7490976,4682581.5591468
16657,2258,Rua 12 do Bairro da Calçada dos Mestres,Campolide,Passeio,HOTSPOT,Desconhecido,0,10,Não,Público,Dedicado Micromobilidade,25/09/2023,-1020691.1524070,4682868.0622642
16658,2259,"Alto do Carvalhão, 3",Campolide,Passeio,HOTSPOT,Desconhecido,0,10,Não,Público,Dedicado Micromobilidade,25/09/2023,-1020326.8878657,4682204.7782047
16659,2260,"Rua Ramalho Ortigão, Teatro",Campolide,Passeio,HOTSPOT,Desconhecido,0,10,Não,Público,Dedicado Micromobilidade,25/09/2023,-1019567.8357006,4683923.4064097
16660,2261,Rua Cardeal Saraiva,Campolide,Passeio,HOTSPOT,Desconhecido,0,10,Não,Público,Dedicado Micromobilidade,25/09/2023,-1019971.6628323,4684009.6810359
16661,2262,Rua da Mesquita,Campolide,Passeio,HOTSPOT,Desconhecido,0,10,Não,Público,Dedicado Micromobilidade,25/09/2023,-1019496.3051431,4683842.8522335
16662,2263,"Rua Padre António Vieira, 44",Avenidas Novas,Lugar estacionamento automóvel,HOTSPOT,Desconhecido,0,10,Não,Público,Dedicado Micromobilidade,26/09/2023,-1019545.0468395,4682695.3865723
16663,2264,Rua de Artilharia Um,Campolide,Via,HOTSPOT,Desconhecido,0,10,Não,Público,Dedicado Micromobilidade,26/09/2023,-1019501.3994762,4682588.2033912
16664,2265,"Rua de Artilharia Um, 70",Campolide,Lugar estacionamento automóvel,HOTSPOT,Desconhecido,0,10,Não,Público,Dedicado Micromobilidade,26/09/2023,-1019388.8677269,4682443.3644416
16665,2266,Rua de Artilharia Um,Campolide,Passeio,HOTSPOT,Desconhecido,0,10,Não,Público,Dedicado Micromobilidade,26/09/2023,-1019363.5446519,4682365.9298666
16666,2267,"Rua de Campolide, 372",Campolide,Passeio,HOTSPOT,Desconhecido,0,10,Não,Público,Dedicado Micromobilidade,26/09/2023,-1020552.9984418,4684080.1646015
16667,623,"Rua de Entrecampos, 44B",Alvalade,Lugar estacionamento automóvel,HOTSPOT,Sheffield standard,2,9,Não,Público,Partilhado com Micromobilidade,,-1018197.3674492,4685437.4565098
16668,2268,"Rua Vila de Catió, Escola",,,,Desconhecido,0,0,Não,,,,0.0000000,0.0000000
0,0,,,,,Desconhecido,0,0,Não,,,,0.0000000,0.0000000
0,0,,,,,Desconhecido,0,0,Não,,,,0.0000000,0.0000000
16669,2269,Rua do Saco,Jardim de Infância,na entrada,entre a caldeira e o banco,Arroios,0,0,Não,4,Não,Partilhado com Micromobilidade,9.0000000,0.0000000
16670,2270,"Rua do Centro Cultural, 14",Alvalade,Via,BICICLETA,Sheffield standard,2,4,Não,Público,Partilhado com Micromobilidade,22/09/2023,-1017820.4456152,4686768.0136951
16671,2271,"Rua do Centro Cultural, 12",Alvalade,Via,HOTSPOT,Desconhecido,0,4,Não,Público,Dedicado Micromobilidade,22/09/2023,-1017758.5708372,4686795.3895672
16672,2272,Rua de Campolide,Campolide,Passeio,HOTSPOT,Desconhecido,0,10,Não,Público,Dedicado Micromobilidade,27/09/2023,-1020140.9322322,4683657.8430790
16673,2273,"Rua de Campolide, 223",Campolide,Passeio,HOTSPOT,Desconhecido,0,10,Não,Público,Dedicado Micromobilidade,27/09/2023,-1020016.4764109,4683476.9761766
16674,2274,Rua Marquês de Fronteira,Campolide,Passeio,HOTSPOT,Desconhecido,0,10,Não,Público,Dedicado Micromobilidade,27/09/2023,-1019309.8795765,4683224.5818911
16675,2275,Rua dos Arcos,Campolide,Passeio,HOTSPOT,Desconhecido,0,10,Não,Público,Dedicado Micromobilidade,27/09/2023,-1021004.7943764,4683414.9830746
16676,2276,"Rua B do Bairro da Liberdade, 75",Campolide,Passeio,HOTSPOT,Desconhecido,0,8,Não,Público,Dedicado Micromobilidade,27/09/2023,-1020697.1340240,4683602.5383453
16677,2277,Avenida de Brasília,Estrela,Passeio,HOTSPOT,Desconhecido,0,10,Não,Público,Dedicado Micromobilidade,29/09/2023,-1019374.8391096,4679532.6895368
16678,2434,Avenida Dr. Augusto de Castro,Marvila,Passeio,HOTSPOT,Desconhecido,0,10,Não,Público,Dedicado Micromobilidade,01/12/2024,-1014426.9258399,4687043.3541686
16679,2435,Avenida Francisco Salgado Zenha,Marvila,Passeio,HOTSPOT,Desconhecido,0,10,Não,Público,Dedicado Micromobilidade,01/12/2024,-1015068.4005968,4685595.4512016
16680,2436,"Avenida François Mitterrand, 35A",Marvila,Passeio,HOTSPOT,Desconhecido,0,10,Não,Público,Dedicado Micromobilidade,01/12/2024,-1015066.1941153,4685265.8065155
16681,2437,Avenida João Paulo II,Marvila,Passeio,HOTSPOT,Desconhecido,0,10,Não,Público,Dedicado Micromobilidade,01/12/2024,-1014401.8976005,4685554.2716229
16682,2438,Avenida João Paulo II,Marvila,Passeio,HOTSPOT,Desconhecido,0,10,Não,Público,Dedicado Micromobilidade,01/12/2024,-1014463.7503456,4685407.0824867
16683,2439,Avenida Paulo VI,Marvila,Passeio,HOTSPOT,Desconhecido,0,10,Não,Público,Dedicado Micromobilidade,01/12/2024,-1014273.7287932,4684959.9443397
16684,2440,Avenida Paulo VI,Marvila,Passeio,HOTSPOT,Desconhecido,0,4,Não,Público,Dedicado Micromobilidade,01/12/2024,-1013999.2170230,4685545.8816743
16685,2278,Rua Cascais,Estrela,Passeio,HOTSPOT,Desconhecido,0,10,Não,Público,Dedicado Micromobilidade,29/09/2023,-1021328.3936839,4679230.0272350
16686,2279,"Avenida Infante Santo, 374",Estrela,Passeio,HOTSPOT,Desconhecido,0,8,Não,Público,Dedicado Micromobilidade,29/09/2023,-1019859.5598084,4680726.2597519
16687,2280,Rua de San'Ana (Santana) à Lapa,Estrela,Passeio,HOTSPOT,Desconhecido,0,10,Não,Público,Dedicado Micromobilidade,29/09/2023,-1020127.9802117,4680409.1290067
16688,2281,"Avenida Infante Santo, 51",Estrela,Passeio,HOTSPOT,Desconhecido,0,5,Não,Público,Dedicado Micromobilidade,29/09/2023,-1020438.9481359,4680121.8780621
16689,2284,Rua Cascais,Estrela,Passeio,HOTSPOT,Desconhecido,0,10,Não,Público,Dedicado Micromobilidade,10/11/2023,-1021292.6967872,4679375.1686202
16690,2285,Avenida Álvares Cabral,Estrela,Passeio,HOTSPOT,Desconhecido,0,8,Não,Público,Dedicado Micromobilidade,10/11/2023,-1019541.3633325,4681017.0461338
16691,2286,Praça da Estrela,Estrela,Passeio,HOTSPOT,Desconhecido,0,5,Não,Público,Dedicado Micromobilidade,10/11/2023,-1019772.5680359,4680764.9551937
16692,2287,Rua Presidente Arriaga,Estrela,Passeio,HOTSPOT,Desconhecido,0,5,Não,Público,Dedicado Micromobilidade,10/11/2023,-1020019.7719381,4679442.8860585
16693,2288,Rua Capitão Afonso Pala,Estrela,Passeio,HOTSPOT,Desconhecido,0,10,Não,Público,Dedicado Micromobilidade,10/11/2023,-1020957.9505853,4679817.5820382
16694,2289,"Praça da Armada, Ministério",Estrela,Passeio,HOTSPOT,Desconhecido,0,10,Não,Público,Dedicado Micromobilidade,10/11/2023,-1020855.6766817,4679510.7669024
16695,2290,Praça da Estrela,Estrela,Passeio,HOTSPOT,Desconhecido,0,4,Não,Público,Dedicado Micromobilidade,10/11/2023,-1019763.1899839,4680715.1043711
16696,2291,Praça São João Bosco,Estrela,Passeio,HOTSPOT,Desconhecido,0,10,Não,Público,Dedicado Micromobilidade,10/11/2023,-1020734.1149947,4680869.5367259
16697,2292,Rocha Conde de Óbidos,Estrela,Passeio,HOTSPOT,Desconhecido,0,10,Não,Público,Dedicado Micromobilidade,16/10/2023,-1019950.8688515,4679219.5324406
16698,2293,"Rua Cascais, 35",Alcântara,Passeio,HOTSPOT,Desconhecido,0,10,Não,Público,Dedicado Micromobilidade,16/10/2023,-1021338.3799208,4679389.3637813
16699,2294,"Rua Coronel Ribeiro Viana, 13",Estrela,Passeio,HOTSPOT,Desconhecido,0,10,Não,Público,Dedicado Micromobilidade,16/10/2023,-1020618.3995707,4680572.2908295
16700,2295,"Rua da Esperança, 154",Estrela,Passeio,HOTSPOT,Desconhecido,0,10,Não,Público,Dedicado Micromobilidade,16/10/2023,-1019240.6616380,4679905.2648861
16701,2296,"Rua da Esperança, 2",Estrela,Passeio,HOTSPOT,Desconhecido,0,10,Não,Público,Dedicado Micromobilidade,16/10/2023,-1018956.7689335,4680056.2012748
16702,2297,"Rua da Lapa, 74",Estrela,Passeio,HOTSPOT,Desconhecido,0,10,Não,Público,Dedicado Micromobilidade,16/10/2023,-1019702.1066753,4680242.0433031
16703,2298,Rua das Francesinhas,Estrela,Passeio,HOTSPOT,Desconhecido,0,10,Não,Público,Dedicado Micromobilidade,16/10/2023,-1019078.8022595,4680331.2048307
16704,2299,Rua das Francesinhas,Estrela,Passeio,HOTSPOT,Desconhecido,0,10,Não,Público,Dedicado Micromobilidade,16/10/2023,-1019024.7715843,4680427.6583967
16705,2300,Rua das Janelas Verdes,Estrela,Passeio,HOTSPOT,Desconhecido,0,10,Não,Público,Dedicado Micromobilidade,16/10/2023,-1019815.0084778,4679548.1091820
16706,2301,"Rua da Cintura do Porto de Lisboa, Museu",Estrela,Via,HOTSPOT,Desconhecido,0,10,Não,Público,Dedicado Micromobilidade,16/10/2023,-1020927.1795218,4679164.2740071
16707,2302,Rua de Sant'Ana (Santana) à Lapa,Estrela,Passeio,HOTSPOT,Desconhecido,0,5,Não,Público,Dedicado Micromobilidade,16/10/2023,-1019837.8066487,4680277.1396730
16708,2303,Calçada Ribeiro Santos,Estrela,Passeio,HOTSPOT,Desconhecido,0,10,Não,Público,Dedicado Micromobilidade,16/10/2023,-1019452.1775745,4679737.6155034
16709,2304,Rua das Praças,Estrela,Passeio,HOTSPOT,Desconhecido,0,3,Não,Público,Dedicado Micromobilidade,16/10/2023,-1019638.6241086,4680093.5128272
16710,2305,Rua de São Ciro,Estrela,Via,HOTSPOT,Desconhecido,0,4,Não,Público,Dedicado Micromobilidade,16/10/2023,-1019842.5716071,4680542.8241274
16711,2306,"Rua Domingos Sequeira, 11C",Estrela,Passeio,HOTSPOT,Desconhecido,0,10,Não,Público,Dedicado Micromobilidade,16/10/2023,-1019977.9102945,4680886.4209013
16712,2307,Largo do Rilvas,Estrela,Passeio,HOTSPOT,Desconhecido,0,10,Não,Público,Dedicado Micromobilidade,18/10/2023,-1020741.9865857,4679736.2381096
16713,2308,Rua Jorge Alves,Estrela,Passeio,HOTSPOT,Desconhecido,0,10,Não,Público,Dedicado Micromobilidade,18/10/2023,-1019258.0941769,4680244.2061103
16714,2337,"Rua Cidade da Beira, 54",Olivais,Passeio,HOTSPOT,Desconhecido,0,10,Não,Público,Dedicado Micromobilidade,24/10/2023,-1015544.2943354,4688397.6080363
16715,2338,Rua Cidade da Praia,Olivais,Passeio,HOTSPOT,Desconhecido,0,10,Não,Público,Dedicado Micromobilidade,24/10/2023,-1015133.8547920,4687586.5987591
16716,2339,"Rua Cidade da Praia, Lote 362",Olivais,Passeio,HOTSPOT,Desconhecido,0,10,Não,Público,Dedicado Micromobilidade,24/10/2023,-1014858.7939527,4687503.7234826
16717,2340,Rua Cidade de Benguela,Olivais,Passeio,HOTSPOT,Desconhecido,0,10,Não,Público,Dedicado Micromobilidade,24/10/2023,-1014197.8194248,4687926.9823298
16718,2341,"Rua Cidade de Bolama, 38",Olivais,Passeio,HOTSPOT,Desconhecido,0,10,Não,Público,Dedicado Micromobilidade,24/10/2023,-1014927.7216885,4687733.8389506
16719,2342,Rua Cidade de Cabinda,Olivais,Passeio,HOTSPOT,Desconhecido,0,10,Não,Público,Dedicado Micromobilidade,24/10/2023,-1014259.4667678,4688463.4224477
16720,2343,"Rua Cidade da Beira, 22",Olivais,Passeio,HOTSPOT,Desconhecido,0,10,Não,Público,Dedicado Micromobilidade,24/10/2023,-1015545.6527046,4687883.9007117
16721,2433,Avenida Dr. Arlindo Vicente,Marvila,Passeio,HOTSPOT,Desconhecido,0,10,Não,Público,Dedicado Micromobilidade,01/12/2024,-1015766.2101416,4686051.6510844
16722,2309,"Rua da Costa, 12",Estrela,Passeio,HOTSPOT,Desconhecido,0,10,Não,Público,Dedicado Micromobilidade,18/10/2023,-1021150.3380941,4679745.9295853
16723,2310,Rua Gilberto Rola,Estrela,Passeio,HOTSPOT,Desconhecido,0,10,Não,Público,Dedicado Micromobilidade,18/10/2023,-1021117.1770411,4679635.6329490
16724,2311,Rua do Arco do Chafariz das Terras,Estrela,Via,HOTSPOT,Desconhecido,0,10,Não,Público,Dedicado Micromobilidade,18/10/2023,-1020325.2220446,4680051.8252603
16725,2312,"Rua Cidade de Carmona, 2A",Olivais,Passeio,HOTSPOT,Desconhecido,0,10,Não,Público,Dedicado Micromobilidade,18/10/2023,-1014590.9290720,4688143.9156804
16726,2313,Alameda da Encarnação,Olivais,Passeio,HOTSPOT,Desconhecido,0,10,Não,Público,Dedicado Micromobilidade,18/10/2023,-1015008.4822421,4689331.1741247
16727,2314,Alameda da Encarnação,Olivais,Via,HOTSPOT,Desconhecido,0,10,Não,Público,Dedicado Micromobilidade,18/10/2023,-1015396.7888333,4688919.8222057
16728,2315,Rua Cidade de Bissau,Olivais,Passeio,HOTSPOT,Desconhecido,0,10,Não,Público,Dedicado Micromobilidade,18/10/2023,-1014332.1336754,4687534.6760684
16729,2351,Rua Dom Aleixo Corte-Real,Olivais,Passeio,HOTSPOT,Desconhecido,0,10,Não,Público,Dedicado Micromobilidade,31/10/2023,-1014623.5300596,4687481.4958484
16730,2352,Rua Furriel Galrão Nogueira,Olivais,Passeio,HOTSPOT,Desconhecido,0,3,Não,Público,Dedicado Micromobilidade,31/10/2023,-1014238.2671132,4688605.6633942
16731,2353,"Rua General Silva Freire, 19",Olivais,Passeio,HOTSPOT,Desconhecido,0,8,Não,Público,Dedicado Micromobilidade,31/10/2023,-1014676.4978644,4689438.6944395
16732,2354,Rua Padre Joaquim Aguiar,Olivais,Passeio,HOTSPOT,Desconhecido,0,10,Não,Público,Dedicado Micromobilidade,31/10/2023,-1014113.4269568,4689772.7314595
16733,2355,Jardim Eduardo Prado Coelho,Olivais,Passeio,HOTSPOT,Desconhecido,0,10,Não,Público,Dedicado Micromobilidade,31/10/2023,-1014010.2948262,4688935.7483550
16734,2356,Rua Vice Almirante Augusto de Castro Guedes,Olivais,Passeio,HOTSPOT,Desconhecido,0,10,Não,Público,Dedicado Micromobilidade,31/10/2023,-1015128.7340815,4689916.9337119
16735,2357,"Rua Cidade da Praia, Lote 368",Olivais,Passeio,HOTSPOT,Desconhecido,0,10,Não,Público,Dedicado Micromobilidade,31/10/2023,-1015034.4484133,4687560.8502134
16736,2323,Avenida Marechal Gomes da Costa,Olivais,Passeio,HOTSPOT,Desconhecido,0,10,Não,Público,Dedicado Micromobilidade,23/10/2023,-1014858.1895765,4687348.0141501
16737,2324,"Travessa do Adro aos Olivais, Igreja",Olivais,Passeio,HOTSPOT,Desconhecido,0,10,Não,Público,Dedicado Micromobilidade,23/10/2023,-1013786.9173373,4688574.6997501
16738,2325,Praça Cidade de Salazar,Olivais,Passeio,HOTSPOT,Desconhecido,0,10,Não,Público,Dedicado Micromobilidade,23/10/2023,-1015012.5918618,4687914.8108570
16739,2326,Praça de Chinde,Olivais,Passeio,HOTSPOT,Desconhecido,0,10,Não,Público,Dedicado Micromobilidade,23/10/2023,-1015544.5713070,4688555.1842767
16740,2327,Praça do Norte,Olivais,Passeio,HOTSPOT,Desconhecido,0,10,Não,Público,Dedicado Micromobilidade,31/10/2023,-1015091.7570231,4689759.1673856
16741,2328,Rua da Portela,Olivais,Passeio,HOTSPOT,Desconhecido,0,10,Não,Público,Dedicado Micromobilidade,23/10/2023,-1014535.4672434,4688696.6883980
16742,2329,Rua 26 do Bairro da Encarnação,Olivais,Passeio,HOTSPOT,Desconhecido,0,5,Não,Público,Dedicado Micromobilidade,23/10/2023,-1014698.9688152,4689024.8015345
16743,2330,Rua Alferes Barrilaro Ruas,Olivais,Passeio,HOTSPOT,Desconhecido,0,10,Não,Público,Dedicado Micromobilidade,23/10/2023,-1014834.4844484,4689787.7326266
16744,2316,Avenida Cidade do Porto,Olivais,Passeio,HOTSPOT,Desconhecido,0,10,Não,Público,Dedicado Micromobilidade,18/10/2023,-1015660.4500580,4688683.8656486
16745,2317,"Avenida de Berlim, Lote H",Olivais,Passeio,HOTSPOT,Desconhecido,0,10,Não,Público,Dedicado Micromobilidade,18/10/2023,-1013902.6823750,4688501.2598742
16746,2318,Jardim Eduardo Prado Coelho,Olivais,Passeio,HOTSPOT,Desconhecido,0,10,Não,Público,Dedicado Micromobilidade,18/10/2023,-1013990.8203758,4688818.8716708
16747,2321,Via Pedonal sobre a Avenida Infante Dom Henrique,Olivais,Passeio,HOTSPOT,Desconhecido,0,10,Não,Público,Dedicado Micromobilidade,23/10/2023,-1013419.6626946,4687316.2180188
16748,2322,"Avenida Infante Dom Henrique, 345A",Olivais,Via,HOTSPOT,Desconhecido,0,10,Não,Público,Dedicado Micromobilidade,23/10/2023,-1013496.7157469,4688272.6903361
16749,2344,"Rua Cidade de João Belo, Lote 61",Olivais,Passeio,HOTSPOT,Desconhecido,0,10,Não,Público,Dedicado Micromobilidade,24/10/2023,-1015459.7617619,4687986.8429642
16750,2345,Praça Cidade do Luso,Olivais,Passeio,HOTSPOT,Desconhecido,0,10,Não,Público,Dedicado Micromobilidade,24/10/2023,-1014811.2311889,4688115.3980608
16751,2346,"Rua Cidade de Lobito, Lote 281",Olivais,Passeio,HOTSPOT,Desconhecido,0,10,Não,Público,Dedicado Micromobilidade,24/10/2023,-1014434.2098761,4688038.2900187
16752,2347,"Rua Cidade de Vila, Cabral, Lote 41",Olivais,Passeio,HOTSPOT,Desconhecido,0,10,Não,Público,Dedicado Micromobilidade,24/10/2023,-1015299.2079757,4688188.4034121
16753,2348,Rua da Quinta de Santa Maria,Olivais,Via,HOTSPOT,Desconhecido,0,5,Não,Público,Dedicado Micromobilidade,24/10/2023,-1015293.1454834,4689826.0425806
16754,2349,"Rua de Manhiça, Lote 469",Olivais,Passeio,HOTSPOT,Desconhecido,0,10,Não,Público,Dedicado Micromobilidade,24/10/2023,-1013863.7523952,4687246.1826762
16755,2350,"Rua do Conselheiro Mariano de Carvalho, 69",Olivais,Passeio,HOTSPOT,Desconhecido,0,5,Não,Público,Dedicado Micromobilidade,31/10/2023,-1013569.0685245,4688592.0455246
16756,2358,Rua Vila de Catió,Olivais,Passeio,HOTSPOT,Desconhecido,0,10,Não,Público,Dedicado Micromobilidade,31/10/2023,-1014500.3325683,4687530.0525518
16757,2359,"Rua Lino Ferreira, Escola",Marvila,Passeio,BICICLETA,Entorta rodas,1,6,Sim,Privado,Interdito Micromobilidade,,-1013669.0493123,4685527.8440888
16758,2360,Rua Jorge de Sena,Santa Clara,Passeio,HOTSPOT,Desconhecido,0,10,Não,Público,Dedicado Micromobilidade,11/02/2023,-1019959.8028795,4690157.3320203
16759,2361,"Avenida Nuno Krus Abecassis, 32",Santa Clara,Passeio,HOTSPOT,Desconhecido,0,10,Não,Público,Dedicado Micromobilidade,11/02/2023,-1018550.8217298,4690055.2296034
16760,2362,Rua Cidade de Tomar,Santa Clara,Passeio,HOTSPOT,Desconhecido,0,10,Não,Público,Dedicado Micromobilidade,11/02/2023,-1020217.2345526,4690669.5091224
16761,2363,"Rua Tito de Morais, 5C",Santa Clara,Passeio,HOTSPOT,Desconhecido,0,10,Não,Público,Dedicado Micromobilidade,11/02/2023,-1018409.9703669,4690178.2504856
16762,2331,"Rua Alferes Barrilaro Ruas, 7B",Olivais,Passeio,HOTSPOT,Desconhecido,0,10,Não,Público,Dedicado Micromobilidade,23/10/2023,-1014445.5893453,4689571.4969506
16763,2332,"Rua Almada Negreiros, Lote 473",Olivais,Passeio,HOTSPOT,Desconhecido,0,10,Não,Público,Dedicado Micromobilidade,23/10/2023,-1014118.5163183,4687278.5018371
16764,2333,"Rua Almada Negreiros, Lote L",Olivais,Passeio,HOTSPOT,Desconhecido,0,10,Não,Público,Dedicado Micromobilidade,23/10/2023,-1013697.6796931,4687046.5327077
16765,2334,Rua Cândido de Oliveira,Olivais,Passeio,HOTSPOT,Desconhecido,0,10,Não,Público,Dedicado Micromobilidade,23/10/2023,-1013924.8613226,4688195.9202218
16766,2335,"Rua Carlos George, 34A",Olivais,Passeio,HOTSPOT,Desconhecido,0,5,Não,Público,Dedicado Micromobilidade,24/10/2023,-1013755.8120295,4689414.6107415
16767,2336,"Rua Cidade da Beira, 83",Olivais,Passeio,HOTSPOT,Desconhecido,0,10,Não,Público,Dedicado Micromobilidade,24/10/2023,-1015268.7927266,4688608.8035045
16768,2384,"Largo da Anunciada, 18",Santo António,Passeio,HOTSPOT,Desconhecido,0,10,Não,Público,Dedicado Micromobilidade,11/03/2023,-1017696.2976922,4681326.4279838
16769,2385,Travessa do Fala-Só,Santo António,Passeio,HOTSPOT,Desconhecido,0,10,Não,Público,Dedicado Micromobilidade,11/03/2023,-1017930.0889067,4681127.7775265
16770,2386,"Rua Júlio César Machado, 6",Santo António,Passeio,HOTSPOT,Desconhecido,0,10,Não,Público,Dedicado Micromobilidade,11/03/2023,-1018210.8796004,4681654.0496396
16771,2387,Rua da Alegria,Santo António,Via,HOTSPOT,Desconhecido,0,10,Não,Público,Dedicado Micromobilidade,11/03/2023,-1018119.9452382,4681352.0493625
16772,2388,Rua das Amoreiras,Santo António,Passeio,HOTSPOT,Desconhecido,0,10,Não,Público,Dedicado Micromobilidade,11/03/2023,-1019341.7480255,4681932.1728576
16773,2389,"Rua Castilho, 6",Santo António,Passeio,HOTSPOT,Desconhecido,0,10,Não,Público,Dedicado Micromobilidade,11/03/2023,-1018451.8510580,4681634.4597971
16774,2390,"Rua Castilho, 75A",Santo António,Passeio,HOTSPOT,Desconhecido,0,10,Não,Público,Dedicado Micromobilidade,11/03/2023,-1018950.7195764,4682321.6540060
16775,2391,Rua da Escola Politécnica,Santo António,Via,HOTSPOT,Desconhecido,0,10,Não,Público,Dedicado Micromobilidade,11/03/2023,-1018613.0029294,4681280.8624373
16776,2364,Rua Ruy Cinatti,Santa Clara,Lugar estacionamento automóvel,HOTSPOT,Desconhecido,0,10,Não,Público,Dedicado Micromobilidade,11/02/2023,-1018348.5654224,4690996.1800701
16777,2365,"Rua Rogério de Moura, Lote 22.4.59",Santa Clara,Passeio,HOTSPOT,Desconhecido,0,10,Não,Público,Dedicado Micromobilidade,11/02/2023,-1018509.6898345,4690709.4660597
16778,2366,Rua Maluda (Maria de Lurdes Ribeiro),Santa Clara,Lugar estacionamento automóvel,HOTSPOT,Desconhecido,0,10,Não,Público,Dedicado Micromobilidade,11/02/2023,-1018773.1845302,4691778.9181942
16779,2367,Avenida Sérgio Vieira de Mello,Santa Clara,Passeio,HOTSPOT,Desconhecido,0,10,Não,Público,Dedicado Micromobilidade,11/02/2023,-1018363.1681077,4690396.1537297
16780,2368,"Rua João Amaral, Lote 22.1-1",Santa Clara,Passeio,HOTSPOT,Desconhecido,0,10,Não,Público,Dedicado Micromobilidade,11/02/2023,-1018902.3792197,4690565.8451106
16781,2369,"Rua João Amaral, Pista de Atletismo",Santa Clara,Passeio,HOTSPOT,Desconhecido,0,5,Não,Público,Dedicado Micromobilidade,11/02/2023,-1018923.8953753,4690534.4859512
16782,2370,Estrada da Ameixoeira,Santa Clara,Passeio,HOTSPOT,Desconhecido,0,5,Não,Público,Dedicado Micromobilidade,11/02/2023,-1019772.1430521,4690487.2758046
16783,2371,Largo das Galinheiras,Santa Clara,Passeio,HOTSPOT,Desconhecido,0,10,Não,Público,Dedicado Micromobilidade,11/02/2023,-1018619.5886101,4691933.5987843
16784,2372,Estrada do Desvio,Santa Clara,Passeio,HOTSPOT,Desconhecido,0,10,Não,Público,Dedicado Micromobilidade,11/02/2023,-1020013.3691020,4690221.5072147
16785,2373,"Rua Prof. Adelino da Palma Carlos, Piscina",Santa Clara,Lugar estacionamento automóvel,HOTSPOT,Desconhecido,0,10,Não,Público,Dedicado Micromobilidade,11/02/2023,-1019667.8641765,4690961.3273127
16786,2374,Avenida Glicínia Quartin,Santa Clara,Passeio,HOTSPOT,Desconhecido,0,10,Não,Público,Dedicado Micromobilidade,11/02/2023,-1019105.3076369,4691258.3277715
16787,2375,"Rua Fernando Gusmão, 2A",Santa Clara,Passeio,HOTSPOT,Desconhecido,0,10,Não,Público,Dedicado Micromobilidade,11/02/2023,-1019096.9766359,4691337.6985815
16788,2376,Azinhaga do Reguengo,Santa Clara,Passeio,HOTSPOT,Desconhecido,0,10,Não,Público,Dedicado Micromobilidade,11/02/2023,-1018250.0583357,4691983.5422326
16789,2377,Rua Hermínio da Palma Inácio,Santa Clara,Passeio,HOTSPOT,Desconhecido,0,10,Não,Público,Dedicado Micromobilidade,11/02/2023,-1018483.3070590,4691260.9535953
16790,2392,"Rua da Glória, 2A",Santo António,Passeio,HOTSPOT,Desconhecido,0,5,Não,Público,Dedicado Micromobilidade,11/06/2023,-1017811.6771142,4681091.1631148
16791,2393,"Rua da Mãe D'Água, 13",Santo António,Via,HOTSPOT,Desconhecido,0,5,Não,Público,Dedicado Micromobilidade,11/06/2023,-1018201.0456560,4681267.0390043
16792,2394,"Rua de Artilharia Um, 63",Santo António,Passeio,HOTSPOT,Desconhecido,0,5,Não,Público,Dedicado Micromobilidade,11/06/2023,-1019158.4143261,4682226.0284666
16793,2395,"Rua de Santa Marta, 49C",Santo António,Passeio,HOTSPOT,Desconhecido,0,10,Não,Público,Dedicado Micromobilidade,11/06/2023,-1018131.4219170,4682264.9717136
16794,2396,"Rua Barata Salgueiro, 1B",Santo António,Passeio,HOTSPOT,Desconhecido,0,10,Não,Público,Dedicado Micromobilidade,11/06/2023,-1018116.1077923,4682013.2995969
16795,2397,"Rua do Salitre, 177",Santo António,Via,HOTSPOT,Desconhecido,0,10,Não,Público,Dedicado Micromobilidade,11/07/2023,-1018777.4812334,4681619.4986735
16796,2398,Rua Dom Pedro V,Misericórdia,Via,HOTSPOT,Desconhecido,0,10,Não,Público,Dedicado Micromobilidade,11/07/2023,-1018305.5901461,4681088.9297350
16797,2378,Rua Hermínio da Palma Inácio,Santa Clara,Passeio,HOTSPOT,Desconhecido,0,10,Não,Público,Dedicado Micromobilidade,11/02/2023,-1018105.7243213,4691358.7526835
16798,2379,"Largo dos Defensores da República, Igreja",Santa Clara,Lugar estacionamento automóvel,HOTSPOT,Desconhecido,0,10,Não,Público,Dedicado Micromobilidade,11/02/2023,-1017863.5298483,4690648.8020695
16799,2380,"Rua Alberto Barbosa, 5",Santa Clara,Passeio,HOTSPOT,Desconhecido,0,10,Não,Público,Dedicado Micromobilidade,11/02/2023,-1019406.5422528,4690619.2249040
16800,2381,"Rua Engº Quartin Graça, 49A",Santa Clara,Passeio,HOTSPOT,Desconhecido,0,10,Não,Público,Dedicado Micromobilidade,11/02/2023,-1019874.5295749,4690588.4393749
16801,2382,"Avenida Engenheiro Duarte Pacheco, 21B",Santo António,Passeio,HOTSPOT,Desconhecido,0,10,Não,Público,Dedicado Micromobilidade,11/03/2023,-1019645.3591186,4682250.1956981
16802,2383,Calçada Bento da Rocha Cabral,Santo António,Via,HOTSPOT,Desconhecido,0,10,Não,Público,Dedicado Micromobilidade,11/03/2023,-1019149.8547343,4681809.3170585
16803,2399,Rua Ferreira Lapa,Santo António,Passeio,HOTSPOT,Desconhecido,0,10,Não,Público,Dedicado Micromobilidade,11/07/2023,-1017904.3344021,4682666.8943132
16804,2400,"Rua Luciano Cordeiro, 31",Santo António,Passeio,HOTSPOT,Desconhecido,0,10,Não,Público,Dedicado Micromobilidade,11/07/2023,-1017853.8221647,4682254.9937456
16805,2401,"Rua Bernardo Lima, 23",Santo António,Passeio,HOTSPOT,Desconhecido,0,10,Não,Público,Dedicado Micromobilidade,11/07/2023,-1017995.3324225,4682634.8234797
16806,2402,Avenida Duque de Loulé,Santo António,Passeio,HOTSPOT,Desconhecido,0,10,Não,Público,Dedicado Micromobilidade,11/07/2023,-1018125.0681825,4682703.6654315
16807,2403,Rua Rodrigo da Fonseca,Santo António,Passeio,HOTSPOT,Desconhecido,0,6,Não,Público,Dedicado Micromobilidade,11/07/2023,-1019019.1566605,4682186.3201601
16808,2404,"Rua Barata Salgueiro, 6A",Santo António,Passeio,HOTSPOT,Desconhecido,0,10,Não,Público,Dedicado Micromobilidade,11/07/2023,-1018185.2422922,4681986.7305740
16809,2405,"Travessa Águas Livres, 25",Santo António,Passeio,HOTSPOT,Desconhecido,0,10,Não,Público,Dedicado Micromobilidade,11/07/2023,-1019374.7802182,4682089.4237925
16810,2406,"Rua das Taipas, 61",Santo António,Via,HOTSPOT,Desconhecido,0,3,Não,Público,Dedicado Micromobilidade,11/07/2023,-1018118.4207188,4681178.2816328
16811,2407,Travessa Águas Livres,Santo António,Passeio,HOTSPOT,Desconhecido,0,10,Não,Público,Dedicado Micromobilidade,11/07/2023,-1019322.8537812,4682037.0388250
16812,2408,Avenida Ribeira das Naus,Santa Maria Maior,Passeio,HOTSPOT,Desconhecido,0,10,Não,Público,Dedicado Micromobilidade,11/09/2023,-1017549.0615812,4679635.0064729
16813,2409,"Avenida Vinte e Quatro de Julho, 28",Misericórdia,Passeio,HOTSPOT,Desconhecido,0,10,Não,Público,Dedicado Micromobilidade,11/09/2023,-1018642.1517528,4679738.7973936
16814,2410,"Praça do Duque da Terceira, 6",Misericórdia,Passeio,HOTSPOT,Desconhecido,0,8,Não,Público,Dedicado Micromobilidade,11/09/2023,-1017892.6798834,4679720.4005075
16815,2411,Cais do Sodré,Misericórdia,Passeio,HOTSPOT,Desconhecido,0,10,Não,Público,Dedicado Micromobilidade,11/09/2023,-1017907.1160918,4679612.1079879
16816,2412,Praça de Luís de Camões,Misericórdia,Passeio,HOTSPOT,Desconhecido,0,10,Não,Público,Dedicado Micromobilidade,11/09/2023,-1017858.6364016,4680320.5991818
16817,2413,"Largo do Conde Barão, 54",Misericórdia,Passeio,HOTSPOT,Desconhecido,0,10,Não,Público,Dedicado Micromobilidade,11/09/2023,-1018686.5140172,4680059.3668279
16818,2414,Largo Trindade Coelho,Misericórdia,Passeio,HOTSPOT,Desconhecido,0,10,Não,Público,Dedicado Micromobilidade,11/09/2023,-1017793.3951902,4680673.5289393
16819,2415,"Praça das Flores, 55",Misericórdia,Lugar estacionamento automóvel,HOTSPOT,Desconhecido,0,10,Não,Público,Dedicado Micromobilidade,11/09/2023,-1018717.7761546,4680957.6965607
16820,2416,"Praça do Duque da Terceira, 23",Misericórdia,Passeio,HOTSPOT,Desconhecido,0,10,Não,Público,Dedicado Micromobilidade,11/09/2023,-1017819.5925298,4679738.1101351
16821,2417,"Praça do Príncipe Real, 19",Misericórdia,Passeio,HOTSPOT,Desconhecido,0,10,Não,Público,Dedicado Micromobilidade,11/09/2023,-1018490.7636311,4681202.9557438
16822,2418,Praça do Príncipe Real,Misericórdia,Passeio,HOTSPOT,Desconhecido,0,10,Não,Público,Dedicado Micromobilidade,11/09/2023,-1018366.7904630,4681075.8044711
16823,2419,Praça do Príncipe Real,Misericórdia,Passeio,HOTSPOT,Desconhecido,0,10,Não,Público,Dedicado Micromobilidade,11/09/2023,-1018473.1548360,4681047.7824396
16824,2420,Praça de Dom Luís I,Misericórdia,Passeio,HOTSPOT,Desconhecido,0,10,Não,Público,Dedicado Micromobilidade,11/09/2023,-1018250.5920321,4679836.5525838
16825,2421,Rua da Academia das Ciências,Misericórdia,Via,HOTSPOT,Desconhecido,0,10,Não,Público,Dedicado Micromobilidade,13/11/2023,-1018545.1872604,4680692.1603155
16826,2422,"Rua da Boavista, 81A",Misericórdia,Passeio,HOTSPOT,Desconhecido,0,10,Não,Público,Dedicado Micromobilidade,13/11/2023,-1018560.3965193,4680057.2039467
16827,2423,Rua da Cintura do Porto de Lisboa,Misericórdia,Passeio,HOTSPOT,Desconhecido,0,10,Não,Público,Dedicado Micromobilidade,13/11/2023,-1018718.6338436,4679655.5560523
16828,2424,Rua da Cintura do Porto de Lisboa,Misericórdia,Passeio,HOTSPOT,Desconhecido,0,10,Não,Público,Dedicado Micromobilidade,14/11/2023,-1018494.6468715,4679648.3718247
16829,2425,Rua Dom Luís I,Misericórdia,Via,HOTSPOT,Desconhecido,0,10,Não,Público,Dedicado Micromobilidade,14/11/2023,-1018475.0515590,4679869.2909556
16830,2426,"Rua Dom Luís I, 3",Misericórdia,Passeio,HOTSPOT,Desconhecido,0,10,Não,Público,Dedicado Micromobilidade,14/11/2023,-1018313.8106802,4679854.9321438
16831,2427,"Rua Ruben A. Leitão, 2",Misericórdia,Passeio,HOTSPOT,Desconhecido,0,10,Não,Público,Dedicado Micromobilidade,14/11/2023,-1018531.4505360,4680822.0829686
16832,2428,Largo de Jesus,Misericórdia,Passeio,HOTSPOT,Desconhecido,0,10,Não,Público,Dedicado Micromobilidade,14/11/2023,-1018604.6805043,4680535.2623259
16833,2429,Jardim Jorge Luis Borges,Avenidas Novas,Passeio,BICICLETA,Sheffield standard,10,20,Não,Público,Interdito Micromobilidade,31/12/2023,-1017727.8251528,4683844.6962575
16834,2430,Avenida da Liberdade,Santo António,Via,BICICLETA,Sheffield standard,15,45,Não,Público,Partilhado com Micromobilidade,31/12/2023,-1018305.4133376,4681907.4962518
16835,2431,"Avenida da Liberdade, 69",Santo António,Lugar estacionamento automóvel,BICICLETA,Sheffield standard,4,8,Não,Público,Partilhado com Micromobilidade,31/12/2023,-1017909.1172376,4681325.9619071
16836,2441,"Avenida República da Bulgária, Lote 14",Marvila,Passeio,HOTSPOT,Desconhecido,0,10,Não,Público,Dedicado Micromobilidade,01/12/2024,-1014780.6764396,4685672.8869372
16837,2442,Avenida Vergílio Ferreira,Marvila,Passeio,HOTSPOT,Desconhecido,0,10,Não,Público,Dedicado Micromobilidade,01/12/2024,-1015116.7606519,4684986.0859512
16838,2443,Largo Artur Bual,Marvila,Passeio,HOTSPOT,Desconhecido,0,10,Não,Público,Dedicado Micromobilidade,01/12/2024,-1014029.8000564,4684716.1236922
16839,2444,Praça David Leandro da Silva,Marvila,Via,HOTSPOT,Desconhecido,0,6,Não,Público,Dedicado Micromobilidade,01/12/2024,-1013265.5341275,4684803.4549531
16840,2445,"Praça Dr. Fernando Amado, Lote 567",Marvila,Passeio,HOTSPOT,Desconhecido,0,10,Não,Público,Dedicado Micromobilidade,01/12/2024,-1014539.1008698,4685467.0729736
16841,2446,Praça Eduardo Mondlane,Marvila,Passeio,HOTSPOT,Desconhecido,0,10,Não,Público,Dedicado Micromobilidade,01/12/2024,-1014500.0759229,4685144.5506502
16842,2447,Rua Adães Bermudes,Marvila,Passeio,HOTSPOT,Desconhecido,0,10,Não,Público,Dedicado Micromobilidade,01/12/2024,-1015390.7446714,4686709.6253236
16843,2521,Rua Dom João V,Campo de Ourique,Passeio,HOTSPOT,Desconhecido,0,10,Não,Público,Dedicado Micromobilidade,21/03/2024,-1019289.2019272,4681747.0843486
16844,2522,"Rua de Dom Dinis (O Lavrador), 5",Campo de Ourique,Via,HOTSPOT,Desconhecido,0,10,Não,Público,Dedicado Micromobilidade,21/03/2024,-1019316.9348536,4681589.3722978
16845,2523,Travessa de Santo Ildefonso,Campo de Ourique,Via,HOTSPOT,Desconhecido,0,10,Não,Público,Dedicado Micromobilidade,21/03/2024,-1019362.8000636,4680987.9295036
16846,2524,Rua de São Jorge,Estrela,Passeio,HOTSPOT,Desconhecido,0,10,Não,Público,Dedicado Micromobilidade,21/03/2024,-1019736.7903449,4681003.1161441
16847,2525,"Estrada dos Prazeres, 55",Campo de Ourique,Passeio,HOTSPOT,Desconhecido,0,10,Não,Público,Dedicado Micromobilidade,21/03/2024,-1020984.8372933,4681026.8752138
16848,2526,Praça das Águas Livres,Campo de Ourique,Passeio,HOTSPOT,Desconhecido,0,10,Não,Público,Dedicado Micromobilidade,21/03/2024,-1019434.7647096,4681822.6889229
16849,2448,"Rua António Gedeão, 2",Marvila,Passeio,HOTSPOT,Desconhecido,0,10,Não,Público,Dedicado Micromobilidade,01/12/2024,-1014264.2075195,4684487.9385937
16850,2449,Rua Aquilino Ribeiro,Marvila,Passeio,HOTSPOT,Desconhecido,0,10,Não,Público,Dedicado Micromobilidade,01/12/2024,-1014866.1358187,4686377.9833956
16851,2450,Rua Artur Duarte,Marvila,Passeio,HOTSPOT,Desconhecido,0,10,Não,Público,Dedicado Micromobilidade,01/12/2024,-1014403.2413262,4684406.6454046
16852,2451,"Rua Artur Duarte, 9",Marvila,Passeio,HOTSPOT,Desconhecido,0,10,Não,Público,Dedicado Micromobilidade,01/12/2024,-1014478.4349709,4684555.8369310
16853,2452,"Rua Botelho de Vasconcelos, Lote 560",Marvila,Passeio,HOTSPOT,Desconhecido,0,10,Não,Público,Dedicado Micromobilidade,01/12/2024,-1014526.9442480,4685370.7844597
16854,2453,Rua Conselheiro Emídio Navarro,Marvila,Passeio,HOTSPOT,Desconhecido,0,6,Não,Público,Dedicado Micromobilidade,01/12/2024,-1014844.1517209,4686923.5266596
16855,2454,Praceta B à Matinha,Marvila,Passeio,HOTSPOT,Desconhecido,0,10,Não,Público,Dedicado Micromobilidade,18/01/2024,-1012836.4732625,4685425.3579562
16856,2455,Rua da Cintura do Porto de Lisboa,Marvila,Passeio,HOTSPOT,Desconhecido,0,10,Não,Público,Dedicado Micromobilidade,18/01/2024,-1012578.7158628,4685959.0592462
16857,2456,Rua de José do Patrocínio,Marvila,Via,HOTSPOT,Desconhecido,0,5,Não,Público,Dedicado Micromobilidade,18/01/2024,-1014192.2033515,4685145.3170508
16858,2457,Rua de José do Patrocínio,Marvila,Passeio,HOTSPOT,Desconhecido,0,5,Não,Público,Dedicado Micromobilidade,18/01/2024,-1013529.2591869,4684883.6535160
16859,2458,Rua de Marvila,Marvila,Passeio,HOTSPOT,Desconhecido,0,10,Não,Público,Dedicado Micromobilidade,18/01/2024,-1013604.9172586,4684702.5808326
16860,2459,Rua de Ovar,Marvila,Passeio,HOTSPOT,Desconhecido,0,5,Não,Público,Dedicado Micromobilidade,18/01/2024,-1014441.4840967,4684955.3795209
16861,2460,Rua do Açúcar,Marvila,Passeio,HOTSPOT,Desconhecido,0,10,Não,Público,Dedicado Micromobilidade,18/01/2024,-1013306.4434396,4684562.9963424
16862,2461,Rua do Açúcar,Marvila,Passeio,HOTSPOT,Desconhecido,0,5,Não,Público,Dedicado Micromobilidade,18/01/2024,-1013357.1550814,4684391.4957173
16863,2462,Rua Fernando Maurício,Marvila,Passeio,HOTSPOT,Desconhecido,0,10,Não,Público,Dedicado Micromobilidade,18/01/2024,-1013450.3257441,4685507.0494235
16864,2463,Rua do Vale Formoso de Cima,Marvila,Passeio,HOTSPOT,Desconhecido,0,10,Não,Público,Dedicado Micromobilidade,18/01/2024,-1013491.7744721,4685881.5206686
16865,2464,"Rua Dr. José Espírito Santo, Lote 1",Marvila,Passeio,HOTSPOT,Desconhecido,0,10,Não,Público,Dedicado Micromobilidade,18/01/2024,-1014024.2372166,4686573.4854365
16866,2465,Rua Duarte Lopes,Marvila,Passeio,HOTSPOT,Desconhecido,0,10,Não,Público,Dedicado Micromobilidade,18/01/2024,-1014673.1856517,4686537.5203739
16867,2466,Rua Eduarda Lapa,Marvila,Passeio,HOTSPOT,Desconhecido,0,5,Não,Público,Dedicado Micromobilidade,18/01/2024,-1013957.2012547,4684746.8108325
16868,2467,Rua Engº Rodrigues de Carvalho,Marvila,Passeio,HOTSPOT,Desconhecido,0,10,Não,Público,Dedicado Micromobilidade,18/01/2024,-1014559.1564564,4686728.6525298
16869,2468,"Rua Engº Cunha Leal, Lote 594",Marvila,Passeio,HOTSPOT,Desconhecido,0,10,Não,Público,Dedicado Micromobilidade,19/01/2024,-1014244.8075901,4685436.8987920
16870,2469,Rua Félix Bermudes,Marvila,Passeio,HOTSPOT,Desconhecido,0,10,Não,Público,Dedicado Micromobilidade,19/01/2024,-1013596.0112890,4686215.2603588
16871,2470,"Rua Fernando Maurício, 19",Marvila,Passeio,HOTSPOT,Desconhecido,0,10,Não,Público,Dedicado Micromobilidade,19/01/2024,-1013356.1905770,4685627.2786751
16872,2471,"Rua Ferreira de Castro, Lote 338",Marvila,Passeio,HOTSPOT,Desconhecido,0,10,Não,Público,Dedicado Micromobilidade,19/01/2024,-1015611.7519349,4686338.3595201
16873,2472,"Rua Ferreira de Castro, Lote 396",Marvila,Passeio,HOTSPOT,Desconhecido,0,10,Não,Público,Dedicado Micromobilidade,19/01/2024,-1015833.1076555,4686597.4803794
16874,2473,"Rua Gilberto Freyre, 5",Marvila,Passeio,HOTSPOT,Desconhecido,0,10,Não,Público,Dedicado Micromobilidade,19/01/2024,-1015354.5672922,4685189.2084899
16875,2474,Avenida Dr. Arlindo Vicente,Marvila,Passeio,HOTSPOT,Desconhecido,0,10,Não,Público,Dedicado Micromobilidade,19/01/2024,-1015433.8556052,4685703.7740092
16876,2475,"Rua João José Cochofel, Lote C2",Marvila,Passeio,HOTSPOT,Desconhecido,0,10,Não,Público,Dedicado Micromobilidade,19/01/2024,-1014015.2008834,4684436.4720822
16877,2476,Rua Jorge Amado,Marvila,Passeio,HOTSPOT,Desconhecido,0,4,Não,Público,Dedicado Micromobilidade,19/01/2024,-1015274.8641460,4684903.7245894
16878,2477,Rua Luís Cristino da Silva,Marvila,Passeio,HOTSPOT,Desconhecido,0,10,Não,Público,Dedicado Micromobilidade,22/01/2024,-1015493.6571995,4687055.4764715
16879,2478,Rua Lino Ferreira,Marvila,Passeio,HOTSPOT,Desconhecido,0,10,Não,Público,Dedicado Micromobilidade,22/01/2024,-1013670.9007017,4685505.5572669
16880,2479,Praça Raúl Lino,Marvila,Passeio,HOTSPOT,Desconhecido,0,10,Não,Público,Dedicado Micromobilidade,22/01/2024,-1015703.9663250,4687260.5297626
16881,2480,Rua Luís Cristino da Silva,Marvila,Passeio,HOTSPOT,Desconhecido,0,10,Não,Público,Dedicado Micromobilidade,22/01/2024,-1015558.1229345,4687220.0851762
16882,2481,Rua Prof. Lopo de Carvalho,Marvila,Passeio,HOTSPOT,Desconhecido,0,10,Não,Público,Dedicado Micromobilidade,22/01/2024,-1014040.0292141,4686146.8193191
16883,2482,Rua Pedro José Pezerat,Marvila,Passeio,HOTSPOT,Desconhecido,0,10,Não,Público,Dedicado Micromobilidade,22/01/2024,-1015521.2234080,4687373.7312250
16884,2483,Rua Pedro José Pezerat,Marvila,Passeio,HOTSPOT,Desconhecido,0,10,Não,Público,Dedicado Micromobilidade,22/01/2024,-1015503.0153455,4687337.5247149
16885,2484,"Rua Sousa Bastos, Lote 23",Marvila,Passeio,HOTSPOT,Desconhecido,0,10,Não,Público,Dedicado Micromobilidade,22/01/2024,-1013961.4067571,4685548.6548857
16886,2485,Rua Três à Matinha,Marvila,Passeio,HOTSPOT,Desconhecido,0,10,Não,Público,Dedicado Micromobilidade,22/01/2024,-1012747.6783500,4685570.9920666
16887,2486,"Avenida da Liberdade, 242",Santo António,Lugar estacionamento automóvel,BICICLETA,Sheffield standard,1,10,Não,Público,Partilhado com Micromobilidade,22/01/2024,-1018358.0563279,4682168.3983383
16888,2487,Rua Padre Francisco,Campo de Ourique,Lugar estacionamento automóvel,HOTSPOT,Desconhecido,0,10,Não,Público,Dedicado Micromobilidade,18/03/2024,-1020643.8402355,4680989.5328559
16889,2488,Rua Saraiva de Carvalho,Campo de Ourique,Passeio,HOTSPOT,Desconhecido,0,10,Não,Público,Dedicado Micromobilidade,18/03/2024,-1020554.9599390,4680858.4590412
16890,2489,"Rua Ferreira Borges, 30",Campo de Ourique,Via,HOTSPOT,Desconhecido,0,4,Não,Público,Dedicado Micromobilidade,18/03/2024,-1020123.0096321,4681125.1291524
16891,2490,"Rua Almeida e Sousa, 54A",Campo de Ourique,Via,HOTSPOT,Desconhecido,0,8,Não,Público,Dedicado Micromobilidade,18/03/2024,-1020598.6402651,4681271.9034882
16892,2491,"Rua Ferreira Borges, 128",Campo de Ourique,Passeio,HOTSPOT,Desconhecido,0,10,Não,Público,Dedicado Micromobilidade,18/03/2024,-1020133.7082098,4681773.9909292
16893,2492,"Rua Coelho da Rocha, 119B",Campo de Ourique,Passeio,HOTSPOT,Desconhecido,0,10,Não,Público,Dedicado Micromobilidade,18/03/2024,-1020730.9123220,4681114.5583891
16894,2493,Rua Domingos Sequeira,Estrela,Passeio,HOTSPOT,Desconhecido,0,10,Não,Público,Dedicado Micromobilidade,18/03/2024,-1020083.0863326,4681001.5366490
16895,2494,Rua do Sol ao Rato,Campo de Ourique,Via,HOTSPOT,Desconhecido,0,10,Não,Público,Dedicado Micromobilidade,18/03/2024,-1019595.8098446,4681609.6280583
16896,2495,Rua Freitas Gazul,Campo de Ourique,Passeio,HOTSPOT,Desconhecido,0,10,Não,Público,Dedicado Micromobilidade,18/03/2024,-1020876.1938750,4681174.6438710
16897,2502,"Praça São João Bosco, 16",Campo de Ourique,Lugar estacionamento automóvel,HOTSPOT,Desconhecido,0,10,Não,Público,Dedicado Micromobilidade,20/03/2024,-1020729.6314063,4680924.4685894
16898,2503,"Rua Correia Teles, 2",Campo de Ourique,Lugar estacionamento automóvel,HOTSPOT,Desconhecido,0,10,Não,Público,Dedicado Micromobilidade,20/03/2024,-1020158.5078082,4681545.7082329
16899,2504,Rua Carlos da Maia,Campo de Ourique,Via,HOTSPOT,Desconhecido,0,10,Não,Público,Dedicado Micromobilidade,20/03/2024,-1020677.2028011,4681602.2814022
16900,2505,"Rua de Campo de Ourique, 214",Campo de Ourique,Lugar estacionamento automóvel,HOTSPOT,Desconhecido,0,10,Não,Público,Dedicado Micromobilidade,20/03/2024,-1020297.9166294,4681800.8703541
16901,2506,"Rua do Patrocínio, 3",Campo de Ourique,Lugar estacionamento automóvel,HOTSPOT,Desconhecido,0,10,Não,Público,Dedicado Micromobilidade,20/03/2024,-1020232.1624228,4680640.2776712
16902,2507,Travessa de Campo de Ourique,Campo de Ourique,Passeio,HOTSPOT,Desconhecido,0,10,Não,Público,Dedicado Micromobilidade,20/03/2024,-1020574.8031201,4681756.7805960
16903,2496,"Rua Maria Pia, 372A",Campo de Ourique,Lugar estacionamento automóvel,HOTSPOT,Desconhecido,0,10,Não,Público,Dedicado Micromobilidade,18/03/2024,-1020934.3898768,4681490.8991657
16904,2497,Rua Francisco Metrass,Campo de Ourique,Passeio,HOTSPOT,Desconhecido,0,10,Não,Público,Dedicado Micromobilidade,18/03/2024,-1020386.4668756,4680970.6130053
16905,2498,"Rua de Santo Amaro, 53",Campo de Ourique,Via,HOTSPOT,Desconhecido,0,4,Não,Público,Dedicado Micromobilidade,20/03/2024,-1019305.4108804,4680852.8724611
16906,2499,"Rua Freitas Gazul, 10",Campo de Ourique,Passeio,HOTSPOT,Desconhecido,0,10,Não,Público,Dedicado Micromobilidade,20/03/2024,-1020805.5161969,4681221.8957468
16907,2500,"Rua de Infantaria 16, 106",Campo de Ourique,Via,HOTSPOT,Desconhecido,0,10,Não,Público,Dedicado Micromobilidade,20/03/2024,-1020651.1692065,4681403.2685614
16908,2501,Rua Freitas Gazul,Campo de Ourique,Passeio,HOTSPOT,Desconhecido,0,10,Não,Público,Dedicado Micromobilidade,20/03/2024,-1020798.4282203,4681280.1566422
16909,2528,"Rua Coelho da Rocha, 92",Campo de Ourique,Lugar estacionamento automóvel,HOTSPOT,Desconhecido,0,10,Não,Público,Dedicado Micromobilidade,21/03/2024,-1020375.7066209,4681147.5758993
16910,2529,"Rua do Cabo, 54A",Campo de Ourique,Passeio,HOTSPOT,Desconhecido,0,10,Não,Público,Dedicado Micromobilidade,21/03/2024,-1019812.1367497,4681451.7699636
16911,2530,Rua Carlos Alberto da Mota Pinto,Campo de Ourique,Passeio,HOTSPOT,Desconhecido,0,10,Não,Público,Dedicado Micromobilidade,21/03/2024,-1019787.5595237,4682210.9139271
16912,2531,Rua Vila de Bissorã,Olivais,Passeio,BICICLETA,Sheffield standard,5,10,Não,Público,Partilhado com Micromobilidade,04/01/2023,-1014892.5985084,4687663.8748037
16913,2532,"Rua Cidade de Bolama, Lote 382",Olivais,Passeio,BICICLETA,Sheffield standard,4,8,Não,Público,Partilhado com Micromobilidade,04/01/2023,-1014876.9705485,4687588.0999189
16914,2508,Rua Maria Pia,Campo de Ourique,Passeio,HOTSPOT,Desconhecido,0,10,Não,Público,Dedicado Micromobilidade,20/03/2024,-1020497.4230976,4681845.9532438
16915,2509,"Rua Almeida e Sousa, 2",Campo de Ourique,Via,HOTSPOT,Desconhecido,0,4,Não,Público,Dedicado Micromobilidade,20/03/2024,-1019976.2236190,4681286.6957902
16916,2510,"Rua Tomás de Anunciação, 62",Campo de Ourique,Via,HOTSPOT,Desconhecido,0,10,Não,Público,Dedicado Micromobilidade,20/03/2024,-1020310.0940736,4681426.9673972
16917,2511,Rua de Infantaria 16,Campo de Ourique,Via,HOTSPOT,Desconhecido,0,10,Não,Público,Dedicado Micromobilidade,20/03/2024,-1020498.0037303,4681410.5568939
16918,2512,"Rua Correia Teles, 18",Campo de Ourique,Lugar estacionamento automóvel,HOTSPOT,Desconhecido,0,10,Não,Público,Dedicado Micromobilidade,20/03/2024,-1020250.6206396,4681543.5753849
16919,2513,"Rua Ferreira Borges, 181",Campo de Ourique,Passeio,HOTSPOT,Desconhecido,0,10,Não,Público,Dedicado Micromobilidade,20/03/2024,-1020146.5383626,4681655.8039057
16920,2535,"Rua Jorge Barradas, Escola",Benfica,Passeio,BICICLETA,Sheffield largo,3,6,Não,Público,Partilhado com Micromobilidade,04/01/2024,-1024496.9083225,4686747.1459268
16921,2536,"Rua Doutor António Cândido, 25",Avenidas Novas,Lugar estacionamento automóvel,BICICLETA,Sheffield standard,5,10,Não,Público,Partilhado com Micromobilidade,06/01/2024,-1018655.3276842,4683661.7502861
16922,2537,"Rua Doutor António Cândido, 9",Avenidas Novas,Lugar estacionamento automóvel,BICICLETA,Sheffield standard,3,6,Não,Público,Partilhado com Micromobilidade,06/01/2024,-1018698.6825959,4683604.7412014
16923,2514,"Rua Francisco Metrass, 97",Campo de Ourique,Via,HOTSPOT,Desconhecido,0,10,Não,Público,Dedicado Micromobilidade,20/03/2024,-1020408.4002326,4681518.1377077
16925,2516,Beco do Paiol,Campo de Ourique,Passeio,BICICLETA,Sheffield standard,4,8,Não,Público,Partilhado com Micromobilidade,20/03/2024,-1019958.2307950,4681715.1228315
16926,2517,Rua Coelho da Rocha,Campo de Ourique,Passeio,HOTSPOT,Desconhecido,0,8,Não,Público,Dedicado Micromobilidade,20/03/2024,-1019862.4069444,4681151.3266517
16927,2518,"Campo Grande, 380",Alvalade,Passeio,BICICLETA,Entorta rodas,1,5,Não,Privado,Interdito Micromobilidade,21/03/2024,-1019000.2341971,4687176.7101720
16928,2519,"Rua Silva Carvalho, 263A",Campo de Ourique,Passeio,HOTSPOT,Desconhecido,0,10,Não,Público,Dedicado Micromobilidade,21/03/2024,-1019803.1209495,4681791.0411030
16929,2520,"Rua Dom João V, 23A",Campo de Ourique,Passeio,HOTSPOT,Desconhecido,0,10,Não,Público,Dedicado Micromobilidade,21/03/2024,-1019628.9411353,4681700.2822734
16961,78,"Praça da Figueira, 3B",Santa Maria Maior,Passeio,BICICLETA,Sheffield estreito,3,6,Não,Público,Partilhado com Micromobilidade,,-1017276.3656151,4680773.7499824
16962,2015,Avenida Fontes Pereira de Melo,Avenidas Novas,Passeio,BICICLETA,Sheffield standard,3,6,Não,Público,Partilhado com Micromobilidade,14/07/2022,-1018465.3013540,4682707.9972413
17283,2205,"Avenida do Uruguai, 43",Benfica,Passeio,HOTSPOT,Desconhecido,0,5,Não,Público,Dedicado Micromobilidade,18/09/2023,-1023728.4059279,4686482.7399180
17284,2207,"Avenida Marechal Teixeira Rebelo, 34C",Benfica,Passeio,HOTSPOT,Desconhecido,0,3,Não,Público,Dedicado Micromobilidade,18/09/2023,-1023686.1387848,4686466.9572426
17285,2546,"Rua do Vale de Santo António, 39",São Vicente,Passeio,BICICLETA,Sheffield standard,4,8,Não,Público,Partilhado com Micromobilidade,04/01/2023,-1015532.8859542,4681354.2302052
17286,1558,"Calçada dos Barbadinhos, 113",São Vicente,Passeio,BICICLETA,Sheffield standard,2,4,Não,Público,Partilhado com Micromobilidade,04/01/2022,-1015358.3166186,4681598.6444141
17601,2547,"Rua Alberto de Sousa, 8A",Avenidas Novas,Lugar estacionamento automóvel,BICICLETA,Sheffield standard,4,8,Não,Público,Partilhado com Micromobilidade,,-1019469.6570139,4685368.2565892
17602,2548,Alameda Dom Afonso Henriques,Areeiro,Passeio,BICICLETA,Sheffield estreito,4,8,Não,Público,Partilhado com Micromobilidade,,-1016612.6979508,4684149.0996866
17603,1132,"Avenida Sacadura Cabral, 39",Areeiro,Passeio,BICICLETA,Sheffield standard,2,4,Não,Público,Partilhado com Micromobilidade,17/09/2020,-1017804.0088075,4685054.3456876
17921,1077,"Rua Maria Margarida, 6",Lumiar,Passeio,HOTSPOT,Desconhecido,0,4,Não,Público,Dedicado Micromobilidade,17/09/2025,-1019084.6682302,4689838.6717923
17922,719,Rua Dr. Eduardo Neves,Avenidas Novas,Lugar estacionamento automóvel,BICIPARQUE,Sheffield standard,6,12,Sim,Público,Interdito Micromobilidade,25/10/2019,-1018344.2748587,4685128.6741611
17923,2549,"Travessa André Valente, 7",Misericórdia,Passeio,BICIPARQUE,Dois níveis,0,0,Sim,Público,Interdito Micromobilidade,25/11/2025,-1018302.9314854,4680378.7995950
17924,1253,Largo República da Turquia,Lumiar,Lugar estacionamento automóvel,BICIPARQUE,Entorta rodas com encosto,24,24,Sim,Público,Interdito Micromobilidade,05/03/2021,-1019643.2747873,4689254.8300673
17925,2550,"Rua Rosália de Castro, 3",Alvalade,Passeio,BICICLETA,Sheffield standard,2,4,Não,Público,Interdito Micromobilidade,04/01/2025,-1018117.4444875,4686121.5621642
17926,2248,"Avenida Engenheiro Duarte Pacheco, Liceu Francês",Campolide,Passeio,HOTSPOT,Desconhecido,0,10,Não,Público,Dedicado Micromobilidade,25/11/2025,-1020006.7405590,4682198.7594533
17927,2553,"Rua Prof. Manuel Valadares, 7",Lumiar,Passeio,BICICLETA,Sheffield standard,8,16,Não,Público,Partilhado com Micromobilidade,04/01/2025,-1019787.3295823,4689521.9128632
17928,2551,"Rua Silva Carvalho, 243",Campo de Ourique,Passeio,BICICLETA,Sheffield standard,5,10,Não,Público,Partilhado com Micromobilidade,29/06/2021,-1019809.3025772,4681746.7861397
17929,2552,"Praça Afonso do Paço, 3",Campo de Ourique,Via,BICICLETA,Sheffield standard,4,8,Não,Público,Interdito Micromobilidade,30/06/2025,-1020460.4728221,4681670.5628707
17930,1687,"Rua João da Mota e Silva, 3",Campolide,Passeio,BICICLETA,Sheffield standard,4,8,Não,Privado,Interdito Micromobilidade,26/01/2022,-1021224.6164942,4683231.7128973
17931,89,Rua Almada Negreiros,Olivais,Via,BICICLETA,Sheffield standard,5,10,Não,Público,Interdito Micromobilidade,04/01/2025,-1014043.6446108,4687370.7158920
17932,2554,"Praça Cidade de Dili, 3",Olivais,Passeio,BICICLETA,Sheffield standard,1,2,Não,Público,Interdito Micromobilidade,,-1014827.4568678,4687418.9504981
