objectid,cod_sig,morada,freguesia,localizacao,tipo_estacionamento,modelo,num_suportes,capacidade,coberto,dominialidade,estado,data_instalacao,lon,lat
14698,2,"Avenida Almirante Reis, Igreja",Arroios,Lugar estacionamento automóvel,HOTSPOT,Sheffield standard,3,6,0,Público,Partilhado com Micromobilidade,09/01/2019,-9.1350411,38.7243718
14699,3,"Rua da Palma, 270",Santa Maria Maior,Via,BICICLETA,Sheffield standard,2,4,0,Público,Partilhado com Micromobilidade,09/01/2019,-9.1356072,38.7190468
14700,4,Avenida Infante Dom Henrique,Marvila,Passeio,BICICLETA,Sheffield standard,4,8,0,Público,Partilhado com Micromobilidade,07/02/2020,-9.1009681,38.7445902
14701,5,Rua Cintura do Porto de Lisboa,Marvila,Passeio,BICICLETA,Sheffield standard,8,16,0,Público,Partilhado com Micromobilidade,07/02/2020,-9.0981727,38.7430826
14702,6,Rua Cintura do Porto de Lisboa,Marvila,Passeio,BICICLETA,Sheffield standard,8,16,0,Público,Partilhado com Micromobilidade,07/02/2020,-9.0975982,38.7433748
14703,7,Rua Cintura do Porto de Lisboa,Marvila,Passeio,BICICLETA,Sheffield standard,8,16,0,Público,Partilhado com Micromobilidade,07/02/2020,-9.0973831,38.7442623
14704,8,Rua Francisco Stromp,Lumiar,Passeio,BICICLETA,Sheffield standard,5,10,0,Público,Partilhado com Micromobilidade,,-9.1575222,38.7635451
14721,9,Parque da Quinta das Conchas e dos Lilases,Lumiar,Passeio,BICICLETA,Onda,1,5,0,Público,Interdito Micromobilidade,,-9.1561469,38.7707857
14722,10,"Alameda das Linhas de Torres, 262",Lumiar,Passeio,BICICLETA,Sheffield standard,10,20,0,Público,Partilhado com Micromobilidade,,-9.1614057,38.7734631
14723,11,"Alameda das Linhas de Torres, 250",Lumiar,Passeio,BICICLETA,Sheffield standard,10,20,0,Público,Partilhado com Micromobilidade,,-9.1608137,38.7726270
14724,12,"Avenida Gomes Pereira, 15",Benfica,Passeio,BICICLETA,Entorta rodas,1,5,0,Privado,Interdito Micromobilidade,,-9.1975536,38.7484601
14725,13,Rua Maria Pia,Campo de Ourique,Passeio,BICICLETA,Onda,1,5,0,Privado,Interdito Micromobilidade,,-9.1706374,38.7181738
14726,14,Rua Tomás Ribeiro,Avenidas Novas,Passeio,BICICLETA,Sheffield standard,4,8,0,Público,Partilhado com Micromobilidade,03/12/2018,-9.1470174,38.7309910
14727,15,Rua da Venezuela,Benfica,Passeio,BICICLETA,Sheffield estreito,5,10,0,Público,Partilhado com Micromobilidade,,-9.1995765,38.7446423
14728,16,"Rua Engº Paulo de Barros, 30",Benfica,Passeio,BICICLETA,Sheffield standard,3,6,0,Público,Partilhado com Micromobilidade,23/11/2018,-9.2069700,38.7477223
14729,17,"Rua Tomás de Figueiredo, 2",Benfica,Lugar estacionamento automóvel,BICICLETA,Sheffield estreito,6,12,0,Público,Partilhado com Micromobilidade,,-9.2071790,38.7479599
14730,18,"Estrada de Benfica, 701",Benfica,Passeio,BICICLETA,Entorta rodas,2,6,0,Público,Partilhado com Micromobilidade,,-9.2007803,38.7503065
14731,19,"Estrada de Benfica, 422",São Domingos de Benfica,Passeio,BICICLETA,Sheffield standard,3,6,0,Público,Partilhado com Micromobilidade,,-9.1889145,38.7474099
14732,20,"Estrada de Benfica, 463",São Domingos de Benfica,Passeio,BICICLETA,Sheffield standard,3,6,0,Público,Partilhado com Micromobilidade,,-9.1888972,38.7468595
14733,21,Rua Paulo Renato,Benfica,Passeio,BICICLETA,Sheffield standard,3,6,0,Público,Partilhado com Micromobilidade,,-9.1904523,38.7484667
14734,23,Rua Paulo Renato,Benfica,Via,BICICLETA,Sheffield standard,5,10,0,Público,Partilhado com Micromobilidade,,-9.1898762,38.7479464
14735,24,Alameda Manuel Ricardo Espírito Santo,São Domingos de Benfica,Via,BICICLETA,Sheffield standard,5,10,0,Público,Partilhado com Micromobilidade,,-9.1893130,38.7478299
14736,25,"Rua do Seminário, Escola",Carnide,Passeio,BICICLETA,Sheffield estreito,4,8,0,Público,Partilhado com Micromobilidade,,-9.1809023,38.7601727
14737,26,"Rua João de Oliveira Miguens, 60",Estrela,Passeio,BICICLETA,Sheffield standard,3,6,0,Público,Partilhado com Micromobilidade,,-9.1739197,38.7057344
14738,27,"Rua João de Oliveira Miguens, 38",Estrela,Passeio,BICICLETA,Sheffield standard,3,6,0,Público,Partilhado com Micromobilidade,,-9.1740684,38.7052898
14739,28,Jardim Aministia Internacional,Campolide,Passeio,BICICLETA,Sheffield standard,6,12,0,Público,Partilhado com Micromobilidade,03/08/2018,-9.1641164,38.7361374
14740,29,Calçada dos Mestres,Campolide,Passeio,BICICLETA,Sheffield standard,4,8,0,Público,Partilhado com Micromobilidade,17/06/2018,-9.1654262,38.7267082
14741,30,Rua Freitas Gazul,Campo de Ourique,Passeio,BICICLETA,Sheffield estreito,3,6,0,Privado,Interdito Micromobilidade,16/11/2018,-9.1700217,38.7174356
14742,32,"Avenida Álvares Cabral, 27",Campo de Ourique,Via,BICICLETA,Sheffield standard,2,4,0,Público,Partilhado com Micromobilidade,03/08/2018,-9.1563679,38.7190366
14743,33,"Avenida Álvares Cabral, 102",Campo de Ourique,Passeio,BICICLETA,Sheffield standard,3,6,0,Público,Partilhado com Micromobilidade,16/11/2018,-9.1577915,38.7171080
14744,34,Rua Carlos Alberto da Mota Pinto,Campo de Ourique,Passeio,BICICLETA,Sheffield standard,6,12,0,Público,Partilhado com Micromobilidade,28/11/2018,-9.1609696,38.7229078
14745,35,"Rua Latino Coelho, 46B",Avenidas Novas,Lugar estacionamento automóvel,BICICLETA,Sheffield standard,9,18,0,Público,Partilhado com Micromobilidade,12/12/2018,-9.1509286,38.7334161
14746,36,"Rua Latino Coelho, 75",Avenidas Novas,Lugar estacionamento automóvel,BICICLETA,Sheffield standard,4,8,0,Público,Partilhado com Micromobilidade,21/12/2018,-9.1504387,38.7331613
14747,37,"Rua Mário Cesariny, 5",Avenidas Novas,Passeio,BICICLETA,Sheffield standard,4,8,0,Público,Partilhado com Micromobilidade,26/08/2018,-9.1530972,38.7465274
14748,38,"Rua Castilho, 237",Avenidas Novas,Passeio,BICICLETA,Sheffield standard,3,6,0,Público,Partilhado com Micromobilidade,20/11/2018,-9.1574993,38.7297715
14749,39,"Rua Rodrigo da Fonseca, 115",Avenidas Novas,Passeio,BICICLETA,Sheffield standard,3,6,0,Público,Partilhado com Micromobilidade,20/11/2018,-9.1567720,38.7267664
14750,40,"Rua Tomás Ribeiro, 97B",Avenidas Novas,Passeio,BICICLETA,Sheffield standard,4,8,0,Público,Partilhado com Micromobilidade,08/01/2019,-9.1495168,38.7317569
14751,41,Avenida Marquês de Tomar,Avenidas Novas,Passeio,BICICLETA,Sheffield standard,4,8,0,Público,Partilhado com Micromobilidade,20/11/2018,-9.1488727,38.7352565
14752,42,Avenida António Augusto de Aguiar,Avenidas Novas,Passeio,BICICLETA,Sheffield standard,3,6,0,Público,Partilhado com Micromobilidade,20/11/2018,-9.1500917,38.7298155
14753,43,Avenida João Crisóstomo,Avenidas Novas,Passeio,BICICLETA,Sheffield standard,4,8,0,Privado,Interdito Micromobilidade,08/01/2019,-9.1420688,38.7362969
14754,44,"Avenida 5 de Outubro, 77",Avenidas Novas,Passeio,BICICLETA,Sheffield standard,3,6,0,Público,Partilhado com Micromobilidade,20/11/2018,-9.1476772,38.7367393
14755,45,Rua Cidade de Lobito,Olivais,Passeio,BICICLETA,Sheffield estreito,5,10,0,Público,Partilhado com Micromobilidade,,-9.1129229,38.7631949
14756,46,"Avenida 24 de Julho, 49",Misericórdia,Passeio,BICICLETA,Sheffield standard,6,12,0,Público,Partilhado com Micromobilidade,04/07/2019,-9.1455067,38.7065778
14757,47,Estrada do Barçal,Benfica,Passeio,BICICLETA,Onda,1,5,1,Público,Partilhado com Micromobilidade,,-9.1867790,38.7398533
14758,48,Avenida Professor Egas Moniz,Alvalade,Passeio,BICICLETA,Desconhecido,7,14,0,Público,Partilhado com Micromobilidade,,-9.1607393,38.7539106
14759,49,"Campo Grande, 9",Alvalade,Lugar estacionamento automóvel,BICICLETA,Sheffield standard,4,8,0,Público,Partilhado com Micromobilidade,,-9.1496038,38.7490127
14760,50,Praça do Marquês de Pombal,Avenidas Novas,Passeio,BICICLETA,Sheffield standard,5,10,0,Público,Partilhado com Micromobilidade,,-9.1509357,38.7260098
14761,51,Praça do Marquês de Pombal,Avenidas Novas,Passeio,HOTSPOT,Sheffield standard,4,13,0,Público,Partilhado com Micromobilidade,16/03/2019,-9.1504734,38.7262355
14762,52,"Rua Andrade Corvo, 27",Avenidas Novas,Passeio,BICICLETA,Sheffield standard,4,8,0,Público,Partilhado com Micromobilidade,,-9.1473877,38.7300661
14763,53,"Rua Martens Ferrão, 24",Avenidas Novas,Passeio,BICICLETA,Sheffield standard,4,8,0,Público,Partilhado com Micromobilidade,,-9.1479232,38.7292035
14764,54,"Avenida da República, 3",Avenidas Novas,Lugar estacionamento automóvel,BICICLETA,Sheffield standard,5,10,0,Público,Partilhado com Micromobilidade,,-9.1451663,38.7343539
14765,56,"Avenida Marquês de Tomar, Igreja",Avenidas Novas,Passeio,BICICLETA,Sheffield standard,3,6,0,Público,Partilhado com Micromobilidade,15/11/2018,-9.1503161,38.7393594
14766,57,"Avenida 5 de Outubro, 184",Avenidas Novas,Passeio,BICICLETA,Sheffield standard,3,6,0,Público,Partilhado com Micromobilidade,21/11/2018,-9.1488848,38.7418553
14767,58,"Rua Diogo de Macedo, Escola",Avenidas Novas,Passeio,BICICLETA,Sheffield standard,4,8,0,Público,Partilhado com Micromobilidade,19/11/2018,-9.1565631,38.7455771
14768,59,Rua Padre Abel Varzim,Parque das Nações,Passeio,BICICLETA,Sheffield standard,3,6,0,Público,Partilhado com Micromobilidade,14/11/2018,-9.1043411,38.7723980
14769,60,"Rua Mário Botas ao Parque das Nações, 1",Parque das Nações,Passeio,BICICLETA,Sheffield standard,5,10,0,Público,Partilhado com Micromobilidade,15/11/2018,-9.0995605,38.7573802
14770,61,Praça do Tejo,Parque das Nações,Passeio,BICICLETA,Sheffield standard,4,8,0,Público,Partilhado com Micromobilidade,14/11/2018,-9.0918568,38.7760305
14771,62,Praça Mar da Palha,Parque das Nações,Passeio,BICICLETA,Sheffield standard,3,6,0,Público,Partilhado com Micromobilidade,12/11/2018,-9.0916975,38.7957636
14772,63,"Via do Oriente, 16A",Parque das Nações,Passeio,BICICLETA,Sheffield standard,3,6,0,Público,Partilhado com Micromobilidade,12/11/2018,-9.0990260,38.7922770
14773,64,"Via do Oriente, 2A",Parque das Nações,Passeio,BICICLETA,Sheffield standard,3,6,0,Público,Partilhado com Micromobilidade,12/11/2018,-9.0996894,38.7890938
14774,65,Alameda dos Oceanos,Parque das Nações,Passeio,BICICLETA,Sheffield standard,4,8,0,Público,Partilhado com Micromobilidade,15/11/2018,-9.0955910,38.7765375
14775,66,Rua João Pinto Ribeiro,Parque das Nações,Passeio,BICICLETA,Sheffield standard,3,6,0,Público,Partilhado com Micromobilidade,14/11/2018,-9.1026186,38.7745890
14776,67,"Rua Padre Joaquim Alves Correia, 10",Parque das Nações,Passeio,BICICLETA,Sheffield standard,3,6,0,Público,Partilhado com Micromobilidade,14/11/2018,-9.1033936,38.7726885
14777,70,Rua do Rio Zêzere,Carnide,,BICICLETA,Desconhecido,0,6,0,Público,Partilhado com Micromobilidade,,-9.1828737,38.7735324
14778,72,"Avenida Cidade de Lourenço Marques, Mercado",Olivais,Passeio,BICICLETA,Sheffield standard,5,10,0,Público,Partilhado com Micromobilidade,,-9.1193179,38.7648229
14779,73,Estrada do Barçal,São Domingos de Benfica,Passeio,BICICLETA,Sheffield estilizado,5,10,0,Público,Partilhado com Micromobilidade,,-9.1896865,38.7435129
14780,2084,"Alameda das Linhas de Torres, 234",Lumiar,Passeio,BICICLETA,Sheffield standard,2,4,0,Público,Partilhado com Micromobilidade,22/03/2023,-9.1605698,38.7718835
14781,2085,Avenida da Universidade Técnica,Ajuda,Passeio,HOTSPOT,Desconhecido,0,10,0,Público,Dedicado Micromobilidade,17/04/2023,-9.1949284,38.7138588
14783,76,Avenida Professor Gama Pinto,Alvalade,Passeio,BICICLETA,Onda,2,10,0,Público,Partilhado com Micromobilidade,,-9.1597339,38.7527901
14784,77,"Avenida da Liberdade, 1",Santo António,Passeio,BICICLETA,Onda,1,5,0,Público,Partilhado com Micromobilidade,,-9.1425352,38.7162468
14786,79,Praça D. Pedro IV,Santa Maria Maior,Passeio,BICICLETA,Sheffield estreito,2,4,0,Público,Interdito Micromobilidade,,-9.1392507,38.7129917
14787,80,Estrada do Alvito,Alcântara,Passeio,BICICLETA,Sheffield estilizado,2,20,0,Público,Partilhado com Micromobilidade,,-9.1858993,38.7196492
14788,81,Avenida de Brasília,Estrela,Via,BICICLETA,Entorta rodas,1,3,0,Público,Partilhado com Micromobilidade,,-9.1531626,38.7061267
14789,82,Rua Cintura do Porto de Lisboa,Estrela,Via,BICICLETA,Entorta rodas,1,5,0,Público,Partilhado com Micromobilidade,,-9.1523843,38.7059333
14790,83,Cais do Gás,Misericórdia,Passeio,BICICLETA,Entorta rodas,1,10,0,Público,Partilhado com Micromobilidade,,-9.1465576,38.7049329
14791,84,"Avenida da República, 25",Avenidas Novas,Lugar estacionamento automóvel,BICICLETA,Sheffield standard,5,10,0,Público,Partilhado com Micromobilidade,,-9.1456499,38.7362731
14792,85,"Via do Oriente, 2F-2G",Parque das Nações,Passeio,BICICLETA,Entorta rodas,5,5,0,Público,Partilhado com Micromobilidade,,-9.0994334,38.7878877
14793,86,"Passeio do Levante, 6",Parque das Nações,Passeio,BICICLETA,Cascata,1,8,0,Público,Partilhado com Micromobilidade,,-9.0965010,38.7850103
14794,87,Rua Padre Francisco,Campo de Ourique,Passeio,BICICLETA,Sheffield standard,5,10,0,Público,Partilhado com Micromobilidade,18/06/2018,-9.1670349,38.7157437
14795,88,"Avenida 5 de Outubro, 260",Alvalade,Passeio,BICICLETA,Onda,1,5,0,Público,Partilhado com Micromobilidade,,-9.1506670,38.7494218
14797,90,Metro Campo Grande,Lumiar,Passeio,BICICLETA,Grelha,1,6,0,Público,Interdito Micromobilidade,,-9.1578791,38.7599255
14798,92,Alameda das Comunidades Portuguesas,Olivais,Passeio,BICICLETA,Entorta rodas,10,40,1,Público,Partilhado com Micromobilidade,,-9.1286187,38.7681394
14799,93,"Avenida da Liberdade, 175",Santo António,Passeio,BICICLETA,Sheffield estreito,3,6,0,Público,Partilhado com Micromobilidade,,-9.1462195,38.7204008
14800,95,Campo Grande,Alvalade,Passeio,BICICLETA,Onda,2,10,0,Público,Partilhado com Micromobilidade,,-9.1553689,38.7576075
14801,96,Praça de Dom Luís I,Misericórdia,Passeio,BICICLETA,Sheffield standard,3,3,0,Público,Partilhado com Micromobilidade,,-9.1462300,38.7067233
14802,97,Avenida 24 de Julho,Misericórdia,Passeio,BICICLETA,Sheffield standard,3,6,0,Público,Partilhado com Micromobilidade,,-9.1447931,38.7062019
14803,98,"Rua do Instituto Industrial, 7B",Misericórdia,Passeio,BICICLETA,Sheffield standard,8,16,0,Público,Partilhado com Micromobilidade,,-9.1505476,38.7078965
14804,99,"Rua do Instituto Industrial, 7",Misericórdia,Passeio,BICICLETA,Sheffield standard,8,16,0,Público,Partilhado com Micromobilidade,,-9.1505903,38.7083299
14805,100,"Avenida Dom Carlos I, 4B",Misericórdia,Passeio,BICICLETA,Sheffield standard,3,6,0,Público,Partilhado com Micromobilidade,,-9.1524209,38.7070126
14806,101,Avenida 24 de Julho,Misericórdia,Passeio,BICICLETA,Sheffield standard,6,12,0,Público,Partilhado com Micromobilidade,,-9.1522589,38.7067423
14807,103,"Avenida 5 de Outubro, 168",Avenidas Novas,Passeio,BICICLETA,Sheffield standard,4,8,0,Público,Partilhado com Micromobilidade,21/11/2018,-9.1486202,38.7407946
14808,104,Avenida Álvaro Pais,Avenidas Novas,Passeio,BICICLETA,Sheffield standard,6,12,0,Público,Partilhado com Micromobilidade,27/11/2018,-9.1509090,38.7447721
14809,105,Largo do Nautilus,Parque das Nações,Passeio,BICICLETA,Sheffield standard,10,20,0,Público,Partilhado com Micromobilidade,12/11/2018,-9.0940161,38.7610040
14810,106,"Passeio do Adamastor, 18",Parque das Nações,Passeio,BICICLETA,Sheffield standard,3,6,0,Público,Partilhado com Micromobilidade,13/11/2018,-9.0957095,38.7587557
14811,107,Passeio do Adamastor,Parque das Nações,Passeio,BICICLETA,Sheffield standard,3,6,0,Público,Partilhado com Micromobilidade,14/11/2018,-9.0949439,38.7586935
14812,108,Passeio de Neptuno,Parque das Nações,Passeio,BICICLETA,Sheffield standard,16,32,0,Público,Partilhado com Micromobilidade,13/11/2018,-9.0945486,38.7545302
14813,109,"Praça do Norte, Mercado",Olivais,Passeio,BICICLETA,Onda,1,5,0,Público,Interdito Micromobilidade,,-9.1184299,38.7770885
14814,110,Largo da Luz,Carnide,Passeio,BICICLETA,Sheffield estreito,4,8,0,Público,Partilhado com Micromobilidade,,-9.1837901,38.7605052
14815,111,"Avenida do Rio de Janeiro, Mercado",Alvalade,Passeio,BICICLETA,Sheffield standard,4,8,0,Público,Partilhado com Micromobilidade,23/02/2023,-9.1399898,38.7561105
14816,112,"Rua Prista Monteiro, Escola",Carnide,Passeio,BICICLETA,Onda,1,5,0,Público,Partilhado com Micromobilidade,,-9.1818697,38.7661919
14817,113,Rua Dr. Nicolau de Bettencourt,Avenidas Novas,Passeio,BICICLETA,Onda,1,5,0,Público,Partilhado com Micromobilidade,,-9.1545027,38.7358491
14818,114,Praça do Império,Belém,Passeio,BICICLETA,Onda,1,5,0,Público,Partilhado com Micromobilidade,,-9.2073195,38.6958602
14819,116,"Avenida do Colégio Militar, 23A",Benfica,Passeio,BICICLETA,Onda,1,5,0,Público,Partilhado com Micromobilidade,,-9.1905394,38.7513852
14820,117,"Largo da Madre de Deus, Polidesportivo",Beato,Passeio,BICICLETA,Borboleta,1,7,0,Público,Partilhado com Micromobilidade,,-9.1155968,38.7320183
14821,118,"Avenida da Igreja, 21",Alvalade,Passeio,BICICLETA,Sheffield estreito,3,6,0,Público,Partilhado com Micromobilidade,,-9.1419685,38.7536665
14822,120,"Avenida 24 de Julho, 3",Misericórdia,Passeio,BICICLETA,Sheffield standard,3,6,0,Público,Partilhado com Micromobilidade,,-9.1486381,38.7066595
14823,121,"Avenida da República, 37",Avenidas Novas,Lugar estacionamento automóvel,BICICLETA,Sheffield standard,5,10,0,Público,Partilhado com Micromobilidade,,-9.1459021,38.7373219
14824,123,"Avenida da República, 67",Avenidas Novas,Lugar estacionamento automóvel,BICICLETA,Sheffield standard,5,10,0,Público,Partilhado com Micromobilidade,,-9.1466117,38.7403759
14825,124,"Avenida da República, 57",Avenidas Novas,Lugar estacionamento automóvel,BICICLETA,Sheffield standard,5,10,0,Público,Partilhado com Micromobilidade,,-9.1463704,38.7394485
14826,125,"Avenida da República, 77",Avenidas Novas,Lugar estacionamento automóvel,BICICLETA,Sheffield standard,5,10,0,Público,Partilhado com Micromobilidade,,-9.1468827,38.7414604
14827,126,"Avenida Duque d' Ávila, 122",Avenidas Novas,Passeio,BICICLETA,Sheffield estreito,3,6,0,Público,Partilhado com Micromobilidade,,-9.1517136,38.7350167
14828,127,"Avenida António Augusto de Aguiar, 29",Avenidas Novas,Passeio,BICICLETA,Sheffield estreito,3,6,0,Público,Partilhado com Micromobilidade,,-9.1523415,38.7322018
14829,128,Rua de Moscavide ao Parque das Nações,Parque das Nações,Passeio,BICICLETA,Sheffield standard,3,6,0,Público,Partilhado com Micromobilidade,15/11/2018,-9.0990439,38.7777386
14830,129,"Avenida António Serpa, 38",Avenidas Novas,Lugar estacionamento automóvel,BICICLETA,Sheffield standard,3,6,0,Público,Partilhado com Micromobilidade,11/08/2018,-9.1489487,38.7431169
14831,130,"Avenida Visconde de Valmor, 63A",Avenidas Novas,Lugar estacionamento automóvel,BICICLETA,Sheffield standard,4,8,0,Público,Partilhado com Micromobilidade,11/08/2018,-9.1499088,38.7376531
14832,131,"Rua Pinheiro Chagas, 47",Avenidas Novas,Via,BICICLETA,Sheffield standard,2,4,0,Público,Partilhado com Micromobilidade,11/08/2018,-9.1499437,38.7340016
14833,132,"Rua Pinheiro Chagas, 47B",Avenidas Novas,Via,BICICLETA,Sheffield standard,2,4,0,Público,Partilhado com Micromobilidade,11/08/2018,-9.1500367,38.7340410
14834,134,Jardim Adão Barata,Carnide,,BICICLETA,Desconhecido,0,6,0,Público,Partilhado com Micromobilidade,,-9.1940219,38.7583480
14835,136,Praça dos Restauradores,Santa Maria Maior,Passeio,BICICLETA,Sheffield estreito,3,6,0,Público,Partilhado com Micromobilidade,,-9.1415359,38.7151056
14836,137,Avenida Prof. Franscisco da Gama Caeiro,Carnide,Passeio,BICICLETA,Onda,1,5,0,Público,Partilhado com Micromobilidade,,-9.1881700,38.7693544
14837,138,Rua da Cintura do Porto de Lisboa,Misericórdia,Passeio,BICICLETA,Sheffield standard,6,12,1,Público,Interdito Micromobilidade,,-9.1450397,38.7055390
14838,139,Rua Professor Lima Basto,São Domingos de Benfica,Passeio,BICICLETA,Onda,2,10,0,Público,Partilhado com Micromobilidade,,-9.1668605,38.7403674
14839,140,Largo dos Caminhos de Ferro,São Vicente,Passeio,BICICLETA,Sheffield estreito,5,10,0,Privado,Interdito Micromobilidade,,-9.1233855,38.7136424
14840,142,Campus de Campolide,Campolide,Passeio,BICICLETA,Sheffield standard,13,26,0,Privado,Interdito Micromobilidade,,-9.1603982,38.7345490
14841,143,"Rua Dom Luís I, 43",Misericórdia,Passeio,BICICLETA,Sheffield estreito,2,4,0,Público,Partilhado com Micromobilidade,,-9.1524756,38.7074771
14842,144,Rua Dr. Eduardo Neves,Avenidas Novas,Passeio,BICICLETA,Sheffield estreito,3,6,1,Público,Partilhado com Micromobilidade,,-9.1488161,38.7441294
14843,145,"Rua Abranches Ferrão, 9",São Domingos de Benfica,Passeio,BICICLETA,Sheffield estreito,3,6,0,Público,Partilhado com Micromobilidade,,-9.1719311,38.7507217
14844,2086,"Rua Nova do Calhariz, 46",Ajuda,Passeio,HOTSPOT,Desconhecido,0,10,0,Público,Dedicado Micromobilidade,17/04/2023,-9.1975565,38.7019556
14845,147,Avenida Frei Miguel Contreiras,Alvalade,Passeio,BICICLETA,Onda,1,5,0,Público,Partilhado com Micromobilidade,,-9.1321531,38.7460942
14846,148,Metro Campo Grande,Lumiar,Passeio,BICICLETA,Sheffield estreito,6,12,0,Público,Partilhado com Micromobilidade,,-9.1578760,38.7604760
14847,150,Rua Dr. Eduardo Neves,Avenidas Novas,Passeio,BICICLETA,Sheffield standard,5,10,1,Público,Partilhado com Micromobilidade,,-9.1483929,38.7443072
14848,151,Avenida da República,Avenidas Novas,Lugar estacionamento automóvel,BICICLETA,Sheffield standard,5,10,1,Público,Partilhado com Micromobilidade,,-9.1476666,38.7445924
14849,152,"Campo Grande, 27",Alvalade,Via,BICICLETA,Sheffield standard,4,8,0,Público,Partilhado com Micromobilidade,,-9.1500114,38.7497785
14850,153,"Avenida Brasília, DGRM",Belém,Passeio,BICICLETA,Grelha,5,10,0,Público,Partilhado com Micromobilidade,,-9.2253091,38.6961485
14852,155,Estrada de Montes Claros,Ajuda,Via,BICICLETA,Grelha,1,4,0,Público,Partilhado com Micromobilidade,,-9.2015684,38.7178601
14853,156,Jardim Fernando Pessa,Areeiro,Passeio,BICICLETA,Onda,1,5,0,Privado,Interdito Micromobilidade,,-9.1380794,38.7433668
14854,157,Avenida da Peregrinação,Parque das Nações,Passeio,BICICLETA,Cascata,1,6,0,Público,Partilhado com Micromobilidade,,-9.0957267,38.7822624
14855,158,Avenida Aquilino Ribeiro Machado,Parque das Nações,Passeio,BICICLETA,Cascata,1,12,1,Público,Partilhado com Micromobilidade,,-9.0989904,38.7687203
14856,159,Avenida Aquilino Ribeiro Machado,Parque das Nações,Passeio,BICICLETA,Cascata,1,12,1,Público,Partilhado com Micromobilidade,,-9.0992389,38.7687194
14857,160,Avenida de Berlim,Parque das Nações,Passeio,BICICLETA,Cascata,1,12,1,Público,Partilhado com Micromobilidade,,-9.0988601,38.7669368
14858,161,Avenida de Berlim,Parque das Nações,Passeio,BICICLETA,Cascata,1,20,1,Público,Partilhado com Micromobilidade,,-9.0991317,38.7669539
14859,162,Avenida de Berlim,Parque das Nações,Passeio,BICICLETA,Cascata,1,12,1,Público,Partilhado com Micromobilidade,,-9.0993662,38.7669646
14860,163,Alameda dos Oceanos,Parque das Nações,Passeio,BICICLETA,Cascata,1,8,0,Público,Partilhado com Micromobilidade,,-9.0960910,38.7665110
14861,164,Rua do Pólo Sul,Parque das Nações,Passeio,BICICLETA,Sheffield standard,7,14,0,Público,Partilhado com Micromobilidade,,-9.0970157,38.7648722
14862,165,"Boqueirão do Duro, 46",Misericórdia,Lugar estacionamento automóvel,BICICLETA,Sheffield standard,5,10,0,Público,Partilhado com Micromobilidade,,-9.1514790,38.7084815
14863,167,"Avenida Praia da Vitória, 35B",Arroios,Lugar estacionamento automóvel,BICICLETA,Sheffield standard,5,10,0,Público,Partilhado com Micromobilidade,,-9.1433496,38.7339178
14864,168,Rua de Pascoal de Melo,Arroios,Via,BICICLETA,Sheffield standard,4,8,0,Público,Partilhado com Micromobilidade,,-9.1370439,38.7313296
14865,169,"Avenida Praia da Vitória, 1B",Arroios,Lugar estacionamento automóvel,BICICLETA,Sheffield standard,5,10,0,Público,Partilhado com Micromobilidade,,-9.1416449,38.7341636
14866,170,Passeio de Neptuno,Parque das Nações,Passeio,BICICLETA,Cascata,1,8,0,Público,Partilhado com Micromobilidade,,-9.0937724,38.7570910
14867,171,Passeio de Neptuno,Parque das Nações,Passeio,BICICLETA,Cascata,1,8,0,Público,Partilhado com Micromobilidade,,-9.0939716,38.7561833
14868,172,"Rua Gaivotas em Terra, Escola",Parque das Nações,Passeio,BICICLETA,Cascata,1,8,0,Público,Partilhado com Micromobilidade,,-9.0970096,38.7548161
14869,175,Eixo Central,Lumiar,Passeio,BICICLETA,Onda,3,15,0,Público,Partilhado com Micromobilidade,18/05/2013,-9.1471571,38.7769926
14870,176,Eixo Central,Lumiar,Passeio,BICICLETA,Onda,3,15,0,Público,Partilhado com Micromobilidade,18/05/2013,-9.1473983,38.7770528
14871,177,Eixo Central,Lumiar,Passeio,BICICLETA,Onda,3,15,0,Público,Partilhado com Micromobilidade,18/05/2013,-9.1477485,38.7761957
14872,178,Eixo Central,Lumiar,Passeio,BICICLETA,Onda,3,15,0,Público,Partilhado com Micromobilidade,18/05/2013,-9.1475073,38.7761356
14873,179,Eixo Central,Lumiar,Passeio,BICICLETA,Onda,3,15,0,Público,Partilhado com Micromobilidade,18/05/2013,-9.1478109,38.7753923
14874,180,Eixo Central,Lumiar,Passeio,BICICLETA,Onda,3,15,0,Público,Partilhado com Micromobilidade,18/05/2013,-9.1480521,38.7754525
14875,181,Eixo Central,Lumiar,Passeio,BICICLETA,Onda,3,15,0,Público,Partilhado com Micromobilidade,18/05/2013,-9.1483973,38.7739582
14876,182,Eixo Central,Lumiar,Passeio,BICICLETA,Onda,3,15,0,Público,Partilhado com Micromobilidade,18/05/2013,-9.1486385,38.7740183
14877,383,"Avenida dos Defensores de Chaves, 23",Arroios,Lugar estacionamento automóvel,HOTSPOT,Sheffield standard,2,9,0,Público,Partilhado com Micromobilidade,14/05/2019,-9.1432703,38.7346243
14878,384,"Avenida dos Defensores de Chaves, 12",Arroios,Lugar estacionamento automóvel,HOTSPOT,Sheffield standard,2,9,0,Público,Partilhado com Micromobilidade,14/05/2019,-9.1429738,38.7334037
14879,385,"Avenida dos Defensores de Chaves, 45",Avenidas Novas,Lugar estacionamento automóvel,HOTSPOT,Sheffield standard,2,9,0,Público,Partilhado com Micromobilidade,06/05/2019,-9.1439172,38.7368458
14880,387,Avenida dos Defensores de Chaves,Avenidas Novas,Lugar estacionamento automóvel,HOTSPOT,Sheffield standard,2,9,0,Público,Partilhado com Micromobilidade,06/05/2019,-9.1443146,38.7384813
14881,388,"Avenida dos Defensores de Chaves, 42",Avenidas Novas,Lugar estacionamento automóvel,HOTSPOT,Sheffield standard,2,9,0,Público,Partilhado com Micromobilidade,06/05/2019,-9.1442954,38.7393168
14882,389,"Rua Eiffel, 2A",Avenidas Novas,Lugar estacionamento automóvel,HOTSPOT,Sheffield standard,2,9,0,Público,Partilhado com Micromobilidade,06/05/2019,-9.1431405,38.7395587
14883,390,"Rua de Dona Filipa de Vilhena, 12",Areeiro,Lugar estacionamento automóvel,HOTSPOT,Sheffield standard,2,9,0,Público,Partilhado com Micromobilidade,06/05/2019,-9.1418819,38.7367824
14884,391,"Rua de Dona Filipa de Vilhena, 2B",Avenidas Novas,Lugar estacionamento automóvel,HOTSPOT,Sheffield standard,2,9,0,Público,Partilhado com Micromobilidade,21/05/2019,-9.1417257,38.7354811
14885,394,"Avenida Duque d' Ávila, 72",Avenidas Novas,Lugar estacionamento automóvel,HOTSPOT,Sheffield standard,2,9,0,Público,Partilhado com Micromobilidade,10/05/2019,-9.1497602,38.7350208
14886,183,Eixo Central,Lumiar,Passeio,BICICLETA,Onda,3,15,0,Público,Partilhado com Micromobilidade,18/05/2013,-9.1488223,38.7735678
14887,184,"Calçada da Ajuda, 236",Ajuda,Passeio,BICICLETA,Sheffield standard,4,8,0,Público,Partilhado com Micromobilidade,04/06/2018,-9.1991578,38.7057745
14888,185,"Passeio dos Heróis do Mar, 14",Parque das Nações,Passeio,BICICLETA,Cascata,1,8,0,Público,Partilhado com Micromobilidade,,-9.0943013,38.7855619
14889,186,"Rua da Ilha dos Amores, 59",Parque das Nações,Passeio,BICICLETA,Cascata,1,12,0,Público,Partilhado com Micromobilidade,,-9.0951768,38.7825235
14890,350,"Avenida António Augusto de Aguiar, 104",Avenidas Novas,Lugar estacionamento automóvel,HOTSPOT,Sheffield standard,2,9,0,Público,Partilhado com Micromobilidade,14/05/2019,-9.1521003,38.7323704
14891,351,"Rua Tomás Ribeiro, 56",Avenidas Novas,Lugar estacionamento automóvel,HOTSPOT,Sheffield standard,2,9,0,Público,Partilhado com Micromobilidade,14/05/2019,-9.1504901,38.7322262
14892,352,"Avenida Manuel da Maia, Universidade",Areeiro,Lugar estacionamento automóvel,HOTSPOT,Sheffield standard,2,9,0,Público,Partilhado com Micromobilidade,02/05/2019,-9.1368421,38.7370890
14893,353,"Avenida Visconde de Valmor, 11",Avenidas Novas,Lugar estacionamento automóvel,HOTSPOT,Sheffield standard,2,9,0,Público,Partilhado com Micromobilidade,06/05/2019,-9.1439087,38.7386086
14894,2050,"Avenida de Brasília, Museu",Belém,Lugar estacionamento automóvel,HOTSPOT,Sheffield standard,2,9,0,Público,Partilhado com Micromobilidade,20/10/2022,-9.2079571,38.6941582
14895,355,"Campo Pequeno, 51",Areeiro,Lugar estacionamento automóvel,HOTSPOT,Sheffield standard,2,9,0,Público,Partilhado com Micromobilidade,06/05/2019,-9.1435660,38.7420552
14896,356,"Praça da Ilha do Faial, 18",Arroios,Lugar estacionamento automóvel,HOTSPOT,Sheffield standard,2,9,0,Público,Partilhado com Micromobilidade,19/05/2019,-9.1408465,38.7323421
14897,357,"Avenida João Crisóstomo, 12",Avenidas Novas,Lugar estacionamento automóvel,HOTSPOT,Sheffield standard,2,9,0,Público,Partilhado com Micromobilidade,08/05/2019,-9.1441217,38.7363435
14898,358,"Avenida João Crisóstomo, 22A",Avenidas Novas,Lugar estacionamento automóvel,HOTSPOT,Sheffield standard,2,9,0,Público,Partilhado com Micromobilidade,08/05/2019,-9.1449659,38.7362752
14899,359,"Rua Latino Coelho, 31",Avenidas Novas,Lugar estacionamento automóvel,HOTSPOT,Sheffield standard,2,9,0,Público,Partilhado com Micromobilidade,10/05/2019,-9.1484304,38.7324046
14900,187,Passeio dos Heróis do Mar,Parque das Nações,Passeio,BICICLETA,Cascata,1,8,0,Público,Partilhado com Micromobilidade,,-9.0934582,38.7826541
14901,188,"Passeio das Garças, 14",Parque das Nações,Passeio,BICICLETA,Sheffield standard,5,10,0,Público,Partilhado com Micromobilidade,,-9.0961252,38.7809638
14902,189,Eixo Central,Lumiar,Passeio,BICICLETA,Onda,3,15,0,Público,Partilhado com Micromobilidade,18/05/2013,-9.1485811,38.7735077
14903,190,Eixo Central,Lumiar,Passeio,BICICLETA,Onda,3,15,0,Público,Partilhado com Micromobilidade,18/05/2013,-9.1487479,38.7730987
14904,191,Eixo Central,Lumiar,Passeio,BICICLETA,Onda,3,15,0,Público,Partilhado com Micromobilidade,18/05/2013,-9.1489891,38.7731588
14905,192,Eixo Central,Lumiar,Passeio,BICICLETA,Onda,2,10,0,Público,Partilhado com Micromobilidade,18/05/2013,-9.1487480,38.7714944
14906,193,Eixo Central,Lumiar,Passeio,BICICLETA,Onda,2,10,0,Público,Partilhado com Micromobilidade,18/05/2013,-9.1491447,38.7714730
14907,197,Calçada dos Barbadinhos,São Vicente,,BICICLETA,Desconhecido,0,0,0,Privado,Interdito Micromobilidade,,-9.1206012,38.7188417
14908,198,Rua Chen He,Parque das Nações,Passeio,BICICLETA,Cascata,1,8,0,Público,Partilhado com Micromobilidade,,-9.0928195,38.7873635
14912,203,Avenida Álvares Cabral,Campo de Ourique,Lugar estacionamento automóvel,BICICLETA,Sheffield standard,4,8,0,Público,Partilhado com Micromobilidade,03/08/2018,-9.1584051,38.7162835
14913,204,"Rua João de Oliveira Miguens, 84",Estrela,Passeio,BICICLETA,Sheffield standard,3,6,0,Público,Partilhado com Micromobilidade,,-9.1737844,38.7060960
14914,205,Largo do Chiado,Santa Maria Maior,Passeio,BICICLETA,Sheffield estreito,5,10,0,Público,Partilhado com Micromobilidade,,-9.1420834,38.7103513
14915,206,"Passeio da Vila Expo, 2",Parque das Nações,Passeio,BICICLETA,Sheffield standard,5,10,0,Público,Partilhado com Micromobilidade,,-9.0950946,38.7805493
14916,208,Alameda dos Oceanos,Parque das Nações,Passeio,BICICLETA,Sheffield standard,4,8,0,Público,Partilhado com Micromobilidade,,-9.0953163,38.7744272
14917,209,"Rua Bartolomeu Dias, 82",Belém,Passeio,BICICLETA,Entorta rodas,1,6,0,Público,Partilhado com Micromobilidade,,-9.2109579,38.6959363
14920,212,"Rua dos Lusíadas, 13",Alcântara,Passeio,BICICLETA,Entorta rodas,1,5,0,Público,Partilhado com Micromobilidade,,-9.1790620,38.7054622
14921,213,Estrada de Caselas,Belém,Lugar estacionamento automóvel,BICICLETA,Sheffield estilizado,5,10,0,Privado,Interdito Micromobilidade,,-9.2057641,38.7099217
14922,216,Alameda dos Oceanos,Parque das Nações,Passeio,BICICLETA,Entorta rodas,1,5,0,Público,Partilhado com Micromobilidade,,-9.0957604,38.7742605
14923,217,Avenida D. João II,Parque das Nações,Passeio,BICICLETA,Entorta rodas,1,5,0,Público,Partilhado com Micromobilidade,,-9.0969047,38.7741808
14924,218,"Avenida D. João II, 43",Parque das Nações,Passeio,BICICLETA,Cascata,1,8,0,Público,Partilhado com Micromobilidade,,-9.0977849,38.7717765
14925,219,"Alameda dos Oceanos, 2.14.01",Parque das Nações,Passeio,BICICLETA,Sheffield standard,5,10,0,Público,Partilhado com Micromobilidade,,-9.0953845,38.7703149
14926,220,"Alameda dos Oceanos, 49",Parque das Nações,Passeio,BICICLETA,Sheffield standard,5,10,0,Público,Partilhado com Micromobilidade,,-9.0956279,38.7677737
14927,221,"Alameda dos Oceanos, 49",Parque das Nações,Passeio,BICICLETA,Sheffield standard,5,10,0,Público,Partilhado com Micromobilidade,,-9.0956606,38.7673279
14928,222,Alameda dos Oceanos,Parque das Nações,Passeio,BICICLETA,Cascata,1,12,0,Público,Partilhado com Micromobilidade,,-9.0960857,38.7673572
14929,223,Alameda dos Oceanos,Parque das Nações,Passeio,BICICLETA,Cascata,1,12,0,Público,Partilhado com Micromobilidade,,-9.0960265,38.7679392
14930,224,"Alameda dos Oceanos, 47",Parque das Nações,Passeio,BICICLETA,Entorta rodas,1,9,0,Público,Partilhado com Micromobilidade,,-9.0961434,38.7662175
14931,225,Rossio dos Olivais,Parque das Nações,Passeio,BICICLETA,Cascata,1,8,0,Público,Partilhado com Micromobilidade,,-9.0923243,38.7674596
14932,226,Jardim Garcia de Orta ao Parque das Nações,Parque das Nações,Passeio,BICICLETA,Sheffield standard,4,8,0,Público,Partilhado com Micromobilidade,,-9.0922801,38.7699243
14933,228,"Alameda dos Oceanos, 2.11.01",Parque das Nações,Passeio,BICICLETA,Entorta rodas,2,10,1,Público,Partilhado com Micromobilidade,,-9.0954727,38.7635573
14934,229,"Alameda dos Oceanos, 2.11.01",Parque das Nações,Passeio,BICICLETA,Sheffield standard,3,6,0,Público,Partilhado com Micromobilidade,,-9.0958779,38.7646205
14935,230,"Alameda dos Oceanos, 43B",Parque das Nações,Passeio,BICICLETA,Entorta rodas,1,5,0,Público,Partilhado com Micromobilidade,,-9.0963287,38.7637615
14936,231,"Avenida do Mediterrâneo, 2",Parque das Nações,Passeio,BICICLETA,Cascata,1,12,0,Público,Partilhado com Micromobilidade,,-9.0964717,38.7630222
14937,232,"Rua do Arco do Cego, 75",Avenidas Novas,Lugar estacionamento automóvel,BICICLETA,Onda,2,10,0,Público,Partilhado com Micromobilidade,,-9.1428782,38.7405502
14938,233,"Avenida Elias Garcia, 1D",Avenidas Novas,Via,BICICLETA,Sheffield standard,3,6,0,Público,Partilhado com Micromobilidade,11/08/2018,-9.1427830,38.7397300
14939,234,"Avenida Magalhães Lima, Escola",Areeiro,Passeio,BICICLETA,Sheffield estreito,5,10,0,Público,Partilhado com Micromobilidade,,-9.1402554,38.7394944
14940,235,"Avenida Magalhães Lima, Escola",Areeiro,Passeio,BICICLETA,Entorta rodas,1,10,0,Público,Partilhado com Micromobilidade,,-9.1403780,38.7397722
14941,236,"Avenida de Roma, 9",Areeiro,Passeio,BICICLETA,Sheffield estreito,3,6,0,Público,Partilhado com Micromobilidade,,-9.1386026,38.7429704
14943,239,"Avenida de Brasília, 1",Belém,Via,BICICLETA,Sheffield standard,5,10,0,Público,Partilhado com Micromobilidade,18/06/2018,-9.2246909,38.6962936
14945,241,Avenida Frei Miguel Contreiras,Alvalade,Passeio,BICICLETA,Sheffield estreito,3,6,0,Público,Partilhado com Micromobilidade,,-9.1394158,38.7455735
14946,242,"Rua João Saraiva, 1",Alvalade,Passeio,BICICLETA,Entorta rodas,1,5,1,Privado,Interdito Micromobilidade,,-9.1408488,38.7569945
14947,243,"Avenida de Roma, 7",Alvalade,Passeio,BICICLETA,Sheffield estreito,3,6,0,Público,Partilhado com Micromobilidade,,-9.1445340,38.7533045
14948,244,Alameda da Universidade,Alvalade,Via,BICICLETA,Sheffield estreito,3,6,0,Público,Partilhado com Micromobilidade,,-9.1553787,38.7530126
14949,245,Alameda da Universidade,Alvalade,Passeio,BICICLETA,Sheffield standard,5,10,0,Público,Partilhado com Micromobilidade,,-9.1568766,38.7524778
14950,246,Alameda da Universidade,Alvalade,Passeio,BICICLETA,Sheffield standard,5,10,0,Público,Partilhado com Micromobilidade,,-9.1577428,38.7535394
14951,247,Alameda da Universidade,Alvalade,Passeio,BICICLETA,Sheffield standard,5,10,0,Privado,Interdito Micromobilidade,,-9.1582522,38.7539973
14952,248,"Calçada da Estação, Estação",Campolide,Passeio,BICICLETA,Sheffield estreito,5,10,1,Público,Partilhado com Micromobilidade,,-9.1680520,38.7323229
14955,251,"Avenida Álvares Cabral, 102",Campo de Ourique,Passeio,BICICLETA,Sheffield standard,3,6,0,Público,Partilhado com Micromobilidade,16/11/2018,-9.1576850,38.7172505
14956,252,"Avenida Álvares Cabral, 44",Campo de Ourique,Via,BICICLETA,Sheffield standard,2,4,0,Público,Partilhado com Micromobilidade,03/08/2018,-9.1568468,38.7183817
14957,253,Largo Duque do Cadaval,Santa Maria Maior,Passeio,BICICLETA,Sheffield estreito,5,10,0,Público,Partilhado com Micromobilidade,,-9.1406587,38.7140013
14958,254,"Praça Afonso de Albuquerque, 3",Belém,Passeio,BICICLETA,Grelha,1,8,0,Público,Partilhado com Micromobilidade,,-9.2015855,38.6970911
14959,255,Avenida de Brasília,Belém,Via,BICICLETA,Lisboa,14,28,0,Público,Partilhado com Micromobilidade,,-9.1933357,38.6963449
14960,256,Jardim Guerra Junqueiro,Estrela,Passeio,BICICLETA,Sheffield estilizado,1,10,0,Privado,Interdito Micromobilidade,,-9.1589158,38.7156390
14961,257,Praça do Duque de Saldanha,Avenidas Novas,Passeio,BICICLETA,Sheffield standard,2,4,0,Público,Partilhado com Micromobilidade,30/11/2018,-9.1455126,38.7335904
14962,258,Praça do Duque de Saldanha,Avenidas Novas,Passeio,BICICLETA,Sheffield standard,2,4,0,Público,Partilhado com Micromobilidade,30/11/2018,-9.1455037,38.7335554
14963,260,"Avenida Marquês de Tomar, 91",Avenidas Novas,Lugar estacionamento automóvel,BICICLETA,Sheffield standard,4,8,0,Público,Partilhado com Micromobilidade,04/12/2018,-9.1499242,38.7382899
14964,261,"Rua Filipe da Mata, 158",Avenidas Novas,Lugar estacionamento automóvel,BICICLETA,Sheffield standard,4,8,0,Público,Partilhado com Micromobilidade,20/12/2018,-9.1623066,38.7412164
14965,262,"Rua Filipe da Mata, 64",Avenidas Novas,Via,BICICLETA,Sheffield standard,3,6,0,Público,Partilhado com Micromobilidade,20/12/2018,-9.1583377,38.7413872
14966,263,"Rua Filipe da Mata, 22A",Avenidas Novas,Lugar estacionamento automóvel,BICICLETA,Sheffield standard,5,10,0,Público,Partilhado com Micromobilidade,25/01/2023,-9.1571709,38.7414310
14967,264,"Rua Filipe da Mata, 5",Avenidas Novas,Via,BICICLETA,Sheffield standard,3,6,0,Público,Partilhado com Micromobilidade,20/12/2018,-9.1562091,38.7413939
14968,265,"Rua Portugal Durão, 66",Avenidas Novas,Via,BICICLETA,Sheffield standard,2,4,0,Público,Partilhado com Micromobilidade,28/12/2018,-9.1589787,38.7436421
14969,266,Rua Cardeal Mercier,Avenidas Novas,Lugar estacionamento automóvel,BICICLETA,Sheffield standard,4,8,0,Público,Partilhado com Micromobilidade,28/12/2018,-9.1579384,38.7426336
14970,267,"Rua Cardeal Mercier, 4",Avenidas Novas,Via,BICICLETA,Sheffield standard,3,6,0,Público,Partilhado com Micromobilidade,27/12/2018,-9.1577224,38.7426812
14971,268,"Rua Carlos Reis, 44",Avenidas Novas,Via,BICICLETA,Sheffield standard,3,6,0,Público,Partilhado com Micromobilidade,28/12/2018,-9.1570042,38.7430269
14972,270,Calçada da Tapada,Alcântara,Passeio,BICICLETA,Sheffield standard,3,6,0,Público,Partilhado com Micromobilidade,13/12/2018,-9.1849629,38.7057336
14973,2087,"Travessa de Dom Vasco, 32B",Ajuda,Passeio,HOTSPOT,Desconhecido,0,10,0,Público,Dedicado Micromobilidade,17/04/2023,-9.1974766,38.7027369
14974,271,Rua Jau,Alcântara,Passeio,BICICLETA,Sheffield standard,4,8,0,Público,Partilhado com Micromobilidade,17/12/2018,-9.1849689,38.7043925
14975,272,"Praça das Indústrias, Centro de Congressos",Alcântara,Passeio,HOTSPOT,Sheffield standard,2,9,0,Público,Partilhado com Micromobilidade,20/02/2019,-9.1833622,38.6985581
14976,273,"Rua da Cozinha Económica, 30K",Alcântara,Passeio,BICICLETA,Sheffield standard,3,6,0,Público,Partilhado com Micromobilidade,18/01/2019,-9.1762247,38.7041993
14977,274,"Rua da Cozinha Económica, 30K",Alcântara,Passeio,BICICLETA,Sheffield standard,2,4,0,Público,Partilhado com Micromobilidade,18/01/2019,-9.1761743,38.7041450
14978,275,"Avenida Almirante Reis, 3B",Arroios,Passeio,BICICLETA,Sheffield standard,2,4,0,Público,Partilhado com Micromobilidade,07/01/2019,-9.1355770,38.7206914
14979,276,"Avenida Almirante Reis, 18",Arroios,Passeio,BICICLETA,Sheffield standard,2,4,0,Público,Partilhado com Micromobilidade,07/01/2019,-9.1352854,38.7219599
14980,277,"Avenida Almirante Reis, 20",Arroios,Passeio,BICICLETA,Sheffield standard,2,4,0,Público,Partilhado com Micromobilidade,07/01/2019,-9.1352282,38.7223401
14981,278,"Avenida Almirante Reis, 25",Arroios,Passeio,BICICLETA,Sheffield standard,3,6,0,Público,Partilhado com Micromobilidade,07/01/2019,-9.1354281,38.7223757
14982,279,"Rua da Palma, 159",Santa Maria Maior,Passeio,BICICLETA,Sheffield standard,2,4,0,Público,Partilhado com Micromobilidade,08/01/2019,-9.1359052,38.7174191
14983,280,"Travessa Cidadão João Gonçalves, 20",Arroios,Via,BICICLETA,Sheffield standard,2,4,0,Público,Partilhado com Micromobilidade,09/01/2019,-9.1352430,38.7213526
14984,281,"Avenida Almirante Reis, 17",Arroios,Lugar estacionamento automóvel,BICICLETA,Sheffield standard,3,6,0,Público,Partilhado com Micromobilidade,,-9.1354578,38.7217464
14985,282,Rua Julieta Ferrão,Avenidas Novas,Passeio,BICICLETA,Sheffield standard,4,8,0,Público,Partilhado com Micromobilidade,03/12/2018,-9.1537822,38.7451105
14986,283,"Avenida Guerra Junqueiro, 23",Areeiro,Via,BICICLETA,Sheffield standard,2,4,0,Público,Partilhado com Micromobilidade,10/04/2018,-9.1364295,38.7396520
14987,284,"Avenida de Roma, 26",Areeiro,Passeio,BICICLETA,Sheffield estreito,3,6,0,Público,Partilhado com Micromobilidade,,-9.1388241,38.7447183
14988,285,Avenida Frei Miguel Contreiras,Alvalade,Passeio,BICICLETA,Sheffield standard,5,10,0,Público,Partilhado com Micromobilidade,,-9.1392583,38.7454554
14989,286,Campus de Campolide,Campolide,Passeio,BICICLETA,Sheffield standard,2,4,0,Público,Partilhado com Micromobilidade,,-9.1604191,38.7345831
14990,287,"Rua C do Bairro da Liberdade, 70",Campolide,Passeio,BICICLETA,Lisboa,2,4,0,Público,Partilhado com Micromobilidade,,-9.1698615,38.7349699
14991,288,Rua B do Bairro da Liberdade,Campolide,Passeio,BICICLETA,Lisboa,4,8,0,Público,Partilhado com Micromobilidade,,-9.1694082,38.7344305
14992,289,Azinhaga dos Ulmeiros,Lumiar,Passeio,BICICLETA,Entorta rodas,1,6,0,Público,Partilhado com Micromobilidade,,-9.1733434,38.7687805
14993,290,Rua Rodriges Cabrilho,Belém,Passeio,BICICLETA,Sheffield estreito,2,4,0,Público,Partilhado com Micromobilidade,,-9.2078943,38.7073296
14994,291,Rua Prof. Mário Chicó,Lumiar,Passeio,BICICLETA,Onda,1,5,0,Público,Partilhado com Micromobilidade,,-9.1687136,38.7617303
14995,292,"Estrada de Telheiras, 146",Lumiar,Passeio,BICICLETA,Onda,1,5,0,Público,Partilhado com Micromobilidade,,-9.1692786,38.7598024
14996,293,Praça Ginásio Clube Português,Campo de Ourique,Passeio,BICICLETA,Cascata,2,10,0,Público,Partilhado com Micromobilidade,,-9.1566192,38.7215641
14997,295,Avenida 24 de Julho,Estrela,Passeio,BICICLETA,Sheffield standard,5,10,0,Público,Interdito Micromobilidade,,-9.1548944,38.7062961
14998,296,Avenida da Índia,Estrela,Passeio,BICICLETA,Sheffield standard,4,8,0,Público,Interdito Micromobilidade,,-9.1738950,38.7025105
14999,297,Alameda Padre Álvaro Proença,Benfica,Passeio,BICICLETA,Sheffield standard,3,6,0,Público,Partilhado com Micromobilidade,24/11/2018,-9.2034925,38.7491681
15000,298,"Rua Amélia Rey Colaço, 7",Benfica,Passeio,BICICLETA,Sheffield standard,3,6,0,Público,Partilhado com Micromobilidade,29/11/2018,-9.2038599,38.7526605
15001,299,"Rua Jorge Barradas, 57",Benfica,Passeio,BICICLETA,Sheffield standard,3,6,0,Público,Partilhado com Micromobilidade,23/11/2018,-9.2032155,38.7562154
15002,300,Rua João Ortigão Ramos,Benfica,Passeio,BICICLETA,Sheffield standard,3,6,0,Público,Partilhado com Micromobilidade,23/11/2018,-9.2017269,38.7568645
15003,301,Rua da Quinta do Charquinho,Benfica,Passeio,BICICLETA,Sheffield standard,3,6,0,Público,Partilhado com Micromobilidade,23/11/2018,-9.1980789,38.7565546
15004,302,Rua Jorge de Sena,Santa Clara,Passeio,BICICLETA,Sheffield standard,5,10,0,Público,Partilhado com Micromobilidade,27/11/2018,-9.1608378,38.7802451
15005,303,Azinhaga da Cidade,Santa Clara,Passeio,BICICLETA,Sheffield standard,3,6,0,Público,Partilhado com Micromobilidade,29/11/2018,-9.1596730,38.7798924
15006,304,Avenida Sérgio Vieira de Mello,Santa Clara,Passeio,BICICLETA,Sheffield standard,3,6,0,Público,Partilhado com Micromobilidade,29/11/2018,-9.1493622,38.7809449
15007,305,Estrada Militar,Santa Clara,Passeio,BICICLETA,Sheffield standard,5,10,0,Público,Partilhado com Micromobilidade,29/11/2018,-9.1504256,38.7902016
15008,306,"Campo das Amoreiras, Junta de Freguesia",Santa Clara,Passeio,BICICLETA,Sheffield standard,3,6,0,Público,Partilhado com Micromobilidade,29/11/2018,-9.1421505,38.7864544
15009,307,Campo das Cebolas,Santa Maria Maior,Via,BICICLETA,Sheffield standard,4,8,1,Público,Interdito Micromobilidade,08/12/2018,-9.1314830,38.7088147
15010,308,"Rua Jau, 61",Alcântara,Passeio,BICICLETA,Sheffield standard,7,14,0,Privado,Interdito Micromobilidade,13/12/2018,-9.1881966,38.7020983
15011,310,"Rua Latino Coelho, 24",Avenidas Novas,Lugar estacionamento automóvel,BICICLETA,Sheffield standard,2,4,0,Público,Partilhado com Micromobilidade,11/08/2018,-9.1500042,38.7331060
15013,312,"Praça das Indústrias, Centro de Congressos",Alcântara,Passeio,BICICLETA,Sheffield standard,6,12,0,Público,Partilhado com Micromobilidade,29/01/2019,-9.1835936,38.6993470
15014,313,"Rua Martens Ferrão, 11",Avenidas Novas,Passeio,BICICLETA,Sheffield standard,9,18,0,Público,Partilhado com Micromobilidade,,-9.1485888,38.7293568
15015,2538,Avenida Infante Dom Henrique,São Vicente,Passeio,HOTSPOT,Desconhecido,0,20,0,Público,Dedicado Micromobilidade,29/11/2024,-9.1225710,38.7133058
15016,314,"Rua Viriato, 12",Avenidas Novas,Passeio,BICICLETA,Sheffield standard,5,10,0,Público,Partilhado com Micromobilidade,,-9.1480737,38.7303695
15017,315,"Rua Viriato, 13H",Avenidas Novas,Passeio,BICICLETA,Sheffield standard,4,8,0,Público,Partilhado com Micromobilidade,,-9.1481082,38.7305443
15018,316,"Rua Viriato, 24",Avenidas Novas,Passeio,BICICLETA,Sheffield standard,4,8,0,Público,Partilhado com Micromobilidade,,-9.1477637,38.7310371
15019,317,"Rua Viriato, 29A",Avenidas Novas,Passeio,BICICLETA,Sheffield standard,4,8,0,Público,Partilhado com Micromobilidade,,-9.1472554,38.7318852
15020,318,Rua Viriato,Avenidas Novas,Passeio,BICICLETA,Sheffield standard,5,10,0,Público,Partilhado com Micromobilidade,,-9.1469081,38.7328213
15021,319,"Praça do Marquês de Pombal, 12",Santo António,Passeio,HOTSPOT,Sheffield standard,4,13,0,Público,Partilhado com Micromobilidade,16/03/2019,-9.1494012,38.7258420
15022,320,Praça do Marquês de Pombal,Santo António,Passeio,HOTSPOT,Sheffield standard,2,9,0,Público,Partilhado com Micromobilidade,16/03/2019,-9.1492234,38.7252237
15023,321,"Rua de Diogo Cão, 20",Alcântara,Passeio,BICICLETA,Sheffield standard,3,6,0,Público,Partilhado com Micromobilidade,29/01/2019,-9.1911193,38.7022835
15024,322,Avenida de Brasília,Belém,Via,HOTSPOT,Sheffield standard,4,13,0,Público,Partilhado com Micromobilidade,28/01/2018,-9.2063774,38.6935033
15025,323,"Rua Fernão Lopes, 1",Arroios,Lugar estacionamento automóvel,HOTSPOT,Sheffield standard,2,4,0,Público,Partilhado com Micromobilidade,21/05/2019,-9.1437805,38.7328115
15026,324,"Rua Chaby Pinheiro, 21",Avenidas Novas,Lugar estacionamento automóvel,HOTSPOT,Sheffield standard,2,9,0,Público,Partilhado com Micromobilidade,06/05/2019,-9.1461291,38.7444970
15027,325,"Rua de Entrecampos, 1",Avenidas Novas,Lugar estacionamento automóvel,HOTSPOT,Sheffield standard,2,9,0,Público,Partilhado com Micromobilidade,06/05/2019,-9.1447562,38.7438759
15028,326,"Rua Sousa Martins, 1A",Arroios,Lugar estacionamento automóvel,HOTSPOT,Sheffield standard,2,9,0,Público,Partilhado com Micromobilidade,19/05/2019,-9.1467390,38.7282322
15029,328,"Avenida dos Defensores de Chaves, 33 C",Avenidas Novas,Lugar estacionamento automóvel,HOTSPOT,Sheffield standard,2,9,0,Público,Partilhado com Micromobilidade,14/05/2019,-9.1435208,38.7356682
15030,329,"Rua de Santa Marta, 80",Santo António,Lugar estacionamento automóvel,HOTSPOT,Sheffield standard,2,9,0,Público,Partilhado com Micromobilidade,19/05/2019,-9.1471566,38.7262818
15031,330,"Rua Filipe Folque, 24A",Avenidas Novas,Lugar estacionamento automóvel,HOTSPOT,Sheffield standard,2,9,0,Público,Partilhado com Micromobilidade,10/05/2019,-9.1492157,38.7325662
15032,2088,Calçada da Ajuda,Ajuda,Passeio,HOTSPOT,Desconhecido,0,10,0,Público,Dedicado Micromobilidade,17/04/2023,-9.1988896,38.7067230
15033,331,"Rua Filipe Folque, 1",Avenidas Novas,Lugar estacionamento automóvel,HOTSPOT,Sheffield standard,2,9,0,Público,Partilhado com Micromobilidade,14/05/2019,-9.1506078,38.7308579
15034,332,"Avenida António Augusto de Aguiar, 3",Avenidas Novas,Lugar estacionamento automóvel,HOTSPOT,Sheffield standard,2,9,0,Público,Partilhado com Micromobilidade,21/05/2019,-9.1489715,38.7283226
15035,333,"Rua Camilo Castelo Branco, 43",Santo António,Lugar estacionamento automóvel,HOTSPOT,Sheffield standard,2,9,0,Público,Partilhado com Micromobilidade,19/05/2019,-9.1484602,38.7259394
15036,334,Largo de Andaluz,Arroios,Lugar estacionamento automóvel,HOTSPOT,Sheffield standard,2,9,0,Público,Partilhado com Micromobilidade,19/05/2019,-9.1476725,38.7281757
15037,335,"Praça José Fontana, 4",Arroios,Lugar estacionamento automóvel,BICICLETA,Sheffield standard,2,4,0,Público,Partilhado com Micromobilidade,01/06/2022,-9.1438371,38.7294061
15038,658,Avenida Aquilino Ribeiro Machado,Parque das Nações,Passeio,BICICLETA,Cascata,1,12,1,Público,Partilhado com Micromobilidade,,-9.0986985,38.7687225
15039,659,Praça de Dom Luís I,Misericórdia,Passeio,BICICLETA,Sheffield standard,4,8,0,Público,Partilhado com Micromobilidade,15/02/2019,-9.1463589,38.7073159
15040,661,"Regueirão dos Anjos, 71",Arroios,Via,BICICLETA,Sheffield standard,4,8,0,Público,Partilhado com Micromobilidade,,-9.1359568,38.7265902
15041,662,Regueirão dos Anjos,Arroios,Via,BICICLETA,Sheffield standard,3,6,0,Público,Partilhado com Micromobilidade,,-9.1359196,38.7267666
15042,663,"Calçada de Arroios, 71",Arroios,Passeio,BICICLETA,Sheffield standard,4,8,0,Público,Partilhado com Micromobilidade,,-9.1390776,38.7345192
15043,664,Miradouro do Monte Agudo,Arroios,Passeio,BICICLETA,Sheffield standard,3,6,0,Privado,Interdito Micromobilidade,,-9.1313639,38.7264995
15044,2282,"Avenida Infante Santo, 25D",Estrela,Passeio,HOTSPOT,Desconhecido,0,10,0,Público,Dedicado Micromobilidade,11/10/2023,-9.1676210,38.7073352
15045,2283,"Avenida Infante Santo, 46",Estrela,Passeio,HOTSPOT,Desconhecido,0,10,0,Público,Dedicado Micromobilidade,11/10/2023,-9.1672873,38.7071784
15046,608,Rua da Cintura do Porto de Lisboa,Misericórdia,Passeio,BICICLETA,Sheffield standard,5,10,0,Público,Partilhado com Micromobilidade,15/04/2019,-9.1444311,38.7055139
15047,669,"Campus de Campolide, Reitoria",Campolide,Passeio,BICICLETA,Sheffield standard,6,12,0,Privado,Interdito Micromobilidade,,-9.1602820,38.7340092
15048,670,Campus de Campolide,Campolide,Passeio,BICICLETA,Sheffield standard,15,30,0,Privado,Interdito Micromobilidade,,-9.1598685,38.7330979
15049,671,Campus de Campolide,Campolide,Passeio,BICICLETA,Sheffield standard,22,44,0,Privado,Interdito Micromobilidade,,-9.1602329,38.7323894
15050,672,"Campus de Campolide, Anfiteatro",Campolide,Passeio,BICICLETA,Sheffield standard,12,24,0,Privado,Interdito Micromobilidade,,-9.1598783,38.7325606
15051,705,"Rua Capitão-Mor Pedro Teixeira, Escola",Belém,Passeio,BICICLETA,Sheffield standard,4,8,0,Privado,Interdito Micromobilidade,18/12/2019,-9.2069643,38.7074656
15052,706,"Praça Afonso de Albuquerque, 1",Belém,Passeio,HOTSPOT,Sheffield standard,2,9,0,Público,Partilhado com Micromobilidade,08/06/2019,-9.2015480,38.6969642
15053,707,Praça Afonso de Albuquerque,Belém,Passeio,HOTSPOT,Sheffield standard,2,9,0,Público,Partilhado com Micromobilidade,20/12/2019,-9.2015239,38.6968289
15054,708,"Rua Dom Francisco Manuel de Melo, 21A",Avenidas Novas,Lugar estacionamento automóvel,BICICLETA,Sheffield estreito,5,10,0,Público,Partilhado com Micromobilidade,,-9.1589391,38.7282731
15055,709,Doca de Santo Amaro,Alcântara,Passeio,HOTSPOT,Sheffield standard,4,13,0,Público,Partilhado com Micromobilidade,27/12/2019,-9.1753657,38.7002004
15056,711,"Avenida Rovisco Pais, 16",Arroios,Lugar estacionamento automóvel,HOTSPOT,Sheffield standard,2,9,0,Público,Partilhado com Micromobilidade,20/05/2019,-9.1386955,38.7353023
15057,837,"Campo dos Mártires da Pátria, 57",Arroios,Lugar estacionamento automóvel,HOTSPOT,Sheffield standard,2,9,0,Público,Partilhado com Micromobilidade,25/06/2020,-9.1405570,38.7225968
15058,838,"Rua de São Paulo, 94",Misericórdia,Lugar estacionamento automóvel,HOTSPOT,Sheffield standard,2,9,0,Público,Partilhado com Micromobilidade,01/07/2021,-9.1445713,38.7078599
15059,839,"Rua de São Paulo, 90",Misericórdia,Lugar estacionamento automóvel,HOTSPOT,Sheffield standard,3,11,0,Público,Partilhado com Micromobilidade,01/07/2021,-9.1445139,38.7078410
15060,840,"Rua de São Paulo, 110",Misericórdia,Lugar estacionamento automóvel,HOTSPOT,Sheffield standard,4,13,0,Público,Partilhado com Micromobilidade,01/07/2021,-9.1448628,38.7079557
15061,841,"Rua de São Paulo, 112",Misericórdia,Lugar estacionamento automóvel,HOTSPOT,Sheffield standard,4,13,0,Público,Partilhado com Micromobilidade,01/07/2021,-9.1449212,38.7079747
15062,842,"Rua de São Paulo, 134",Misericórdia,Lugar estacionamento automóvel,HOTSPOT,Sheffield standard,7,19,0,Público,Partilhado com Micromobilidade,01/07/2021,-9.1452361,38.7080786
15063,843,"Travessa do Carvalho, 14",Misericórdia,Lugar estacionamento automóvel,BICICLETA,Sheffield standard,4,8,0,Público,Interdito Micromobilidade,01/07/2021,-9.1459452,38.7081907
15064,844,"Calçada da Tapada, 7",Alcântara,Via,BICICLETA,Sheffield standard,6,12,0,Público,Partilhado com Micromobilidade,01/04/2020,-9.1761184,38.7066152
15065,845,"Rua Maria Amália Vaz de Carvalho, Escola",Alvalade,Passeio,BICICLETA,Entorta rodas,1,20,0,Privado,Interdito Micromobilidade,,-9.1418634,38.7513669
15066,846,"Rua Maria Amália Vaz de Carvalho, Escola",Alvalade,Passeio,BICICLETA,Entorta rodas,1,20,0,Privado,Interdito Micromobilidade,,-9.1416318,38.7513519
15067,847,"Rua Luíz Pacheco, Lote 101",Marvila,Passeio,BICICLETA,Onda,1,5,0,Público,Partilhado com Micromobilidade,,-9.1127928,38.7533744
15068,848,"Rua Luíz Pacheco, Lote 101",Marvila,Passeio,BICICLETA,Onda,1,5,0,Público,Partilhado com Micromobilidade,,-9.1128282,38.7533700
15069,849,"Rua Luíz Pacheco, Lote 101",Marvila,Passeio,BICICLETA,Onda,1,5,0,Público,Partilhado com Micromobilidade,,-9.1128666,38.7533645
15070,850,"Rua Luíz Pacheco, Lote 101",Marvila,Passeio,BICICLETA,Onda,1,5,0,Público,Partilhado com Micromobilidade,,-9.1129104,38.7533598
15071,336,"Rua Actor Taborda, 55",Arroios,Lugar estacionamento automóvel,HOTSPOT,Sheffield standard,2,9,0,Público,Partilhado com Micromobilidade,19/05/2019,-9.1442158,38.7317130
15072,337,"Rua Almirante Barroso, 32A",Arroios,Lugar estacionamento automóvel,HOTSPOT,Sheffield standard,4,12,0,Público,Partilhado com Micromobilidade,19/05/2019,-9.1423717,38.7314153
15073,338,"Avenida Casal Ribeiro, 28",Arroios,Lugar estacionamento automóvel,HOTSPOT,Sheffield standard,2,9,0,Público,Partilhado com Micromobilidade,19/05/2019,-9.1423932,38.7324026
15074,339,"Rua de Dona Estefânia, 165",Arroios,Lugar estacionamento automóvel,HOTSPOT,Sheffield standard,2,9,0,Público,Partilhado com Micromobilidade,21/05/2019,-9.1412375,38.7331310
15075,340,"Rua Alves Redol, 13A",Areeiro,Lugar estacionamento automóvel,HOTSPOT,Sheffield standard,2,9,0,Público,Partilhado com Micromobilidade,06/05/2019,-9.1406467,38.7369986
15076,341,"Avenida Miguel Bombarda, 1A",Avenidas Novas,Lugar estacionamento automóvel,HOTSPOT,Sheffield standard,2,9,0,Público,Partilhado com Micromobilidade,06/05/2019,-9.1442812,38.7373907
15077,342,"Avenida António José Almeida, 5D",Areeiro,Lugar estacionamento automóvel,HOTSPOT,Sheffield standard,2,9,0,Público,Partilhado com Micromobilidade,08/05/2019,-9.1414937,38.7377952
15078,343,Rua do Arco do Cego,Avenidas Novas,Lugar estacionamento automóvel,HOTSPOT,Sheffield standard,2,9,0,Público,Partilhado com Micromobilidade,06/05/2019,-9.1421526,38.7393749
15079,344,"Avenida Elias Garcia, 48E",Avenidas Novas,Lugar estacionamento automóvel,HOTSPOT,Sheffield standard,2,9,0,Público,Partilhado com Micromobilidade,06/05/2019,-9.1442421,38.7396775
15080,345,"Campo Pequeno, 36",Areeiro,Lugar estacionamento automóvel,HOTSPOT,Sheffield standard,2,9,0,Público,Partilhado com Micromobilidade,14/05/2019,-9.1442722,38.7433211
15081,346,"Avenida Miguel Bombarda, 167",Avenidas Novas,Lugar estacionamento automóvel,HOTSPOT,Sheffield standard,2,9,0,Público,Partilhado com Micromobilidade,10/05/2019,-9.1521148,38.7362204
15082,347,"Avenida Miguel Bombarda, 123",Avenidas Novas,Lugar estacionamento automóvel,HOTSPOT,Sheffield standard,2,9,0,Público,Partilhado com Micromobilidade,07/05/2019,-9.1504942,38.7364593
15083,348,"Avenida António Augusto de Aguiar, 130A",Avenidas Novas,Lugar estacionamento automóvel,HOTSPOT,Sheffield standard,2,9,0,Público,Partilhado com Micromobilidade,20/05/2019,-9.1533769,38.7338645
15084,360,"Rua Pedro Nunes, 26",Avenidas Novas,Lugar estacionamento automóvel,HOTSPOT,Sheffield standard,2,9,0,Público,Partilhado com Micromobilidade,08/05/2019,-9.1474889,38.7333531
15085,361,"Rua Filipe Folque, 40",Avenidas Novas,Lugar estacionamento automóvel,HOTSPOT,Sheffield standard,2,9,0,Público,Partilhado com Micromobilidade,10/05/2019,-9.1481439,38.7344522
15086,362,"Avenida António Augusto de Aguiar, 100",Avenidas Novas,Lugar estacionamento automóvel,HOTSPOT,Sheffield standard,2,9,0,Público,Partilhado com Micromobilidade,14/05/2019,-9.1518404,38.7320722
15087,365,"Rua Pinheiro Chagas, 2",Avenidas Novas,Lugar estacionamento automóvel,HOTSPOT,Sheffield standard,2,9,0,Público,Partilhado com Micromobilidade,19/05/2019,-9.1459294,38.7326073
15088,366,"Avenida João Crisóstomo, 75A",Avenidas Novas,Lugar estacionamento automóvel,HOTSPOT,Sheffield standard,2,9,0,Público,Partilhado com Micromobilidade,07/05/2019,-9.1511108,38.7356612
15089,367,"Avenida João Crisóstomo, Casa da Moeda",Avenidas Novas,Lugar estacionamento automóvel,HOTSPOT,Sheffield standard,2,9,0,Público,Partilhado com Micromobilidade,08/05/2019,-9.1433961,38.7364288
15090,368,"Avenida 5 de Outubro, 12E/F",Avenidas Novas,Lugar estacionamento automóvel,HOTSPOT,Sheffield standard,2,9,0,Público,Partilhado com Micromobilidade,10/05/2019,-9.1467523,38.7333023
15091,369,"Rua Sousa Martins, 21",Arroios,Lugar estacionamento automóvel,HOTSPOT,Sheffield standard,2,9,0,Público,Partilhado com Micromobilidade,19/05/2019,-9.1456570,38.7300035
15092,370,"Praça José Fontana, 26B",Arroios,Lugar estacionamento automóvel,HOTSPOT,Sheffield standard,2,9,0,Público,Partilhado com Micromobilidade,15/05/2019,-9.1450254,38.7302209
15093,371,"Rua Gonçalves Crespo, 49",Arroios,Lugar estacionamento automóvel,HOTSPOT,Sheffield standard,2,9,0,Público,Partilhado com Micromobilidade,19/05/2019,-9.1440562,38.7283981
15094,372,"Rua Ferreira Lapa, 52",Arroios,Lugar estacionamento automóvel,HOTSPOT,Sheffield standard,2,9,0,Público,Partilhado com Micromobilidade,20/05/2019,-9.1447496,38.7281241
15095,373,"Rua de São Sebastião da Pedreira, 51",Avenidas Novas,Lugar estacionamento automóvel,HOTSPOT,Sheffield standard,2,9,0,Público,Partilhado com Micromobilidade,21/05/2019,-9.1495707,38.7302661
15096,374,"Rua Bernardo Lima, 66",Santo António,Lugar estacionamento automóvel,HOTSPOT,Sheffield standard,2,9,0,Público,Partilhado com Micromobilidade,20/05/2019,-9.1453531,38.7276394
15097,375,"Rua Eça de Queiroz, 11",Santo António,Lugar estacionamento automóvel,HOTSPOT,Sheffield standard,2,9,0,Público,Partilhado com Micromobilidade,21/05/2019,-9.1478610,38.7264279
15098,376,"Largo de Andaluz, 16",Santo António,Lugar estacionamento automóvel,HOTSPOT,Sheffield standard,2,9,0,Público,Partilhado com Micromobilidade,19/05/2019,-9.1477541,38.7275579
15099,377,"Rua Camilo Castelo Branco, 28",Santo António,Lugar estacionamento automóvel,HOTSPOT,Sheffield standard,2,9,0,Público,Partilhado com Micromobilidade,19/05/2019,-9.1480480,38.7255770
15100,378,"Rua Sousa Martins, 10",Arroios,Lugar estacionamento automóvel,HOTSPOT,Sheffield standard,2,9,0,Público,Partilhado com Micromobilidade,19/05/2019,-9.1462797,38.7287735
15101,379,"Rua Engenheiro Vieira da Silva, 3D",Arroios,Lugar estacionamento automóvel,HOTSPOT,Sheffield standard,2,9,0,Público,Partilhado com Micromobilidade,19/05/2019,-9.1450944,38.7323442
15102,380,"Avenida dos Defensores de Chaves, 1A",Arroios,Lugar estacionamento automóvel,HOTSPOT,Sheffield standard,2,9,0,Público,Partilhado com Micromobilidade,10/05/2019,-9.1429582,38.7328819
15103,381,"Avenida da República, 14",Avenidas Novas,Lugar estacionamento automóvel,HOTSPOT,Sheffield standard,2,9,0,Público,Partilhado com Micromobilidade,08/05/2019,-9.1451316,38.7356914
15104,382,"Avenida da República, 8",Arroios,Lugar estacionamento automóvel,HOTSPOT,Sheffield standard,2,9,0,Público,Partilhado com Micromobilidade,25/05/2019,-9.1449548,38.7349706
15105,395,"Avenida João Crisóstomo, 45",Avenidas Novas,Lugar estacionamento automóvel,HOTSPOT,Sheffield standard,2,9,0,Público,Partilhado com Micromobilidade,10/05/2019,-9.1487148,38.7358651
15106,399,"Avenida Praia da Vitória, 57",Arroios,Lugar estacionamento automóvel,HOTSPOT,Sheffield standard,2,9,0,Público,Partilhado com Micromobilidade,14/05/2019,-9.1438423,38.7339091
15107,400,"Avenida Casal Ribeiro, 56A",Arroios,Lugar estacionamento automóvel,HOTSPOT,Sheffield standard,2,9,0,Público,Partilhado com Micromobilidade,19/05/2019,-9.1441146,38.7333745
15108,401,"Avenida D. João II, 45",Parque das Nações,Passeio,BICICLETA,Cascata,1,10,0,Público,Partilhado com Micromobilidade,,-9.0977853,38.7722204
15109,402,"Avenida D. João II, 50",Parque das Nações,Passeio,BICICLETA,Cascata,1,10,0,Público,Partilhado com Micromobilidade,,-9.0971609,38.7706216
15110,403,Avenida Conselheiro Fernando de Sousa,Campolide,Passeio,BICICLETA,Grelha,4,8,0,Público,Partilhado com Micromobilidade,,-9.1618765,38.7271752
15111,404,Avenida de Brasília,Belém,Passeio,HOTSPOT,Sheffield standard,2,9,0,Público,Partilhado com Micromobilidade,08/06/2019,-9.1905529,38.6963600
15112,405,Praça do Império,Belém,Passeio,HOTSPOT,Sheffield standard,2,9,0,Público,Partilhado com Micromobilidade,08/06/2019,-9.2059415,38.6950105
15113,406,Avenida de Brasília,Belém,Passeio,HOTSPOT,Sheffield standard,2,9,0,Público,Partilhado com Micromobilidade,08/06/2019,-9.2100698,38.6929462
15114,407,Avenida de Brasília,Belém,Passeio,HOTSPOT,Sheffield standard,2,9,0,Público,Partilhado com Micromobilidade,08/06/2019,-9.2138120,38.6935525
15115,408,"Avenida da Universidade Técnica, ISCSP",Ajuda,Passeio,BICICLETA,Sheffield standard,4,8,0,Público,Partilhado com Micromobilidade,,-9.1981147,38.7135660
15116,409,"Rua da Palma, 43",Santa Maria Maior,Passeio,BICICLETA,Sheffield standard,4,8,0,Público,Partilhado com Micromobilidade,30/12/2018,-9.1367957,38.7160731
15117,410,"Avenida 24 de Julho, Mercado",Misericórdia,Passeio,BICICLETA,Sheffield standard,6,12,0,Público,Partilhado com Micromobilidade,,-9.1458217,38.7065850
15118,412,Avenida 24 de Julho,Estrela,Passeio,BICICLETA,Sheffield standard,2,4,0,Público,Partilhado com Micromobilidade,04/07/2019,-9.1541662,38.7067887
15119,413,"Rua do Instituto Bacteriológico, 3A",Arroios,Passeio,BICICLETA,Sheffield standard,2,4,0,Público,Partilhado com Micromobilidade,,-9.1393743,38.7185248
15120,414,"Rua de Dona Estefânia, 8",Arroios,Passeio,BICICLETA,Sheffield standard,3,6,0,Privado,Interdito Micromobilidade,21/11/2018,-9.1402045,38.7290880
15121,415,"Rua Dr. Almeida Amaral, 26",Arroios,Passeio,BICICLETA,Sheffield standard,3,6,0,Público,Partilhado com Micromobilidade,,-9.1419042,38.7237621
15122,416,"Avenida de Roma, 42C",Alvalade,Passeio,BICICLETA,Sheffield standard,5,10,0,Público,Partilhado com Micromobilidade,13/02/2019,-9.1405370,38.7470190
15123,417,"Avenida de Roma, 50",Alvalade,Passeio,BICICLETA,Sheffield standard,3,6,0,Público,Partilhado com Micromobilidade,13/02/2019,-9.1409604,38.7477611
15124,418,"Praça de São Paulo, Igreja",Misericórdia,Via,BICICLETA,Sheffield standard,2,4,0,Público,Interdito Micromobilidade,15/02/2019,-9.1450477,38.7078468
15125,419,Largo dos Stephens,Misericórdia,Passeio,BICICLETA,Sheffield standard,3,6,0,Público,Interdito Micromobilidade,15/02/2019,-9.1439179,38.7079646
15126,420,"Avenida da Igreja, 61",Alvalade,Via,BICICLETA,Sheffield standard,2,4,0,Público,Partilhado com Micromobilidade,28/03/2019,-9.1482831,38.7516136
15127,421,"Avenida da Igreja, 57",Alvalade,Via,BICICLETA,Sheffield standard,2,4,0,Público,Partilhado com Micromobilidade,28/03/2019,-9.1475741,38.7518438
15128,422,"Avenida da Igreja, 53",Alvalade,Via,BICICLETA,Sheffield standard,2,4,0,Público,Partilhado com Micromobilidade,28/03/2019,-9.1469320,38.7520639
15129,423,"Avenida da Igreja, 49",Alvalade,Via,BICICLETA,Sheffield standard,2,4,0,Público,Partilhado com Micromobilidade,28/03/2019,-9.1462895,38.7522601
15130,424,"Avenida da Igreja, 45",Alvalade,Via,BICICLETA,Sheffield standard,2,4,0,Público,Partilhado com Micromobilidade,28/03/2019,-9.1456594,38.7524658
15131,425,"Avenida da Igreja, 41A",Alvalade,Via,BICICLETA,Sheffield standard,2,4,0,Público,Partilhado com Micromobilidade,28/03/2019,-9.1451868,38.7526224
15132,426,"Rua José Duro, 20A",Alvalade,Lugar estacionamento automóvel,HOTSPOT,Sheffield standard,6,17,0,Público,Partilhado com Micromobilidade,06/04/2019,-9.1407167,38.7543787
15133,427,"Avenida da Igreja, 40A",Alvalade,Lugar estacionamento automóvel,BICICLETA,Sheffield standard,4,8,0,Público,Partilhado com Micromobilidade,06/04/2019,-9.1447565,38.7529252
15134,428,"Avenida da Igreja, 18",Alvalade,Via,BICICLETA,Sheffield standard,2,4,0,Público,Partilhado com Micromobilidade,05/04/2019,-9.1412862,38.7540370
15135,429,"Rua Marquesa de Alorna, 20",Alvalade,Via,BICICLETA,Sheffield standard,2,4,0,Público,Partilhado com Micromobilidade,18/03/2019,-9.1429422,38.7536057
15136,430,"Rua Luís Augusto Palmeirim, 18",Alvalade,Via,BICICLETA,Sheffield standard,2,4,0,Público,Partilhado com Micromobilidade,05/04/2019,-9.1430321,38.7550538
15137,431,Travessa de Estêvão Pinto,Campolide,Passeio,BICICLETA,Sheffield standard,4,8,0,Privado,Interdito Micromobilidade,,-9.1617222,38.7331411
15138,432,Travessa de Estêvão Pinto,Campolide,Passeio,BICICLETA,Sheffield standard,4,8,0,Privado,Interdito Micromobilidade,,-9.1617628,38.7331289
15139,433,Travessa de Estêvão Pinto,Campolide,Passeio,BICICLETA,Sheffield standard,5,10,0,Privado,Interdito Micromobilidade,,-9.1619402,38.7335869
15140,434,Travessa de Estêvão Pinto,Campolide,Passeio,BICICLETA,Sheffield standard,0,0,0,Privado,Interdito Micromobilidade,,-9.1621480,38.7335433
15141,435,Campus de Campolide,Campolide,Passeio,BICICLETA,Sheffield standard,4,8,0,Privado,Interdito Micromobilidade,,-9.1614779,38.7337240
15142,436,"Avenida de Berna, 26",Avenidas Novas,,BICICLETA,Sheffield standard,0,0,0,Privado,Interdito Micromobilidade,,-9.1510106,38.7401624
15143,437,"Avenida de Berna, 26",Avenidas Novas,,BICICLETA,Sheffield standard,0,0,0,Privado,Interdito Micromobilidade,,-9.1513483,38.7401175
15144,438,"Avenida de Berna, 26",Avenidas Novas,,BICICLETA,Sheffield standard,0,0,0,Privado,Interdito Micromobilidade,,-9.1515491,38.7401958
15145,439,"Avenida de Berna, 26",Avenidas Novas,,BICICLETA,Sheffield standard,0,0,0,Privado,Interdito Micromobilidade,,-9.1521002,38.7400919
15146,440,"Avenida de Berna, 26",Avenidas Novas,,BICICLETA,Sheffield standard,0,0,0,Privado,Interdito Micromobilidade,,-9.1521567,38.7399522
15147,442,"Rua Câmara Reis, Piscina",Parque das Nações,Passeio,BICICLETA,Onda,1,5,0,Público,Partilhado com Micromobilidade,,-9.0997579,38.7715118
15148,443,"Avenida de Pádua, Cemitério",Olivais,Via,BICICLETA,Sheffield standard,8,16,0,Público,Partilhado com Micromobilidade,,-9.1080643,38.7634865
15149,444,Rua Prof. Manuel Valadares,Lumiar,Passeio,BICICLETA,Sheffield standard,10,20,0,Público,Partilhado com Micromobilidade,,-9.1612568,38.7746944
15150,445,"Rua Alexandre Ferreira, 26",Lumiar,Via,BICICLETA,Sheffield standard,3,6,0,Público,Partilhado com Micromobilidade,,-9.1621976,38.7755459
15151,446,Campo Pequeno,Avenidas Novas,Passeio,BICICLETA,Lisboa,3,6,0,Público,Partilhado com Micromobilidade,,-9.1442225,38.7424139
15152,447,"Avenida Óscar Monteiro Torres, 20A",Areeiro,Passeio,BICICLETA,Onda,1,5,0,Público,Partilhado com Micromobilidade,,-9.1426483,38.7428581
15153,448,"Campo Pequeno, Palácio Galveias",Avenidas Novas,Passeio,BICICLETA,Entorta rodas,1,5,0,Privado,Interdito Micromobilidade,,-9.1436909,38.7416061
15154,449,"Praça David Leandro da Silva, 24",Marvila,Lugar estacionamento automóvel,BICICLETA,Sheffield standard,2,4,0,Público,Partilhado com Micromobilidade,12/11/2019,-9.1023076,38.7425799
15155,450,"Rua do Beato, 40",Beato,Via,HOTSPOT,Sheffield standard,2,9,0,Público,Partilhado com Micromobilidade,12/11/2019,-9.1052230,38.7345571
15156,451,"Rua de Nossa Senhora do Amparo, 3A",Benfica,Via,BICICLETA,Sheffield standard,2,4,0,Público,Partilhado com Micromobilidade,13/11/2019,-9.2045303,38.7501550
15157,452,"Alameda dos Oceanos, 2.14.01",Parque das Nações,Passeio,HOTSPOT,Sheffield standard,2,9,0,Público,Partilhado com Micromobilidade,14/11/2019,-9.0953475,38.7715948
15158,453,"Alameda dos Oceanos, 2.14.01",Parque das Nações,Passeio,HOTSPOT,Sheffield standard,2,9,0,Público,Partilhado com Micromobilidade,15/11/2019,-9.0951774,38.7735446
15159,454,"Rua do Bojador, 16D",Parque das Nações,Via,HOTSPOT,Sheffield standard,2,9,0,Público,Partilhado com Micromobilidade,14/11/2019,-9.0924345,38.7742174
15160,455,Alameda dos Oceanos,Parque das Nações,Via,BICICLETA,Sheffield standard,2,4,0,Público,Partilhado com Micromobilidade,18/11/2019,-9.0946904,38.7776683
15161,456,"Avenida Padre Cruz, Instituto Ricardo Jorge",Lumiar,Passeio,BICICLETA,Sheffield standard,3,6,0,Público,Partilhado com Micromobilidade,13/11/2019,-9.1642608,38.7645126
15162,457,"Rua Jorge Ferreira de Vasconcelos, Escola",Alvalade,Passeio,BICICLETA,Sheffield standard,4,8,0,Privado,Interdito Micromobilidade,25/10/2019,-9.1443051,38.7465987
15163,458,"Rua de Fernando Pedroso, Escola",Areeiro,Passeio,BICICLETA,Sheffield standard,4,8,0,Privado,Interdito Micromobilidade,29/10/2019,-9.1403290,38.7401994
15164,459,"Rua Caetano Alberto, Escola",Areeiro,Passeio,BICICLETA,Sheffield standard,11,22,0,Privado,Interdito Micromobilidade,29/10/2019,-9.1399294,38.7392491
15165,460,"Rua Jorge Ferreira de Vasconcelos, Escola",Alvalade,Passeio,BICICLETA,Sheffield standard,6,12,0,Público,Partilhado com Micromobilidade,24/10/2019,-9.1453630,38.7468589
15166,461,"Rua Dr. Júlio Dantas, Escola",Campolide,Via,BICICLETA,Sheffield standard,4,8,0,Privado,Interdito Micromobilidade,28/10/2019,-9.1587922,38.7346459
15167,462,"Rua Professor Mira Fernandes, Escola",Beato,Passeio,BICICLETA,Sheffield standard,5,10,0,Público,Partilhado com Micromobilidade,11/11/2019,-9.1212084,38.7394708
15168,463,"Rua Dr. Júlio Dantas, Escola",Campolide,Passeio,BICICLETA,Sheffield standard,3,6,0,Privado,Interdito Micromobilidade,28/10/2019,-9.1583872,38.7350777
15169,464,"Avenida Maria Helena Vieira da Silva, 39",Lumiar,Passeio,BICICLETA,Sheffield standard,5,10,0,Privado,Interdito Micromobilidade,30/10/2019,-9.1504973,38.7672423
15170,465,"Rua de Xabregas, 50",Beato,Lugar estacionamento automóvel,BICICLETA,Sheffield standard,2,4,0,Público,Partilhado com Micromobilidade,23/11/2019,-9.1111851,38.7267946
15171,466,"Alameda dos Oceanos, 2.14.01",Parque das Nações,Passeio,HOTSPOT,Sheffield standard,2,9,0,Público,Partilhado com Micromobilidade,22/11/2019,-9.0952335,38.7729614
15172,467,"Via do Oriente, 2H",Parque das Nações,Passeio,HOTSPOT,Sheffield standard,2,9,0,Público,Partilhado com Micromobilidade,18/11/2019,-9.0996880,38.7884038
15173,468,"Rua Cidade de Carmona, Escola",Olivais,Passeio,BICICLETA,Sheffield standard,5,10,0,Público,Partilhado com Micromobilidade,18/12/2019,-9.1165000,38.7663878
15174,469,"Passeio dos Heróis do Mar, 100",Parque das Nações,Passeio,HOTSPOT,Sheffield standard,2,9,0,Público,Partilhado com Micromobilidade,19/11/2019,-9.0977528,38.7930852
15175,470,"Rua Braamcamp, 90",Santo António,Passeio,HOTSPOT,Sheffield standard,2,9,0,Público,Partilhado com Micromobilidade,20/11/2019,-9.1526559,38.7211564
15176,471,Campo Grande,Alvalade,Passeio,HOTSPOT,Sheffield standard,2,9,0,Público,Partilhado com Micromobilidade,28/11/2019,-9.1535609,38.7547843
15177,472,"Campo Grande, 37A",Alvalade,Passeio,HOTSPOT,Sheffield standard,2,9,0,Público,Partilhado com Micromobilidade,28/11/2019,-9.1501953,38.7501317
15178,473,Rua Alexandre Herculano,Santo António,Passeio,HOTSPOT,Sheffield standard,2,9,0,Público,Partilhado com Micromobilidade,21/11/2019,-9.1510827,38.7221028
15179,474,"Rua Castilho, 26",Santo António,Passeio,HOTSPOT,Sheffield standard,2,9,0,Público,Partilhado com Micromobilidade,21/11/2019,-9.1502508,38.7214828
15180,475,"Rua Castilho, 22",Santo António,Passeio,HOTSPOT,Sheffield standard,2,9,0,Público,Partilhado com Micromobilidade,21/11/2019,-9.1497678,38.7209164
15181,476,"Rua Rodrigo da Fonseca, 15",Santo António,Passeio,HOTSPOT,Sheffield standard,2,9,0,Público,Partilhado com Micromobilidade,23/11/2019,-9.1512205,38.7205403
15182,477,"Rua Alexandre Herculano, 50B",Santo António,Passeio,BICICLETA,Sheffield standard,2,4,0,Público,Partilhado com Micromobilidade,25/11/2019,-9.1519447,38.7214944
15183,478,"Rua Alexandre Herculano, 46",Santo António,Passeio,BICICLETA,Sheffield estreito,3,6,0,Público,Partilhado com Micromobilidade,,-9.1510978,38.7219574
15184,479,"Praça das Casas Novas, Mercado",Olivais,Passeio,BICICLETA,Onda,1,5,0,Público,Partilhado com Micromobilidade,,-9.1132210,38.7716828
15185,480,"Rua da Escola Politécnica, 54",Santo António,Passeio,BICICLETA,Sheffield standard,4,8,0,Privado,Interdito Micromobilidade,,-9.1503274,38.7175149
15186,481,Rua Dr. João Couto,Benfica,Passeio,BICICLETA,Onda,2,10,0,Público,Partilhado com Micromobilidade,,-9.1887428,38.7517898
15187,483,"Rua José Domingos Barreiros, 1",Marvila,Lugar estacionamento automóvel,BICICLETA,Sheffield standard,4,8,0,Público,Partilhado com Micromobilidade,11/11/2019,-9.1037274,38.7374911
15188,485,"Alameda das Linhas de Torres, Mercado",Lumiar,Passeio,BICICLETA,Onda,1,5,0,Público,Partilhado com Micromobilidade,,-9.1621875,38.7735667
15189,488,"Rua João de Oliveira Miguens, 12",Estrela,Passeio,BICICLETA,Sheffield standard,3,6,0,Público,Partilhado com Micromobilidade,,-9.1741507,38.7048814
15190,490,Estrada da Serafina,Benfica,Passeio,BICICLETA,Sheffield estilizado,1,10,0,Público,Partilhado com Micromobilidade,,-9.1789369,38.7347660
15191,491,"Avenida Frei Miguel Contreiras, 53",Alvalade,Passeio,BICICLETA,Onda,1,5,0,Público,Partilhado com Micromobilidade,,-9.1384805,38.7457487
15193,493,"Campo Grande, 245",Alvalade,Passeio,BICICLETA,Sheffield standard,4,8,0,Público,Partilhado com Micromobilidade,,-9.1560890,38.7583165
15194,494,"Avenida Professor Gama Pinto, Cantina",Alvalade,Passeio,BICICLETA,Onda,2,10,0,Público,Partilhado com Micromobilidade,,-9.1592283,38.7511827
15196,496,"Avenida Almirante Gago Coutinho, Estacionamento",Areeiro,Passeio,BICICLETA,Onda,2,10,0,Público,Partilhado com Micromobilidade,,-9.1326081,38.7440964
15197,497,Avenida do Rio de Janeiro,Alvalade,Passeio,BICICLETA,Sheffield estreito,3,6,0,Público,Partilhado com Micromobilidade,,-9.1375954,38.7516354
15198,498,"Avenida Afonso Costa, 41",Areeiro,Passeio,BICICLETA,Sheffield estreito,3,6,0,Público,Partilhado com Micromobilidade,,-9.1268888,38.7404206
15199,499,"Avenida Fontes Pereira de Melo, 38",Arroios,Passeio,BICICLETA,Sheffield standard,8,16,0,Público,Partilhado com Micromobilidade,,-9.1463859,38.7308267
15200,500,"Avenida do Colégio Militar, 29",Benfica,Passeio,BICICLETA,Sheffield estreito,4,8,0,Público,Partilhado com Micromobilidade,,-9.1898778,38.7519060
15202,502,Campo Pequeno,Avenidas Novas,Passeio,BICICLETA,Sheffield estreito,3,6,0,Público,Partilhado com Micromobilidade,,-9.1465438,38.7422239
15204,504,Praça do Duque de Saldanha,Arroios,Passeio,BICICLETA,Sheffield standard,7,14,0,Público,Partilhado com Micromobilidade,30/11/2018,-9.1447123,38.7332009
15205,505,"Avenida do Colégio Militar, 15",Benfica,Passeio,BICICLETA,Sheffield estreito,5,10,0,Público,Partilhado com Micromobilidade,,-9.1914211,38.7506693
15206,506,"Rua João Frederico Ludovice, Mercado",Benfica,Passeio,BICICLETA,Onda,1,5,0,Público,Partilhado com Micromobilidade,,-9.2061851,38.7509082
15207,507,Avenida de Brasília,Estrela,Passeio,BICICLETA,Sheffield estreito,6,12,0,Público,Partilhado com Micromobilidade,,-9.1692202,38.7025488
15208,508,Alameda dos Oceanos,Parque das Nações,Passeio,BICICLETA,Sheffield standard,1,6,1,Público,Interdito Micromobilidade,,-9.0957155,38.7627492
15209,509,Passeio de Neptuno,Parque das Nações,Passeio,BICICLETA,Cascata,1,6,0,Público,Partilhado com Micromobilidade,,-9.0927451,38.7625696
15210,510,"Rua do Fogo de Santelmo, 2.22.01",Parque das Nações,Passeio,BICICLETA,Sheffield standard,3,6,0,Público,Partilhado com Micromobilidade,,-9.0950323,38.7611803
15211,512,"Largo dos Arautos, 4",Parque das Nações,Passeio,BICICLETA,Sheffield standard,4,8,0,Público,Partilhado com Micromobilidade,,-9.0958785,38.7603243
15212,513,Avenida Fernando Pessoa ao Parque das Nações,Parque das Nações,Passeio,BICICLETA,Entorta rodas,1,5,0,Público,Partilhado com Micromobilidade,,-9.0975288,38.7583891
15213,515,"Alameda dos Oceanos, 15C",Parque das Nações,Passeio,BICICLETA,Cascata,1,8,0,Público,Partilhado com Micromobilidade,,-9.0968227,38.7568101
15214,516,Largo Frei Heitor Pinto,Alvalade,Passeio,BICICLETA,Sheffield estreito,3,6,0,Público,Partilhado com Micromobilidade,,-9.1380017,38.7549386
15215,517,Largo da Paz,Ajuda,Passeio,BICICLETA,Sheffield standard,4,8,0,Público,Partilhado com Micromobilidade,04/06/2018,-9.2004403,38.7044320
15216,518,"Calçada da Ajuda, 202",Ajuda,Passeio,BICICLETA,Sheffield standard,3,6,0,Público,Partilhado com Micromobilidade,04/06/2018,-9.1993476,38.7042590
15217,519,"Travessa da Boa-Hora à Ajuda, 35",Ajuda,Passeio,BICICLETA,Sheffield standard,4,8,0,Público,Partilhado com Micromobilidade,04/06/2018,-9.1966806,38.7034344
15218,520,Largo da Boa-Hora à Ajuda,Ajuda,Passeio,HOTSPOT,Sheffield standard,2,9,0,Público,Partilhado com Micromobilidade,04/06/2018,-9.1947807,38.7036308
15219,521,Rocha Conde de Óbidos,Estrela,Passeio,BICICLETA,Borboleta,2,10,0,Público,Partilhado com Micromobilidade,,-9.1618605,38.7029474
15220,522,"Avenida de Brasília, Edif 115",Estrela,Passeio,BICICLETA,Borboleta,1,5,0,Público,Partilhado com Micromobilidade,,-9.1615590,38.7029214
15221,524,"Campo Grande, 83",Alvalade,Passeio,BICICLETA,Grelha,1,5,0,Público,Partilhado com Micromobilidade,,-9.1507127,38.7509178
15222,525,"Campo Grande, 173",Alvalade,Passeio,BICICLETA,Sheffield standard,4,8,0,Público,Partilhado com Micromobilidade,,-9.1535645,38.7550537
15223,526,"Rua Dr. João Soares, 17",Alvalade,Passeio,BICICLETA,Onda,3,15,0,Público,Partilhado com Micromobilidade,,-9.1532338,38.7527805
15224,527,Metro Campo Grande,Lumiar,Passeio,BICICLETA,Grelha,1,6,1,Privado,Interdito Micromobilidade,,-9.1576159,38.7597419
15225,528,"Rua Marquês de Sá da Bandeira, 94",Avenidas Novas,Passeio,BICICLETA,Sheffield standard,3,6,0,Público,Partilhado com Micromobilidade,,-9.1525777,38.7373090
15226,529,"Avenida Conde de Valbom, 122",Avenidas Novas,Passeio,BICICLETA,Onda,2,10,0,Público,Partilhado com Micromobilidade,,-9.1522714,38.7379700
15227,531,"Avenida Elias Garcia, 169",Avenidas Novas,Lugar estacionamento automóvel,BICICLETA,Sheffield standard,3,6,0,Público,Partilhado com Micromobilidade,11/08/2018,-9.1513743,38.7384088
15228,532,"Avenida Elias Garcia, 137",Avenidas Novas,Lugar estacionamento automóvel,BICICLETA,Sheffield standard,4,8,0,Público,Partilhado com Micromobilidade,11/08/2018,-9.1501584,38.7386018
15229,533,"Avenida Visconde de Valmor, 60A",Avenidas Novas,Lugar estacionamento automóvel,BICICLETA,Sheffield standard,5,10,0,Público,Partilhado com Micromobilidade,11/08/2018,-9.1495084,38.7377268
15230,534,"Avenida Visconde de Valmor, 47B",Avenidas Novas,Lugar estacionamento automóvel,BICICLETA,Sheffield standard,4,8,0,Público,Partilhado com Micromobilidade,11/08/2018,-9.1482274,38.7378416
15231,535,"Avenida Visconde de Valmor, 42B",Avenidas Novas,Lugar estacionamento automóvel,BICICLETA,Sheffield standard,5,10,0,Público,Partilhado com Micromobilidade,11/08/2018,-9.1477537,38.7380494
15232,536,"Rua Tomás de Anunciação, 45",Campo de Ourique,Via,BICICLETA,Sheffield standard,3,6,0,Público,Partilhado com Micromobilidade,03/08/2018,-9.1656207,38.7175433
15233,537,"Rua Almeida e Sousa, 25",Campo de Ourique,Passeio,BICICLETA,Sheffield estreito,4,8,0,Privado,Interdito Micromobilidade,,-9.1650123,38.7175439
15234,538,"Avenida Engenheiro Duarte Pacheco, 26",Campolide,Passeio,BICICLETA,Sheffield standard,6,12,0,Público,Partilhado com Micromobilidade,17/06/2018,-9.1609838,38.7244166
15235,539,"Alameda dos Oceanos, 2.11.01",Parque das Nações,Passeio,BICICLETA,Entorta rodas,1,9,0,Público,Partilhado com Micromobilidade,,-9.0955550,38.7641257
15236,540,Jardim Mário Ruivo,Parque das Nações,Passeio,BICIPARQUE,Cacifo,0,6,1,Privado,Interdito Micromobilidade,,-9.0933836,38.7618325
15237,541,"Avenida Praia da Vitória, 16",Arroios,Lugar estacionamento automóvel,BICICLETA,Sheffield standard,5,10,0,Público,Partilhado com Micromobilidade,,-9.1428972,38.7340646
15238,542,Passeio do Parque,Parque das Nações,Passeio,BICICLETA,Cascata,1,8,0,Público,Partilhado com Micromobilidade,,-9.0940496,38.7850966
15239,641,"Avenida António José Almeida, IST",Areeiro,Lugar estacionamento automóvel,HOTSPOT,Sheffield standard,2,9,0,Público,Partilhado com Micromobilidade,29/04/2019,-9.1393616,38.7380828
15240,642,Calçada da Tapada,Alcântara,Passeio,BICICLETA,Sheffield standard,3,6,0,Público,Partilhado com Micromobilidade,29/01/2019,-9.1844123,38.7059594
15241,643,Praceta do Chinquilho,Alcântara,Passeio,BICICLETA,Sheffield standard,2,4,0,Público,Partilhado com Micromobilidade,29/01/2019,-9.1914077,38.7019341
15242,644,"Rua do Instituto Industrial, 7C",Misericórdia,Passeio,BICICLETA,Sheffield standard,4,8,0,Público,Partilhado com Micromobilidade,20/02/2019,-9.1505721,38.7081175
15243,645,Passeio dos Heróis do Mar,Parque das Nações,Passeio,BICICLETA,Cascata,1,8,0,Público,Partilhado com Micromobilidade,,-9.0928212,38.7816138
15244,646,"Rua da Ilha dos Amores, Escola",Parque das Nações,Passeio,BICICLETA,Sheffield standard,14,28,0,Público,Partilhado com Micromobilidade,,-9.0930283,38.7782623
15245,647,Passeio do Tejo,Parque das Nações,Passeio,BICICLETA,Cascata,1,8,0,Público,Partilhado com Micromobilidade,,-9.0913209,38.7771551
15246,649,Travessa do Açafrão,Parque das Nações,Passeio,BICICLETA,Cascata,1,4,0,Público,Partilhado com Micromobilidade,,-9.0919710,38.7734544
15247,650,"Rua Marquês do Soveral, Escola",Alvalade,Via,HOTSPOT,Sheffield standard,2,9,0,Público,Partilhado com Micromobilidade,06/04/2019,-9.1361393,38.7579419
15248,651,Travessa da Canela,Parque das Nações,Passeio,BICICLETA,Cascata,1,4,0,Público,Partilhado com Micromobilidade,,-9.0921524,38.7715521
15249,653,"Avenida D. João II, 49",Parque das Nações,Passeio,BICICLETA,Cascata,1,8,0,Público,Partilhado com Micromobilidade,,-9.0976402,38.7733349
15250,654,"Alameda dos Oceanos, 57",Parque das Nações,Passeio,BICICLETA,Cascata,1,8,0,Público,Partilhado com Micromobilidade,,-9.0959024,38.7701803
15251,655,Jardim Garcia de Orta ao Parque das Nações,Parque das Nações,Passeio,BICICLETA,Cascata,1,8,0,Público,Partilhado com Micromobilidade,,-9.0923293,38.7693978
15252,656,"Alameda dos Oceanos, 49",Parque das Nações,Passeio,BICICLETA,Sheffield standard,5,10,0,Público,Partilhado com Micromobilidade,,-9.0958035,38.7677829
15253,657,"Alameda dos Oceanos, 49",Parque das Nações,Passeio,BICICLETA,Sheffield standard,5,10,0,Público,Partilhado com Micromobilidade,,-9.0958637,38.7673378
15254,2540,Rua Cipriano Dourado,Lumiar,Lugar estacionamento automóvel,BICICLETA,Sheffield estreito,12,12,1,Privado,Interdito Micromobilidade,,-9.1575051,38.7597794
15255,2541,"Avenida de Berlim, 19",Olivais,Passeio,BICICLETA,Sheffield standard,8,16,0,Público,Partilhado com Micromobilidade,,-9.1064500,38.7676802
15256,665,"Rua Lopes de Mendonça, Escola",Alvalade,Via,BICICLETA,Sheffield standard,2,4,0,Público,Partilhado com Micromobilidade,01/06/2022,-9.1378089,38.7562890
15258,667,"Rua Dr. João Soares, 15",Alvalade,Lugar estacionamento automóvel,HOTSPOT,Sheffield standard,2,9,0,Público,Partilhado com Micromobilidade,01/08/2019,-9.1530277,38.7528770
15259,668,"Rua Dr. João Soares, 15",Alvalade,Lugar estacionamento automóvel,BICICLETA,Sheffield standard,4,8,0,Público,Partilhado com Micromobilidade,01/06/2022,-9.1530788,38.7528562
15260,543,"Alameda dos Oceanos, 1.08.01",Parque das Nações,Passeio,BICICLETA,Sheffield standard,6,12,0,Público,Partilhado com Micromobilidade,,-9.0953465,38.7735539
15261,544,"Alameda dos Oceanos, 1.08.01",Parque das Nações,Passeio,BICICLETA,Sheffield standard,6,12,0,Público,Partilhado com Micromobilidade,,-9.0953692,38.7729782
15262,609,Praça do Marquês de Pombal,Santo António,Passeio,BICICLETA,Sheffield standard,4,8,0,Público,Partilhado com Micromobilidade,15/04/2019,-9.1502453,38.7245556
15263,610,Praça do Marquês de Pombal,Santo António,Passeio,BICICLETA,Sheffield standard,6,12,0,Público,Partilhado com Micromobilidade,15/04/2019,-9.1491211,38.7255210
15264,611,Avenida Almirante Reis,Areeiro,Passeio,BICICLETA,Sheffield standard,5,10,0,Público,Partilhado com Micromobilidade,15/04/2019,-9.1335171,38.7372289
15265,612,"Avenida 5 de Outubro, 345",Avenidas Novas,Lugar estacionamento automóvel,HOTSPOT,Sheffield standard,2,9,0,Público,Partilhado com Micromobilidade,17/04/2019,-9.1504266,38.7477419
15266,613,"Avenida 5 de Outubro, 293",Avenidas Novas,Lugar estacionamento automóvel,HOTSPOT,Sheffield standard,2,9,0,Público,Partilhado com Micromobilidade,17/04/2019,-9.1500424,38.7468196
15267,614,"Avenida 5 de Outubro, 265A",Avenidas Novas,Lugar estacionamento automóvel,HOTSPOT,Sheffield standard,2,9,0,Público,Partilhado com Micromobilidade,17/04/2019,-9.1497414,38.7455397
15268,615,"Avenida Álvaro Pais, 2",Avenidas Novas,Lugar estacionamento automóvel,HOTSPOT,Sheffield standard,2,9,0,Público,Partilhado com Micromobilidade,17/04/2019,-9.1498832,38.7446524
15269,616,Rua Ivone Silva,Avenidas Novas,Lugar estacionamento automóvel,HOTSPOT,Sheffield standard,2,9,0,Público,Partilhado com Micromobilidade,17/04/2019,-9.1509930,38.7426996
15270,617,"Rua de Entrecampos, 66D",Alvalade,Lugar estacionamento automóvel,HOTSPOT,Sheffield standard,2,9,0,Público,Partilhado com Micromobilidade,22/04/2019,-9.1474046,38.7482335
15271,618,"Rua de Entrecampos, 19",Alvalade,Lugar estacionamento automóvel,HOTSPOT,Sheffield standard,2,9,0,Público,Partilhado com Micromobilidade,22/04/2019,-9.1462106,38.7458117
15272,619,"Rua Domingos Monteiro, 7B",Avenidas Novas,Lugar estacionamento automóvel,HOTSPOT,Sheffield standard,2,9,0,Público,Partilhado com Micromobilidade,18/04/2019,-9.1470084,38.7446741
15273,620,"Rua de Entrecampos, 9",Avenidas Novas,Lugar estacionamento automóvel,HOTSPOT,Sheffield standard,2,9,0,Público,Partilhado com Micromobilidade,22/04/2019,-9.1452077,38.7446182
15274,621,Rua Chaby Pinheiro,Avenidas Novas,Lugar estacionamento automóvel,HOTSPOT,Sheffield standard,2,9,0,Público,Partilhado com Micromobilidade,18/04/2019,-9.1459048,38.7436135
15275,622,"Campo Pequeno, 17",Avenidas Novas,Lugar estacionamento automóvel,HOTSPOT,Sheffield standard,2,9,0,Público,Partilhado com Micromobilidade,22/04/2019,-9.1453548,38.7435827
15276,624,"Avenida 5 de Outubro, 186",Avenidas Novas,Lugar estacionamento automóvel,HOTSPOT,Sheffield standard,2,9,0,Público,Partilhado com Micromobilidade,29/04/2019,-9.1489398,38.7421733
15277,625,"Rua Laura Alves, 12A",Avenidas Novas,Lugar estacionamento automóvel,HOTSPOT,Sheffield standard,2,9,0,Público,Partilhado com Micromobilidade,25/04/2019,-9.1501169,38.7408772
15278,627,"Avenida Barbosa du Bocage, 117",Avenidas Novas,Lugar estacionamento automóvel,HOTSPOT,Sheffield standard,2,9,0,Público,Partilhado com Micromobilidade,29/04/2019,-9.1498422,38.7397183
15279,628,"Avenida Barbosa du Bocage, 120",Avenidas Novas,Lugar estacionamento automóvel,HOTSPOT,Sheffield standard,2,9,0,Público,Partilhado com Micromobilidade,29/04/2019,-9.1487608,38.7399664
15280,629,"Avenida Barbosa du Bocage, 67",Avenidas Novas,Lugar estacionamento automóvel,HOTSPOT,Sheffield standard,2,9,0,Público,Partilhado com Micromobilidade,29/04/2019,-9.1474778,38.7400842
15281,630,"Avenida Elias Garcia, 84",Avenidas Novas,Lugar estacionamento automóvel,HOTSPOT,Sheffield standard,2,9,0,Público,Partilhado com Micromobilidade,29/04/2019,-9.1478134,38.7391294
15282,633,"Avenida Conde de Valbom, 61",Avenidas Novas,Lugar estacionamento automóvel,HOTSPOT,Sheffield standard,2,9,0,Público,Partilhado com Micromobilidade,29/04/2019,-9.1508504,38.7368628
15283,876,"Avenida 24 de Julho, 102",Estrela,Passeio,BICICLETA,Sheffield standard,2,4,0,Público,Partilhado com Micromobilidade,13/08/2020,-9.1613268,38.7041459
15284,877,"Avenida 24 de Julho, 140C",Estrela,Lugar estacionamento automóvel,HOTSPOT,Sheffield standard,4,13,0,Público,Partilhado com Micromobilidade,13/08/2020,-9.1669706,38.7037219
15285,879,"Avenida D. João II, 1.15.01",Parque das Nações,Lugar estacionamento automóvel,BICICLETA,Car Bike Port,5,10,0,Público,Partilhado com Micromobilidade,28/08/2020,-9.0980606,38.7676578
15286,880,"Rua dos Anjos, 86",Arroios,Lugar estacionamento automóvel,BICICLETA,Sheffield standard,4,8,0,Público,Partilhado com Micromobilidade,01/09/2020,-9.1362548,38.7261490
15287,881,"Rua Rebelo da Silva, 9",Arroios,Lugar estacionamento automóvel,HOTSPOT,Sheffield standard,4,9,0,Público,Partilhado com Micromobilidade,01/09/2020,-9.1382640,38.7316884
15288,882,"Rua António Pedro, 38",Arroios,Lugar estacionamento automóvel,HOTSPOT,Sheffield standard,2,9,0,Público,Partilhado com Micromobilidade,01/09/2020,-9.1352582,38.7314228
15289,883,"Rua Passos Manuel, 108A",Arroios,Lugar estacionamento automóvel,HOTSPOT,Sheffield standard,4,13,0,Público,Partilhado com Micromobilidade,01/09/2020,-9.1368639,38.7304053
15290,884,"Rua Passos Manuel, 64A",Arroios,Lugar estacionamento automóvel,BICICLETA,Sheffield standard,4,8,0,Público,Partilhado com Micromobilidade,01/09/2020,-9.1368170,38.7286582
15291,885,"Rua Passos Manuel, 2A",Arroios,Lugar estacionamento automóvel,HOTSPOT,Sheffield standard,2,9,0,Público,Partilhado com Micromobilidade,01/09/2020,-9.1367769,38.7271610
15292,886,"Rua José Estevão, 35",Arroios,Lugar estacionamento automóvel,HOTSPOT,Sheffield standard,2,9,0,Público,Partilhado com Micromobilidade,01/09/2020,-9.1376138,38.7287487
15293,887,"Rua Bernardim Ribeiro, 16",Arroios,Lugar estacionamento automóvel,BICICLETA,Sheffield standard,2,4,0,Público,Partilhado com Micromobilidade,01/06/2022,-9.1425474,38.7270239
15294,888,"Rua Bernardim Ribeiro, 28",Santo António,Lugar estacionamento automóvel,BICICLETA,Sheffield standard,2,4,0,Público,Partilhado com Micromobilidade,01/06/2022,-9.1434535,38.7263578
15295,889,"Rua José Estêvão, 117B",Arroios,Lugar estacionamento automóvel,BICICLETA,Sheffield standard,4,8,0,Público,Partilhado com Micromobilidade,01/09/2020,-9.1376584,38.7304388
15296,890,"Rua Alexandre Braga, 20",Arroios,Lugar estacionamento automóvel,HOTSPOT,Sheffield standard,4,9,0,Público,Partilhado com Micromobilidade,01/09/2020,-9.1395860,38.7307530
15297,891,"Rua General Garcia Rosado, 2",Arroios,Lugar estacionamento automóvel,HOTSPOT,Sheffield standard,2,9,0,Público,Partilhado com Micromobilidade,01/09/2020,-9.1405253,38.7292750
15298,892,"Campo dos Mártires da Pátria, 50",Arroios,Lugar estacionamento automóvel,HOTSPOT,Sheffield standard,2,9,0,Público,Partilhado com Micromobilidade,01/09/2020,-9.1403831,38.7221626
15299,893,"Campo dos Mártires da Pátria, 117",Arroios,Lugar estacionamento automóvel,HOTSPOT,Sheffield standard,2,9,0,Público,Partilhado com Micromobilidade,01/09/2020,-9.1394328,38.7225136
15300,1220,"Rua do Grilo, 129",Beato,Lugar estacionamento automóvel,HOTSPOT,Sheffield standard,2,9,0,Público,Partilhado com Micromobilidade,26/10/2020,-9.1078203,38.7303320
15301,1221,"Estrada de Benfica, 535",Benfica,Lugar estacionamento automóvel,BICICLETA,Sheffield standard,4,8,0,Público,Partilhado com Micromobilidade,26/10/2020,-9.1944729,38.7497471
15302,1222,"Estrada de Benfica, 537",Benfica,Lugar estacionamento automóvel,HOTSPOT,Sheffield standard,2,9,0,Público,Partilhado com Micromobilidade,26/10/2020,-9.1959498,38.7500101
15303,1223,Rua Afonso Lopes Vieira,Alvalade,Via,HOTSPOT,Sheffield standard,2,9,0,Público,Partilhado com Micromobilidade,09/10/2020,-9.1493016,38.7547207
15304,1224,"Alameda Padre Álvaro Proença, 2A",Benfica,Lugar estacionamento automóvel,HOTSPOT,Sheffield standard,2,9,0,Público,Partilhado com Micromobilidade,26/10/2020,-9.2014846,38.7489615
15305,1225,"Rua Laura Ayres, 4",Carnide,Lugar estacionamento automóvel,HOTSPOT,Sheffield standard,2,9,0,Público,Partilhado com Micromobilidade,26/10/2020,-9.1834257,38.7650774
15307,1227,"Avenida Professor Aníbal de Bettencourt, ISCTE (Edifício II)",Alvalade,Passeio,BICICLETA,Cascata,2,20,0,Público,Partilhado com Micromobilidade,,-9.1531687,38.7495977
15309,1231,"Praça de Goa, 3-3B",Belém,Passeio,BICICLETA,Sheffield standard,6,12,0,Privado,Interdito Micromobilidade,26/11/2020,-9.2179789,38.7012869
15310,1232,"Avenida Infante Dom Henrique, 319",Marvila,Passeio,BICICLETA,Sheffield estilizado,4,8,0,Público,Partilhado com Micromobilidade,,-9.1034297,38.7556244
15311,2319,Avenida Dr. Francisco Luís Gomes,Olivais,Passeio,HOTSPOT,Desconhecido,0,10,0,Público,Dedicado Micromobilidade,23/10/2023,-9.1058156,38.7728901
15312,2320,Rua Alferes Santos Sasso,Olivais,Passeio,HOTSPOT,Desconhecido,0,10,0,Público,Dedicado Micromobilidade,23/10/2023,-9.1115925,38.7696339
15313,2539,Rua Mário Sampaio Ribeiro,Lumiar,Passeio,BICICLETA,Sheffield standard,4,8,0,Privado,Interdito Micromobilidade,09/01/2025,-9.1615824,38.7688129
15314,1233,"Avenida Infante Dom Henrique, Lote 17-18",Olivais,Via,BICICLETA,Entorta rodas,6,6,0,Privado,Interdito Micromobilidade,,-9.1040780,38.7568494
15315,1234,Campus de Benfica do Instituto Politécnico de Lisboa,Benfica,Passeio,BICICLETA,Entorta rodas,1,5,0,Privado,Interdito Micromobilidade,,-9.1956800,38.7465933
15316,1235,Eixo Central,Lumiar,Passeio,BICICLETA,Onda,2,10,0,Público,Partilhado com Micromobilidade,18/05/2013,-9.1490366,38.7686342
15317,1236,Eixo Central,Lumiar,Passeio,BICICLETA,Onda,2,10,0,Público,Partilhado com Micromobilidade,18/05/2013,-9.1490304,38.7684674
15318,1237,"Rua João Saraiva, 24",Alvalade,Lugar estacionamento automóvel,HOTSPOT,Sheffield standard,2,9,0,Público,Partilhado com Micromobilidade,24/07/2020,-9.1423847,38.7567108
15319,1238,"Avenida Maria Helena Vieira da Silva, 39",Lumiar,Passeio,BICICLETA,Sheffield standard,4,8,0,Público,Partilhado com Micromobilidade,09/09/2020,-9.1504140,38.7671820
15320,1239,Rua de Moscavide ao Parque das Nações,Parque das Nações,Lugar estacionamento automóvel,HOTSPOT,Sheffield standard,2,9,0,Público,Partilhado com Micromobilidade,26/10/2020,-9.0980873,38.7780993
15321,1240,"Rua Hermínio da Palma Inácio, Lote 29.02",Santa Clara,Passeio,BICICLETA,Entorta rodas,1,6,1,Privado,Interdito Micromobilidade,,-9.1458398,38.7885619
15322,1241,"Rua Princípe do Mónaco, Escola",Parque das Nações,Passeio,BICICLETA,Cascata,1,8,0,Privado,Interdito Micromobilidade,,-9.0971910,38.7857400
15323,1242,"Rua Conselheiro Emídio Navarro, ISEL",Marvila,Passeio,BICICLETA,Cascata,4,8,0,Privado,Interdito Micromobilidade,,-9.1167359,38.7569311
15324,1243,"Rua Conselheiro Emídio Navarro, ISEL",Marvila,Passeio,BICICLETA,Entorta rodas,2,10,1,Privado,Interdito Micromobilidade,,-9.1176267,38.7570295
15325,1244,"Avenida António Augusto de Aguiar, 167",Avenidas Novas,Lugar estacionamento automóvel,BICICLETA,Sheffield standard,5,10,0,Público,Partilhado com Micromobilidade,,-9.1550661,38.7355454
15326,1245,Avenida Columbano Bordalo Pinheiro,Campolide,Passeio,BICICLETA,Sheffield standard,12,24,0,Público,Partilhado com Micromobilidade,11/12/2020,-9.1597405,38.7379426
15327,634,"Avenida Marquês de Tomar, 56",Avenidas Novas,Lugar estacionamento automóvel,HOTSPOT,Sheffield standard,2,9,0,Público,Partilhado com Micromobilidade,29/04/2019,-9.1493811,38.7368962
15328,636,"Avenida da República, 44",Avenidas Novas,Lugar estacionamento automóvel,HOTSPOT,Sheffield standard,2,9,0,Público,Partilhado com Micromobilidade,29/04/2019,-9.1459625,38.7391127
15329,637,"Avenida da República, 36",Avenidas Novas,Lugar estacionamento automóvel,HOTSPOT,Sheffield standard,2,9,0,Público,Partilhado com Micromobilidade,29/04/2019,-9.1457026,38.7380426
15330,638,"Avenida da República, 28A",Avenidas Novas,Lugar estacionamento automóvel,HOTSPOT,Sheffield standard,2,9,0,Público,Partilhado com Micromobilidade,29/04/2019,-9.1454611,38.7370590
15331,639,"Avenida da República, 56D",Avenidas Novas,Lugar estacionamento automóvel,HOTSPOT,Sheffield standard,2,9,0,Público,Partilhado com Micromobilidade,29/04/2019,-9.1463264,38.7410911
15332,640,"Avenida dos Defensores de Chaves, 99",Avenidas Novas,Lugar estacionamento automóvel,HOTSPOT,Sheffield standard,2,9,0,Público,Partilhado com Micromobilidade,29/04/2019,-9.1449038,38.7413539
15333,545,"Alameda dos Oceanos, 2.14.01",Parque das Nações,Passeio,BICICLETA,Cascata,1,10,0,Público,Partilhado com Micromobilidade,,-9.0954768,38.7715878
15334,546,Alameda dos Oceanos,Parque das Nações,Passeio,BICICLETA,Sheffield standard,5,10,0,Público,Partilhado com Micromobilidade,,-9.0960553,38.7624817
15335,548,"Rua Bernardo Lima, 35B",Santo António,Via,BICICLETA,Sheffield standard,3,12,0,Público,Partilhado com Micromobilidade,,-9.1451505,38.7273168
15336,552,"Avenida Guerra Junqueiro, 13",Areeiro,Via,BICICLETA,Sheffield standard,3,6,0,Público,Partilhado com Micromobilidade,10/04/2018,-9.1355924,38.7388095
15337,553,"Avenida Guerra Junqueiro, 24",Areeiro,Via,BICICLETA,Sheffield standard,3,6,0,Público,Partilhado com Micromobilidade,10/04/2018,-9.1359619,38.7392922
15338,554,"Avenida Guerra Junqueiro, 26",Areeiro,Via,BICICLETA,Sheffield standard,3,6,0,Público,Partilhado com Micromobilidade,10/04/2018,-9.1361122,38.7394475
15339,555,"Avenida Guerra Junqueiro, 23D",Areeiro,Passeio,BICICLETA,Sheffield estreito,3,6,0,Público,Partilhado com Micromobilidade,,-9.1365675,38.7397502
15340,556,"Avenida Rovisco Pais, 20",Areeiro,Passeio,BICICLETA,Onda,1,5,0,Público,Partilhado com Micromobilidade,,-9.1385784,38.7353434
15341,558,"Campo Grande, 376",Alvalade,Passeio,BICICLETA,Sheffield estreito,5,10,0,Público,Partilhado com Micromobilidade,,-9.1533218,38.7578363
15342,559,Campo Grande,Alvalade,Passeio,BICICLETA,Entorta rodas,2,35,0,Privado,Interdito Micromobilidade,,-9.1508395,38.7525120
15343,560,"Avenida Duque d' Ávila, 42",Avenidas Novas,Passeio,BICICLETA,Onda,1,5,0,Público,Partilhado com Micromobilidade,,-9.1465398,38.7351373
15344,561,"Avenida Duque d' Ávila, 56",Avenidas Novas,Passeio,BICICLETA,Onda,1,5,0,Público,Partilhado com Micromobilidade,,-9.1479140,38.7350982
15345,2089,"Rua Alfredo da Silva, 12",Ajuda,Passeio,HOTSPOT,Desconhecido,0,10,0,Público,Dedicado Micromobilidade,17/04/2023,-9.1943793,38.7017455
15346,2090,"Rua do Meio à Ajuda, 30",Ajuda,Passeio,HOTSPOT,Desconhecido,0,10,0,Público,Dedicado Micromobilidade,17/04/2023,-9.2003665,38.7055378
15347,562,"Avenida Duque d' Ávila, 30",Avenidas Novas,Passeio,BICICLETA,Onda,1,5,0,Público,Partilhado com Micromobilidade,,-9.1444126,38.7351880
15348,563,Avenida Duque d' Ávila,Avenidas Novas,Passeio,BICICLETA,Sheffield estreito,3,6,0,Público,Partilhado com Micromobilidade,,-9.1425875,38.7353394
15349,564,"Avenida Rovisco Pais, 4",Areeiro,Passeio,BICICLETA,Onda,1,5,0,Público,Partilhado com Micromobilidade,,-9.1395598,38.7353399
15350,565,Rua Febo Moniz,Arroios,Passeio,BICICLETA,Sheffield estreito,3,6,0,Público,Partilhado com Micromobilidade,,-9.1351852,38.7264333
15351,566,"Rua dos Anjos, 63",Arroios,Passeio,BICICLETA,Sheffield standard,3,6,0,Público,Partilhado com Micromobilidade,,-9.1361320,38.7248658
15352,567,"Largo do Intendente Pina Manique, 36",Arroios,Passeio,BICICLETA,Sheffield standard,3,6,0,Público,Partilhado com Micromobilidade,,-9.1347826,38.7211377
15353,568,Rua António Pedro,Arroios,Passeio,BICICLETA,Sheffield standard,3,6,0,Público,Partilhado com Micromobilidade,,-9.1351721,38.7337600
15354,569,"Rua dos Heróis de Quionga, 17",Arroios,Passeio,BICICLETA,Sheffield standard,2,4,0,Público,Partilhado com Micromobilidade,,-9.1326861,38.7311417
15355,570,"Rua Maria, 73",Arroios,Via,BICICLETA,Sheffield standard,3,6,0,Público,Partilhado com Micromobilidade,,-9.1331539,38.7248167
15356,571,"Rua Maria, 38",Arroios,Passeio,BICICLETA,Sheffield standard,2,4,0,Público,Partilhado com Micromobilidade,,-9.1332126,38.7232679
15357,572,"Rua Angelina Vidal, 73",Arroios,Passeio,BICICLETA,Sheffield standard,1,2,0,Privado,Interdito Micromobilidade,,-9.1318506,38.7235349
15358,574,Praça do Império,Belém,Passeio,HOTSPOT,Sheffield standard,4,9,0,Público,Partilhado com Micromobilidade,03/10/2018,-9.2072460,38.6956904
15359,575,Avenida de Brasília,Belém,Via,HOTSPOT,Sheffield standard,4,13,0,Público,Partilhado com Micromobilidade,28/01/2018,-9.1878207,38.6968206
15360,576,"Praça do Duque da Terceira, 2",Misericórdia,Passeio,HOTSPOT,Sheffield standard,2,9,0,Público,Partilhado com Micromobilidade,15/02/2019,-9.1438221,38.7066268
15361,577,Cais do Sodré,Misericórdia,Passeio,HOTSPOT,Sheffield standard,2,9,0,Público,Partilhado com Micromobilidade,15/02/2019,-9.1436561,38.7053051
15362,578,Cais do Sodré,Misericórdia,Passeio,HOTSPOT,Sheffield standard,2,9,0,Público,Partilhado com Micromobilidade,15/02/2019,-9.1434765,38.7053091
15363,580,"Avenida Almirante Reis, 19D",Arroios,Lugar estacionamento automóvel,BICICLETA,Sheffield standard,3,6,0,Público,Partilhado com Micromobilidade,07/01/2019,-9.1354317,38.7219678
15364,581,Rua Febo Moniz,Arroios,Passeio,HOTSPOT,Sheffield standard,6,17,0,Público,Partilhado com Micromobilidade,30/01/2019,-9.1352507,38.7264841
15365,582,"Avenida da República, 11",Avenidas Novas,Passeio,HOTSPOT,Sheffield standard,2,9,0,Público,Partilhado com Micromobilidade,12/02/2019,-9.1453492,38.7350302
15366,585,"Avenida António Serpa, 1",Avenidas Novas,Passeio,BICICLETA,Sheffield standard,2,4,0,Público,Partilhado com Micromobilidade,13/02/2019,-9.1475949,38.7431895
15367,586,"Avenida António Serpa, 1",Avenidas Novas,Passeio,HOTSPOT,Sheffield standard,2,9,0,Público,Partilhado com Micromobilidade,13/02/2019,-9.1475159,38.7432118
15368,587,Avenida Duque d' Ávila,Avenidas Novas,Passeio,HOTSPOT,Sheffield standard,2,9,0,Público,Partilhado com Micromobilidade,13/02/2019,-9.1427829,38.7353456
15369,588,"Avenida de Roma, 6D",Areeiro,Passeio,HOTSPOT,Sheffield standard,2,9,0,Público,Partilhado com Micromobilidade,13/02/2019,-9.1380393,38.7422466
15370,589,"Avenida de Roma, 58",Alvalade,Passeio,HOTSPOT,Sheffield standard,2,9,0,Público,Partilhado com Micromobilidade,13/02/2019,-9.1414153,38.7486482
15371,590,"Praça de Alvalade, 12",Alvalade,Passeio,HOTSPOT,Sheffield standard,2,9,0,Público,Partilhado com Micromobilidade,13/02/2019,-9.1438227,38.7535322
15372,591,Campo Pequeno,Avenidas Novas,Passeio,BICICLETA,Sheffield estreito,3,6,0,Público,Partilhado com Micromobilidade,,-9.1451476,38.7434473
15373,596,"Avenida 5 de Outubro, 20",Avenidas Novas,Lugar estacionamento automóvel,HOTSPOT,Sheffield standard,2,9,0,Público,Partilhado com Micromobilidade,10/05/2019,-9.1469819,38.7342859
15374,597,"Rua Filipe Folque, 32",Avenidas Novas,Lugar estacionamento automóvel,HOTSPOT,Sheffield standard,2,9,0,Público,Partilhado com Micromobilidade,10/05/2019,-9.1485421,38.7337927
15375,598,"Rua Jau, Escola",Alcântara,Passeio,BICICLETA,Sheffield standard,3,6,0,Público,Partilhado com Micromobilidade,29/01/2019,-9.1883235,38.7023059
15376,599,"Avenida de Brasília, Museu",Estrela,Via,BICICLETA,Borboleta,1,6,0,Público,Partilhado com Micromobilidade,,-9.1714034,38.7029551
15377,602,"Avenida Duque d'Ávila, 2C",Areeiro,Passeio,BICICLETA,Onda,1,5,0,Público,Partilhado com Micromobilidade,,-9.1409703,38.7352797
15378,603,"Rua António Enes, 23",Avenidas Novas,Passeio,BICICLETA,Onda,1,4,0,Público,Partilhado com Micromobilidade,,-9.1494300,38.7348132
15379,604,"Rua Tomás Ribeiro, 47D",Avenidas Novas,Passeio,BICICLETA,Sheffield standard,2,4,0,Público,Partilhado com Micromobilidade,30/04/2019,-9.1470713,38.7308886
15380,605,"Rua de Dona Estefânia, 157",Arroios,Passeio,BICICLETA,Sheffield standard,3,6,0,Público,Partilhado com Micromobilidade,,-9.1410220,38.7327900
15381,606,Rua Alferes Malheiro,Alvalade,Lugar estacionamento automóvel,HOTSPOT,Sheffield standard,2,9,0,Público,Partilhado com Micromobilidade,09/04/2019,-9.1346779,38.7583765
15382,673,Campus de Campolide,Campolide,Passeio,BICICLETA,Sheffield standard,5,10,0,Privado,Interdito Micromobilidade,,-9.1613748,38.7328677
15383,1064,"Avenida do Rio de Janeiro, 66",Alvalade,Passeio,BICICLETA,Sheffield standard,2,4,0,Público,Partilhado com Micromobilidade,17/09/2020,-9.1406018,38.7579000
15384,1065,"Rua João Saraiva, 1",Alvalade,Passeio,HOTSPOT,Sheffield standard,2,9,0,Público,Partilhado com Micromobilidade,17/09/2020,-9.1406862,38.7571366
15385,1066,Rua Cordeiro Ferreira,Lumiar,Passeio,HOTSPOT,Sheffield standard,2,9,0,Público,Partilhado com Micromobilidade,17/09/2020,-9.1600858,38.7726585
15386,1067,"Rua da República do Paraguai, 24",Lumiar,Passeio,BICICLETA,Sheffield standard,3,6,0,Público,Partilhado com Micromobilidade,17/09/2020,-9.1604737,38.7734770
15387,1068,"Avenida David Mourão-Ferreira, 62D",Lumiar,Passeio,HOTSPOT,Sheffield standard,2,9,0,Público,Partilhado com Micromobilidade,17/09/2020,-9.1557293,38.7746691
15388,1069,"Rua Helena Vaz da Silva, 20A",Lumiar,Passeio,BICICLETA,Sheffield standard,2,4,0,Público,Partilhado com Micromobilidade,17/09/2020,-9.1524522,38.7744614
15389,1070,"Rua Helena Vaz da Silva, 14",Lumiar,Passeio,BICICLETA,Sheffield standard,2,4,0,Público,Partilhado com Micromobilidade,17/09/2020,-9.1529405,38.7732729
15390,1071,"Rua Helena Vaz da Silva, 2A",Lumiar,Passeio,BICICLETA,Sheffield standard,2,4,0,Público,Partilhado com Micromobilidade,17/09/2020,-9.1534830,38.7719240
15391,1072,"Alameda das Linhas de Torres, 199",Lumiar,Passeio,HOTSPOT,Sheffield standard,2,9,0,Público,Partilhado com Micromobilidade,17/09/2020,-9.1598804,38.7700330
15392,1073,"Rua Silva Tavares, 7A",Lumiar,Passeio,BICICLETA,Sheffield standard,2,4,0,Público,Partilhado com Micromobilidade,17/09/2020,-9.1573916,38.7682971
15393,1074,"Alameda das Linhas de Torres, 149B",Lumiar,Passeio,BICICLETA,Sheffield standard,2,4,0,Público,Partilhado com Micromobilidade,17/09/2020,-9.1580486,38.7669765
15394,1075,Rua Francisco Stromp,Lumiar,Passeio,BICICLETA,Sheffield standard,4,8,0,Público,Partilhado com Micromobilidade,17/09/2020,-9.1579326,38.7634973
15395,1076,"Rua Fernando Curado Ribeiro, 4G",Lumiar,Passeio,BICICLETA,Sheffield standard,4,8,0,Público,Partilhado com Micromobilidade,17/09/2020,-9.1566180,38.7607828
15397,1078,"Rua Alexandre Herculano, 2A",Santo António,Passeio,BICICLETA,Sheffield standard,4,8,0,Público,Partilhado com Micromobilidade,17/09/2020,-9.1462262,38.7246793
15398,1079,"Rua Alexandre Herculano, 33A",Santo António,Passeio,BICICLETA,Sheffield standard,2,4,0,Público,Partilhado com Micromobilidade,17/09/2020,-9.1505924,38.7220104
15399,1080,"Rua Castilho, 15A",Santo António,Passeio,HOTSPOT,Sheffield standard,2,9,0,Público,Partilhado com Micromobilidade,17/09/2020,-9.1504485,38.7214078
15400,1081,"Rua Castilho, 5",Santo António,Passeio,HOTSPOT,Sheffield standard,2,9,0,Público,Partilhado com Micromobilidade,17/09/2020,-9.1496360,38.7204800
15401,1082,"Rua Rodrigo da Fonseca, 2",Santo António,Passeio,HOTSPOT,Sheffield standard,2,9,0,Público,Partilhado com Micromobilidade,17/09/2020,-9.1504498,38.7198928
15402,1083,"Rua Rodrigo da Fonseca, 24",Santo António,Passeio,BICICLETA,Sheffield standard,2,4,0,Público,Partilhado com Micromobilidade,17/09/2020,-9.1522505,38.7219287
15403,1084,"Rua Braamcamp, 11",Santo António,Passeio,BICICLETA,Sheffield standard,3,6,0,Público,Partilhado com Micromobilidade,17/09/2020,-9.1515857,38.7225508
15404,1085,"Rua de São Bento, 47",Misericórdia,Via,BICICLETA,Sheffield standard,3,6,0,Público,Interdito Micromobilidade,17/09/2020,-9.1526717,38.7111175
15405,1086,"Rua de São Bento, 30",Misericórdia,Via,BICICLETA,Sheffield standard,2,4,0,Público,Interdito Micromobilidade,17/09/2020,-9.1525891,38.7104760
15406,1087,"Rua Braamcamp, 18",Santo António,Passeio,BICICLETA,Sheffield standard,2,4,0,Público,Partilhado com Micromobilidade,17/09/2020,-9.1512595,38.7234766
15407,1088,"Rua Duque de Palmela, 11B",Santo António,Passeio,HOTSPOT,Sheffield standard,2,9,0,Público,Partilhado com Micromobilidade,17/09/2020,-9.1497604,38.7231180
15408,1089,"Rua Alexandre Herculano, 14",Santo António,Passeio,HOTSPOT,Sheffield standard,2,9,0,Público,Partilhado com Micromobilidade,17/09/2020,-9.1488923,38.7231248
15409,1090,"Rua Mouzinho da Silveira, 34C",Santo António,Passeio,HOTSPOT,Sheffield standard,2,9,0,Público,Partilhado com Micromobilidade,17/09/2020,-9.1508016,38.7233785
15410,1091,"Rua Mouzinho da Silveira, 3B",Santo António,Passeio,HOTSPOT,Sheffield standard,2,9,0,Público,Partilhado com Micromobilidade,17/09/2020,-9.1494292,38.7216001
15411,1092,"Rua Barata Salgueiro, 33",Santo António,Passeio,BICICLETA,Sheffield standard,2,4,0,Público,Partilhado com Micromobilidade,17/09/2020,-9.1485701,38.7211520
15412,1093,"Rua Rosa Araújo, 7",Santo António,Passeio,HOTSPOT,Sheffield standard,2,9,0,Público,Partilhado com Micromobilidade,17/09/2020,-9.1482735,38.7222834
15413,1094,"Rua Rosa Araújo, 41",Santo António,Passeio,HOTSPOT,Sheffield standard,2,9,0,Público,Partilhado com Micromobilidade,17/09/2020,-9.1491507,38.7218154
15414,1095,"Rua Alexandre Herculano, 35",Santo António,Passeio,BICICLETA,Sheffield standard,2,4,0,Público,Partilhado com Micromobilidade,17/09/2020,-9.1509983,38.7218097
15415,1096,"Rua Alexandre Herculano, 51",Santo António,Passeio,BICICLETA,Sheffield standard,2,9,0,Público,Partilhado com Micromobilidade,17/09/2020,-9.1525003,38.7210136
15416,1098,"Rua Melo Gouveia, 9",Penha de França,Via,BICICLETA,Sheffield standard,2,4,0,Público,Partilhado com Micromobilidade,17/09/2020,-9.1274683,38.7329836
15417,1099,"Rua Rodrigo da Fonseca, 101C",Santo António,Passeio,BICICLETA,Sheffield standard,2,4,0,Público,Partilhado com Micromobilidade,17/09/2020,-9.1549722,38.7248229
15418,1100,"Avenida dos Estados Unidos da América, 118",Alvalade,Passeio,HOTSPOT,Sheffield standard,2,9,0,Público,Partilhado com Micromobilidade,17/09/2020,-9.1444629,38.7493395
15419,1101,Rua Alberto de Oliveira,Alvalade,Passeio,BICICLETA,Sheffield standard,2,4,0,Público,Partilhado com Micromobilidade,17/09/2020,-9.1447800,38.7502719
15420,1102,"Rua Fernando Pessoa, Escola",Alvalade,Passeio,BICICLETA,Sheffield standard,3,6,0,Público,Partilhado com Micromobilidade,17/09/2020,-9.1459182,38.7505705
15421,2167,Avenida da Índia,Alcântara,Passeio,HOTSPOT,Desconhecido,0,10,0,Público,Dedicado Micromobilidade,08/09/2023,-9.1792364,38.7000159
15422,2168,Avenida de Brasília,Alcântara,Passeio,HOTSPOT,Desconhecido,0,10,0,Público,Dedicado Micromobilidade,08/09/2023,-9.1872894,38.6973251
15423,674,Campus de Campolide,Campolide,Passeio,BICICLETA,Sheffield standard,4,8,0,Privado,Interdito Micromobilidade,,-9.1616012,38.7332013
15424,675,Campus de Campolide,Campolide,Passeio,BICICLETA,Sheffield standard,7,14,0,Privado,Interdito Micromobilidade,,-9.1616338,38.7332697
15425,676,Campus de Campolide,Campolide,Passeio,BICICLETA,Sheffield standard,7,14,0,Privado,Interdito Micromobilidade,,-9.1614242,38.7331695
15426,677,Avenida Almirante Gago Coutinho,Alvalade,Passeio,HOTSPOT,Sheffield standard,2,9,0,Público,Partilhado com Micromobilidade,26/11/2019,-9.1298292,38.7618135
15427,679,"Largo do Rato, 4",Santo António,Passeio,BICICLETA,Sheffield standard,2,4,0,Público,Partilhado com Micromobilidade,23/11/2019,-9.1542705,38.7203737
15428,2066,"Rua Duque de Palmela, 36B",Santo António,Passeio,HOTSPOT,Sheffield standard,2,9,0,Público,Partilhado com Micromobilidade,24/01/2023,-9.1504872,38.7241922
15429,2067,Rua Galdim Pais,Beato,Passeio,BICICLETA,Onda,1,0,0,Privado,Interdito Micromobilidade,,-9.1144193,38.7275987
15430,680,Rua Alberto de Oliveira,Alvalade,Via,BICICLETA,Sheffield standard,2,4,0,Público,Partilhado com Micromobilidade,29/11/2019,-9.1440340,38.7514139
15431,681,"Rua do Instituto Industrial, 7",Misericórdia,Passeio,HOTSPOT,Sheffield standard,2,9,0,Público,Partilhado com Micromobilidade,15/02/2019,-9.1505805,38.7082199
15432,682,"Rua do Instituto Industrial, 7C",Misericórdia,Passeio,HOTSPOT,Sheffield standard,2,9,0,Público,Partilhado com Micromobilidade,15/02/2019,-9.1505705,38.7079788
15433,683,"Rua da Palma, 233",Santa Maria Maior,Lugar estacionamento automóvel,HOTSPOT,Sheffield standard,2,9,0,Público,Partilhado com Micromobilidade,09/01/2019,-9.1357527,38.7189112
15434,684,"Rua da Palma, 278",Santa Maria Maior,Passeio,BICICLETA,Sheffield standard,2,4,0,Público,Partilhado com Micromobilidade,30/01/2019,-9.1355475,38.7193499
15435,688,"Avenida de Roma, 26",Areeiro,Passeio,BICICLETA,Sheffield standard,3,6,0,Público,Partilhado com Micromobilidade,13/02/2019,-9.1393070,38.7446114
15436,689,"Rua Luís Augusto Palmeirim, 13",Alvalade,Via,HOTSPOT,Sheffield standard,2,9,0,Público,Partilhado com Micromobilidade,05/04/2019,-9.1437863,38.7547247
15437,690,"Rua Acácio de Paiva, 13C",Alvalade,Via,HOTSPOT,Sheffield standard,3,11,0,Público,Partilhado com Micromobilidade,05/04/2019,-9.1428795,38.7549287
15438,691,"Rua José Duro, 25B",Alvalade,Via,HOTSPOT,Sheffield standard,4,13,0,Público,Partilhado com Micromobilidade,30/04/2019,-9.1411281,38.7548785
15439,692,"Rua José d'Esaguy, 1A",Alvalade,Via,HOTSPOT,Sheffield standard,2,9,0,Público,Partilhado com Micromobilidade,05/04/2019,-9.1415684,38.7541160
15440,693,"Rua Dr. João Soares, 20",Alvalade,Lugar estacionamento automóvel,BICICLETA,Sheffield standard,6,12,0,Público,Partilhado com Micromobilidade,20/09/2019,-9.1541974,38.7530453
15441,694,"Rua Dr. João Soares, 20",Alvalade,Lugar estacionamento automóvel,BICICLETA,Sheffield standard,6,12,0,Público,Partilhado com Micromobilidade,20/09/2019,-9.1542532,38.7530609
15442,697,"Avenida Fontes Pereira de Melo, 35E",Avenidas Novas,Passeio,HOTSPOT,Sheffield standard,2,9,0,Público,Partilhado com Micromobilidade,22/03/2019,-9.1465639,38.7313639
15443,2533,"Rua António Gedeão, Escola",Marvila,Passeio,BICICLETA,Sheffield standard,9,18,0,Privado,Interdito Micromobilidade,15/04/2024,-9.1105362,38.7401833
15444,2534,"Rua Hermano Neves, 13A",Lumiar,Passeio,BICICLETA,Sheffield standard,6,12,0,Privado,Interdito Micromobilidade,15/04/2024,-9.1703345,38.7603196
15445,698,"Rua Martens Ferrão, 20",Arroios,Passeio,HOTSPOT,Sheffield standard,2,9,0,Público,Partilhado com Micromobilidade,30/04/2019,-9.1474278,38.7291194
15446,699,"Rua Alexandre Herculano, 31",Santo António,Passeio,HOTSPOT,Sheffield standard,2,9,0,Público,Partilhado com Micromobilidade,06/12/2019,-9.1501685,38.7222429
15447,700,"Rua Duque de Palmela, 4",Santo António,Passeio,BICICLETA,Sheffield standard,2,4,0,Público,Partilhado com Micromobilidade,05/12/2019,-9.1496071,38.7231936
15448,701,"Rua Mouzinho da Silveira, 27C",Santo António,Passeio,HOTSPOT,Sheffield standard,2,9,0,Público,Partilhado com Micromobilidade,05/12/2019,-9.1507661,38.7230642
15449,702,"Rua do Açúcar, 54",Marvila,Lugar estacionamento automóvel,HOTSPOT,Sheffield standard,2,9,0,Público,Partilhado com Micromobilidade,31/12/2019,-9.1028571,38.7400167
15450,703,Rua Antão Gonçalves,Belém,Passeio,BICICLETA,Sheffield standard,6,12,0,Privado,Interdito Micromobilidade,17/12/2019,-9.2145020,38.7093305
15451,704,"Rua Padre Luís Fróis, Escola",Belém,Passeio,BICICLETA,Sheffield standard,4,8,0,Privado,Interdito Micromobilidade,19/12/2019,-9.2140003,38.7142028
15452,259,Praça do Duque de Saldanha,Avenidas Novas,Passeio,BICICLETA,Sheffield standard,5,10,0,Público,Partilhado com Micromobilidade,30/11/2018,-9.1454686,38.7334871
15453,712,"Rua Andrade Corvo, 25",Arroios,Lugar estacionamento automóvel,BICICLETA,Sheffield standard,4,8,0,Público,Partilhado com Micromobilidade,30/07/2019,-9.1469488,38.7298170
15454,713,"Rua Andrade Corvo, 17A",Arroios,Lugar estacionamento automóvel,HOTSPOT,Sheffield standard,2,9,0,Público,Partilhado com Micromobilidade,30/07/2019,-9.1457327,38.7293623
15455,714,"Rua Andrade Corvo, 1",Arroios,Lugar estacionamento automóvel,BICICLETA,Sheffield standard,4,8,0,Público,Partilhado com Micromobilidade,30/07/2019,-9.1444650,38.7288659
15456,715,"Avenida General Roçadas, Escola",Penha de França,Passeio,BICICLETA,Sheffield estreito,3,6,0,Privado,Interdito Micromobilidade,,-9.1282191,38.7268312
15457,716,Avenida de Brasília,Estrela,Via,HOTSPOT,Sheffield standard,4,13,0,Público,Partilhado com Micromobilidade,02/01/2020,-9.1679433,38.7032242
15459,720,"Avenida de Paris, 1B",Areeiro,Lugar estacionamento automóvel,HOTSPOT,Sheffield standard,3,11,0,Público,Partilhado com Micromobilidade,17/01/2020,-9.1338192,38.7410231
15460,721,"Praça Pasteur, 11",Areeiro,Lugar estacionamento automóvel,BICICLETA,Sheffield standard,2,4,0,Público,Partilhado com Micromobilidade,17/01/2020,-9.1358014,38.7410613
15461,722,"Avenida de Paris, 19",Areeiro,Via,BICICLETA,Sheffield standard,2,4,0,Público,Partilhado com Micromobilidade,17/01/2020,-9.1369645,38.7410189
15463,724,"Praça de Londres, 6",Areeiro,Passeio,BICICLETA,Sheffield standard,7,14,0,Público,Partilhado com Micromobilidade,17/01/2020,-9.1370413,38.7408336
15464,725,Rua Dr. Júlio Dantas,Avenidas Novas,Passeio,BICICLETA,Sheffield standard,2,4,0,Público,Partilhado com Micromobilidade,30/01/2020,-9.1580301,38.7350909
15465,726,"Rua Dr. Júlio Dantas, Escola",Campolide,Passeio,BICICLETA,Sheffield standard,2,4,0,Público,Partilhado com Micromobilidade,30/01/2020,-9.1581792,38.7351105
15466,727,"Avenida Ressano Garcia, 11",Avenidas Novas,Passeio,BICICLETA,Sheffield standard,2,4,0,Público,Partilhado com Micromobilidade,30/01/2020,-9.1556157,38.7346485
15467,728,"Avenida Ressano Garcia, 39",Avenidas Novas,Passeio,BICICLETA,Sheffield standard,2,4,0,Público,Partilhado com Micromobilidade,30/01/2020,-9.1570657,38.7349599
15468,729,"Avenida Ressano Garcia, 25",Avenidas Novas,Passeio,HOTSPOT,Sheffield standard,2,9,0,Público,Partilhado com Micromobilidade,30/01/2020,-9.1563628,38.7348100
15469,730,"Avenida Ressano Garcia, 24",Avenidas Novas,Passeio,HOTSPOT,Sheffield standard,2,9,0,Público,Partilhado com Micromobilidade,30/01/2020,-9.1565016,38.7349946
15470,1,Avenida de Brasília,Alcântara,Passeio,HOTSPOT,Sheffield standard,2,9,0,Público,Partilhado com Micromobilidade,02/01/2020,-9.1830619,38.6980303
15471,731,"Rua da Verónica, Escola",São Vicente,Passeio,BICICLETA,Sheffield standard,8,16,0,Privado,Interdito Micromobilidade,13/02/2020,-9.1283911,38.7164129
15472,732,"Avenida General Roçadas, Escola",Penha de França,Passeio,BICICLETA,Sheffield standard,4,8,0,Privado,Interdito Micromobilidade,13/02/2020,-9.1281826,38.7268082
15473,733,Rua Alexandre de Sá Pinto,Belém,Via,BICICLETA,Sheffield standard,2,4,0,Privado,Interdito Micromobilidade,12/02/2020,-9.1947937,38.7007702
15474,734,Rua Alexandre de Sá Pinto,Belém,Passeio,BICICLETA,Sheffield standard,4,8,0,Privado,Interdito Micromobilidade,12/02/2020,-9.1941706,38.7005899
15475,735,Rua Alexandre de Sá Pinto,Belém,Passeio,BICICLETA,Sheffield standard,4,8,0,Privado,Interdito Micromobilidade,12/02/2020,-9.1958839,38.7001454
15476,737,"Rua da Penha de França, 175",Arroios,Passeio,BICICLETA,Sheffield standard,4,8,0,Privado,Interdito Micromobilidade,13/02/2020,-9.1304668,38.7265450
15477,738,Rua Gomes Freire,Arroios,Lugar estacionamento automóvel,BICICLETA,Sheffield standard,4,8,0,Público,Partilhado com Micromobilidade,17/02/2020,-9.1434852,38.7290753
15478,739,"Avenida Ressano Garcia, 36",Avenidas Novas,Passeio,HOTSPOT,Sheffield standard,2,9,0,Público,Partilhado com Micromobilidade,17/02/2020,-9.1574660,38.7351935
15480,741,Rua de São Lázaro,Arroios,Passeio,BICICLETA,Sheffield standard,5,10,0,Privado,Interdito Micromobilidade,17/02/2020,-9.1380098,38.7199382
15481,742,Praça do Império,Belém,Passeio,BICICLETA,Grelha,2,11,1,Privado,Interdito Micromobilidade,,-9.2089283,38.6962267
15482,743,"Avenida de Pádua, 5",Parque das Nações,Lugar estacionamento automóvel,BICICLETA,Sheffield standard,5,10,0,Público,Partilhado com Micromobilidade,01/03/2020,-9.1033685,38.7628533
15483,744,Avenida do Colégio Militar,Carnide,Passeio,BICICLETA,Entorta rodas,1,5,0,Público,Partilhado com Micromobilidade,,-9.1886284,38.7535445
15484,745,Avenida do Colégio Militar,Carnide,Passeio,BICICLETA,Entorta rodas,1,5,0,Público,Partilhado com Micromobilidade,,-9.1885358,38.7536010
15485,746,Avenida do Colégio Militar,Carnide,Passeio,BICICLETA,Entorta rodas,1,5,0,Público,Partilhado com Micromobilidade,,-9.1880510,38.7536903
15486,747,Avenida do Colégio Militar,Carnide,Passeio,BICICLETA,Entorta rodas,5,5,0,Público,Partilhado com Micromobilidade,,-9.1879680,38.7536383
15487,762,"Avenida do Rio de Janeiro, 50G",Alvalade,Passeio,BICICLETA,Sheffield standard,2,4,0,Público,Partilhado com Micromobilidade,10/03/2020,-9.1396960,38.7562414
15488,761,"Avenida do Brasil, 196",Alvalade,Passeio,BICICLETA,Sheffield standard,2,4,0,Público,Partilhado com Micromobilidade,10/03/2020,-9.1367172,38.7595024
15489,760,"Avenida do Brasil, 186B",Alvalade,Passeio,HOTSPOT,Sheffield standard,2,9,0,Público,Partilhado com Micromobilidade,10/03/2020,-9.1382358,38.7590286
15490,759,"Avenida do Brasil, 101",Alvalade,Passeio,HOTSPOT,Sheffield standard,2,9,0,Público,Partilhado com Micromobilidade,10/03/2020,-9.1406473,38.7584447
15491,758,"Avenida de Roma, 129",Alvalade,Passeio,HOTSPOT,Sheffield standard,2,9,0,Público,Partilhado com Micromobilidade,12/03/2020,-9.1455216,38.7557791
15492,757,Avenida de Roma,Alvalade,Passeio,HOTSPOT,Sheffield standard,2,9,0,Público,Partilhado com Micromobilidade,12/03/2020,-9.1448143,38.7543521
15493,748,"Avenida do Brasil, 53",Alvalade,Passeio,HOTSPOT,Sheffield standard,2,9,0,Público,Partilhado com Micromobilidade,12/03/2020,-9.1460074,38.7566817
15494,755,Doca de Santo Amaro,Alcântara,Passeio,HOTSPOT,Sheffield standard,2,9,0,Público,Partilhado com Micromobilidade,12/03/2020,-9.1791030,38.6992969
15495,765,"Largo Vitorino Damásio, 7",Estrela,Passeio,HOTSPOT,Sheffield standard,2,9,0,Público,Partilhado com Micromobilidade,16/03/2020,-9.1536024,38.7077403
15496,753,Avenida Conde de Valbom,Avenidas Novas,Passeio,BICICLETA,Sheffield standard,2,4,0,Público,Partilhado com Micromobilidade,09/03/2020,-9.1483459,38.7350960
15497,756,Avenida António Augusto de Aguiar,Avenidas Novas,Passeio,HOTSPOT,Sheffield standard,2,9,0,Público,Partilhado com Micromobilidade,09/03/2020,-9.1543182,38.7344162
15498,752,"Avenida Duque d' Ávila, 100",Avenidas Novas,Passeio,BICICLETA,Sheffield standard,2,4,0,Público,Partilhado com Micromobilidade,10/03/2020,-9.1507719,38.7350119
15499,751,Rua Rodrigo da Fonseca,Avenidas Novas,Via,BICICLETA,Sheffield standard,2,4,0,Público,Partilhado com Micromobilidade,28/02/2020,-9.1560954,38.7260138
15500,750,Rua Rodrigo da Fonseca,Avenidas Novas,Via,BICICLETA,Sheffield standard,2,4,0,Público,Partilhado com Micromobilidade,28/02/2020,-9.1571103,38.7271549
15501,749,Rua Rodrigo da Fonseca,Avenidas Novas,Via,BICICLETA,Sheffield standard,2,4,0,Público,Partilhado com Micromobilidade,28/02/2020,-9.1577665,38.7279006
15502,754,Rua Rodrigo da Fonseca,Avenidas Novas,Via,BICICLETA,Sheffield standard,2,4,0,Público,Partilhado com Micromobilidade,09/03/2020,-9.1584245,38.7286457
15503,767,"Avenida da Liberdade, 259",Santo António,Lugar estacionamento automóvel,BICICLETA,Sheffield standard,4,8,0,Público,Partilhado com Micromobilidade,13/12/2019,-9.1496113,38.7241634
15504,778,Campo Grande,Alvalade,Passeio,HOTSPOT,Sheffield standard,2,9,0,Público,Partilhado com Micromobilidade,22/02/2020,-9.1482625,38.7479057
15505,777,Avenida da República,Avenidas Novas,Lugar estacionamento motociclo,HOTSPOT,Sheffield standard,2,9,0,Público,Partilhado com Micromobilidade,09/03/2020,-9.1478795,38.7451535
15506,776,"Avenida da República, 17",Avenidas Novas,Passeio,HOTSPOT,Sheffield standard,2,9,0,Público,Partilhado com Micromobilidade,12/03/2020,-9.1454817,38.7355666
15507,775,"Avenida Dom Carlos I, 122",Misericórdia,Passeio,HOTSPOT,Sheffield standard,2,9,0,Público,Partilhado com Micromobilidade,16/03/2020,-9.1530612,38.7093536
15508,774,Campo Grande,Alvalade,Passeio,HOTSPOT,Sheffield standard,2,9,0,Público,Partilhado com Micromobilidade,22/02/2020,-9.1481963,38.7479164
15509,773,"Avenida Dom Carlos I, 146",Misericórdia,Passeio,HOTSPOT,Sheffield standard,2,9,0,Público,Partilhado com Micromobilidade,16/03/2020,-9.1535680,38.7113482
15510,779,"Avenida Dom Carlos I, 111",Estrela,Passeio,BICICLETA,Sheffield standard,2,4,0,Público,Partilhado com Micromobilidade,16/03/2020,-9.1536630,38.7109766
15511,772,"Largo do Rato, 2",Santo António,Passeio,HOTSPOT,Sheffield standard,2,9,0,Público,Partilhado com Micromobilidade,16/03/2020,-9.1547292,38.7202858
15512,770,"Rua Sebastião Saraiva Lima, 68A",Penha de França,Lugar estacionamento automóvel,HOTSPOT,Sheffield standard,4,12,0,Público,Partilhado com Micromobilidade,01/06/2022,-9.1292870,38.7317833
15514,764,"Rua Visconde de Santarém, 73",Arroios,Via,BICICLETA,Sheffield standard,1,2,0,Público,Partilhado com Micromobilidade,12/03/2020,-9.1400687,38.7349773
15515,766,"Rua Visconde de Santarém, 69",Arroios,Via,BICICLETA,Sheffield standard,1,2,0,Público,Partilhado com Micromobilidade,12/03/2020,-9.1395526,38.7347487
15516,780,Rua Professor Mira Fernandes,Beato,Via,HOTSPOT,Sheffield standard,2,9,0,Público,Partilhado com Micromobilidade,10/03/2020,-9.1211493,38.7392781
15517,763,Avenida João Crisóstomo,Avenidas Novas,Passeio,BICICLETA,Sheffield standard,4,8,0,Público,Interdito Micromobilidade,08/01/2019,-9.1420688,38.7362969
15518,781,Rua de São Domingos de Benfica,São Domingos de Benfica,Passeio,HOTSPOT,Sheffield standard,2,9,0,Público,Partilhado com Micromobilidade,14/04/2020,-9.1762635,38.7414855
15519,782,Praça Silvestre Pinheiro Ferreira,São Domingos de Benfica,Passeio,HOTSPOT,Sheffield standard,2,9,0,Público,Partilhado com Micromobilidade,14/04/2020,-9.1763271,38.7435069
15520,783,"Travessa de São Domingos de Benfica, 25",São Domingos de Benfica,Passeio,HOTSPOT,Sheffield standard,2,9,0,Público,Partilhado com Micromobilidade,14/04/2020,-9.1804529,38.7433955
15521,785,Rua Olivério Serpa,Benfica,Passeio,HOTSPOT,Sheffield standard,4,13,0,Público,Partilhado com Micromobilidade,14/04/2020,-9.2063876,38.7503667
15522,786,"Rua General Morais Sarmento, 2",Benfica,Passeio,BICICLETA,Sheffield standard,2,4,0,Público,Partilhado com Micromobilidade,14/04/2020,-9.1978437,38.7486706
15523,788,"Rua Capitão Santiago de Carvalho, Escola",Olivais,Passeio,BICICLETA,Sheffield standard,8,16,0,Público,Partilhado com Micromobilidade,01/04/2020,-9.1108136,38.7709873
15524,789,Rua Interior à Est. da Correia,Carnide,Passeio,HOTSPOT,Sheffield standard,4,13,0,Público,Partilhado com Micromobilidade,15/04/2020,-9.1964684,38.7619076
15525,790,Avenida Marechal Teixeira Rebelo,Carnide,Passeio,HOTSPOT,Sheffield standard,2,9,0,Público,Partilhado com Micromobilidade,15/04/2020,-9.1926590,38.7587434
15526,791,"Rua de São Bento, 216",Estrela,Via,BICICLETA,Sheffield standard,4,8,0,Público,Partilhado com Micromobilidade,17/04/2020,-9.1532315,38.7132362
15527,792,"Rua de São Bento, 406",Misericórdia,Via,BICICLETA,Sheffield standard,2,4,0,Público,Partilhado com Micromobilidade,17/04/2020,-9.1541955,38.7152416
15528,2542,Rua de Dom Vasco,Ajuda,Via,BICIPARQUE,Vertical,34,34,1,Privado,Interdito Micromobilidade,22/01/2025,-9.1953542,38.7032481
15529,2543,Campo Grande,Alvalade,Passeio,BICICLETA,Entorta rodas com encosto,2,10,0,Privado,Interdito Micromobilidade,,-9.1567849,38.7583836
15530,793,"Avenida Coronel Eduardo Galhardo, 20A",Penha de França,Via,BICICLETA,Sheffield standard,2,4,0,Público,Partilhado com Micromobilidade,17/04/2020,-9.1264190,38.7279973
15531,794,"Avenida Coronel Eduardo Galhardo, 30",Penha de França,Via,BICICLETA,Sheffield standard,2,4,0,Público,Partilhado com Micromobilidade,17/04/2020,-9.1276619,38.7280736
15532,795,"Avenida General Roçadas, Escola",Penha de França,Passeio,HOTSPOT,Sheffield standard,2,9,0,Público,Partilhado com Micromobilidade,17/04/2020,-9.1282852,38.7266404
15533,796,"Rua Moeda, 11B",Misericórdia,Via,BICICLETA,Sheffield standard,2,4,0,Público,Partilhado com Micromobilidade,17/04/2020,-9.1467598,38.7084009
15534,797,"Avenida do Restelo, 23",Belém,Passeio,BICICLETA,Sheffield standard,4,8,0,Privado,Interdito Micromobilidade,15/04/2020,-9.2127840,38.6995852
15535,798,"Rua Fernando Namora, Escola",Lumiar,Passeio,BICICLETA,Grelha,1,3,0,Público,Partilhado com Micromobilidade,,-9.1735040,38.7599505
15536,799,Avenida Infante Dom Henrique,Santa Maria Maior,Passeio,HOTSPOT,Sheffield standard,2,9,0,Público,Partilhado com Micromobilidade,09/12/2019,-9.1227875,38.7131049
15537,800,"Rua Raul Carapinha, 10",São Domingos de Benfica,Via,HOTSPOT,Sheffield standard,2,9,0,Público,Partilhado com Micromobilidade,11/12/2019,-9.1732366,38.7418120
15538,801,Praça Dr. Nuno Pinheiro Torres,Benfica,Passeio,HOTSPOT,Sheffield standard,2,9,0,Público,Partilhado com Micromobilidade,13/03/2020,-9.1916731,38.7481348
15539,802,"Rua Olivério Serpa, 3",Benfica,Passeio,HOTSPOT,Sheffield standard,2,9,0,Público,Partilhado com Micromobilidade,13/03/2020,-9.2054297,38.7502182
15540,803,"Estrada de Benfica, 546",Benfica,Passeio,HOTSPOT,Sheffield standard,2,9,0,Público,Partilhado com Micromobilidade,13/03/2020,-9.1982721,38.7507703
15541,804,"Avenida dos Estados Unidos da América, 2",Alvalade,Passeio,HOTSPOT,Sheffield standard,2,9,0,Público,Partilhado com Micromobilidade,12/12/2019,-9.1316161,38.7489318
15542,805,"Avenida Dom Rodrigo da Cunha, 2",Alvalade,Passeio,HOTSPOT,Sheffield standard,2,9,0,Público,Partilhado com Micromobilidade,26/11/2019,-9.1307230,38.7544708
15543,806,Alameda Dom Afonso Henriques,Arroios,Passeio,HOTSPOT,Sheffield standard,2,9,0,Público,Partilhado com Micromobilidade,13/03/2020,-9.1341654,38.7368207
15544,807,"Rua Barão de Sabrosa, 165A",Penha de França,Passeio,HOTSPOT,Sheffield standard,2,9,0,Público,Partilhado com Micromobilidade,21/04/2020,-9.1288087,38.7371209
15545,808,"Rua Barão de Sabrosa, 129A",Penha de França,Passeio,BICICLETA,Sheffield standard,2,4,0,Público,Partilhado com Micromobilidade,21/04/2020,-9.1289681,38.7354590
15546,809,"Rua Barata Salgueiro, 39",Santo António,Passeio,HOTSPOT,Sheffield standard,2,9,0,Público,Partilhado com Micromobilidade,12/12/2019,-9.1488085,38.7210280
15547,811,Rua do Cruzado Osberno,Penha de França,Passeio,HOTSPOT,Sheffield standard,2,9,0,Público,Partilhado com Micromobilidade,21/04/2020,-9.1163801,38.7246249
15548,812,Rua Paio Peres Correia,Penha de França,Passeio,BICICLETA,Sheffield standard,2,4,0,Público,Partilhado com Micromobilidade,21/04/2020,-9.1167627,38.7263496
15549,813,"Estrada de Chelas, 41",Penha de França,Passeio,BICICLETA,Sheffield standard,2,4,0,Público,Partilhado com Micromobilidade,21/04/2020,-9.1156592,38.7264089
15550,814,"Calçada da Cruz da Pedra, Lote O",Penha de França,Passeio,HOTSPOT,Sheffield standard,2,9,0,Público,Partilhado com Micromobilidade,21/04/2020,-9.1157175,38.7225653
15551,815,Avenida Infante Dom Henrique,Penha de França,Passeio,HOTSPOT,Sheffield standard,2,9,0,Público,Partilhado com Micromobilidade,21/04/2020,-9.1119858,38.7246659
15552,816,Rua da Madre de Deus,Penha de França,Passeio,BICICLETA,Sheffield standard,2,4,0,Público,Partilhado com Micromobilidade,23/04/2020,-9.1134351,38.7249722
15553,817,Largo da Penha de França,Penha de França,Passeio,HOTSPOT,Sheffield standard,2,9,0,Público,Partilhado com Micromobilidade,23/04/2020,-9.1308852,38.7300901
15554,818,"Avenida General Roçadas, 68",Penha de França,Passeio,HOTSPOT,Sheffield standard,2,9,0,Público,Partilhado com Micromobilidade,23/04/2020,-9.1279616,38.7297943
15555,819,"Avenida Mouzinho de Albuquerque, 7",Penha de França,Passeio,HOTSPOT,Sheffield standard,2,9,0,Público,Partilhado com Micromobilidade,29/04/2020,-9.1266857,38.7302687
15556,820,"Avenida Mouzinho de Albuquerque, 19",Penha de França,Passeio,HOTSPOT,Sheffield standard,2,9,0,Público,Partilhado com Micromobilidade,29/04/2020,-9.1255977,38.7294843
15557,821,"Avenida Coronel Eduardo Galhardo, 2",Penha de França,Passeio,BICICLETA,Sheffield standard,2,4,0,Público,Partilhado com Micromobilidade,29/04/2020,-9.1245920,38.7281582
15558,822,"Avenida Coronel Eduardo Galhardo, 3G",Penha de França,Passeio,HOTSPOT,Sheffield standard,2,9,0,Público,Partilhado com Micromobilidade,29/04/2020,-9.1255241,38.7277916
15560,824,"Rua Visconde de Santarém, 69B",Arroios,Via,BICICLETA,Sheffield standard,1,2,0,Público,Partilhado com Micromobilidade,13/03/2020,-9.1394331,38.7347080
15561,825,"Rua Actor Taborda, 5",Arroios,Lugar estacionamento automóvel,HOTSPOT,Sheffield standard,2,9,0,Público,Partilhado com Micromobilidade,25/06/2020,-9.1427639,38.7322028
15562,826,"Rua de Pascoal de Melo, 150",Arroios,Lugar estacionamento automóvel,HOTSPOT,Sheffield standard,2,9,0,Público,Partilhado com Micromobilidade,25/06/2020,-9.1404580,38.7317326
15563,827,"Rua da Ilha Terceira, 35",Arroios,Lugar estacionamento automóvel,HOTSPOT,Sheffield standard,2,9,0,Público,Partilhado com Micromobilidade,25/06/2020,-9.1398407,38.7334701
15564,828,"Rua de Arroios, 152B",Arroios,Lugar estacionamento automóvel,HOTSPOT,Sheffield standard,2,9,0,Público,Partilhado com Micromobilidade,25/06/2020,-9.1362545,38.7308732
15565,829,"Rua de Arroios, 93",Arroios,Lugar estacionamento automóvel,HOTSPOT,Sheffield standard,2,9,0,Público,Partilhado com Micromobilidade,25/06/2020,-9.1361539,38.7298705
15566,830,"Rua de Ponta Delgada, 2",Arroios,Lugar estacionamento automóvel,HOTSPOT,Sheffield standard,4,13,0,Público,Partilhado com Micromobilidade,25/06/2020,-9.1403512,38.7328764
15567,832,"Rua de Pascoal de Melo, 110",Arroios,Lugar estacionamento automóvel,HOTSPOT,Sheffield standard,2,9,0,Público,Partilhado com Micromobilidade,25/06/2020,-9.1390319,38.7316082
15568,833,"Rua José Falcão, 70",Arroios,Lugar estacionamento automóvel,HOTSPOT,Sheffield standard,4,13,0,Público,Partilhado com Micromobilidade,25/06/2020,-9.1352836,38.7329920
15569,834,"Rua Joaquim Costa, 1A",Arroios,Lugar estacionamento automóvel,HOTSPOT,Sheffield standard,2,9,0,Público,Partilhado com Micromobilidade,25/06/2020,-9.1361205,38.7343594
15570,835,Rua Carlos José Barreiros,Arroios,Lugar estacionamento automóvel,HOTSPOT,Sheffield standard,4,13,0,Público,Partilhado com Micromobilidade,25/06/2020,-9.1368689,38.7343724
15571,836,"Rua José Estevão, 2C",Arroios,Lugar estacionamento automóvel,HOTSPOT,Sheffield standard,4,9,0,Público,Partilhado com Micromobilidade,25/06/2020,-9.1374905,38.7274998
15572,851,"Rua Luíz Pacheco, Lote 101",Marvila,Passeio,BICICLETA,Onda,1,5,0,Público,Partilhado com Micromobilidade,,-9.1129587,38.7533528
15573,852,"Rua Luíz Pacheco, Lote 101",Marvila,Passeio,BICICLETA,Onda,1,5,0,Público,Partilhado com Micromobilidade,,-9.1129897,38.7533499
15574,853,"Rua Luíz Pacheco, Lote 101",Marvila,Passeio,BICICLETA,Onda,1,5,0,Público,Partilhado com Micromobilidade,,-9.1127213,38.7532856
15575,854,"Rua Luíz Pacheco, Lote 104",Marvila,Passeio,BICICLETA,Onda,1,5,0,Público,Partilhado com Micromobilidade,,-9.1130216,38.7532781
15576,855,"Rua Luíz Pacheco, Lote 104",Marvila,Passeio,BICICLETA,Onda,1,5,0,Público,Partilhado com Micromobilidade,,-9.1131365,38.7532664
15577,856,"Rua Luíz Pacheco, Lote 104",Marvila,Passeio,BICICLETA,Onda,1,5,0,Público,Partilhado com Micromobilidade,,-9.1132623,38.7532525
15578,857,"Rua Luíz Pacheco, Lote 104",Marvila,Passeio,BICICLETA,Onda,1,5,0,Público,Partilhado com Micromobilidade,,-9.1134036,38.7532377
15579,858,"Rua Luíz Pacheco, Lote 104",Marvila,Passeio,BICICLETA,Onda,1,5,0,Público,Partilhado com Micromobilidade,,-9.1135094,38.7532254
15580,859,Rua Conselheiro Emídio Navarro,Marvila,Passeio,BICICLETA,Onda,1,5,0,Público,Partilhado com Micromobilidade,,-9.1152709,38.7568092
15581,860,Rua António Gedeão,Marvila,Passeio,BICICLETA,Entorta rodas,1,4,0,Público,Partilhado com Micromobilidade,,-9.1092058,38.7404572
15582,861,Praça Baden Powell,Olivais,Passeio,HOTSPOT,Sheffield standard,2,9,0,Público,Partilhado com Micromobilidade,24/06/2020,-9.1100362,38.7678363
15583,862,Doca de Alcântara,Estrela,Passeio,HOTSPOT,Sheffield standard,2,9,0,Público,Partilhado com Micromobilidade,22/02/2020,-9.1748669,38.7014200
15584,863,"Avenida de Berlim, 35D",Olivais,Passeio,HOTSPOT,Sheffield standard,2,9,0,Público,Partilhado com Micromobilidade,24/06/2020,-9.1088119,38.7678464
15585,864,"Jardim Eduardo Prado Coelho, Escola",Olivais,Passeio,HOTSPOT,Sheffield standard,2,9,0,Público,Partilhado com Micromobilidade,24/06/2020,-9.1085548,38.7705280
15586,865,"Praça da Viscondessa dos Olivais, 38",Olivais,Passeio,HOTSPOT,Sheffield standard,2,9,0,Público,Partilhado com Micromobilidade,24/06/2020,-9.1064025,38.7689028
15587,867,"Avenida 24 de Julho, 62",Estrela,Lugar estacionamento automóvel,HOTSPOT,Sheffield standard,4,13,0,Público,Partilhado com Micromobilidade,13/08/2020,-9.1569244,38.7059954
15588,868,"Avenida 24 de Julho, 74",Estrela,Passeio,BICICLETA,Sheffield standard,4,8,0,Público,Partilhado com Micromobilidade,13/08/2020,-9.1578275,38.7056055
15589,869,"Avenida 24 de Julho, 86",Estrela,Lugar estacionamento automóvel,HOTSPOT,Sheffield standard,4,13,0,Público,Partilhado com Micromobilidade,13/08/2020,-9.1596131,38.7047595
15590,870,"Avenida 24 de Julho, 96J",Estrela,Lugar estacionamento automóvel,HOTSPOT,Sheffield standard,2,9,0,Público,Partilhado com Micromobilidade,13/08/2020,-9.1602883,38.7045337
15591,871,"Avenida 24 de Julho, 96J",Estrela,Lugar estacionamento automóvel,HOTSPOT,Sheffield standard,2,9,0,Público,Partilhado com Micromobilidade,13/08/2020,-9.1602638,38.7045425
15592,872,"Avenida 24 de Julho, 118",Estrela,Passeio,BICICLETA,Sheffield standard,3,6,0,Público,Partilhado com Micromobilidade,13/08/2020,-9.1636196,38.7037572
15593,873,"Avenida 24 de Julho, 134D",Estrela,Passeio,BICICLETA,Sheffield standard,2,4,0,Público,Partilhado com Micromobilidade,13/08/2020,-9.1665410,38.7037232
15594,874,Avenida Infante Santo,Estrela,Passeio,HOTSPOT,Sheffield standard,2,9,0,Público,Partilhado com Micromobilidade,13/08/2020,-9.1678672,38.7040234
15595,875,"Avenida Infante Santo, 2G",Estrela,Passeio,HOTSPOT,Sheffield standard,2,9,0,Público,Partilhado com Micromobilidade,13/08/2020,-9.1679176,38.7041928
15596,894,Alameda de Santo António dos Campuchos,Arroios,Lugar estacionamento automóvel,HOTSPOT,Sheffield standard,2,9,0,Público,Partilhado com Micromobilidade,01/09/2020,-9.1423548,38.7232331
15597,895,"Rua Garrett, 2",Santa Maria Maior,Via,BICICLETA,Car Bike Port,5,10,0,Público,Partilhado com Micromobilidade,28/08/2020,-9.1397090,38.7109916
15598,896,"Avenida Almirante Reis, 2",Arroios,Lugar estacionamento automóvel,BICICLETA,Sheffield standard,5,10,0,Público,Partilhado com Micromobilidade,01/07/2024,-9.1354071,38.7206893
15599,897,Avenida António Augusto de Aguiar,Avenidas Novas,Lugar estacionamento automóvel,BICICLETA,Car Bike Port,5,10,0,Público,Partilhado com Micromobilidade,28/08/2020,-9.1536917,38.7338822
15600,898,Rua Engenheiro Vieira da Silva,Arroios,Lugar estacionamento automóvel,BICICLETA,Sheffield standard,5,10,0,Público,Partilhado com Micromobilidade,01/07/2024,-9.1446060,38.7317267
15601,1062,"Largo Jaime Carvalho, 15A",Olivais,Passeio,HOTSPOT,Sheffield standard,2,9,0,Público,Partilhado com Micromobilidade,12/07/2020,-9.1072918,38.7666899
15602,1063,Largo da Revista Militar,Benfica,Passeio,BICICLETA,Sheffield standard,4,8,0,Público,Interdito Micromobilidade,,-9.1896294,38.7529691
15603,1103,Rua Alberto de Oliveira,Alvalade,Via,BICICLETA,Sheffield standard,3,6,0,Público,Partilhado com Micromobilidade,17/09/2020,-9.1442420,38.7509473
15604,1104,"Largo João Vaz, 9",Alvalade,Passeio,BICICLETA,Sheffield standard,2,4,0,Público,Partilhado com Micromobilidade,17/09/2020,-9.1384054,38.7579129
15605,1105,"Largo João Vaz, 4",Alvalade,Passeio,HOTSPOT,Sheffield standard,2,9,0,Público,Partilhado com Micromobilidade,17/09/2020,-9.1385630,38.7582104
15606,1106,"Campo Grande,  258",Alvalade,Passeio,BICICLETA,Sheffield standard,2,4,0,Público,Partilhado com Micromobilidade,17/09/2020,-9.1511778,38.7551729
15607,1107,"Largo de São Mamede, Igreja",Santo António,Passeio,HOTSPOT,Sheffield standard,2,9,0,Público,Partilhado com Micromobilidade,17/09/2020,-9.1524685,38.7187584
15608,1108,"Rua Pedro Bandeira, 2",Lumiar,Passeio,BICICLETA,Sheffield standard,2,4,0,Público,Partilhado com Micromobilidade,17/09/2020,-9.1535808,38.7626996
15609,1109,"Rua Ramalho Ortigão, 41",Avenidas Novas,Passeio,BICICLETA,Sheffield standard,2,4,0,Público,Partilhado com Micromobilidade,17/09/2020,-9.1569736,38.7356590
15610,1110,"Praça das Casas Novas, Mercado",Olivais,Passeio,BICICLETA,Sheffield standard,2,4,0,Público,Partilhado com Micromobilidade,17/09/2020,-9.1136458,38.7717815
15611,1111,"Rua General Silva Freire, Lote C",Olivais,Passeio,BICICLETA,Sheffield standard,2,4,0,Público,Partilhado com Micromobilidade,17/09/2020,-9.1129839,38.7725244
15612,1112,"Rua Dom Pedro V, 2",Santo António,Passeio,HOTSPOT,Sheffield standard,2,9,0,Público,Partilhado com Micromobilidade,17/09/2020,-9.1449629,38.7156186
15613,1113,"Rua Visconde de Santarém, 71B",Arroios,Via,BICICLETA,Sheffield standard,1,2,0,Público,Partilhado com Micromobilidade,17/09/2020,-9.1398557,38.7348570
15614,1114,"Rua Ramalho Ortigão, 3",Avenidas Novas,Passeio,HOTSPOT,Sheffield standard,2,9,0,Público,Partilhado com Micromobilidade,17/09/2020,-9.1550569,38.7352563
15616,1116,Rua Cidade de Nampula,Olivais,Passeio,BICICLETA,Sheffield standard,2,4,0,Público,Partilhado com Micromobilidade,17/09/2020,-9.1203166,38.7635220
15617,1117,Alameda da Encarnação,Olivais,Passeio,HOTSPOT,Sheffield standard,2,9,0,Público,Partilhado com Micromobilidade,17/09/2020,-9.1188281,38.7724244
15618,1118,"Rua Cidade de Vila Cabral, Escola",Olivais,Passeio,BICICLETA,Sheffield standard,2,4,0,Público,Partilhado com Micromobilidade,17/09/2020,-9.1210601,38.7675226
15619,1119,Rua Cidade de Bengela,Olivais,Passeio,BICICLETA,Sheffield standard,2,4,0,Público,Partilhado com Micromobilidade,17/09/2020,-9.1130940,38.7663697
15620,1120,"Rua Cidade de Vila Cabral, Lote 354",Olivais,Passeio,BICICLETA,Sheffield standard,2,4,0,Público,Partilhado com Micromobilidade,17/09/2020,-9.1233743,38.7658775
15621,1121,"Rua Cidade de Bengela, Lote 301",Olivais,Passeio,BICICLETA,Sheffield standard,2,4,0,Público,Partilhado com Micromobilidade,17/09/2020,-9.1108562,38.7647162
15622,1122,Rua General Silva Freire,Olivais,Passeio,HOTSPOT,Sheffield standard,2,9,0,Público,Partilhado com Micromobilidade,17/09/2020,-9.1147054,38.7746725
15623,1123,Rua Cidade de Bissau,Olivais,Passeio,HOTSPOT,Sheffield standard,2,9,0,Público,Partilhado com Micromobilidade,17/09/2020,-9.1121668,38.7608102
15624,1124,Rua de Chibuto,Olivais,Passeio,BICICLETA,Sheffield standard,2,4,0,Público,Partilhado com Micromobilidade,17/09/2020,-9.1081924,38.7615295
15625,1125,Rua Cidade de Negage,Olivais,Passeio,BICICLETA,Sheffield standard,2,4,0,Público,Partilhado com Micromobilidade,17/09/2020,-9.1175031,38.7669639
15626,1126,Praça Cidade de São Salvador,Olivais,Passeio,BICICLETA,Sheffield standard,2,4,0,Público,Partilhado com Micromobilidade,17/09/2020,-9.1146626,38.7643767
15627,1127,Rua Cidade do Lobito,Olivais,Passeio,BICICLETA,Sheffield standard,2,4,0,Público,Partilhado com Micromobilidade,17/09/2020,-9.1131463,38.7634476
15628,1128,"Rua Eurico da Fonseca, 3",Olivais,Passeio,HOTSPOT,Sheffield standard,2,9,0,Público,Partilhado com Micromobilidade,17/09/2020,-9.1095492,38.7618025
15629,1129,"Avenida Óscar Monteiro Torres, 59",Areeiro,Passeio,BICICLETA,Sheffield standard,2,4,0,Público,Partilhado com Micromobilidade,17/09/2020,-9.1398581,38.7437889
15630,1130,"Avenida Sacadura Cabral, 18",Areeiro,Passeio,HOTSPOT,Sheffield standard,2,9,0,Público,Partilhado com Micromobilidade,17/09/2020,-9.1409936,38.7446147
15631,1131,"Avenida Sacadura Cabral, 27",Areeiro,Passeio,BICICLETA,Sheffield standard,2,4,0,Público,Partilhado com Micromobilidade,17/09/2020,-9.1421809,38.7442322
15633,1133,"Rua Cidade de Vila Cabral, Lote 353",Olivais,Passeio,HOTSPOT,Sheffield standard,2,9,0,Público,Partilhado com Micromobilidade,17/09/2020,-9.1227764,38.7662301
15634,1134,"Rua Cidade da Beira, 68",Olivais,Passeio,BICICLETA,Sheffield standard,2,4,0,Público,Partilhado com Micromobilidade,17/09/2020,-9.1205928,38.7682818
15635,1135,Praça de Bilene,Olivais,Passeio,BICICLETA,Sheffield standard,2,4,0,Público,Partilhado com Micromobilidade,17/09/2020,-9.1214243,38.7627496
15636,1136,"Rua Cidade da Beira, 44",Olivais,Passeio,BICICLETA,Sheffield standard,2,4,0,Público,Partilhado com Micromobilidade,17/09/2020,-9.1243540,38.7652673
15637,1137,Alameda da Encarnação,Olivais,Passeio,HOTSPOT,Sheffield standard,2,9,0,Público,Partilhado com Micromobilidade,17/09/2020,-9.1184086,38.7728595
15638,1138,"Rua Professor Salazar de Sousa, Igreja",Lumiar,Passeio,BICICLETA,Sheffield standard,2,4,0,Público,Partilhado com Micromobilidade,17/09/2020,-9.1559646,38.7662603
15639,1139,"Rua Luís de Freitas Branco, 30B",Lumiar,Passeio,BICICLETA,Sheffield standard,2,4,0,Público,Partilhado com Micromobilidade,17/09/2020,-9.1626369,38.7718992
15640,1140,"Alameda das Linhas de Torres, 22A",Lumiar,Passeio,HOTSPOT,Sheffield standard,2,9,0,Público,Partilhado com Micromobilidade,17/09/2020,-9.1603284,38.7710521
15641,1141,"Alameda das Linhas de Torres, 253",Lumiar,Passeio,BICICLETA,Sheffield standard,2,4,0,Público,Partilhado com Micromobilidade,17/09/2020,-9.1612723,38.7725232
15642,1142,"Rua Ramalho Ortigão, 43",Avenidas Novas,Passeio,BICICLETA,Sheffield standard,1,2,0,Público,Partilhado com Micromobilidade,17/09/2020,-9.1572701,38.7354735
15643,1143,"Rua Ramalho Ortigão, 43",Avenidas Novas,Passeio,BICICLETA,Sheffield standard,1,2,0,Público,Partilhado com Micromobilidade,17/09/2020,-9.1573971,38.7355010
15644,1144,"Rua Fialho de Almeida, 2",Avenidas Novas,Passeio,BICICLETA,Sheffield standard,2,4,0,Público,Partilhado com Micromobilidade,17/09/2020,-9.1549951,38.7339590
15645,1145,"Rua Ramalho Ortigão, 33",Avenidas Novas,Passeio,BICICLETA,Sheffield standard,2,4,0,Público,Partilhado com Micromobilidade,17/09/2020,-9.1564776,38.7355595
15646,1146,"Rua Manuel Marques, 13",Lumiar,Passeio,HOTSPOT,Sheffield standard,2,9,0,Público,Partilhado com Micromobilidade,17/09/2020,-9.1539660,38.7651486
15647,1147,"Rua Manuel Marques, 8E",Lumiar,Passeio,HOTSPOT,Sheffield standard,2,9,0,Público,Partilhado com Micromobilidade,17/09/2020,-9.1538710,38.7654182
15648,1148,"Campo Grande, 246",Alvalade,Passeio,BICICLETA,Sheffield standard,3,6,0,Público,Partilhado com Micromobilidade,17/09/2020,-9.1504374,38.7541948
15649,1149,Rua Xavier Araújo,São Domingos de Benfica,Passeio,HOTSPOT,Sheffield standard,4,13,0,Público,Partilhado com Micromobilidade,17/09/2020,-9.1722037,38.7484436
15650,1150,"Rua Manuel da Silva Real, 11D",São Domingos de Benfica,Passeio,BICICLETA,Sheffield standard,2,4,0,Público,Partilhado com Micromobilidade,17/09/2020,-9.1710006,38.7493865
15651,1151,Rua Manuel da Silva Real,São Domingos de Benfica,Passeio,BICICLETA,Sheffield standard,2,4,0,Público,Partilhado com Micromobilidade,17/09/2020,-9.1714220,38.7502153
15652,1152,Rua Manuel da Silva Real,São Domingos de Benfica,Passeio,HOTSPOT,Sheffield standard,2,9,0,Público,Partilhado com Micromobilidade,17/09/2020,-9.1722203,38.7502175
15653,1153,"Rua Virgílio Correia, 2B",São Domingos de Benfica,Passeio,HOTSPOT,Sheffield standard,2,9,0,Público,Partilhado com Micromobilidade,17/09/2020,-9.1721733,38.7510034
15654,1154,"Rua Virgílio Correia, 3",São Domingos de Benfica,Passeio,BICICLETA,Sheffield standard,2,4,0,Público,Partilhado com Micromobilidade,17/09/2020,-9.1723398,38.7509848
15655,1155,"Rua Abranches Ferrão, 6",São Domingos de Benfica,Passeio,BICICLETA,Sheffield standard,2,4,0,Público,Partilhado com Micromobilidade,17/09/2020,-9.1723001,38.7507687
15656,1156,"Rua São Tomás de Aquilo, Igreja",São Domingos de Benfica,Passeio,HOTSPOT,Sheffield standard,2,9,0,Público,Partilhado com Micromobilidade,17/09/2020,-9.1725414,38.7526332
15657,1157,"Rua São Tomás de Aquilo, 4C",São Domingos de Benfica,Passeio,BICICLETA,Sheffield standard,2,4,0,Público,Partilhado com Micromobilidade,17/09/2020,-9.1733646,38.7523717
15658,1158,"Rua Lúcio de Azevedo, 12A",São Domingos de Benfica,Passeio,BICICLETA,Sheffield standard,4,8,0,Público,Partilhado com Micromobilidade,17/09/2020,-9.1730174,38.7545555
15659,1159,"Rua Lúcio de Azevedo, 21B",São Domingos de Benfica,Passeio,BICICLETA,Sheffield standard,2,4,0,Público,Partilhado com Micromobilidade,17/09/2020,-9.1726602,38.7547345
15660,1160,"Rua Virgílio Correia, Escola",São Domingos de Benfica,Passeio,BICICLETA,Sheffield standard,2,4,0,Público,Partilhado com Micromobilidade,17/09/2020,-9.1735316,38.7548784
15661,1161,"Estrada da Luz, 146",São Domingos de Benfica,Passeio,BICICLETA,Sheffield standard,2,4,0,Público,Partilhado com Micromobilidade,17/09/2020,-9.1759029,38.7551892
15662,1162,"Estrada da Luz, 165",São Domingos de Benfica,Passeio,HOTSPOT,Sheffield standard,2,9,0,Público,Partilhado com Micromobilidade,17/09/2020,-9.1760120,38.7549428
15663,1163,"Estrada da Luz, 173B",São Domingos de Benfica,Passeio,BICICLETA,Sheffield standard,2,4,0,Público,Partilhado com Micromobilidade,17/09/2020,-9.1764852,38.7553556
15664,1164,"Rua Tomás da Fonseca, 3B",São Domingos de Benfica,Passeio,HOTSPOT,Sheffield standard,4,13,0,Público,Partilhado com Micromobilidade,17/09/2020,-9.1752115,38.7561731
15665,1165,"Rua Tomás da Fonseca, 1B",São Domingos de Benfica,Passeio,HOTSPOT,Sheffield standard,4,13,0,Público,Partilhado com Micromobilidade,17/09/2020,-9.1758385,38.7561759
15666,1166,"Estrada da Luz, 197",São Domingos de Benfica,Passeio,HOTSPOT,Sheffield standard,2,9,0,Público,Partilhado com Micromobilidade,17/09/2020,-9.1777102,38.7565786
15667,1167,"Rua dos Soeiros, 339",São Domingos de Benfica,Passeio,BICICLETA,Sheffield standard,2,4,0,Público,Partilhado com Micromobilidade,17/09/2020,-9.1771791,38.7559506
15668,1168,Rua João de Freitas Branco,São Domingos de Benfica,Passeio,HOTSPOT,Sheffield standard,2,9,0,Público,Partilhado com Micromobilidade,17/09/2020,-9.1800222,38.7495365
15669,1169,Rua Abílio Mendes,São Domingos de Benfica,Passeio,HOTSPOT,Sheffield standard,2,9,0,Público,Partilhado com Micromobilidade,17/09/2020,-9.1784346,38.7488679
15670,1170,Rua Abílio Mendes,São Domingos de Benfica,Passeio,HOTSPOT,Sheffield standard,2,9,0,Público,Partilhado com Micromobilidade,17/09/2020,-9.1771191,38.7487496
15671,1171,"Avenida Manuel da Maia, 2",Arroios,Passeio,BICICLETA,Sheffield standard,3,6,0,Público,Partilhado com Micromobilidade,17/09/2020,-9.1367864,38.7349764
15672,1172,"Avenida do Brasil, 46",Alvalade,Passeio,BICICLETA,Sheffield standard,3,6,0,Público,Partilhado com Micromobilidade,17/09/2020,-9.1472212,38.7561721
15673,1173,"Rua Fernando Pessoa, Escola",Alvalade,Passeio,BICICLETA,Sheffield standard,2,4,0,Público,Partilhado com Micromobilidade,17/09/2020,-9.1459370,38.7506397
15674,1174,"Avenida David Mourão-Ferreira, 62B",Lumiar,Passeio,HOTSPOT,Sheffield standard,2,9,0,Público,Partilhado com Micromobilidade,17/09/2020,-9.1557562,38.7747490
15675,1175,"Estrada da Luz, 177F",São Domingos de Benfica,Passeio,HOTSPOT,Sheffield standard,2,9,0,Público,Partilhado com Micromobilidade,17/09/2020,-9.1767508,38.7556711
15676,1176,"Calçada da Tapada, 9",Alcântara,Passeio,BICICLETA,Sheffield standard,6,12,0,Público,Partilhado com Micromobilidade,,-9.1762426,38.7066752
15677,1178,"Rua Fernando Pessoa, 20",Alvalade,Lugar estacionamento automóvel,BICICLETA,Sheffield standard,5,10,0,Público,Partilhado com Micromobilidade,01/06/2022,-9.1472151,38.7504402
15678,1179,"Rua Fernando Pessoa, 12",Alvalade,Lugar estacionamento automóvel,BICICLETA,Sheffield standard,4,8,0,Público,Partilhado com Micromobilidade,01/06/2022,-9.1463144,38.7507380
15679,1180,Rua António Patrício,Alvalade,Via,HOTSPOT,Sheffield standard,3,11,0,Público,Partilhado com Micromobilidade,01/09/2020,-9.1434814,38.7495164
15680,1181,Rua António Patrício,Alvalade,Via,HOTSPOT,Sheffield standard,3,11,0,Público,Partilhado com Micromobilidade,01/09/2020,-9.1432928,38.7495618
15681,1182,Rua António Patrício,Alvalade,Via,HOTSPOT,Sheffield standard,3,11,0,Público,Partilhado com Micromobilidade,01/09/2020,-9.1429855,38.7496349
15682,1183,Avenida António Augusto de Aguiar,Avenidas Novas,Passeio,BICICLETA,Entorta rodas,2,10,1,Privado,Interdito Micromobilidade,,-9.1528910,38.7327411
15683,1184,Avenida de Sidónio Pais,Avenidas Novas,Passeio,BICICLETA,Entorta rodas,2,10,1,Privado,Interdito Micromobilidade,,-9.1538096,38.7331412
15684,1185,"Alameda Edgar Cardoso, Estufa Fria",Avenidas Novas,Passeio,BICICLETA,Sheffield standard,3,6,0,Público,Partilhado com Micromobilidade,22/06/2020,-9.1554609,38.7289347
15685,1186,"Largo do Leão, Escola",Arroios,Passeio,BICICLETA,Sheffield standard,4,8,0,Público,Partilhado com Micromobilidade,09/09/2020,-9.1376061,38.7347370
15686,1187,"Campo dos Mártires da Pátria, 30",Arroios,Passeio,BICICLETA,Sheffield standard,3,6,0,Público,Partilhado com Micromobilidade,24/07/2020,-9.1405025,38.7209564
15687,1188,"Rua Capitão Tenente Oliveira e Carmo, Lote 144",Olivais,Passeio,HOTSPOT,Sheffield standard,2,9,0,Público,Partilhado com Micromobilidade,07/09/2020,-9.1135128,38.7751992
15688,1189,Rua da Centieira,Parque das Nações,Passeio,BICICLETA,Sheffield standard,3,6,0,Público,Partilhado com Micromobilidade,03/08/2018,-9.1008934,38.7628566
15689,1190,"Avenida da República, 91",Avenidas Novas,Lugar estacionamento automóvel,BICICLETA,Sheffield standard,5,10,0,Público,Partilhado com Micromobilidade,19/08/2020,-9.1472883,38.7429828
15690,1191,"Avenida da República, 91",Avenidas Novas,Lugar estacionamento automóvel,BICICLETA,Sheffield standard,5,10,0,Público,Partilhado com Micromobilidade,19/08/2020,-9.1472996,38.7430295
15691,1192,"Avenida da República, 91",Avenidas Novas,Lugar estacionamento automóvel,BICICLETA,Sheffield standard,5,10,0,Público,Partilhado com Micromobilidade,19/08/2020,-9.1472776,38.7429385
15692,1193,Metro campo Grande,Lumiar,Passeio,BICICLETA,Grelha,1,6,0,Público,Partilhado com Micromobilidade,,-9.1575149,38.7594110
15693,1343,"Avenida Dr. Augusto de Castro, Lote 408",Marvila,Passeio,BICICLETA,Entorta rodas,1,5,1,Público,Partilhado com Micromobilidade,,-9.1130799,38.7576894
15694,1344,"Rua João Saraiva, 7",Alvalade,Lugar estacionamento automóvel,BICICLETA,Entorta rodas,2,10,1,Privado,Interdito Micromobilidade,,-9.1419635,38.7567055
15695,1324,Rua da Cintura do Porto de Lisboa,Marvila,Passeio,BICICLETA,Sheffield standard,8,16,0,Público,Partilhado com Micromobilidade,07/02/2020,-9.0979630,38.7422573
15696,1325,Rua da Cintura do Porto de Lisboa,Marvila,Passeio,BICICLETA,Sheffield standard,8,16,0,Público,Partilhado com Micromobilidade,07/02/2020,-9.0977732,38.7447912
15697,1326,Rua da Cintura do Porto de Lisboa,Marvila,Passeio,BICICLETA,Sheffield standard,8,16,0,Público,Partilhado com Micromobilidade,07/02/2020,-9.0970123,38.7460578
15698,1327,Rua da Cintura do Porto de Lisboa,Marvila,Passeio,BICICLETA,Sheffield standard,8,16,0,Público,Partilhado com Micromobilidade,07/02/2020,-9.0974921,38.7458411
15699,1328,Largo da Estação de Braço de Prata,Marvila,Passeio,BICICLETA,Sheffield standard,5,10,0,Público,Partilhado com Micromobilidade,,-9.1030900,38.7457092
15700,1329,Avenida Infante Dom Henrique,Marvila,Passeio,BICICLETA,Sheffield standard,4,8,0,Público,Partilhado com Micromobilidade,07/02/2020,-9.0991205,38.7437088
15701,1330,"Avenida de Ceuta, Estação",Estrela,Passeio,BICICLETA,Sheffield standard,4,8,0,Público,Partilhado com Micromobilidade,,-9.1733261,38.7079200
15702,1331,"Avenida Infante Dom Henrique, 319",Marvila,Passeio,BICICLETA,Entorta rodas,1,5,1,Privado,Interdito Micromobilidade,,-9.1037682,38.7554028
15703,1333,"Avenida Infante Dom Henrique, 321",Olivais,Passeio,BICICLETA,Entorta rodas,1,5,0,Público,Partilhado com Micromobilidade,,-9.1035576,38.7563509
15704,1334,"Avenida Francisco Salgado Zenha, Lote 2",Marvila,Passeio,BICICLETA,Entorta rodas,1,5,0,Público,Partilhado com Micromobilidade,,-9.1184090,38.7481983
15705,1335,"Rua Gaivotas em Terra, Escola",Parque das Nações,Passeio,BICICLETA,Entorta rodas,6,36,0,Privado,Interdito Micromobilidade,15/01/2021,-9.0979375,38.7553240
15706,1337,"Campo Grande, 13",Alvalade,Passeio,BICICLETA,Sheffield estreito,4,8,1,Privado,Interdito Micromobilidade,,-9.1500395,38.7490570
15707,1338,"Rua das Trinas, 4",Estrela,Lugar estacionamento automóvel,BICICLETA,Sheffield standard,4,8,0,Público,Partilhado com Micromobilidade,10/02/2021,-9.1564497,38.7075846
15708,1339,Rua Fernando Namora,Lumiar,Passeio,BICICLETA,Grelha,1,2,0,Público,Partilhado com Micromobilidade,,-9.1746232,38.7593932
15709,1340,Rua Fernando Namora,Lumiar,Passeio,BICICLETA,Grelha,1,2,0,Público,Partilhado com Micromobilidade,,-9.1744900,38.7590274
15710,1341,"Rua Luís Augusto Palmeirim, 10",Alvalade,Lugar estacionamento automóvel,HOTSPOT,Sheffield standard,4,13,0,Público,Partilhado com Micromobilidade,01/12/2020,-9.1420263,38.7553950
15711,1342,"Rua Luís Augusto Palmeirim, 4D",Alvalade,Lugar estacionamento automóvel,HOTSPOT,Sheffield standard,4,13,0,Público,Partilhado com Micromobilidade,01/12/2020,-9.1413640,38.7556166
15712,1354,Rua Francisco Gentil Martins,Campolide,Via,HOTSPOT,Sheffield standard,2,9,0,Público,Partilhado com Micromobilidade,,-9.1700082,38.7394548
15713,1355,Rua Conde de Almoster,São Domingos de Benfica,Passeio,HOTSPOT,Sheffield standard,2,9,0,Público,Partilhado com Micromobilidade,,-9.1786708,38.7424290
15714,1356,"Rua Conde de Almoster, 76",São Domingos de Benfica,Via,HOTSPOT,Sheffield standard,2,9,0,Público,Partilhado com Micromobilidade,,-9.1814655,38.7436419
15715,1357,"Rua Conde de Almoster, 82",São Domingos de Benfica,Passeio,HOTSPOT,Sheffield standard,2,9,0,Público,Partilhado com Micromobilidade,,-9.1819067,38.7438329
15716,1358,"Rua Conde de Almoster, 100",São Domingos de Benfica,Via,HOTSPOT,Sheffield standard,2,9,0,Público,Partilhado com Micromobilidade,,-9.1837702,38.7445420
15717,1359,Rua Conde de Almoster,São Domingos de Benfica,Via,HOTSPOT,Sheffield standard,2,9,0,Público,Partilhado com Micromobilidade,,-9.1882703,38.7448928
15718,1360,"Rua António Champalimaud, Lote 4",Carnide,Lugar estacionamento automóvel,HOTSPOT,Sheffield standard,2,9,0,Público,Partilhado com Micromobilidade,19/03/2021,-9.1818330,38.7678513
15719,1361,"Rua António Champalimaud, Lote 3",Carnide,Lugar estacionamento automóvel,HOTSPOT,Sheffield standard,2,9,0,Público,Partilhado com Micromobilidade,19/03/2021,-9.1812142,38.7683616
15720,1362,"Avenida Professor Egas Moniz, Piscina",Alvalade,Passeio,BICICLETA,Cascata,2,16,0,Público,Partilhado com Micromobilidade,,-9.1611451,38.7554817
15721,1363,Avenida Professor Egas Moniz,Alvalade,Passeio,BICICLETA,Entorta rodas,1,5,0,Público,Partilhado com Micromobilidade,,-9.1622310,38.7561494
15722,1364,"Avenida Professor Egas Moniz, Piscina",Alvalade,Passeio,BICICLETA,Entorta rodas,1,5,0,Público,Partilhado com Micromobilidade,,-9.1618940,38.7558284
15723,1365,Rua Ginestal Machado,São Domingos de Benfica,Passeio,BICICLETA,Sheffield standard,2,4,0,Público,Partilhado com Micromobilidade,09/10/2020,-9.1732037,38.7528828
15724,1366,"Rua Carlos Mardel, 32",Arroios,Via,BICICLETA,Sheffield standard,1,2,0,Público,Partilhado com Micromobilidade,04/03/2021,-9.1331471,38.7348954
15725,1567,Rua Castilho,Avenidas Novas,Via,HOTSPOT,Sheffield standard,2,9,0,Público,Partilhado com Micromobilidade,22/10/2021,-9.1566944,38.7284798
15726,1568,Rua Castilho,Avenidas Novas,Via,HOTSPOT,Sheffield standard,2,9,0,Público,Partilhado com Micromobilidade,22/10/2021,-9.1560376,38.7277412
15727,1345,"Rua Francisco Pedro Curado, 5",Penha de França,Lugar estacionamento automóvel,BICICLETA,Sheffield standard,5,10,0,Público,Partilhado com Micromobilidade,,-9.1266159,38.7271985
15728,1346,"Avenida de António José de Almeida, Universidade",Areeiro,Passeio,BICICLETA,Sheffield largo,8,16,0,Privado,Interdito Micromobilidade,,-9.1387363,38.7354575
15729,1347,"Avenida de António José de Almeida, Universidade",Areeiro,Passeio,BICICLETA,Sheffield largo,8,16,0,Privado,Interdito Micromobilidade,,-9.1389868,38.7380713
15730,1348,"Avenida de António José de Almeida, IST",Areeiro,Via,BICICLETA,Sheffield standard,10,20,0,Privado,Interdito Micromobilidade,,-9.1397550,38.7368573
15731,1349,"Avenida de António José de Almeida, IST",Areeiro,Via,BICICLETA,Sheffield standard,10,20,0,Privado,Interdito Micromobilidade,,-9.1397241,38.7365441
15732,1350,"Avenida de António José de Almeida, IST",Areeiro,Via,BICICLETA,Sheffield standard,4,8,0,Privado,Interdito Micromobilidade,,-9.1390244,38.7369316
15733,1351,"Avenida de António José de Almeida, IST",Areeiro,Via,BICICLETA,Sheffield standard,4,8,0,Privado,Interdito Micromobilidade,,-9.1389856,38.7365566
15734,1352,"Avenida de António José de Almeida, Universidade",Areeiro,Passeio,BICICLETA,Sheffield standard,6,12,0,Privado,Interdito Micromobilidade,01/04/2021,-9.1372381,38.7371655
15735,1353,Largo Prof. Arnaldo Sampaio,Campolide,Passeio,HOTSPOT,Sheffield standard,2,9,0,Público,Partilhado com Micromobilidade,,-9.1686767,38.7396117
15736,1194,Rua João Amaral,Santa Clara,Passeio,BICICLETA,Onda,1,5,0,Público,Partilhado com Micromobilidade,,-9.1528388,38.7834359
15737,1195,Calçada do Duque,Santa Maria Maior,Passeio,BICICLETA,Sheffield standard,3,6,1,Público,Partilhado com Micromobilidade,,-9.1413634,38.7138717
15738,1196,Rua da Venezuela,Benfica,Passeio,BICICLETA,Sheffield standard,3,6,1,Privado,Interdito Micromobilidade,,-9.1998681,38.7444214
15739,1197,"Avenida Professor Egas Moniz, Escola",Alvalade,Passeio,BICICLETA,Sheffield standard,6,12,0,Privado,Interdito Micromobilidade,,-9.1626012,38.7495978
15740,1198,"Avenida Padre Manuel da Nóbrega, 15",Areeiro,Passeio,BICICLETA,Sheffield standard,5,10,0,Privado,Interdito Micromobilidade,,-9.1347625,38.7443922
15741,1199,Alameda da Universidade,Alvalade,Via,BICICLETA,Sheffield standard,4,8,0,Público,Partilhado com Micromobilidade,,-9.1577105,38.7511220
15742,1200,"Avenida Professor Gama Pinto, Faculdade",Alvalade,Via,BICICLETA,Sheffield standard,4,8,0,Público,Partilhado com Micromobilidade,,-9.1572302,38.7494197
15743,1201,"Rua Capitão-Mor Pedro Teixeira, 11",Belém,Lugar estacionamento automóvel,BICICLETA,Sheffield standard,4,8,0,Público,Partilhado com Micromobilidade,26/10/2020,-9.2070399,38.7076809
15744,1202,"Rua Capitão-Mor Pedro Teixeira, Escola",Belém,Lugar estacionamento automóvel,BICICLETA,Sheffield standard,4,8,0,Público,Partilhado com Micromobilidade,26/10/2020,-9.2072080,38.7075077
15745,1203,Calçada do Galvão,Belém,Lugar estacionamento automóvel,BICICLETA,Sheffield standard,2,4,0,Público,Partilhado com Micromobilidade,26/10/2020,-9.2024324,38.7066270
15746,1204,"Avenida Dom Carlos I, 97",Estrela,Lugar estacionamento automóvel,HOTSPOT,Sheffield standard,2,9,0,Público,Partilhado com Micromobilidade,26/10/2020,-9.1534270,38.7101035
15747,1205,"Largo do Conde Barão, 12",Misericórdia,Lugar estacionamento automóvel,HOTSPOT,Sheffield standard,2,9,0,Público,Partilhado com Micromobilidade,26/10/2020,-9.1511366,38.7087701
15748,1206,"Rua de São Pedro de Alcântara, 55",Misericórdia,Lugar estacionamento automóvel,HOTSPOT,Sheffield standard,2,9,0,Público,Partilhado com Micromobilidade,26/10/2020,-9.1441544,38.7144252
15749,1207,"Rua Marquês da Fronteira, 72A",Campolide,Lugar estacionamento automóvel,HOTSPOT,Sheffield standard,2,9,0,Público,Partilhado com Micromobilidade,26/10/2020,-9.1610873,38.7279007
15750,1208,"Rua Marquês da Fronteira, 177",Campolide,Lugar estacionamento automóvel,HOTSPOT,Sheffield standard,2,9,0,Público,Partilhado com Micromobilidade,26/10/2020,-9.1634021,38.7272817
15751,1209,"Rua Prof. Sousa da Câmara, 154",Campolide,Lugar estacionamento automóvel,HOTSPOT,Sheffield standard,2,9,0,Público,Partilhado com Micromobilidade,26/10/2020,-9.1624440,38.7254315
15752,1210,"Rua Almirante Barroso, 1B",Arroios,Lugar estacionamento automóvel,HOTSPOT,Sheffield standard,4,9,0,Público,Partilhado com Micromobilidade,26/10/2020,-9.1412754,38.7315291
15753,1211,Rua Carlos José Barreiros,Arroios,Via,HOTSPOT,Sheffield standard,2,9,0,Público,Partilhado com Micromobilidade,26/10/2020,-9.1364198,38.7323489
15754,1212,"Largo de Santa Bárbara, 11",Arroios,Lugar estacionamento automóvel,HOTSPOT,Sheffield standard,2,9,0,Público,Partilhado com Micromobilidade,26/10/2020,-9.1362769,38.7267430
15755,1213,"Rua Frei Francisco Foreiro, 8C",Arroios,Lugar estacionamento automóvel,HOTSPOT,Sheffield standard,2,9,0,Público,Partilhado com Micromobilidade,26/10/2020,-9.1354850,38.7280581
15756,1214,"Rua António Pedro, 32A",Arroios,Lugar estacionamento automóvel,HOTSPOT,Sheffield standard,2,9,0,Público,Partilhado com Micromobilidade,26/10/2020,-9.1354056,38.7297687
15757,1215,"Rua de Dona Estefânia, 127A",Arroios,Lugar estacionamento automóvel,HOTSPOT,Sheffield standard,2,9,0,Público,Partilhado com Micromobilidade,26/10/2020,-9.1408138,38.7311361
15758,1216,"Rua de Dona Estefânia, 114",Arroios,Lugar estacionamento automóvel,HOTSPOT,Sheffield standard,2,9,0,Público,Partilhado com Micromobilidade,26/10/2020,-9.1413932,38.7345014
15759,1217,"Rua Gomes Freire, 162",Arroios,Lugar estacionamento automóvel,HOTSPOT,Sheffield standard,2,9,0,Público,Partilhado com Micromobilidade,26/10/2020,-9.1419819,38.7274277
15760,1218,"Rua da Escola de Medicina Veterinária, 2",Arroios,Lugar estacionamento automóvel,HOTSPOT,Sheffield standard,4,13,0,Público,Partilhado com Micromobilidade,26/10/2020,-9.1407046,38.7299255
15761,1219,"Rua Alexandre Braga, 33",Arroios,Lugar estacionamento automóvel,BICICLETA,Sheffield standard,4,8,0,Público,Partilhado com Micromobilidade,26/10/2020,-9.1405078,38.7306390
15762,1246,Avenida de Pádua,Parque das Nações,Passeio,BICICLETA,Sheffield standard,33,66,0,Público,Partilhado com Micromobilidade,,-9.1010746,38.7630132
15763,1247,"Calçada da Estação, Estação",Campolide,Passeio,BICICLETA,Lisboa,8,16,0,Público,Partilhado com Micromobilidade,,-9.1682458,38.7322018
15764,1248,"Estrada da Torre, 28",Lumiar,Passeio,BICICLETA,Sheffield estreito,15,30,1,Privado,Interdito Micromobilidade,,-9.1584738,38.7741822
15765,1250,"Rua Mário Sampaio Ribeiro, Escola",Lumiar,Via,BICICLETA,Entorta rodas,2,10,0,Privado,Interdito Micromobilidade,,-9.1618413,38.7695840
15766,1251,Rua de Campolide,Campolide,Via,BICICLETA,Sheffield standard,4,8,0,Público,Partilhado com Micromobilidade,,-9.1662734,38.7367971
15767,1252,Avenida António Augusto de Aguiar,Avenidas Novas,Via,BICICLETA,Sheffield standard,4,8,0,Público,Partilhado com Micromobilidade,,-9.1559721,38.7369489
15769,1255,"Praça Dom Manuel I, 4A",Belém,Passeio,BICICLETA,Sheffield standard,2,4,0,Público,Partilhado com Micromobilidade,,-9.2262833,38.6984772
15770,1256,"Rua Raul Carapinha, Escola",São Domingos de Benfica,Lugar estacionamento automóvel,BICICLETA,Sheffield standard,3,6,0,Público,Partilhado com Micromobilidade,14/12/2020,-9.1714689,38.7412259
15771,1257,"Avenida D. João II, 4.69.01",Parque das Nações,Lugar estacionamento automóvel,HOTSPOT,Sheffield standard,2,9,0,Público,Partilhado com Micromobilidade,14/12/2020,-9.0974012,38.7759886
15772,1258,Avenida 24 de Julho,Estrela,Lugar estacionamento automóvel,HOTSPOT,Sheffield standard,2,9,0,Público,Partilhado com Micromobilidade,14/12/2020,-9.1555266,38.7065545
15774,1260,Praça Martim Moniz,Santa Maria Maior,Passeio,BICICLETA,Sheffield standard,3,6,0,Público,Partilhado com Micromobilidade,03/02/2021,-9.1363883,38.7151813
15776,1262,"Rua Gonçalves Zarco, 21H",Belém,Lugar estacionamento automóvel,HOTSPOT,Sheffield standard,2,9,0,Público,Partilhado com Micromobilidade,14/12/2020,-9.2062439,38.7023139
15777,1263,Parque do Vale do Silêncio,Olivais,Via,BICICLETA,Sheffield standard,2,4,0,Público,Partilhado com Micromobilidade,14/12/2020,-9.1185100,38.7656630
15778,1264,"Rua Cidade de Gabela, 1",Olivais,Lugar estacionamento automóvel,HOTSPOT,Sheffield standard,2,9,0,Público,Partilhado com Micromobilidade,14/12/2020,-9.1142204,38.7680006
15779,1265,"Avenida de Pádua, Cemitério",Olivais,Via,BICICLETA,Sheffield standard,6,12,0,Público,Partilhado com Micromobilidade,22/10/2019,-9.1080643,38.7634865
15780,1266,"Avenida Sacadura Cabral, 4B",Areeiro,Lugar estacionamento automóvel,HOTSPOT,Sheffield standard,2,9,0,Público,Partilhado com Micromobilidade,01/07/2020,-9.1401291,38.7448234
15781,1267,Rua do Comércio,Santa Maria Maior,Lugar estacionamento motociclo,BICICLETA,Car Bike Port,5,8,0,Público,Partilhado com Micromobilidade,08/09/2020,-9.1385931,38.7084158
15782,1268,"Rua Francisco Stromp, 21C",Lumiar,Passeio,BICICLETA,Entorta rodas,5,5,0,Público,Partilhado com Micromobilidade,,-9.1596025,38.7638021
15783,1269,Eixo Central,Lumiar,Passeio,BICICLETA,Onda,2,10,0,Público,Partilhado com Micromobilidade,18/05/2013,-9.1482842,38.7673644
15784,1270,Rua Interior à Azinhaga da Fonte do Louro,Areeiro,Passeio,BICICLETA,Lisboa,4,8,0,Público,Partilhado com Micromobilidade,,-9.1301805,38.7482164
15785,1271,"Avenida de Roma, 26AA",Areeiro,Passeio,BICICLETA,Entorta rodas,1,5,1,Privado,Interdito Micromobilidade,,-9.1386326,38.7447656
15786,1272,Rua Tomás da Fonseca,São Domingos de Benfica,Passeio,BICICLETA,Sheffield estreito,6,12,0,Privado,Interdito Micromobilidade,,-9.1754995,38.7564927
15787,1273,"Azinhaga das Galhardas, 23A",Alvalade,Passeio,BICICLETA,Sheffield standard,2,4,0,Público,Partilhado com Micromobilidade,,-9.1666469,38.7543662
15788,1274,Alameda da Universidade,Alvalade,Via,BICICLETA,Sheffield standard,4,8,0,Público,Partilhado com Micromobilidade,,-9.1588597,38.7520768
15789,1280,"Rua Luís Augusto Palmeirim, 19B",Alvalade,Lugar estacionamento automóvel,BICICLETA,Sheffield standard,4,8,0,Público,Partilhado com Micromobilidade,01/12/2020,-9.1444683,38.7545057
15790,1282,"Avenida do Rio de Janeiro, INATEL",Alvalade,Passeio,BICICLETA,Grelha,1,5,0,Privado,Interdito Micromobilidade,,-9.1377715,38.7514539
15791,1283,"Avenida do Rio de Janeiro, INATEL",Alvalade,Passeio,BICICLETA,Grelha,1,5,0,Privado,Interdito Micromobilidade,,-9.1405996,38.7506745
15792,1284,Campo Grande,Alvalade,Passeio,BICICLETA,Grelha,8,8,0,Privado,Interdito Micromobilidade,,-9.1497096,38.7511395
15793,1285,"Campo Grande, 23",Alvalade,Via,BICICLETA,Borboleta,1,5,0,Público,Partilhado com Micromobilidade,,-9.1500097,38.7494448
15794,1287,"Jardim Fernando Pessa, Estacionamento",Areeiro,Passeio,BICICLETA,Entorta rodas,7,35,1,Privado,Interdito Micromobilidade,,-9.1374593,38.7435997
15795,1288,"Rua Manuel Teixeira Gomes, Escola",Marvila,Lugar estacionamento automóvel,BICICLETA,Desconhecido,4,8,0,Público,Partilhado com Micromobilidade,01/06/2022,-9.1120233,38.7517222
15796,1289,"Rua Manuel Teixeira Gomes, Escola",Marvila,Passeio,BICICLETA,Sheffield standard,30,60,0,Privado,Interdito Micromobilidade,,-9.1120915,38.7516309
15797,1290,"Campo Grande, 13",Alvalade,Passeio,BICICLETA,Sheffield estreito,3,6,1,Privado,Interdito Micromobilidade,,-9.1498424,38.7490644
15798,1291,"Campo Grande, 13",Alvalade,Passeio,BICICLETA,Barra,6,6,1,Privado,Interdito Micromobilidade,,-9.1499694,38.7490495
15799,1292,Rua Gomes Freire,Arroios,Lugar estacionamento automóvel,BICICLETA,Entorta rodas,1,5,1,Privado,Interdito Micromobilidade,,-9.1420575,38.7289821
15800,1293,"Rua Rodrigues Sampaio, 97A",Santo António,Lugar estacionamento automóvel,BICICLETA,Sheffield standard,4,8,0,Público,Partilhado com Micromobilidade,04/02/2021,-9.1477040,38.7241702
15801,1294,"Calçada da Ajuda, 72",Belém,Lugar estacionamento automóvel,HOTSPOT,Sheffield standard,2,9,0,Público,Partilhado com Micromobilidade,04/02/2021,-9.1995698,38.6988739
15802,1295,"Avenida da Ilha da Madeira, 30D",Belém,Lugar estacionamento automóvel,HOTSPOT,Sheffield standard,4,13,0,Público,Partilhado com Micromobilidade,04/02/2021,-9.2077450,38.7058144
15803,1296,"Avenida da Ilha da Madeira, 35C",Belém,Via,BICICLETA,Sheffield standard,2,4,0,Público,Partilhado com Micromobilidade,04/02/2021,-9.2081618,38.7062049
15804,1297,"Rua dos Jerónimos, 24C",Belém,Lugar estacionamento automóvel,BICICLETA,Sheffield standard,2,4,0,Público,Partilhado com Micromobilidade,04/02/2021,-9.2058077,38.6999889
15805,1298,"Rua Adolfo Coelho, 22",Penha de França,Via,HOTSPOT,Sheffield standard,2,9,0,Público,Partilhado com Micromobilidade,04/02/2021,-9.1204563,38.7254556
15806,1299,"Rua Rodrigo da Fonseca, 57A",Santo António,Lugar estacionamento automóvel,HOTSPOT,Sheffield standard,2,9,0,Público,Partilhado com Micromobilidade,04/02/2021,-9.1531432,38.7227118
15807,1300,"Largo da Luz, Portaria do Colégio Militar",Carnide,Via,BICICLETA,Sheffield standard,2,4,0,Público,Partilhado com Micromobilidade,04/02/2021,-9.1833667,38.7600780
15808,1301,"Estrada do Paço do Lumiar, 67",Carnide,Lugar estacionamento automóvel,BICICLETA,Sheffield standard,2,4,0,Público,Partilhado com Micromobilidade,04/02/2021,-9.1829405,38.7622886
15809,1302,"Rua Padre Américo, 11C",Carnide,Lugar estacionamento automóvel,BICICLETA,Sheffield standard,2,4,0,Público,Partilhado com Micromobilidade,04/02/2021,-9.1797979,38.7614233
15810,1303,"Rua Padre Américo, 20",Carnide,Lugar estacionamento automóvel,BICICLETA,Sheffield standard,2,4,0,Público,Partilhado com Micromobilidade,04/02/2021,-9.1796505,38.7623628
15811,1304,"Rua Padre Américo, 22J",Carnide,Via,HOTSPOT,Sheffield standard,2,9,0,Público,Partilhado com Micromobilidade,04/02/2021,-9.1799331,38.7626857
15812,1305,Praça São Francisco de Assis,Carnide,Lugar estacionamento automóvel,HOTSPOT,Sheffield standard,2,9,0,Público,Partilhado com Micromobilidade,04/02/2021,-9.1808839,38.7639184
15813,1306,"Avenida General Roçadas, 9",Penha de França,Lugar estacionamento automóvel,HOTSPOT,Sheffield standard,2,9,0,Público,Partilhado com Micromobilidade,04/02/2021,-9.1286954,38.7241297
15814,1307,"Rua da Penha de França, 110A",Penha de França,Lugar estacionamento automóvel,HOTSPOT,Sheffield standard,2,9,0,Público,Partilhado com Micromobilidade,04/02/2021,-9.1294410,38.7241945
15815,1308,"Rua Cidade da Horta, 38",Arroios,Lugar estacionamento automóvel,HOTSPOT,Sheffield standard,2,9,0,Público,Partilhado com Micromobilidade,08/07/2020,-9.1390560,38.7321816
15816,1309,"Rua Cidade de Bolama, Escola",Olivais,Passeio,BICICLETA,Sheffield standard,5,10,0,Público,Partilhado com Micromobilidade,01/04/2023,-9.1163730,38.7616145
15817,1310,Rua Alexandre de Sá Pinto,Belém,Via,BICICLETA,Sheffield standard,4,8,0,Privado,Interdito Micromobilidade,12/02/2020,-9.1956880,38.6995466
15818,1311,"Rua Jorge de Sena, 3B",Santa Clara,Lugar estacionamento automóvel,HOTSPOT,Sheffield standard,2,9,0,Público,Partilhado com Micromobilidade,04/02/2021,-9.1608134,38.7792182
15819,1312,"Alameda da Encarnação, Igreja",Olivais,Via,BICICLETA,Sheffield standard,2,4,0,Público,Partilhado com Micromobilidade,21/01/2021,-9.1173759,38.7735699
15820,1313,Rua Contra-Almirante Armando Ferraz,Olivais,Lugar estacionamento automóvel,HOTSPOT,Sheffield standard,2,9,0,Público,Partilhado com Micromobilidade,21/01/2021,-9.1096193,38.7684145
15821,1314,"Rua General Silva Freire, Lote 158",Olivais,Lugar estacionamento automóvel,HOTSPOT,Sheffield standard,2,9,0,Público,Partilhado com Micromobilidade,21/01/2021,-9.1134475,38.7739854
15822,1315,"Rua Cesina Adães Bermudes, 3",Carnide,Lugar estacionamento automóvel,HOTSPOT,Sheffield standard,2,9,0,Público,Partilhado com Micromobilidade,04/02/2021,-9.1844638,38.7649093
15823,1316,"Rua Cesina Adães Bermudes, 1",Carnide,Lugar estacionamento automóvel,BICICLETA,Sheffield standard,4,8,0,Público,Partilhado com Micromobilidade,04/02/2021,-9.1843654,38.7653344
15824,1317,"Rua Flores de Lima, 16",Alvalade,Passeio,BICICLETA,Sheffield standard,3,6,0,Público,Partilhado com Micromobilidade,01/04/2019,-9.1445280,38.7484031
15825,1318,"Rua Frei Francisco Foreiro, 11",Arroios,Lugar estacionamento automóvel,BICICLETA,Sheffield standard,4,8,0,Público,Partilhado com Micromobilidade,09/02/2021,-9.1360457,38.7280438
15826,1319,Rua de Pascoal de Melo,Arroios,Lugar estacionamento automóvel,HOTSPOT,Sheffield standard,2,9,0,Público,Partilhado com Micromobilidade,09/02/2021,-9.1371102,38.7313695
15828,1396,Avenida de Brasília,Estrela,Lugar estacionamento automóvel,HOTSPOT,Sheffield standard,2,9,0,Público,Partilhado com Micromobilidade,19/03/2021,-9.1551187,38.7060032
15829,1398,"Largo Hintze Ribeiro, 1A",Santo António,Via,BICICLETA,Sheffield standard,4,12,0,Público,Partilhado com Micromobilidade,01/06/2022,-9.1552041,38.7187720
15830,1399,"Praça Nuno Rodrigues dos Santos, 7",São Domingos de Benfica,Lugar estacionamento automóvel,HOTSPOT,Sheffield standard,4,13,0,Público,Partilhado com Micromobilidade,19/03/2021,-9.1664557,38.7447421
15831,1401,"Rua Carlos Alves, 3A",Carnide,Lugar estacionamento automóvel,HOTSPOT,Sheffield standard,2,9,0,Público,Partilhado com Micromobilidade,19/03/2021,-9.1828507,38.7646069
15832,1402,Rua Cupertino de Miranda,Carnide,Lugar estacionamento automóvel,HOTSPOT,Sheffield standard,2,9,0,Público,Partilhado com Micromobilidade,19/03/2021,-9.1826181,38.7669779
15833,1403,Rua Cupertino de Miranda,Carnide,Passeio,BICICLETA,Sheffield standard,4,8,0,Público,Partilhado com Micromobilidade,19/03/2021,-9.1824991,38.7670659
15834,1406,"Rua Professor Reinaldo dos Santos, 21",São Domingos de Benfica,Passeio,BICICLETA,Sheffield estilizado,2,4,0,Público,Partilhado com Micromobilidade,,-9.1888097,38.7488732
15835,1407,"Estrada de Benfica, 360",São Domingos de Benfica,Passeio,BICICLETA,Borboleta,1,6,0,Público,Partilhado com Micromobilidade,,-9.1812274,38.7454083
15836,1408,"Rua Ferreira da Silva, 1",Arroios,Via,BICICLETA,Sheffield standard,1,2,0,Público,Partilhado com Micromobilidade,27/03/2021,-9.1333054,38.7355218
15837,1409,"Rua Ferreira da Silva, 1",Arroios,Via,BICICLETA,Sheffield standard,1,2,0,Público,Interdito Micromobilidade,27/03/2021,-9.1331979,38.7354547
15838,1410,Rua Ângela Pinto,Arroios,Via,BICICLETA,Sheffield standard,1,2,0,Público,Interdito Micromobilidade,27/03/2021,-9.1322888,38.7355561
15839,1411,Rua Ângela Pinto,Arroios,Via,BICICLETA,Sheffield standard,1,2,0,Público,Interdito Micromobilidade,27/03/2021,-9.1322458,38.7355272
15840,1412,Rua Ângela Pinto,Arroios,Via,BICICLETA,Sheffield standard,1,2,0,Público,Interdito Micromobilidade,27/03/2021,-9.1322087,38.7354912
15841,1413,"Rua Alberto de Oliveira, 23",Alvalade,Lugar estacionamento automóvel,BICICLETA,Sheffield standard,5,10,0,Público,Partilhado com Micromobilidade,05/04/2021,-9.1454573,38.7523433
15842,1414,"Rua Coronel Ferreira do Amaral, Escola",Penha de França,Via,BICICLETA,Sheffield estreito,4,8,0,Público,Interdito Micromobilidade,,-9.1275553,38.7364503
15843,1415,"Rua Coronel Ferreira do Amaral, Escola",Penha de França,Via,BICICLETA,Sheffield estreito,5,10,0,Público,Interdito Micromobilidade,,-9.1275110,38.7361075
15844,1416,Rua Maria da Fonte,Arroios,Via,BICICLETA,Sheffield standard,6,10,0,Público,Partilhado com Micromobilidade,01/08/2019,-9.1325869,38.7219243
15845,1417,"Avenida dos Defensores de Chaves, 45",Avenidas Novas,Passeio,BICICLETA,Entorta rodas,1,11,1,Privado,Interdito Micromobilidade,,-9.1439955,38.7368905
15846,1419,"Avenida 24 de Julho, 155",Estrela,Passeio,BICICLETA,Sheffield standard,5,10,1,Privado,Interdito Micromobilidade,,-9.1730467,38.7034696
15847,1418,"Rua Almada Negreiros, Escola",Olivais,Passeio,BICICLETA,Sheffield standard,15,30,0,Privado,Interdito Micromobilidade,08/04/2021,-9.1098989,38.7593028
15848,1420,Alameda das Comunidades Portuguesas,Olivais,Passeio,BICICLETA,Onda,1,4,0,Público,Partilhado com Micromobilidade,,-9.1287541,38.7668636
15849,1421,"Avenida D. João II, 4.69.01",Parque das Nações,Passeio,BICICLETA,Entorta rodas,1,5,0,Público,Partilhado com Micromobilidade,,-9.0977964,38.7765142
15850,1422,"Avenida D. João II, 4.69.01",Parque das Nações,Passeio,BICICLETA,Entorta rodas,1,5,0,Público,Partilhado com Micromobilidade,,-9.0978540,38.7765173
15851,1423,"Campo Grande, Caleidoscópio",Alvalade,Passeio,BICICLETA,Grelha,5,5,0,Privado,Interdito Micromobilidade,,-9.1535961,38.7570756
15852,1424,"Avenida Marechal Craveiro Lopes, 1",Lumiar,Passeio,BICICLETA,Entorta rodas,2,10,0,Privado,Interdito Micromobilidade,,-9.1541556,38.7604737
15853,1425,"Rua Luís Augusto Palmeirim, Escola",Alvalade,Passeio,BICICLETA,Borboleta,1,5,0,Privado,Interdito Micromobilidade,,-9.1443016,38.7547023
15854,1426,"Rua Alberto de Oliveira, 9",Alvalade,Passeio,BICICLETA,Sheffield standard,6,12,0,Público,Partilhado com Micromobilidade,29/04/2021,-9.1446566,38.7508779
15855,1427,"Avenida 5 de Outubro, 206",Avenidas Novas,Passeio,BICICLETA,Cascata,1,12,0,Público,Partilhado com Micromobilidade,,-9.1490809,38.7436979
15856,1428,"Avenida Engenheiro Duarte Pacheco, 32",Campolide,Passeio,BICICLETA,Entorta rodas,3,12,0,Privado,Interdito Micromobilidade,,-9.1636004,38.7239664
15857,1429,"Avenida Engenheiro Duarte Pacheco, 32",Campolide,Passeio,BICICLETA,Borboleta,1,6,0,Privado,Interdito Micromobilidade,,-9.1634128,38.7241462
15858,1320,"Rua Carlos Alves, 2",Carnide,Lugar estacionamento automóvel,HOTSPOT,Sheffield standard,2,9,0,Público,Partilhado com Micromobilidade,09/02/2021,-9.1827762,38.7649241
15859,1321,"Rua da Cintura do Porto de Lisboa, Pav 397",Marvila,Passeio,BICICLETA,Sheffield standard,4,8,0,Público,Partilhado com Micromobilidade,07/02/2020,-9.0992335,38.7424983
15860,1322,Avenida Infante Dom Henrique,Marvila,Passeio,BICICLETA,Sheffield standard,4,8,0,Público,Partilhado com Micromobilidade,07/02/2020,-9.0985517,38.7435586
15861,1323,Rua da Cintura do Porto de Lisboa,Marvila,Passeio,BICICLETA,Sheffield standard,8,16,0,Público,Partilhado com Micromobilidade,07/02/2020,-9.0980447,38.7437653
15862,1569,"Rua Doutor Gama Barros, 65",Alvalade,Via,BICICLETA,Sheffield standard,2,4,0,Público,Partilhado com Micromobilidade,22/10/2021,-9.1372298,38.7482384
15863,1570,"Rua Conde de Sabugosa, 3",Alvalade,Via,BICICLETA,Sheffield standard,2,4,0,Público,Partilhado com Micromobilidade,22/10/2021,-9.1399645,38.7469772
15864,1571,"Avenida São João de Deus, 31",Alvalade,Via,BICICLETA,Sheffield standard,2,4,0,Público,Partilhado com Micromobilidade,22/10/2021,-9.1376762,38.7453875
15865,1572,"Rua Martins Barata, 2",Belém,Via,BICICLETA,Sheffield standard,2,4,0,Público,Partilhado com Micromobilidade,22/10/2021,-9.2106113,38.6964438
15866,1573,"Rua Olivério Serpa, 9Q",Benfica,Lugar estacionamento automóvel,BICICLETA,Sheffield standard,4,8,0,Público,Partilhado com Micromobilidade,22/10/2021,-9.2074984,38.7496454
15867,1601,"Avenida Almirante Gago Coutinho, 162",Alvalade,Passeio,BICICLETA,Sheffield standard,3,6,0,Privado,Interdito Micromobilidade,10/11/2021,-9.1295702,38.7607051
15868,1602,"Rua Conde de Arnoso, 3",Alvalade,Passeio,BICICLETA,Sheffield standard,3,6,0,Público,Partilhado com Micromobilidade,10/11/2021,-9.1363162,38.7559431
15869,1603,"Rua Luís Augusto Palmeirim, Escola",Alvalade,Passeio,BICICLETA,Sheffield standard,12,24,0,Privado,Interdito Micromobilidade,10/11/2021,-9.1442568,38.7547171
15870,1604,"Estrada das Laranjeiras, 122",Avenidas Novas,Passeio,BICICLETA,Sheffield standard,5,10,0,Público,Partilhado com Micromobilidade,10/11/2021,-9.1631835,38.7414729
15871,1605,"Estrada de Benfica, 358",São Domingos de Benfica,Passeio,BICICLETA,Sheffield standard,4,8,0,Privado,Interdito Micromobilidade,08/11/2021,-9.1805289,38.7451004
15872,1606,"Rua Maestro Frederico de Freitas, Escola",São Domingos de Benfica,Passeio,BICICLETA,Sheffield standard,6,12,0,Privado,Interdito Micromobilidade,08/11/2021,-9.1812981,38.7484288
15873,1607,"Rua Gaivotas em Terra, Escola",Parque das Nações,Passeio,BICICLETA,Sheffield standard,15,30,0,Público,Partilhado com Micromobilidade,15/02/2021,-9.0978810,38.7553976
15874,1608,"Rua Virgílio Correia, Escola",São Domingos de Benfica,Passeio,BICICLETA,Sheffield standard,6,12,0,Privado,Interdito Micromobilidade,26/10/2021,-9.1735731,38.7549378
15875,1610,"Estrada das Laranjeiras, 122",Avenidas Novas,Passeio,BICICLETA,Sheffield standard,9,18,0,Privado,Interdito Micromobilidade,26/10/2021,-9.1630111,38.7415154
15876,1611,"Rua António Nobre, 55",São Domingos de Benfica,Passeio,BICICLETA,Sheffield standard,5,10,0,Privado,Interdito Micromobilidade,14/10/2022,-9.1777894,38.7460308
15877,1612,"Praça de Londres, 5",Areeiro,Passeio,BICICLETA,Sheffield standard,7,14,0,Público,Partilhado com Micromobilidade,17/01/2020,-9.1372512,38.7412252
15878,1613,"Rua Cidade de Vila Cabral, Escola",Olivais,Via,BICICLETA,Sheffield standard,6,12,0,Público,Partilhado com Micromobilidade,19/10/2021,-9.1216878,38.7655910
15879,1614,"Rua Cidade de Vila Cabral, Escola",Olivais,Passeio,BICICLETA,Sheffield standard,3,6,0,Privado,Interdito Micromobilidade,18/10/2021,-9.1214124,38.7674799
15880,1616,"Avenida de António José de Almeida, Universidade",Areeiro,Passeio,BICICLETA,Sheffield standard,3,6,0,Privado,Interdito Micromobilidade,11/10/2021,-9.1371784,38.7365392
15881,1617,"Avenida de António José de Almeida, Universidade",Areeiro,Lugar estacionamento automóvel,BICICLETA,Sheffield standard,5,10,0,Privado,Interdito Micromobilidade,11/10/2021,-9.1397748,38.7357372
15882,1618,"Avenida de António José de Almeida, IST",Areeiro,Via,BICICLETA,Sheffield standard,5,10,0,Privado,Interdito Micromobilidade,12/10/2021,-9.1398416,38.7368556
15883,1619,"Rua Maestro Frederico de Freitas, Escola",São Domingos de Benfica,Passeio,BICICLETA,Sheffield standard,6,12,0,Privado,Interdito Micromobilidade,15/10/2021,-9.1813794,38.7484475
15884,1620,"Rua Cidade de Vila Cabral, Escola",Olivais,Passeio,BICICLETA,Sheffield standard,4,8,0,Privado,Interdito Micromobilidade,18/10/2021,-9.1215218,38.7676041
15885,1621,"Estrada de Benfica, 535",Benfica,Passeio,BICICLETA,Lisboa,10,20,0,Privado,Interdito Micromobilidade,,-9.1946366,38.7496247
15886,1622,Travessa do Grilo,Beato,Passeio,BICICLETA,Sheffield standard,6,12,0,Público,Partilhado com Micromobilidade,15/09/2021,-9.1063482,38.7302906
15887,1634,"Rua Professor Sedas Nunes, Escola",Carnide,Passeio,BICICLETA,Sheffield standard,6,12,0,Privado,Interdito Micromobilidade,13/12/2021,-9.1927696,38.7676042
15888,1635,"Rua Diogo de Macedo, Escola",Avenidas Novas,Passeio,BICICLETA,Sheffield standard,5,10,0,Privado,Interdito Micromobilidade,15/12/2021,-9.1560086,38.7455747
15889,1636,"Estrada de Benfica, 535",Benfica,Passeio,BICICLETA,Sheffield standard,2,4,0,Privado,Interdito Micromobilidade,15/12/2021,-9.1948566,38.7496729
15890,1637,"Rua Dr. Cunha Seixas, Escola",Benfica,Passeio,BICICLETA,Sheffield standard,4,8,0,Privado,Interdito Micromobilidade,08/12/2021,-9.2101377,38.7501385
15891,1638,"Rua Fernando Pessoa, Escola",Alvalade,Passeio,BICICLETA,Sheffield standard,4,8,0,Privado,Interdito Micromobilidade,05/12/2021,-9.1460670,38.7504617
15892,1367,"Rua Ângela Pinto, 2",Arroios,Via,BICICLETA,Sheffield standard,1,2,0,Público,Interdito Micromobilidade,04/03/2021,-9.1330366,38.7349228
15893,1368,Rua Prof. Fernando da Fonseca,Lumiar,Via,BICICLETA,Entorta rodas,1,6,1,Privado,Interdito Micromobilidade,,-9.1616252,38.7617181
15894,1369,Rua Prof. Moniz Pereira,Lumiar,Passeio,BICICLETA,Entorta rodas,1,5,0,Privado,Interdito Micromobilidade,,-9.1607172,38.7602306
15895,1370,"Avenida do Brasil, 53",Alvalade,Via,BICICLETA,Onda,1,5,0,Privado,Interdito Micromobilidade,,-9.1458270,38.7570150
15896,1371,"Avenida do Brasil, 53",Alvalade,Lugar estacionamento automóvel,BICICLETA,Onda,1,5,0,Privado,Interdito Micromobilidade,,-9.1493031,38.7595630
15897,1372,"Rua Cidade de Bolama, 4",Olivais,Passeio,BICICLETA,Entorta rodas,1,5,0,Público,Partilhado com Micromobilidade,,-9.1139527,38.7618876
15898,1373,"Rua Cidade de Bissau, Lote 19",Olivais,Passeio,BICICLETA,Entorta rodas,1,5,0,Público,Partilhado com Micromobilidade,,-9.1141139,38.7626500
15899,1374,Rua Cidade de Bissau,Olivais,Via,BICICLETA,Entorta rodas,1,5,1,Privado,Interdito Micromobilidade,,-9.1134417,38.7622181
15900,1375,"Rua Frederico George, Lote 2",Lumiar,Passeio,BICICLETA,Entorta rodas,1,6,1,Público,Partilhado com Micromobilidade,,-9.1668009,38.7689391
15901,1376,"Avenida das Nações Unidas, 16B",Lumiar,Via,BICICLETA,Sheffield estreito,4,8,1,Privado,Interdito Micromobilidade,,-9.1748823,38.7643573
15902,1377,"Azinhaga da Torre do Fato, 6",Lumiar,Via,BICICLETA,Sheffield estreito,2,4,1,Privado,Interdito Micromobilidade,,-9.1769369,38.7646536
15903,1378,"Rua 11 do Bairro das Terras do Forno ou Novo de Belém, Lote 3",Belém,Passeio,BICICLETA,Sheffield estreito,3,6,0,Público,Partilhado com Micromobilidade,,-9.2045506,38.7007838
15905,1380,"Rua Fernão Mendes Pinto, 41A",Belém,Lugar estacionamento automóvel,BICICLETA,Sheffield standard,4,8,0,Público,Partilhado com Micromobilidade,01/02/2021,-9.2250726,38.6975379
15906,1381,"Rua General Massano de Amorim, 15",Ajuda,Passeio,BICICLETA,Grelha,1,9,0,Público,Partilhado com Micromobilidade,,-9.2004919,38.7023227
15908,1383,"Rua Nova do Calhariz, 34A",Ajuda,Passeio,BICICLETA,Grelha,1,4,0,Público,Partilhado com Micromobilidade,,-9.1965275,38.7025215
15909,1384,"Estrada de Montes Claros, Centro Equestre",Ajuda,Passeio,BICICLETA,Sheffield estilizado,2,4,0,Público,Partilhado com Micromobilidade,,-9.2000541,38.7189825
15910,1385,"Estrada de Montes Claros, Centro Equestre",Ajuda,Passeio,BICICLETA,Sheffield estilizado,2,4,0,Público,Partilhado com Micromobilidade,,-9.2001612,38.7186983
15911,1386,Calçada da Estação,Campolide,Passeio,BICICLETA,Lisboa,3,6,0,Público,Partilhado com Micromobilidade,01/07/2019,-9.1696823,38.7297765
15912,1387,Calçada da Estação,Campolide,Passeio,BICICLETA,Lisboa,3,6,0,Público,Partilhado com Micromobilidade,01/07/2019,-9.1701248,38.7291934
15913,1388,Largo da Igreja a Campolide,Campolide,Passeio,BICICLETA,Cascata,1,4,0,Público,Partilhado com Micromobilidade,,-9.1683442,38.7267589
15914,1389,Jardim Guerra Junqueiro,Estrela,Passeio,BICICLETA,Sheffield estilizado,1,10,0,Privado,Interdito Micromobilidade,,-9.1598286,38.7137365
15915,1391,"Travessa André Valente, 7",Misericórdia,Passeio,BICICLETA,Sheffield standard,6,12,1,Público,Interdito Micromobilidade,,-9.1475728,38.7111547
15916,1392,Beco da Atafona,Santa Maria Maior,Passeio,BICICLETA,Sheffield standard,1,2,1,Público,Interdito Micromobilidade,,-9.1350309,38.7123126
15917,1393,"Campo dos Mártires da Pátria, Faculdade",Arroios,Passeio,BICICLETA,Entorta rodas,1,5,0,Privado,Interdito Micromobilidade,,-9.1391706,38.7192664
15918,1394,"Rua Prof. Bento de Jesus Caraça, 71E",Lumiar,Passeio,BICICLETA,Entorta rodas,1,5,0,Público,Partilhado com Micromobilidade,,-9.1707342,38.7648615
15919,1430,"Avenida de António José de Almeida, Universidade",Areeiro,Passeio,BICICLETA,Sheffield largo,4,8,0,Privado,Interdito Micromobilidade,,-9.1391626,38.7379737
15920,1431,"Avenida de António José de Almeida, Universidade",Areeiro,Passeio,BICICLETA,Sheffield largo,6,12,0,Privado,Interdito Micromobilidade,,-9.1397097,38.7373475
15921,1432,"Avenida de António José de Almeida, IST",Areeiro,Passeio,BICICLETA,Entorta rodas,1,5,0,Privado,Interdito Micromobilidade,,-9.1396764,38.7369052
15922,1433,"Avenida de António José de Almeida, IST",Areeiro,Passeio,BICICLETA,Entorta rodas,1,5,0,Privado,Interdito Micromobilidade,,-9.1396647,38.7369434
15923,1434,"Avenida de António José de Almeida, Universidade",Areeiro,Passeio,BICICLETA,Sheffield largo,2,4,0,Privado,Interdito Micromobilidade,,-9.1398160,38.7357072
15924,1435,Estrada de Benfica,São Domingos de Benfica,Lugar estacionamento automóvel,HOTSPOT,Sheffield standard,2,9,0,Público,Partilhado com Micromobilidade,05/05/2021,-9.1816306,38.7456900
15925,1436,"Avenida Dom Carlos I, 51D",Estrela,Lugar estacionamento automóvel,HOTSPOT,Sheffield standard,2,9,0,Público,Partilhado com Micromobilidade,05/05/2021,-9.1529688,38.7082223
15926,1437,"Rua Padre Américo, 8A",Carnide,Lugar estacionamento automóvel,BICICLETA,Sheffield standard,2,4,0,Público,Partilhado com Micromobilidade,05/05/2021,-9.1796324,38.7608579
15927,1438,"Rua António Pedro, 68",Arroios,Lugar estacionamento automóvel,HOTSPOT,Sheffield standard,2,9,0,Público,Partilhado com Micromobilidade,05/05/2021,-9.1351160,38.7328184
15928,1439,"Calçadinha dos Olivais, Escola",Olivais,Lugar estacionamento automóvel,HOTSPOT,Sheffield standard,2,9,0,Público,Partilhado com Micromobilidade,05/05/2021,-9.1071976,38.7696547
15930,1441,Rua da Cintura do Porto de Lisboa,Estrela,Via,HOTSPOT,Sheffield standard,2,9,0,Público,Partilhado com Micromobilidade,05/05/2021,-9.1524504,38.7054238
15932,1443,Avenida de Brasília,Belém,Lugar estacionamento automóvel,HOTSPOT,Sheffield standard,2,9,0,Público,Partilhado com Micromobilidade,05/05/2021,-9.2029447,38.6951740
15933,1444,"Rua da Praia do Bom Sucesso, 1",Belém,Lugar estacionamento automóvel,BICICLETA,Sheffield standard,3,6,0,Público,Partilhado com Micromobilidade,05/05/2021,-9.2123592,38.6951905
15934,2545,Rua João de Freitas Branco,São Domingos de Benfica,Passeio,HOTSPOT,Desconhecido,0,10,0,Público,Dedicado Micromobilidade,02/06/2025,-9.1801355,38.7510023
15935,1446,"Rua do Jardim do Tabaco, 32",Santa Maria Maior,Lugar estacionamento motociclo,BICICLETA,Sheffield standard,4,8,0,Público,Partilhado com Micromobilidade,05/05/2021,-9.1258688,38.7121484
15936,1447,"Rua António Champalimaud, 1",Carnide,Lugar estacionamento automóvel,HOTSPOT,Sheffield standard,2,9,0,Público,Partilhado com Micromobilidade,05/05/2021,-9.1805056,38.7693462
15937,1448,"Rua Nova de São Mamede, 76",Santo António,Via,BICICLETA,Sheffield standard,4,8,0,Público,Partilhado com Micromobilidade,05/05/2021,-9.1508914,38.7196688
15938,1449,"Rua Professor Gomes Teixeira, 5",Campo de Ourique,Lugar estacionamento automóvel,BICICLETA,Sheffield estilizado,4,8,0,Público,Partilhado com Micromobilidade,,-9.1667968,38.7135695
15939,1450,"Azinhaga da Bela Vista, 2B",Marvila,Passeio,BICICLETA,Entorta rodas,1,5,0,Privado,Interdito Micromobilidade,26/10/2020,-9.1260879,38.7556715
15940,1451,Rua Prof.ª Teresa Ambrósio,Alvalade,Lugar estacionamento automóvel,BICICLETA,Sheffield standard,5,10,1,Privado,Interdito Micromobilidade,26/10/2020,-9.1559849,38.7502524
15941,1452,"Rua Interior à Alameda da Universidade, Faculdade - Edif C5",Alvalade,Passeio,BICICLETA,Sheffield standard,10,40,1,Privado,Interdito Micromobilidade,26/10/2020,-9.1570432,38.7559964
15942,1453,"Rua Prof. José Sebastião e Silva, Escola",Benfica,Passeio,BICICLETA,Borboleta,1,5,0,Privado,Interdito Micromobilidade,26/10/2020,-9.1930731,38.7465167
15943,1454,"Campus de Benfica do Instituto Politécnico de Lisboa, Escola",Benfica,Passeio,BICICLETA,Borboleta,1,5,0,Privado,Interdito Micromobilidade,26/10/2020,-9.1965501,38.7457755
15944,1455,Campus de Benfica do Instituto Politécnico de Lisboa,Benfica,Passeio,BICICLETA,Entorta rodas,2,10,0,Privado,Interdito Micromobilidade,26/10/2020,-9.1950036,38.7459429
15945,1457,"Avenida do Brasil, 168",Alvalade,Passeio,BICICLETA,Sheffield standard,4,8,0,Público,Partilhado com Micromobilidade,20/05/2021,-9.1399482,38.7583417
15946,1458,"Rua Aprígio Mafra, 112",Alvalade,Via,BICICLETA,Sheffield standard,3,6,0,Público,Partilhado com Micromobilidade,15/05/2021,-9.1447032,38.7564411
15947,1459,"Avenida do Brasil, 110",Alvalade,Lugar estacionamento automóvel,BICICLETA,Sheffield standard,4,8,0,Público,Partilhado com Micromobilidade,15/05/2021,-9.1451711,38.7568274
15948,1460,"Rua José Lins do Rego, 28A",Alvalade,Via,BICICLETA,Sheffield standard,4,8,0,Público,Partilhado com Micromobilidade,15/05/2021,-9.1488865,38.7554312
15949,1623,Travessa do Grilo,Beato,Passeio,BICICLETA,Sheffield standard,5,10,0,Público,Partilhado com Micromobilidade,15/09/2021,-9.1063619,38.7304025
15950,1624,Travessa do Grilo,Beato,Passeio,BICICLETA,Sheffield standard,4,8,0,Público,Partilhado com Micromobilidade,15/09/2021,-9.1057989,38.7310054
15951,1625,Travessa do Grilo,Beato,Passeio,BICICLETA,Sheffield standard,4,8,0,Público,Partilhado com Micromobilidade,15/09/2021,-9.1053576,38.7316292
15952,1626,Travessa do Grilo,Beato,Passeio,BICICLETA,Sheffield standard,8,16,0,Público,Partilhado com Micromobilidade,15/09/2021,-9.1051913,38.7318861
15953,1627,"Azinhaga da Cidade, Escola",Santa Clara,Via,BICICLETA,Sheffield standard,4,8,0,Privado,Interdito Micromobilidade,01/12/2021,-9.1593518,38.7804651
15954,1628,Rua Francisco Pedro Curado,Penha de França,Via,BICICLETA,Sheffield standard,2,4,0,Público,Partilhado com Micromobilidade,,-9.1280563,38.7272905
15955,1629,Campus de Campolide,Campolide,Lugar estacionamento automóvel,BICIPARQUE,Sheffield standard,10,20,1,Privado,Interdito Micromobilidade,,-9.1608818,38.7340279
15956,1630,Avenida dos Combatentes,São Domingos de Benfica,Passeio,BICICLETA,Entorta rodas,1,6,0,Privado,Interdito Micromobilidade,,-9.1650563,38.7490775
15957,1631,"Avenida Professor Egas Moniz, Hospital",Alvalade,Lugar estacionamento automóvel,BICICLETA,Sheffield standard,10,20,1,Privado,Interdito Micromobilidade,,-9.1617354,38.7476450
15958,1632,"Travessa dos Jerónimos, 6",Belém,Passeio,BICICLETA,Sheffield standard,4,8,0,Público,Interdito Micromobilidade,01/04/2020,-9.2038156,38.6979660
15959,1633,"Avenida de António José de Almeida, Universidade",Areeiro,Lugar estacionamento automóvel,BICICLETA,Sheffield standard,10,20,1,Privado,Interdito Micromobilidade,09/12/2021,-9.1405331,38.7375604
15960,1461,"Rua José Lins do Rego, 20",Alvalade,Via,BICICLETA,Sheffield standard,2,4,0,Público,Partilhado com Micromobilidade,15/05/2021,-9.1486917,38.7548547
15961,1465,Rua Galileu Galilei,Carnide,Passeio,BICICLETA,Sheffield standard,5,10,0,Público,Partilhado com Micromobilidade,31/05/2021,-9.1894056,38.7537533
15962,1467,"Avenida Almirante Reis, 31",Arroios,Passeio,BICICLETA,Sheffield standard,5,10,0,Público,Partilhado com Micromobilidade,31/05/2021,-9.1353510,38.7230232
15963,1468,"Campo Grande, 5",Alvalade,Passeio,BICICLETA,Sheffield standard,5,10,1,Público,Partilhado com Micromobilidade,31/05/2021,-9.1491384,38.7485739
15964,2544,Rua Marquês de Fronteira,Avenidas Novas,Passeio,BICICLETA,Sheffield standard,5,10,0,Privado,Interdito Micromobilidade,,-9.1523557,38.7349622
15965,1470,Praça da Figueira,Santa Maria Maior,Passeio,BICICLETA,Sheffield standard,5,10,0,Público,Partilhado com Micromobilidade,31/05/2021,-9.1375242,38.7142002
15966,1471,"Avenida António Augusto de Aguiar, 142",Avenidas Novas,Passeio,BICICLETA,Sheffield standard,5,10,0,Público,Partilhado com Micromobilidade,31/05/2021,-9.1541647,38.7347749
15967,1472,"Praça do Duque de Saldanha, 32",Arroios,Passeio,BICICLETA,Sheffield standard,5,10,0,Público,Partilhado com Micromobilidade,31/05/2021,-9.1442177,38.7340675
15968,1473,Praça dos Restauradores,Santa Maria Maior,Passeio,BICICLETA,Sheffield standard,5,10,0,Público,Partilhado com Micromobilidade,31/05/2021,-9.1409983,38.7153437
15969,1474,"Tapada da Ajuda, ISA",Alcântara,Lugar estacionamento automóvel,BICICLETA,Sheffield standard,4,8,0,Público,Partilhado com Micromobilidade,,-9.1817754,38.7077035
15970,1475,Tapada da Ajuda,Alcântara,Passeio,BICICLETA,Sheffield standard,4,8,0,Público,Partilhado com Micromobilidade,,-9.1848223,38.7079770
15971,1477,Avenida Professor Egas Moniz,Alvalade,Via,BICICLETA,Entorta rodas,2,8,0,Público,Partilhado com Micromobilidade,,-9.1602363,38.7503570
15972,1478,"Alameda da Encarnação, Escola",Olivais,Passeio,BICICLETA,Sheffield standard,10,20,0,Privado,Interdito Micromobilidade,18/06/2021,-9.1185718,38.7741837
15973,1479,"Avenida de Brasília, Estação Fluvial",Belém,Passeio,BICICLETA,Sheffield estreito,2,2,0,Público,Partilhado com Micromobilidade,,-9.1994259,38.6950996
15974,1480,"Avenida de Madrid, 8",Areeiro,Passeio,BICICLETA,Sheffield standard,5,10,0,Público,Partilhado com Micromobilidade,,-9.1354323,38.7436538
15975,1481,"Praça Francisco Sá Carneiro, 12",Areeiro,Passeio,BICICLETA,Sheffield standard,3,6,0,Público,Partilhado com Micromobilidade,22/06/2021,-9.1328184,38.7420290
15976,1482,Praça Francisco Sá Carneiro,Areeiro,Passeio,BICICLETA,Sheffield standard,5,10,0,Público,Partilhado com Micromobilidade,31/05/2021,-9.1330951,38.7418858
15977,1483,Rua Interior ao Aeroporto da Portela,Olivais,Passeio,BICICLETA,Sheffield standard,5,10,0,Público,Partilhado com Micromobilidade,22/06/2021,-9.1280019,38.7686713
15978,1484,Estrada Militar,Carnide,Passeio,BICICLETA,Sheffield standard,5,10,0,Público,Partilhado com Micromobilidade,09/06/2021,-9.1966664,38.7624369
15979,1485,Avenida Professor Gama Pinto,Alvalade,Passeio,BICICLETA,Sheffield standard,5,10,0,Público,Partilhado com Micromobilidade,09/06/2021,-9.1590406,38.7509399
15980,1486,Avenida da República,Avenidas Novas,Passeio,BICICLETA,Sheffield standard,5,10,0,Público,Partilhado com Micromobilidade,22/06/2021,-9.1479879,38.7451991
15981,1487,"Avenida Infante Dom Henrique, Estação",Santa Maria Maior,Passeio,BICICLETA,Sheffield standard,5,10,0,Público,Partilhado com Micromobilidade,22/06/2021,-9.1348926,38.7066723
15982,1488,"Avenida Afonso Costa, 6",Areeiro,Lugar estacionamento automóvel,BICICLETA,Sheffield standard,4,8,0,Público,Partilhado com Micromobilidade,01/07/2021,-9.1318316,38.7419349
15983,1489,"Avenida Afonso Costa, 10",Areeiro,Lugar estacionamento automóvel,BICICLETA,Sheffield standard,4,8,0,Público,Partilhado com Micromobilidade,01/07/2021,-9.1307836,38.7418214
15984,1490,"Rua Primeiro de Maio a Alcântara, 52",Alcântara,Via,BICICLETA,Sheffield standard,5,10,0,Público,Partilhado com Micromobilidade,05/07/2021,-9.1794081,38.7036405
15985,354,"Avenida Barbosa du Bocage, 27",Avenidas Novas,Lugar estacionamento automóvel,HOTSPOT,Sheffield standard,2,9,0,Público,Partilhado com Micromobilidade,06/05/2019,-9.1444622,38.7406024
15986,199,"Rua Fernão Mendes Pinto,19",Belém,Passeio,BICICLETA,Sheffield standard,6,12,0,Público,Partilhado com Micromobilidade,01/02/2021,-9.2207378,38.6954258
15987,1493,Rua Pedro de Azevedo,Marvila,Lugar estacionamento automóvel,BICICLETA,Sheffield standard,4,8,0,Público,Partilhado com Micromobilidade,24/06/2021,-9.1077280,38.7445941
15988,1494,"Rua do Salitre, 201",Santo António,Lugar estacionamento automóvel,HOTSPOT,Sheffield standard,2,9,0,Público,Partilhado com Micromobilidade,04/02/2021,-9.1539826,38.7199848
15989,1495,"Rua Morais Soares, 35A",Penha de França,Lugar estacionamento automóvel,HOTSPOT,Sheffield standard,3,11,0,Público,Partilhado com Micromobilidade,05/07/2021,-9.1260853,38.7308317
15990,1496,Rua Prof. Fernando da Fonseca,Lumiar,Passeio,BICICLETA,Sheffield standard,3,6,0,Público,Partilhado com Micromobilidade,05/07/2021,-9.1610396,38.7624836
15991,1497,"Rua António Stromp, 10",Lumiar,Lugar estacionamento automóvel,BICICLETA,Sheffield standard,4,8,0,Público,Partilhado com Micromobilidade,05/07/2021,-9.1578860,38.7641048
15992,1498,Rua Francisco Stromp,Lumiar,Lugar estacionamento automóvel,BICICLETA,Sheffield standard,4,8,0,Público,Partilhado com Micromobilidade,05/07/2021,-9.1590277,38.7638127
15993,1499,"Rua Bispo de Cochim, 1",Penha de França,Via,BICICLETA,Entorta rodas,1,5,0,Público,Partilhado com Micromobilidade,,-9.1125360,38.7244750
15994,1500,"Rua Jorge de Sena, 3E",Santa Clara,Passeio,BICICLETA,Sheffield standard,4,8,0,Público,Partilhado com Micromobilidade,01/04/2021,-9.1613920,38.7790751
15995,1501,"Rua Vitorino Nemésio, 3",Santa Clara,Passeio,BICICLETA,Sheffield standard,4,8,0,Público,Partilhado com Micromobilidade,01/04/2021,-9.1604714,38.7813683
15996,1502,"Largo do Ministro, 1",Santa Clara,Passeio,BICICLETA,Sheffield standard,2,4,0,Público,Partilhado com Micromobilidade,01/04/2021,-9.1594410,38.7825304
15997,1503,"Largo do Ministro, 7",Santa Clara,Passeio,BICICLETA,Sheffield standard,4,8,0,Público,Partilhado com Micromobilidade,01/04/2021,-9.1593637,38.7823733
15998,1504,Largo da Boa-Hora,Santa Maria Maior,Passeio,BICICLETA,Sheffield standard,6,12,0,Público,Interdito Micromobilidade,13/08/2021,-9.1392077,38.7098044
15999,1505,"Rua Professor Eduardo Araújo Coelho, 3B",Lumiar,Lugar estacionamento automóvel,BICIPARQUE,Entorta rodas com encosto,13,13,1,Público,Interdito Micromobilidade,01/07/2021,-9.1649184,38.7611151
16000,1506,"Rua Prof. Vieira de Almeida, 4",Lumiar,Lugar estacionamento automóvel,BICIPARQUE,Entorta rodas com encosto,13,13,1,Público,Interdito Micromobilidade,01/07/2021,-9.1666443,38.7610732
16001,1507,Avenida Machado Santos,São Domingos de Benfica,Lugar estacionamento automóvel,BICIPARQUE,Entorta rodas com encosto,11,11,1,Público,Interdito Micromobilidade,01/07/2021,-9.1821330,38.7536357
16002,1508,"Rua João Chagas, 3",São Domingos de Benfica,Lugar estacionamento automóvel,BICIPARQUE,Entorta rodas com encosto,30,30,1,Público,Interdito Micromobilidade,01/07/2021,-9.1779455,38.7478455
16003,1509,Rua Teixeira de Pascoais,Alvalade,Lugar estacionamento automóvel,BICIPARQUE,Entorta rodas com encosto,13,13,1,Público,Interdito Micromobilidade,01/07/2021,-9.1358960,38.7462840
16004,1510,Rua Soeiro Pereira Gomes,Avenidas Novas,Lugar estacionamento automóvel,BICIPARQUE,Entorta rodas com encosto,16,16,1,Público,Interdito Micromobilidade,01/07/2021,-9.1600465,38.7445521
16005,1511,Rua Manuel Gouveia,Areeiro,Lugar estacionamento automóvel,BICIPARQUE,Entorta rodas com encosto,42,42,1,Público,Interdito Micromobilidade,01/07/2021,-9.1308390,38.7444785
16006,1512,Rua João da Silva,Areeiro,Lugar estacionamento automóvel,BICIPARQUE,Entorta rodas com encosto,13,13,1,Público,Interdito Micromobilidade,01/07/2021,-9.1289694,38.7425008
16007,1513,Rua da Verónica,São Vicente,Lugar estacionamento automóvel,BICIPARQUE,Entorta rodas com encosto,7,7,1,Público,Interdito Micromobilidade,01/07/2021,-9.1293043,38.7167607
16008,1514,Calçada do Marquês de Tancos,Santa Maria Maior,Lugar estacionamento automóvel,BICIPARQUE,Entorta rodas com encosto,9,9,1,Público,Interdito Micromobilidade,01/07/2021,-9.1350734,38.7122716
16009,1516,Rua Sousa Pinto,Santo António,Lugar estacionamento automóvel,BICIPARQUE,Entorta rodas com encosto,20,20,1,Público,Interdito Micromobilidade,01/07/2021,-9.1576719,38.7242766
16010,1517,"Rua Correia Teles, 103",Campo de Ourique,Lugar estacionamento automóvel,BICIPARQUE,Entorta rodas com encosto,29,29,1,Público,Interdito Micromobilidade,01/07/2021,-9.1707196,38.7186793
16011,1518,"Rua de Ponta Delgada, 68",Arroios,Passeio,BICICLETA,Sheffield standard,3,6,0,Público,Partilhado com Micromobilidade,,-9.1376555,38.7333827
16012,1519,"Largo Doutor António Viana, 1",Campo de Ourique,Passeio,BICICLETA,Sheffield standard,5,10,0,Público,Partilhado com Micromobilidade,01/04/2022,-9.1622929,38.7180592
16013,1520,"Rua Silva Carvalho, 54",Campo de Ourique,Lugar estacionamento automóvel,BICICLETA,Sheffield standard,5,10,0,Público,Partilhado com Micromobilidade,,-9.1622810,38.7182843
16014,1521,Rua da Centieira,Parque das Nações,Passeio,BICICLETA,Sheffield standard,27,54,0,Público,Partilhado com Micromobilidade,,-9.0997570,38.7666004
16015,1522,Praça das Novas Nações,Arroios,Lugar estacionamento automóvel,BICICLETA,Sheffield standard,4,8,0,Público,Partilhado com Micromobilidade,24/08/2021,-9.1329014,38.7261710
16016,1523,"Avenida Engenheiro Arantes e Oliveira, 24",Areeiro,Via,BICICLETA,Sheffield standard,2,4,0,Público,Partilhado com Micromobilidade,24/08/2021,-9.1243904,38.7410935
16017,1524,Rua Prof. Simões Raposo 13C,Lumiar,Lugar estacionamento automóvel,HOTSPOT,Sheffield standard,2,9,0,Público,Partilhado com Micromobilidade,24/08/2021,-9.1739820,38.7620857
16018,1525,"Avenida São João de Deus, 1",Areeiro,Via,BICICLETA,Sheffield standard,4,8,0,Público,Partilhado com Micromobilidade,24/08/2021,-9.1324083,38.7455952
16019,1526,"Praça Afrânio Peixoto, 13",Areeiro,Via,BICICLETA,Sheffield standard,1,2,0,Público,Partilhado com Micromobilidade,24/08/2021,-9.1366765,38.7448829
16020,1527,"Praça Afrânio Peixoto, 8",Areeiro,Via,BICICLETA,Sheffield standard,1,2,0,Público,Partilhado com Micromobilidade,24/08/2021,-9.1362529,38.7444715
16021,1528,"Praça Afrânio Peixoto, 2",Areeiro,Via,BICICLETA,Sheffield standard,1,2,0,Público,Partilhado com Micromobilidade,24/08/2021,-9.1358623,38.7449260
16022,1529,Rua Oliveira Cadornega,Marvila,Via,BICICLETA,Sheffield standard,3,6,0,Público,Partilhado com Micromobilidade,24/08/2021,-9.1096880,38.7539113
16023,1530,"Praça Afrânio Peixoto, 15",Areeiro,Via,BICICLETA,Sheffield standard,1,2,0,Público,Partilhado com Micromobilidade,24/08/2021,-9.1366914,38.7452308
16024,1531,"Praça Afrânio Peixoto, 14",Areeiro,Via,BICICLETA,Sheffield standard,1,2,0,Público,Partilhado com Micromobilidade,24/08/2021,-9.1366751,38.7450054
16025,1532,"Praça Afrânio Peixoto, 11",Areeiro,Via,BICICLETA,Sheffield standard,1,2,0,Público,Partilhado com Micromobilidade,24/08/2021,-9.1366126,38.7446168
16026,1533,"Praça Afrânio Peixoto, 7",Areeiro,Via,BICICLETA,Sheffield standard,1,2,0,Público,Partilhado com Micromobilidade,24/08/2021,-9.1361417,38.7444834
16027,1534,"Praça Afrânio Peixoto, 4",Areeiro,Via,BICICLETA,Sheffield standard,1,2,0,Público,Partilhado com Micromobilidade,24/08/2021,-9.1358800,38.7446727
16028,1535,"Praça Afrânio Peixoto, 2A",Areeiro,Via,BICICLETA,Sheffield standard,1,2,0,Público,Partilhado com Micromobilidade,24/08/2021,-9.1358712,38.7450252
16029,1536,"Praça Afrânio Peixoto, 1",Areeiro,Passeio,BICICLETA,Sheffield standard,1,2,0,Público,Partilhado com Micromobilidade,24/08/2021,-9.1358863,38.7451913
16030,1537,Avenida Professor Egas Moniz,Alvalade,Passeio,BICICLETA,Entorta rodas,1,9,0,Público,Partilhado com Micromobilidade,,-9.1643194,38.7506651
16031,530,Rua da Verónica,São Vicente,Passeio,BICICLETA,Sheffield standard,3,6,1,Público,Interdito Micromobilidade,01/07/2021,-9.1292157,38.7167624
16032,1539,Rua Sousa Pinto,Santo António,Lugar estacionamento automóvel,BICICLETA,Sheffield standard,5,10,1,Privado,Interdito Micromobilidade,01/07/2021,-9.1575971,38.7243153
16033,1540,Rua Manuel Gouveia,Areeiro,Lugar estacionamento motociclo,BICICLETA,Sheffield standard,6,12,1,Público,Partilhado com Micromobilidade,01/09/2021,-9.1303836,38.7452201
16034,1541,"Rua Correia Teles, 103",Campo de Ourique,Passeio,BICICLETA,Sheffield standard,2,4,1,Público,Partilhado com Micromobilidade,01/07/2021,-9.1707842,38.7184617
16035,1542,Rua João da Silva,Areeiro,Passeio,BICICLETA,Sheffield standard,4,8,1,Privado,Interdito Micromobilidade,01/07/2021,-9.1289252,38.7424960
16036,1543,"Calçada dos Barbadinhos, 114E",São Vicente,Passeio,BICICLETA,Sheffield standard,2,4,0,Público,Partilhado com Micromobilidade,01/04/2022,-9.1235634,38.7211500
16037,1544,"Rua Conde de Sabugosa, 25A",Alvalade,Lugar estacionamento automóvel,BICICLETA,Sheffield standard,2,4,0,Público,Partilhado com Micromobilidade,22/09/2021,-9.1403024,38.7480854
16038,1545,Doca do Jardim do Tabaco,Santa Maria Maior,Passeio,BICICLETA,Sheffield standard,6,12,0,Público,Partilhado com Micromobilidade,,-9.1240417,38.7118139
16040,1548,Rua do Arco do Marquês de Alegrete,Santa Maria Maior,Via,HOTSPOT,Sheffield standard,4,13,0,Público,Partilhado com Micromobilidade,01/10/2021,-9.1364221,38.7145085
16041,1549,Rua Silva e Albuquerque,Alvalade,Lugar estacionamento automóvel,BICICLETA,Sheffield standard,4,8,0,Público,Partilhado com Micromobilidade,01/10/2021,-9.1376266,38.7499598
16042,1550,"Rua Silva e Albuquerque, 25",Alvalade,Lugar estacionamento automóvel,BICICLETA,Sheffield standard,4,8,0,Público,Partilhado com Micromobilidade,10/10/2021,-9.1416304,38.7506857
16043,1551,Avenida Rovisco Pais,Areeiro,Passeio,BICICLETA,Sheffield standard,10,20,0,Privado,Interdito Micromobilidade,07/10/2021,-9.1377748,38.7359594
16044,1552,"Avenida de António José de Almeida, Universidade",Areeiro,Passeio,BICICLETA,Sheffield standard,5,10,0,Privado,Interdito Micromobilidade,07/10/2021,-9.1383451,38.7371117
16045,1553,"Rua Capitão Santiago de Carvalho, Escola",Olivais,Via,HOTSPOT,Sheffield standard,2,9,0,Público,Partilhado com Micromobilidade,14/12/2020,-9.1108099,38.7710931
16046,1556,"Avenida 5 de Outubro, 18",Avenidas Novas,Passeio,BICICLETA,Sheffield standard,3,6,0,Público,Partilhado com Micromobilidade,25/06/2021,-9.1487648,38.7411669
16047,1557,"Avenida Poeta Mistral, 31",Avenidas Novas,Passeio,BICICLETA,Sheffield standard,3,6,0,Público,Partilhado com Micromobilidade,25/06/2021,-9.1514744,38.7395464
16049,1559,"Rua Carvalho Araújo, 28",Penha de França,Lugar estacionamento automóvel,BICICLETA,Sheffield standard,2,4,0,Público,Partilhado com Micromobilidade,01/08/2021,-9.1312613,38.7337885
16050,1560,"Rua Carvalho Araújo, 28",Penha de França,Lugar estacionamento automóvel,BICICLETA,Sheffield standard,2,4,0,Público,Partilhado com Micromobilidade,01/08/2021,-9.1312540,38.7336823
16051,1561,"Rua Professor Lima Basto, 69",São Domingos de Benfica,Passeio,BICICLETA,Sheffield standard,3,6,0,Público,Partilhado com Micromobilidade,01/10/2021,-9.1606359,38.7386597
16052,1562,Rua Professor Lima Basto,São Domingos de Benfica,Via,BICICLETA,Sheffield standard,6,12,0,Público,Partilhado com Micromobilidade,01/10/2021,-9.1624235,38.7393805
16053,1563,"Rua Doutor António Granjo, 1",São Domingos de Benfica,Via,BICICLETA,Sheffield standard,4,8,0,Público,Partilhado com Micromobilidade,01/10/2021,-9.1648461,38.7399471
16054,1564,"Rua Doutor António Granjo, 4",São Domingos de Benfica,Via,BICICLETA,Sheffield standard,2,4,0,Público,Partilhado com Micromobilidade,01/10/2021,-9.1649202,38.7399600
16055,1565,Estrada de Telheiras,Lumiar,Via,HOTSPOT,Sheffield standard,2,9,0,Público,Partilhado com Micromobilidade,22/10/2021,-9.1669137,38.7598009
16056,1566,Rua Castilho,Avenidas Novas,Via,HOTSPOT,Sheffield standard,2,9,0,Público,Partilhado com Micromobilidade,22/10/2021,-9.1574190,38.7291869
16057,1640,"Rua Eugénio de Castro, Escola",Alvalade,Passeio,BICICLETA,Sheffield standard,7,14,0,Privado,Interdito Micromobilidade,06/12/2021,-9.1473703,38.7544867
16058,1641,"Rua Abel Salazar, 31",Lumiar,Passeio,BICICLETA,Sheffield standard,2,4,0,Privado,Interdito Micromobilidade,10/12/2021,-9.1679531,38.7675213
16059,1642,"Rua Prof. Arsénio Nunes, Escola",Carnide,Passeio,BICICLETA,Sheffield standard,8,16,0,Privado,Interdito Micromobilidade,14/12/2021,-9.1940929,38.7683559
16060,1643,"Rua Maria Amália Vaz de Carvalho, Escola",Alvalade,Passeio,BICICLETA,Sheffield standard,4,8,1,Privado,Interdito Micromobilidade,06/12/2021,-9.1417980,38.7511790
16061,1644,"Largo do Ministro, 9",Santa Clara,Lugar estacionamento automóvel,BICICLETA,Sheffield standard,8,16,1,Privado,Interdito Micromobilidade,09/12/2021,-9.1590856,38.7821812
16062,1645,"Largo do Poço, 6",Lumiar,Passeio,BICICLETA,Sheffield standard,6,12,0,Privado,Interdito Micromobilidade,14/12/2021,-9.1674362,38.7596534
16063,1646,"Avenida Santa Joana Princesa, 13",Alvalade,Passeio,BICICLETA,Sheffield standard,4,8,0,Público,Partilhado com Micromobilidade,03/12/2021,-9.1371854,38.7537816
16064,1647,"Rua Alexandre de Sá Pinto, 26",Belém,Lugar estacionamento automóvel,BICICLETA,Sheffield standard,5,10,0,Privado,Interdito Micromobilidade,23/12/2021,-9.1951836,38.6982431
16065,1648,"Praça de Malaca, 3",Belém,Via,BICICLETA,Sheffield standard,5,10,0,Privado,Interdito Micromobilidade,22/12/2021,-9.2102614,38.6993764
16066,1649,"Rua Gilberto Freyre, Escola",Marvila,Passeio,BICICLETA,Sheffield standard,5,10,0,Privado,Interdito Micromobilidade,09/12/2021,-9.1212708,38.7443601
16067,1650,"Azinhaga da Bela Vista, 2B-2C",Marvila,Via,BICICLETA,Sheffield standard,5,10,0,Privado,Interdito Micromobilidade,08/12/2021,-9.1258025,38.7557000
16068,1651,"Rua Corsário das Ilhas, 4-4B",Parque das Nações,Passeio,BICICLETA,Sheffield standard,5,10,0,Privado,Interdito Micromobilidade,02/12/2021,-9.0982980,38.7587680
16069,1652,Rua Madre de Deus,Penha de França,Passeio,BICICLETA,Sheffield standard,5,10,0,Privado,Interdito Micromobilidade,10/12/2021,-9.1153187,38.7231883
16070,1653,"Rua da Verónica, Escola",São Vicente,Passeio,BICICLETA,Sheffield standard,3,6,1,Privado,Interdito Micromobilidade,13/12/2021,-9.1283114,38.7162901
16071,1654,"Rua Abel Salazar, 31",Lumiar,Passeio,BICICLETA,Sheffield standard,2,4,0,Privado,Interdito Micromobilidade,10/12/2021,-9.1679891,38.7675702
16072,1655,"Largo Frederico Valsassina, 2A",Marvila,Passeio,BICICLETA,Sheffield standard,6,12,0,Público,Partilhado com Micromobilidade,09/12/2021,-9.1260126,38.7555524
16073,1656,"Avenida Marechal Craveiro Lopes, 1",Lumiar,Via,BICICLETA,Sheffield standard,7,14,0,Privado,Interdito Micromobilidade,09/12/2021,-9.1540492,38.7603516
16074,1657,"Rua da Verónica, Escola",São Vicente,Passeio,BICICLETA,Sheffield standard,4,8,0,Privado,Interdito Micromobilidade,13/12/2021,-9.1281729,38.7161538
16075,1658,Rua Madre de Deus,Penha de França,Passeio,BICICLETA,Sheffield standard,5,10,0,Privado,Interdito Micromobilidade,10/12/2021,-9.1150528,38.7231670
16076,1659,Rua Armindo Rodrigues,Lumiar,Passeio,BICICLETA,Sheffield standard,11,22,1,Privado,Interdito Micromobilidade,23/12/2021,-9.1665538,38.7680984
16077,1660,"Avenida Almirante Gago Coutinho, 82",Alvalade,Passeio,BICICLETA,Sheffield standard,3,6,1,Privado,Interdito Micromobilidade,07/12/2021,-9.1304420,38.7515310
16078,1661,"Estrada de Telheiras, 113",Lumiar,Passeio,BICICLETA,Sheffield standard,3,6,0,Privado,Interdito Micromobilidade,10/12/2021,-9.1644560,38.7591053
16079,1662,"Estrada de Benfica, 535",Benfica,Passeio,BICICLETA,Sheffield standard,3,6,0,Privado,Interdito Micromobilidade,16/12/2021,-9.1947569,38.7496488
16080,1663,"Estrada de Benfica, 535",Benfica,Passeio,BICICLETA,Sheffield standard,3,6,0,Privado,Interdito Micromobilidade,17/12/2021,-9.1946860,38.7496376
16081,1664,"Campo de Santa Clara, Mercado",São Vicente,Passeio,BICICLETA,Sheffield standard,3,6,0,Público,Partilhado com Micromobilidade,28/01/2022,-9.1258242,38.7153248
16082,1665,Campo de Santa Clara,São Vicente,Passeio,BICICLETA,Sheffield standard,2,4,0,Privado,Interdito Micromobilidade,28/01/2022,-9.1249586,38.7158481
16083,1666,Campo de Santa Clara,São Vicente,Passeio,BICICLETA,Sheffield standard,2,4,0,Privado,Interdito Micromobilidade,28/01/2022,-9.1243967,38.7160184
16084,1667,Campus de Campolide,Campolide,Passeio,BICICLETA,Sheffield standard,25,50,0,Privado,Interdito Micromobilidade,,-9.1597651,38.7330738
16085,1668,"Rua de Campolide, 28",Campolide,Passeio,BICICLETA,Sheffield estilizado,1,5,0,Público,Partilhado com Micromobilidade,,-9.1621699,38.7262197
16086,1669,"Tapada das Necessidades, Escola",Estrela,Passeio,BICICLETA,Sheffield standard,4,8,0,Privado,Interdito Micromobilidade,02/02/2022,-9.1710675,38.7090067
16087,1670,"Rua Prista Monteiro, Escola",Carnide,Passeio,BICICLETA,Sheffield standard,3,6,0,Privado,Interdito Micromobilidade,02/02/2022,-9.1819484,38.7658599
16088,1671,"Rua Maria Brown, 1",Carnide,Passeio,BICICLETA,Sheffield standard,3,6,0,Privado,Interdito Micromobilidade,31/01/2022,-9.1864430,38.7596472
16089,1672,"Rua Dom Luís da Cunha, Escola",Alvalade,Passeio,BICICLETA,Sheffield standard,8,16,0,Privado,Interdito Micromobilidade,01/02/2022,-9.1674653,38.7563615
16090,1673,"Rua Luís de Freitas Branco, Escola",Lumiar,Passeio,BICICLETA,Sheffield standard,5,10,0,Privado,Interdito Micromobilidade,17/01/2022,-9.1625003,38.7710405
16091,1674,"Rua Mário Sampaio Ribeiro, Escola",Lumiar,Passeio,BICICLETA,Sheffield standard,5,10,0,Privado,Interdito Micromobilidade,17/01/2022,-9.1628381,38.7689748
16092,1675,"Rua Mário Sampaio Ribeiro, Escola",Lumiar,Via,BICICLETA,Sheffield standard,4,8,0,Privado,Interdito Micromobilidade,17/01/2022,-9.1618413,38.7695840
16093,1676,"Rua Prof. Mário Chicó, Escola",Lumiar,Passeio,BICICLETA,Sheffield standard,9,18,0,Privado,Interdito Micromobilidade,02/02/2022,-9.1683459,38.7625011
16094,1677,"Rua Rodrigo da Fonseca, Escola",Avenidas Novas,Passeio,BICICLETA,Sheffield standard,2,4,1,Privado,Interdito Micromobilidade,04/02/2022,-9.1570303,38.7267056
16095,1678,"Rua Professor Mira Fernandes, Escola",Beato,Passeio,BICICLETA,Sheffield standard,5,10,0,Privado,Interdito Micromobilidade,27/01/2022,-9.1211741,38.7395053
16096,1679,"Rua Dom Francisco de Almeida, 1",Belém,Via,BICICLETA,Sheffield standard,7,14,0,Privado,Interdito Micromobilidade,13/01/2022,-9.2097918,38.6986764
16098,1681,"Rua Direita ao Lumiar, 9",Lumiar,Passeio,BICICLETA,Sheffield standard,2,4,0,Privado,Interdito Micromobilidade,14/01/2022,-9.1721498,38.7730746
16099,1682,"Rua Dom Luís I, Escola",Misericórdia,Via,BICICLETA,Sheffield standard,5,10,0,Privado,Interdito Micromobilidade,18/01/2022,-9.1497348,38.7085522
16100,1683,Rua Prof. Fernando de Mello Moser,Lumiar,Passeio,BICICLETA,Sheffield standard,6,12,0,Privado,Interdito Micromobilidade,14/02/2022,-9.1701693,38.7734318
16101,1684,Rua Prof. Fernando de Mello Moser,Lumiar,Passeio,BICICLETA,Sheffield standard,4,8,0,Privado,Interdito Micromobilidade,14/02/2022,-9.1702029,38.7734010
16102,1685,"Avenida Almirante Gago Coutinho, 141",Alvalade,Passeio,BICICLETA,Sheffield standard,2,4,0,Privado,Interdito Micromobilidade,31/01/2022,-9.1302415,38.7595646
16103,1686,"Travessa de Francisco Resende, 59",Benfica,Passeio,BICICLETA,Sheffield standard,8,16,0,Privado,Interdito Micromobilidade,31/01/2022,-9.1961668,38.7425376
16105,1688,"Rua Major Neutel de Abreu, 11",São Domingos de Benfica,Passeio,BICICLETA,Sheffield standard,8,16,0,Privado,Interdito Micromobilidade,18/01/2022,-9.1813011,38.7473658
16108,1691,Rua Alexandre de Sá Pinto,Belém,Passeio,BICICLETA,Sheffield standard,4,8,0,Privado,Interdito Micromobilidade,28/01/2022,-9.1934325,38.6997205
16109,1692,"Avenida Engenheiro Duarte Pacheco, 32",Campolide,Passeio,BICICLETA,Sheffield standard,10,20,0,Privado,Interdito Micromobilidade,25/01/2022,-9.1633549,38.7241522
16110,1693,Rua Afonso Lopes Vieira,Alvalade,Lugar estacionamento automóvel,BICICLETA,Sheffield standard,4,8,0,Público,Partilhado com Micromobilidade,,-9.1482851,38.7518511
16111,1694,"Avenida do Brasil, 101",Alvalade,Lugar estacionamento automóvel,BICICLETA,Entorta rodas,1,5,0,Privado,Interdito Micromobilidade,,-9.1407360,38.7587063
16112,1695,"Avenida do Brasil, 101",Alvalade,Passeio,BICICLETA,Sheffield standard,4,8,0,Privado,Interdito Micromobilidade,,-9.1422284,38.7591917
16113,1696,"Jardim Prof. António de Sousa Franco, 1-1C",Lumiar,Passeio,BICICLETA,Entorta rodas,1,5,0,Público,Partilhado com Micromobilidade,,-9.1666816,38.7603487
16114,1697,"Rua Cidade de Bolama, 20",Olivais,Passeio,BICICLETA,Sheffield estilizado,4,8,0,Público,Partilhado com Micromobilidade,27/05/2021,-9.1167470,38.7625830
16115,1698,Travessa do Grilo,Beato,Passeio,BICICLETA,Sheffield standard,5,10,0,Público,Partilhado com Micromobilidade,15/09/2021,-9.1072410,38.7300970
16116,1699,Travessa do Grilo,Beato,Passeio,BICICLETA,Sheffield standard,5,10,0,Público,Partilhado com Micromobilidade,15/09/2021,-9.1071671,38.7303784
16117,1700,Alameda do Beato,Beato,Passeio,BICICLETA,Sheffield standard,4,8,0,Público,Partilhado com Micromobilidade,01/03/2022,-9.1056325,38.7337460
16118,1701,"Paço da Rainha, 90",Arroios,Passeio,BICICLETA,Sheffield standard,4,8,0,Público,Partilhado com Micromobilidade,10/02/2022,-9.1374930,38.7236366
16119,1702,"Paço da Rainha, 41",Arroios,Passeio,BICICLETA,Sheffield standard,4,8,0,Público,Partilhado com Micromobilidade,10/02/2022,-9.1375817,38.7236970
16120,1703,"Rua de Ponta Delgada, 29",Arroios,Via,BICICLETA,Sheffield standard,2,4,0,Público,Partilhado com Micromobilidade,,-9.1388655,38.7328195
16121,1705,"Rua Gomes Freire, 68",Arroios,Passeio,BICICLETA,Sheffield standard,5,10,0,Público,Partilhado com Micromobilidade,05/04/2022,-9.1400606,38.7244631
16122,1706,"Rua dos Heróis de Quionga, 13",Arroios,Passeio,BICICLETA,Sheffield standard,2,4,0,Público,Partilhado com Micromobilidade,,-9.1327736,38.7309608
16123,1707,"Rua Damasceno Monteiro, 113",Arroios,Lugar estacionamento automóvel,BICICLETA,Sheffield standard,2,4,0,Público,Partilhado com Micromobilidade,01/03/2022,-9.1323195,38.7228150
16124,1709,"Calçadinha dos Olivais, Escola",Olivais,Passeio,BICICLETA,Sheffield standard,8,16,0,Privado,Interdito Micromobilidade,22/11/2021,-9.1065405,38.7695884
16125,1710,"Rua Cidade de Nampula, Escola",Olivais,Passeio,BICICLETA,Sheffield standard,8,16,0,Privado,Interdito Micromobilidade,24/11/2021,-9.1216180,38.7641857
16126,1711,"Rua Fernando Namora, Escola",Lumiar,Passeio,BICICLETA,Sheffield standard,10,20,0,Privado,Interdito Micromobilidade,24/11/2021,-9.1739141,38.7598036
16127,1712,"Rua Prof. José Sebastião e Silva, Escola",Benfica,Passeio,BICICLETA,Sheffield standard,10,20,0,Privado,Interdito Micromobilidade,25/11/2021,-9.1941064,38.7474714
16128,1713,"Rua Fernando Namora, Escola",Lumiar,Passeio,BICICLETA,Sheffield standard,3,6,0,Privado,Interdito Micromobilidade,25/11/2021,-9.1733672,38.7595808
16129,1715,"Rua Prof. José Sebastião e Silva, Escola",Benfica,Passeio,BICICLETA,Sheffield standard,10,20,0,Privado,Interdito Micromobilidade,26/11/2021,-9.1943063,38.7474732
16130,1716,"Praça de Alvalade, 14",Alvalade,Passeio,BICICLETA,Sheffield standard,2,4,0,Público,Partilhado com Micromobilidade,06/04/2022,-9.1435201,38.7530628
16131,1717,Rua Augusto Pina,São Domingos de Benfica,Lugar estacionamento automóvel,BICICLETA,Sheffield standard,4,8,0,Público,Partilhado com Micromobilidade,04/05/2022,-9.1871747,38.7496026
16132,1718,"Rua Augusto Pina, 21",São Domingos de Benfica,Lugar estacionamento automóvel,BICICLETA,Sheffield standard,4,8,0,Público,Partilhado com Micromobilidade,04/05/2022,-9.1846764,38.7495186
16133,1719,"Rua Maestro Frederico de Freitas, Escola",São Domingos de Benfica,Passeio,BICICLETA,Sheffield standard,4,8,0,Público,Partilhado com Micromobilidade,04/05/2022,-9.1811565,38.7483756
16134,1720,"Rua Saraiva de Carvalho, 35",Campo de Ourique,Passeio,BICICLETA,Sheffield standard,5,10,0,Público,Partilhado com Micromobilidade,05/05/2022,-9.1594861,38.7175140
16135,1721,"Rua Saraiva de Carvalho, 1",Campo de Ourique,Passeio,BICICLETA,Sheffield standard,5,10,0,Público,Partilhado com Micromobilidade,05/05/2022,-9.1580029,38.7185806
16136,1722,"Passeio do Adamastor, 2.01.01",Parque das Nações,Passeio,BICICLETA,Sheffield standard,4,6,0,Público,Partilhado com Micromobilidade,01/05/2022,-9.0934594,38.7586464
16137,1723,Rua da Cintura do Porto de Lisboa,Marvila,Passeio,BICICLETA,Sheffield standard,8,16,0,Público,Partilhado com Micromobilidade,07/02/2020,-9.0963826,38.7484873
16138,1724,"Estrada das Oliveiras de Baixo, CML (Oficinas)",Benfica,Passeio,BICICLETA,Sheffield standard,4,8,0,Privado,Interdito Micromobilidade,,-9.1970109,38.7268437
16139,1725,Rua Fernão Álvares do Oriente,Alvalade,Passeio,BICICLETA,Sheffield standard,2,4,0,Público,Partilhado com Micromobilidade,16/05/2022,-9.1451595,38.7477546
16140,1726,"Rua Eduardo Costa, Escola",Penha de França,Passeio,BICICLETA,Sheffield standard,5,10,0,Privado,Interdito Micromobilidade,10/05/2022,-9.1251244,38.7266921
16141,1727,Avenida Professor Aníbal de Bettencourt,Alvalade,Passeio,BICICLETA,Sheffield standard,10,20,0,Privado,Interdito Micromobilidade,30/03/2022,-9.1534569,38.7494935
16142,1728,Campus de Benfica do Instituto Politécnico de Lisboa,Benfica,Passeio,BICICLETA,Sheffield standard,5,10,0,Privado,Interdito Micromobilidade,30/03/2022,-9.1930762,38.7464455
16143,1729,Alameda da Universidade,Alvalade,Passeio,BICICLETA,Sheffield standard,10,20,0,Privado,Interdito Micromobilidade,18/03/2022,-9.1571740,38.7523960
16144,1730,"Avenida Professor Aníbal de Bettencourt, ISCTE (Edifício I)",Alvalade,Passeio,BICICLETA,Sheffield standard,16,32,0,Público,Partilhado com Micromobilidade,25/02/2022,-9.1541278,38.7489270
16145,1731,Avenida da Universidade Técnica,Ajuda,Passeio,BICICLETA,Sheffield standard,5,10,0,Privado,Interdito Micromobilidade,22/02/2022,-9.1954904,38.7140814
16146,1732,Alameda da Universidade,Alvalade,Passeio,BICICLETA,Sheffield standard,8,16,0,Privado,Interdito Micromobilidade,25/02/2022,-9.1577763,38.7535302
16147,1733,"Praça Eduardo Mondlane, 7C",Marvila,Passeio,BICICLETA,Sheffield standard,2,4,1,Privado,Interdito Micromobilidade,22/02/2022,-9.1135795,38.7437283
16148,1734,Rua Primeiro de Maio a Alcântara,Alcântara,Passeio,BICICLETA,Sheffield standard,3,6,0,Público,Partilhado com Micromobilidade,17/03/2022,-9.1782792,38.7038994
16149,1735,Avenida de Ceuta,Alcântara,Passeio,BICICLETA,Sheffield standard,5,10,0,Público,Partilhado com Micromobilidade,15/03/2022,-9.1760481,38.7129048
16150,1736,"Avenida Álvares Cabral, 69",Campo de Ourique,Passeio,BICICLETA,Sheffield standard,2,4,0,Privado,Interdito Micromobilidade,17/03/2022,-9.1582788,38.7159226
16151,1737,Tapada da Ajuda,Alcântara,Via,BICICLETA,Sheffield standard,10,20,1,Privado,Interdito Micromobilidade,15/03/2022,-9.1851500,38.7129142
16152,1738,"Campo Grande, 376",Alvalade,Passeio,BICICLETA,Sheffield standard,16,32,0,Privado,Interdito Micromobilidade,21/03/2022,-9.1522586,38.7574382
16153,1739,"Avenida Professor Egas Moniz, Escola",Alvalade,Via,BICICLETA,Sheffield standard,4,8,0,Privado,Interdito Micromobilidade,22/02/2022,-9.1631084,38.7491042
16154,1740,Rua Almerindo Lessa,Ajuda,Lugar estacionamento automóvel,BICICLETA,Sheffield standard,5,10,0,Privado,Interdito Micromobilidade,18/03/2022,-9.1976290,38.7134178
16155,1741,"Rua José Escada, Escola",Lumiar,Passeio,BICICLETA,Sheffield standard,10,20,0,Privado,Interdito Micromobilidade,17/03/2022,-9.1716180,38.7595770
16156,1742,"Rua Raul Carapinha, Escola",São Domingos de Benfica,Passeio,BICICLETA,Sheffield standard,8,16,1,Privado,Interdito Micromobilidade,17/02/2022,-9.1713796,38.7411239
16157,1743,"Estrada de Benfica, 628",Benfica,Passeio,BICICLETA,Sheffield standard,2,4,0,Privado,Interdito Micromobilidade,06/05/2022,-9.2004804,38.7507247
16158,1744,"Largo do Leão, 9",Arroios,Passeio,BICICLETA,Sheffield standard,2,4,0,Privado,Interdito Micromobilidade,09/05/2022,-9.1369925,38.7349174
16159,1745,"Avenida do Rio de Janeiro, 26",Alvalade,Passeio,HOTSPOT,Sheffield standard,2,9,0,Público,Partilhado com Micromobilidade,21/03/2022,-9.1378344,38.7523425
16160,1746,"Avenida do Rio de Janeiro, 4",Alvalade,Passeio,BICICLETA,Sheffield standard,2,4,0,Público,Partilhado com Micromobilidade,04/04/2022,-9.1373262,38.7500178
16161,1747,"Avenida dos Estados Unidos da América, 52",Alvalade,Passeio,BICICLETA,Sheffield standard,2,4,0,Público,Partilhado com Micromobilidade,19/05/2022,-9.1375642,38.7496244
16162,1748,"Avenida dos Estados Unidos da América, 82",Alvalade,Passeio,BICICLETA,Sheffield standard,3,6,0,Público,Partilhado com Micromobilidade,20/05/2022,-9.1401576,38.7495389
16163,1749,"Avenida dos Estados Unidos da América, 90",Alvalade,Passeio,BICICLETA,Sheffield standard,2,4,0,Público,Partilhado com Micromobilidade,19/05/2022,-9.1412935,38.7494803
16164,1750,"Avenida dos Estados Unidos da América, 94",Alvalade,Passeio,BICICLETA,Sheffield standard,3,6,0,Público,Partilhado com Micromobilidade,16/05/2022,-9.1416841,38.7497665
16165,1751,"Avenida de Roma, 72",Alvalade,Passeio,BICICLETA,Sheffield standard,4,8,0,Público,Partilhado com Micromobilidade,16/05/2022,-9.1424582,38.7509205
16166,1752,"Praça de Alvalade, 4",Alvalade,Passeio,BICICLETA,Sheffield standard,2,4,0,Público,Partilhado com Micromobilidade,16/05/2022,-9.1443123,38.7527938
16167,1753,"Avenida de Roma, 97",Alvalade,Passeio,BICICLETA,Sheffield standard,2,4,0,Público,Partilhado com Micromobilidade,06/04/2022,-9.1436720,38.7522333
16168,1754,"Avenida dos Estados Unidos da América, 102",Alvalade,Passeio,BICICLETA,Sheffield standard,2,4,0,Público,Partilhado com Micromobilidade,06/04/2022,-9.1425465,38.7493862
16169,1755,"Avenida dos Estados Unidos da América, 142",Alvalade,Passeio,BICICLETA,Sheffield standard,3,6,0,Público,Partilhado com Micromobilidade,06/04/2022,-9.1474496,38.7485876
16170,1756,"Campo Grande, 28",Alvalade,Passeio,BICICLETA,Sheffield standard,4,8,0,Público,Partilhado com Micromobilidade,06/04/2022,-9.1477703,38.7495705
16171,1757,"Campo Grande, 376",Alvalade,Passeio,BICICLETA,Sheffield standard,6,12,0,Público,Partilhado com Micromobilidade,17/05/2022,-9.1524221,38.7586428
16172,1758,"Campo Grande, 376",Alvalade,Passeio,BICICLETA,Sheffield standard,6,12,0,Público,Partilhado com Micromobilidade,18/03/2022,-9.1520909,38.7587880
16173,1759,Rua Almerindo Lessa,Ajuda,Lugar estacionamento automóvel,BICICLETA,Sheffield standard,5,10,0,Privado,Interdito Micromobilidade,30/03/2022,-9.1971899,38.7130171
16174,1760,Rua Almerindo Lessa,Ajuda,Lugar estacionamento automóvel,BICICLETA,Sheffield standard,5,10,0,Privado,Interdito Micromobilidade,20/05/2022,-9.1972257,38.7134243
16175,1761,Campus de Benfica do Instituto Politécnico de Lisboa,Benfica,Via,BICICLETA,Sheffield standard,10,20,0,Privado,Interdito Micromobilidade,16/03/2022,-9.1949314,38.7459738
16176,1762,Campus de Benfica do Instituto Politécnico de Lisboa,Benfica,Lugar estacionamento automóvel,BICICLETA,Sheffield standard,4,8,0,Privado,Interdito Micromobilidade,18/03/2022,-9.1955358,38.7466260
16177,1763,"Rua Conselheiro Emídio Navarro, ISEL",Marvila,Passeio,BICICLETA,Sheffield standard,5,10,0,Privado,Interdito Micromobilidade,17/03/2022,-9.1176170,38.7570467
16178,1764,"Rua Conselheiro Emídio Navarro, ISEL",Marvila,Passeio,BICICLETA,Sheffield standard,5,10,1,Privado,Interdito Micromobilidade,17/02/2022,-9.1177318,38.7567669
16179,1765,"Rua Conselheiro Emídio Navarro, ISEL",Marvila,Passeio,BICICLETA,Sheffield standard,10,20,0,Privado,Interdito Micromobilidade,28/03/2022,-9.1167775,38.7569442
16180,1766,"Avenida do Rio de Janeiro, 14",Alvalade,Passeio,BICICLETA,Sheffield standard,2,4,1,Privado,Interdito Micromobilidade,25/02/2022,-9.1372390,38.7511275
16181,1767,Rua Primeiro de Maio a Alcântara,Alcântara,Via,BICICLETA,Sheffield standard,1,2,1,Privado,Interdito Micromobilidade,18/02/2022,-9.1782234,38.7039599
16182,1768,Rua Primeiro de Maio a Alcântara,Alcântara,Via,BICICLETA,Sheffield standard,1,2,0,Privado,Interdito Micromobilidade,18/02/2022,-9.1782008,38.7039744
16183,1769,"Avenida Professor Aníbal de Bettencourt, ISCTE (Edifício II)",Alvalade,Lugar estacionamento automóvel,BICICLETA,Sheffield standard,9,18,0,Privado,Interdito Micromobilidade,13/05/2022,-9.1531554,38.7498589
16184,1770,"Campo Grande, 400",Lumiar,Passeio,BICICLETA,Sheffield standard,3,6,1,Privado,Interdito Micromobilidade,13/05/2022,-9.1557986,38.7598027
16185,1771,Campus de Benfica do Instituto Politécnico de Lisboa,Benfica,Passeio,BICICLETA,Sheffield standard,5,10,1,Privado,Interdito Micromobilidade,12/05/2022,-9.1931410,38.7464303
16186,1772,Tapada da Ajuda,Alcântara,Via,BICICLETA,Sheffield standard,5,10,0,Privado,Interdito Micromobilidade,12/05/2022,-9.1819632,38.7073034
16187,1773,Tapada da Ajuda,Alcântara,Passeio,BICICLETA,Sheffield standard,10,20,1,Privado,Interdito Micromobilidade,23/02/2022,-9.1855982,38.7076582
16188,1774,Tapada da Ajuda,Alcântara,Passeio,BICICLETA,Sheffield standard,6,12,0,Privado,Interdito Micromobilidade,17/02/2022,-9.1848439,38.7088328
16189,1775,Tapada da Ajuda,Alcântara,Passeio,BICICLETA,Sheffield standard,5,10,0,Privado,Interdito Micromobilidade,18/02/2022,-9.1848027,38.7079754
16190,1776,Tapada da Ajuda,Alcântara,Via,BICICLETA,Sheffield standard,6,12,0,Privado,Interdito Micromobilidade,06/02/2022,-9.1847332,38.7128166
16191,1777,Tapada da Ajuda,Alcântara,Via,BICICLETA,Sheffield standard,10,20,0,Privado,Interdito Micromobilidade,16/02/2022,-9.1838202,38.7073294
16192,1778,Tapada da Ajuda,Alcântara,Passeio,BICICLETA,Sheffield standard,10,20,0,Privado,Interdito Micromobilidade,11/02/2022,-9.1892691,38.7158751
16193,1779,Estrada da Pontinha,Carnide,Passeio,BICICLETA,Sheffield standard,8,16,0,Público,Partilhado com Micromobilidade,01/04/2022,-9.1947738,38.7629127
16194,1780,Estrada do Alvito,Alcântara,Lugar estacionamento automóvel,BICICLETA,Sheffield standard,4,8,0,Público,Partilhado com Micromobilidade,,-9.1856336,38.7195102
16195,1781,"Avenida D. João II, 40",Parque das Nações,Via,BICIPARQUE,Desconhecido,0,0,1,Privado,Interdito Micromobilidade,,-9.0968441,38.7676629
16196,1782,"Alameda dos Oceanos, 37 B",Parque das Nações,Passeio,BICICLETA,Sheffield standard,9,18,0,Público,Partilhado com Micromobilidade,01/04/2022,-9.0964686,38.7618595
16197,1783,Praça Príncipe Perfeito,Parque das Nações,Passeio,BICICLETA,Grelha,3,12,0,Público,Partilhado com Micromobilidade,01/04/2022,-9.0985073,38.7613795
16198,1786,Avenida Infante Dom Henrique,Santa Maria Maior,Passeio,HOTSPOT,Sheffield standard,2,9,0,Público,Partilhado com Micromobilidade,03/07/2022,-9.1276331,38.7103846
16199,1785,Largo José Saramago,Santa Maria Maior,Passeio,BICICLETA,Sheffield standard,3,6,0,Público,Partilhado com Micromobilidade,08/07/2022,-9.1325940,38.7088332
16200,1831,"Avenida Infante Dom Henrique, Armazém B",São Vicente,Passeio,HOTSPOT,Sheffield standard,2,9,0,Público,Partilhado com Micromobilidade,08/07/2022,-9.1217264,38.7140923
16201,1784,"Calçada da Patriarcal, 11",Santo António,Passeio,BICICLETA,Sheffield standard,2,4,0,Público,Partilhado com Micromobilidade,23/07/2022,-9.1471601,38.7166987
16202,1832,"Rua Barata Salgueiro, 19",Santo António,Passeio,HOTSPOT,Sheffield standard,2,9,0,Público,Partilhado com Micromobilidade,12/08/2022,-9.1476676,38.7216307
16203,1808,"Rua Prof. Mário Chicó, 2M",Lumiar,Passeio,BICICLETA,Sheffield standard,2,4,0,Público,Partilhado com Micromobilidade,25/06/2022,-9.1680612,38.7611910
16204,1975,"Rua Fernando Lopes Graça, 19H",Lumiar,Passeio,BICICLETA,Sheffield standard,2,4,0,Público,Partilhado com Micromobilidade,13/07/2022,-9.1708608,38.7693492
16205,1976,"Rua Fernando Lopes Graça, 23A",Lumiar,Passeio,BICICLETA,Sheffield standard,2,4,0,Público,Partilhado com Micromobilidade,13/07/2022,-9.1715907,38.7691726
16206,1977,"Alameda Mahatma Gandhi, 2",Lumiar,Passeio,BICICLETA,Sheffield standard,2,4,0,Público,Partilhado com Micromobilidade,11/07/2022,-9.1732440,38.7692474
16207,1978,"Alameda Mahatma Gandhi, 12",Lumiar,Passeio,BICICLETA,Sheffield standard,2,4,0,Público,Partilhado com Micromobilidade,15/07/2022,-9.1734769,38.7702266
16208,1979,"Rua Prof. Alfredo de Sousa, 8B",Lumiar,Passeio,BICICLETA,Sheffield standard,2,4,0,Público,Partilhado com Micromobilidade,16/07/2022,-9.1714690,38.7704030
16209,1980,"Rua Professor Orlando Ribeiro, 6E",Lumiar,Passeio,BICICLETA,Sheffield standard,2,4,0,Público,Partilhado com Micromobilidade,18/07/2022,-9.1700677,38.7707679
16210,1981,"Rua Duarte Vidal, 8",Lumiar,Passeio,BICICLETA,Sheffield standard,3,6,0,Público,Partilhado com Micromobilidade,16/07/2022,-9.1702309,38.7711883
16211,1982,"Rua Cidade da Beira, 46",Olivais,Passeio,BICICLETA,Sheffield standard,2,4,0,Público,Partilhado com Micromobilidade,17/07/2022,-9.1240548,38.7664962
16212,1983,Rua Mem de Sá,Alvalade,Passeio,BICICLETA,Sheffield standard,4,8,0,Público,Partilhado com Micromobilidade,27/07/2022,-9.1687194,38.7560536
16213,1984,"Rua Tomás da Fonseca, 36",Alvalade,Passeio,BICICLETA,Sheffield standard,2,4,0,Público,Partilhado com Micromobilidade,14/07/2022,-9.1674953,38.7555927
16214,1985,"Rua Tomás da Fonseca, 44",Alvalade,Passeio,BICICLETA,Sheffield standard,2,4,0,Público,Partilhado com Micromobilidade,18/07/2022,-9.1663786,38.7555355
16215,1986,"Rua Paul Harris, 9B",Alvalade,Passeio,BICICLETA,Sheffield standard,2,4,0,Público,Partilhado com Micromobilidade,12/07/2022,-9.1664744,38.7522899
16216,1987,"Rua Paul Harris, 1D",Alvalade,Passeio,BICICLETA,Sheffield standard,2,4,0,Público,Partilhado com Micromobilidade,12/07/2022,-9.1657860,38.7516045
16217,1988,"Avenida Rui Nogueira Simões, 2A",Alvalade,Passeio,BICICLETA,Sheffield standard,3,6,0,Público,Partilhado com Micromobilidade,12/07/2022,-9.1661316,38.7515533
16218,1989,"Avenida Rui Nogueira Simões, 12",Alvalade,Passeio,BICICLETA,Sheffield standard,3,6,0,Público,Partilhado com Micromobilidade,12/07/2022,-9.1667734,38.7521554
16219,1990,"Avenida Rui Nogueira Simões, 11",São Domingos de Benfica,Passeio,BICICLETA,Sheffield standard,3,6,0,Público,Partilhado com Micromobilidade,22/07/2022,-9.1670416,38.7519743
16220,1991,"Avenida Rui Nogueira Simões, 1A",São Domingos de Benfica,Passeio,BICICLETA,Sheffield standard,3,6,0,Público,Partilhado com Micromobilidade,22/07/2022,-9.1664183,38.7513816
16221,1992,"Rua Melvin Jones, 2D",São Domingos de Benfica,Passeio,BICICLETA,Sheffield standard,2,4,0,Público,Partilhado com Micromobilidade,21/07/2022,-9.1665363,38.7511231
16222,1993,"Rua Melvin Jones, 10B",São Domingos de Benfica,Passeio,BICICLETA,Sheffield standard,2,4,0,Público,Partilhado com Micromobilidade,21/07/2022,-9.1672615,38.7518150
16223,1994,"Largo Mário Neves, Polidesportivo",São Domingos de Benfica,Passeio,BICICLETA,Sheffield standard,2,4,0,Público,Partilhado com Micromobilidade,22/07/2022,-9.1678159,38.7520604
16224,1995,"Rua António Albino Machado, 19A",São Domingos de Benfica,Passeio,BICICLETA,Sheffield standard,2,4,0,Público,Partilhado com Micromobilidade,22/07/2022,-9.1684837,38.7532838
16225,1787,"Calçada da Ajuda, 25",Belém,Passeio,BICICLETA,Sheffield standard,3,6,0,Público,Partilhado com Micromobilidade,30/07/2022,-9.1999811,38.7006933
16226,1788,"Calçada da Ajuda, 10-12",Belém,Passeio,HOTSPOT,Sheffield standard,2,9,0,Público,Interdito Micromobilidade,23/06/2022,-9.1994688,38.6978081
16227,1789,"Rua Gonçalves Zarco, 2",Belém,Passeio,BICICLETA,Sheffield standard,2,4,0,Público,Partilhado com Micromobilidade,05/07/2022,-9.2028787,38.7055100
16228,1790,"Rua Gonçalves Zarco, 22",Belém,Passeio,BICICLETA,Sheffield standard,2,4,0,Público,Partilhado com Micromobilidade,05/07/2022,-9.2055501,38.7051876
16229,1791,"Rua Tristão Vaz, 2",Belém,Passeio,BICICLETA,Sheffield standard,2,4,0,Público,Partilhado com Micromobilidade,05/07/2022,-9.2049142,38.7055931
16230,1792,"Rua Conselheiro Martins de Carvalho, 10",Belém,Passeio,HOTSPOT,Sheffield standard,2,9,0,Público,Partilhado com Micromobilidade,18/07/2022,-9.2051228,38.7063636
16231,1793,Rua Nuno Bragança,Belém,Passeio,BICICLETA,Sheffield standard,2,4,0,Público,Partilhado com Micromobilidade,07/07/2022,-9.2054512,38.7070868
16232,1794,"Rua Tristão Vaz, 31",Belém,Passeio,BICICLETA,Sheffield standard,2,4,0,Público,Partilhado com Micromobilidade,18/06/2022,-9.2058986,38.7074735
16233,1795,Rua Tristão Vaz,Belém,Passeio,HOTSPOT,Sheffield standard,2,9,0,Público,Partilhado com Micromobilidade,18/06/2022,-9.2063965,38.7084661
16234,1796,"Rua Rodrigo Reinel, 3A",Belém,Passeio,BICICLETA,Sheffield standard,2,4,0,Público,Partilhado com Micromobilidade,08/06/2022,-9.2084546,38.7084315
16235,1797,Rua Diogo Afonso,Belém,Passeio,BICICLETA,Sheffield standard,2,4,0,Público,Partilhado com Micromobilidade,17/07/2022,-9.2061152,38.7058528
16236,1798,Rua Gonçalves Zarco,Belém,Passeio,BICICLETA,Sheffield standard,2,4,0,Público,Partilhado com Micromobilidade,18/06/2022,-9.2069557,38.7041324
16237,1799,"Avenida da Ilha da Madeira, 36",Belém,Passeio,BICICLETA,Sheffield standard,3,6,0,Público,Partilhado com Micromobilidade,24/07/2022,-9.2081931,38.7069386
16238,1800,"Avenida da Ilha da Madeira, 48",Belém,Passeio,HOTSPOT,Sheffield standard,2,9,0,Público,Partilhado com Micromobilidade,18/06/2022,-9.2090086,38.7077945
16239,1801,"Rua Gonçalo Velho Cabral, 48",Belém,Passeio,BICICLETA,Sheffield standard,2,4,0,Público,Partilhado com Micromobilidade,21/07/2022,-9.2130250,38.7066582
16240,1802,Rua dos Jerónimos,Belém,Passeio,HOTSPOT,Sheffield standard,2,9,0,Público,Partilhado com Micromobilidade,18/06/2022,-9.2057305,38.6993619
16241,1803,"Rua dos Jerónimos, 10",Belém,Passeio,HOTSPOT,Sheffield standard,2,9,0,Público,Partilhado com Micromobilidade,23/06/2022,-9.2052146,38.6987516
16242,1804,"Rua Professor Eduardo Araújo Coelho, 5",Lumiar,Passeio,HOTSPOT,Sheffield standard,2,9,0,Público,Partilhado com Micromobilidade,28/06/2022,-9.1648739,38.7612656
16243,1805,"Rua Prof. Fernando da Fonseca, 25C",Lumiar,Passeio,BICICLETA,Sheffield standard,2,4,0,Público,Partilhado com Micromobilidade,05/07/2022,-9.1663242,38.7615374
16244,1806,"Rua Prof. Vieira de Almeida, 4F",Lumiar,Passeio,BICICLETA,Sheffield standard,2,4,0,Público,Partilhado com Micromobilidade,25/06/2022,-9.1666521,38.7614528
16245,1807,"Rua Prof. Vieira de Almeida, 1B",Lumiar,Passeio,HOTSPOT,Sheffield standard,2,9,0,Público,Partilhado com Micromobilidade,25/06/2022,-9.1669095,38.7609003
16246,1809,"Rua Prof. Mário Chicó, Escola",Lumiar,Passeio,HOTSPOT,Sheffield standard,2,9,0,Público,Partilhado com Micromobilidade,25/06/2022,-9.1686873,38.7627519
16247,1810,"Rua Prof. Mário Chicó, 7",Lumiar,Passeio,BICICLETA,Sheffield standard,2,4,0,Público,Partilhado com Micromobilidade,27/06/2022,-9.1687294,38.7617302
16248,1811,"Rua Professor João Barreira, 21-25",Lumiar,Passeio,BICICLETA,Sheffield standard,3,6,0,Público,Partilhado com Micromobilidade,25/06/2022,-9.1709278,38.7621012
16249,1812,"Rua Hermano Neves, 13",Lumiar,Passeio,HOTSPOT,Sheffield standard,2,9,0,Público,Partilhado com Micromobilidade,05/07/2022,-9.1701168,38.7600364
16250,1813,"Rua Hermano Neves, 18D",Lumiar,Passeio,HOTSPOT,Sheffield standard,2,9,0,Público,Partilhado com Micromobilidade,27/06/2022,-9.1698384,38.7595095
16251,1814,Jardim Prof. António de Sousa Franco,Lumiar,Passeio,BICICLETA,Sheffield standard,3,6,0,Público,Partilhado com Micromobilidade,05/07/2022,-9.1688233,38.7601327
16252,1815,"Rua Professor Francisco Gentil, 27C",Lumiar,Passeio,HOTSPOT,Sheffield standard,2,9,0,Público,Partilhado com Micromobilidade,25/06/2022,-9.1683900,38.7604826
16253,1816,"Rua Professor Francisco Gentil, 21A",Lumiar,Passeio,BICICLETA,Sheffield standard,3,6,0,Público,Partilhado com Micromobilidade,25/06/2022,-9.1673968,38.7605085
16254,1818,"Rua Poeta Bocage, 20C",Carnide,Passeio,BICICLETA,Sheffield standard,2,4,0,Público,Partilhado com Micromobilidade,27/07/2022,-9.1796842,38.7636820
16255,1819,"Rua Poeta Bocage, 5B",Carnide,Passeio,BICICLETA,Sheffield standard,2,4,0,Público,Partilhado com Micromobilidade,27/06/2022,-9.1785268,38.7636328
16256,1820,"Azinhaga da Torre do Fato, 29",Carnide,Passeio,BICICLETA,Sheffield standard,2,4,0,Público,Partilhado com Micromobilidade,24/08/2022,-9.1770859,38.7634586
16257,1821,Avenida das Nações Unidas,Carnide,Passeio,BICICLETA,Sheffield standard,2,4,0,Público,Partilhado com Micromobilidade,27/06/2022,-9.1775163,38.7644560
16258,1822,"Rua Aristides de Sousa Mendes, 2E",Carnide,Passeio,BICICLETA,Sheffield standard,2,4,0,Público,Partilhado com Micromobilidade,25/06/2022,-9.1785406,38.7614970
16259,1823,"Alameda da Quinta de Santo António, 2A",Lumiar,Passeio,HOTSPOT,Sheffield standard,2,9,0,Público,Partilhado com Micromobilidade,25/06/2022,-9.1748633,38.7608966
16260,1817,"Rua Padre Américo, 1A",Carnide,Passeio,BICICLETA,Sheffield standard,2,4,0,Público,Partilhado com Micromobilidade,18/06/2022,-9.1798031,38.7602939
16261,2010,"Jardim dos Jacarandás, 8D",Parque das Nações,Passeio,BICICLETA,Sheffield standard,4,8,0,Público,Partilhado com Micromobilidade,01/08/2022,-9.0946606,38.7791420
16263,1827,"Avenida Nuno Krus Abecasis, 40",Santa Clara,Passeio,BICICLETA,Sheffield standard,2,4,0,Público,Partilhado com Micromobilidade,02/07/2022,-9.1511586,38.7796161
16264,1828,"Avenida Sérgio Vieira de Mello, 17A",Santa Clara,Passeio,BICICLETA,Sheffield standard,2,4,0,Público,Partilhado com Micromobilidade,02/07/2022,-9.1500671,38.7808733
16265,1829,Rua Tavares Belo,Santa Clara,Passeio,BICICLETA,Sheffield standard,2,4,0,Público,Partilhado com Micromobilidade,02/07/2022,-9.1577934,38.7822681
16266,1833,"Avenida de Pádua, 10L",Olivais,Passeio,HOTSPOT,Sheffield standard,2,9,0,Público,Partilhado com Micromobilidade,17/07/2022,-9.1054801,38.7630131
16267,1830,"Rua Frederico de Brito, 1B",Santa Clara,Passeio,BICICLETA,Sheffield standard,2,4,0,Público,Partilhado com Micromobilidade,02/07/2022,-9.1585219,38.7819882
16268,1825,Largo José Saramago,Santa Maria Maior,Passeio,BICICLETA,Sheffield standard,3,6,0,Público,Partilhado com Micromobilidade,08/07/2022,-9.1332577,38.7088628
16269,1834,"Praça Nuno Rodrigues dos Santos, 2 H",São Domingos de Benfica,Passeio,BICICLETA,Sheffield standard,2,4,0,Público,Partilhado com Micromobilidade,15/07/2022,-9.1673549,38.7444521
16270,1835,"Praça Nuno Rodrigues dos Santos, 2H",São Domingos de Benfica,Passeio,BICICLETA,Sheffield standard,2,4,0,Público,Partilhado com Micromobilidade,15/07/2022,-9.1668588,38.7441539
16271,1836,Rua Cintura do Porto de Lisboa,Misericórdia,Passeio,HOTSPOT,Sheffield standard,2,9,0,Público,Partilhado com Micromobilidade,05/07/2022,-9.1464356,38.7053408
16272,1837,Avenida de Brasília,Estrela,Passeio,BICICLETA,Sheffield standard,3,6,0,Público,Partilhado com Micromobilidade,24/07/2022,-9.1683336,38.7027276
16273,1838,"Rua da Cintura do Porto de Lisboa, Edif Gonçalves Zarco",Estrela,Passeio,BICICLETA,Sheffield standard,3,6,0,Público,Partilhado com Micromobilidade,24/07/2022,-9.1706492,38.7022470
16274,1839,"Rua da Cintura do Porto de Lisboa, Edif Infante D. Henrique",Estrela,Passeio,BICICLETA,Sheffield standard,3,6,0,Público,Partilhado com Micromobilidade,24/07/2022,-9.1722516,38.7020050
16275,1840,Avenida de Brasília,Belém,Passeio,HOTSPOT,Sheffield standard,2,9,0,Público,Partilhado com Micromobilidade,18/07/2022,-9.1901491,38.6966105
16276,1841,Avenida de Brasília,Belém,Passeio,HOTSPOT,Sheffield standard,6,12,0,Público,Partilhado com Micromobilidade,11/07/2022,-9.1977153,38.6952563
16277,1842,Avenida de Brasília,Belém,Passeio,HOTSPOT,Sheffield standard,2,9,0,Público,Partilhado com Micromobilidade,18/07/2022,-9.2068578,38.6943685
16278,1843,"Rua Vila Correia, 1",Belém,Passeio,BICICLETA,Sheffield standard,2,4,0,Público,Partilhado com Micromobilidade,17/07/2022,-9.2117472,38.6955761
16279,1844,"Rua Bartolomeu Dias, 170",Belém,Passeio,BICICLETA,Sheffield standard,2,4,0,Público,Partilhado com Micromobilidade,17/07/2022,-9.2143389,38.6950795
16280,1853,"Avenida Miguel Bombarda, 16",Avenidas Novas,Passeio,BICICLETA,Sheffield standard,6,12,0,Público,Partilhado com Micromobilidade,11/07/2022,-9.1467088,38.7372080
16281,1854,"Avenida Carlos Paredes, Escola",Lumiar,Passeio,BICICLETA,Sheffield standard,6,12,0,Privado,Interdito Micromobilidade,16/09/2021,-9.1541106,38.7745182
16282,1855,"Largo de Santos, 2D",Estrela,Passeio,HOTSPOT,Sheffield standard,4,12,0,Público,Partilhado com Micromobilidade,16/07/2022,-9.1550879,38.7070989
16283,1845,"Rua Cidade de Cádiz, 9",São Domingos de Benfica,Passeio,BICICLETA,Sheffield standard,2,4,0,Público,Partilhado com Micromobilidade,16/07/2022,-9.1771651,38.7553151
16284,1846,"Rua Raquel Roque Gameiro, 10",São Domingos de Benfica,Passeio,BICICLETA,Sheffield standard,2,4,0,Público,Partilhado com Micromobilidade,16/07/2022,-9.1749374,38.7446628
16285,1847,"Rua Prof. Simões Raposo, 5D",Lumiar,Passeio,BICICLETA,Sheffield standard,2,4,0,Público,Partilhado com Micromobilidade,25/06/2022,-9.1738372,38.7609742
16286,1848,"Rua Professor Mira Fernandes, Lote 10",Beato,Passeio,BICICLETA,Sheffield standard,2,4,0,Público,Partilhado com Micromobilidade,21/07/2022,-9.1228910,38.7385110
16287,1849,"Rua Professor Mira Fernandes, Lote 11",Beato,Passeio,BICICLETA,Sheffield standard,2,4,0,Público,Partilhado com Micromobilidade,19/07/2022,-9.1225543,38.7385002
16288,1850,Rua Sousa Pinto,Santo António,Passeio,HOTSPOT,Sheffield standard,4,12,0,Público,Partilhado com Micromobilidade,02/07/2022,-9.1570998,38.7243871
16289,1851,"Travessa dos Prazeres, Escola",Campo de Ourique,Passeio,BICICLETA,Sheffield standard,12,24,0,Privado,Interdito Micromobilidade,24/08/2022,-9.1669063,38.7141542
16290,1852,"Rua Príncipe do Mónaco, Escola",Parque das Nações,Passeio,BICICLETA,Sheffield standard,8,16,0,Privado,Interdito Micromobilidade,18/08/2022,-9.0975076,38.7850117
16291,1856,"Avenida Magalhães Lima, Escola",Areeiro,Passeio,BICICLETA,Sheffield standard,5,10,0,Público,Partilhado com Micromobilidade,28/07/2022,-9.1402670,38.7395184
16292,1857,"Avenida Magalhães Lima, Escola",Areeiro,Passeio,BICICLETA,Sheffield standard,5,10,0,Público,Partilhado com Micromobilidade,28/07/2022,-9.1403876,38.7397905
16293,1858,"Rua Conde de Sabugosa, 14",Alvalade,Passeio,BICICLETA,Sheffield standard,1,2,0,Público,Partilhado com Micromobilidade,16/06/2022,-9.1400377,38.7477631
16294,1859,"Avenida dos Estados Unidos da América, 91",Alvalade,Passeio,BICICLETA,Sheffield standard,2,4,0,Público,Partilhado com Micromobilidade,16/06/2022,-9.1403547,38.7490583
16295,1860,"Rua Coronel Bento Roma, 14",Alvalade,Passeio,BICICLETA,Sheffield standard,2,4,0,Público,Partilhado com Micromobilidade,18/06/2022,-9.1374808,38.7484037
16296,1861,"Rua Antero de Figueiredo, 16",Alvalade,Passeio,BICICLETA,Sheffield standard,4,8,0,Público,Partilhado com Micromobilidade,16/06/2022,-9.1388641,38.7467852
16297,1862,Rua Bulhão Pato,Alvalade,Passeio,HOTSPOT,Sheffield standard,2,9,0,Público,Partilhado com Micromobilidade,17/06/2022,-9.1385508,38.7466866
16298,1863,Rua Antero de Figueiredo,Alvalade,Passeio,BICICLETA,Sheffield standard,2,4,0,Público,Partilhado com Micromobilidade,18/07/2022,-9.1370020,38.7461624
16299,1864,"Rua General Pimenta de Castro, 7D",Alvalade,Passeio,BICICLETA,Sheffield standard,2,4,0,Público,Partilhado com Micromobilidade,16/06/2022,-9.1346312,38.7467071
16300,1865,"Rua dos Lagares D'El-Rei, Lote 1335",Alvalade,Passeio,BICICLETA,Sheffield standard,2,4,0,Público,Partilhado com Micromobilidade,16/06/2022,-9.1343473,38.7471910
16301,1866,"Avenida Frei Miguel Contreiras, 14",Alvalade,Passeio,BICICLETA,Sheffield standard,2,4,0,Público,Partilhado com Micromobilidade,17/06/2022,-9.1332747,38.7462218
16302,1867,"Avenida Frei Miguel Contreiras, 10",Alvalade,Passeio,BICICLETA,Sheffield standard,2,4,0,Público,Partilhado com Micromobilidade,17/06/2022,-9.1328323,38.7462518
16303,1868,"Largo Cristovão Aires, 6B",Alvalade,Passeio,BICICLETA,Sheffield standard,2,4,0,Público,Partilhado com Micromobilidade,17/06/2022,-9.1322309,38.7468778
16304,1869,"Largo Fernandes Costa, 6B",Alvalade,Passeio,BICICLETA,Sheffield standard,2,4,0,Público,Partilhado com Micromobilidade,17/07/2022,-9.1322134,38.7474833
16305,1870,"Largo Rodrigues Cordeiro, 6B",Alvalade,Passeio,BICICLETA,Sheffield standard,2,4,0,Público,Partilhado com Micromobilidade,18/06/2022,-9.1322177,38.7480803
16306,1871,"Avenida São João de Deus, 7H",Areeiro,Passeio,BICICLETA,Sheffield standard,2,4,0,Público,Partilhado com Micromobilidade,18/06/2022,-9.1332749,38.7455859
16307,1872,"Avenida São João de Deus, 23",Areeiro,Passeio,HOTSPOT,Sheffield standard,2,9,0,Público,Partilhado com Micromobilidade,17/06/2022,-9.1357965,38.7453641
16308,1873,"Avenida de Madrid, 29A",Areeiro,Passeio,BICICLETA,Sheffield standard,2,4,0,Público,Partilhado com Micromobilidade,13/07/2022,-9.1377520,38.7444037
16309,1874,"Rua Edison, 8A",Areeiro,Passeio,BICICLETA,Sheffield standard,2,4,0,Público,Partilhado com Micromobilidade,17/06/2022,-9.1385678,38.7442791
16310,1875,"Avenida Padre Manuel da Nóbrega, 7",Areeiro,Passeio,BICICLETA,Sheffield standard,4,8,0,Público,Partilhado com Micromobilidade,17/06/2022,-9.1338710,38.7433566
16311,1876,"Avenida de Madrid, 2D",Areeiro,Passeio,BICICLETA,Sheffield standard,2,4,0,Público,Partilhado com Micromobilidade,13/07/2022,-9.1342997,38.7435048
16312,1877,"Avenida Padre Manuel da Nóbrega, 17C",Areeiro,Passeio,BICICLETA,Sheffield standard,2,4,0,Público,Partilhado com Micromobilidade,17/06/2022,-9.1345423,38.7447604
16313,1878,"Avenida do Rio de Janeiro, 30A",Alvalade,Passeio,BICICLETA,Sheffield standard,3,6,0,Público,Partilhado com Micromobilidade,30/06/2022,-9.1379013,38.7529775
16314,1879,"Avenida do Rio de Janeiro, 6",Alvalade,Passeio,BICICLETA,Sheffield standard,2,4,0,Público,Partilhado com Micromobilidade,09/07/2022,-9.1373099,38.7503040
16315,1880,"Avenida de Roma, 76",Alvalade,Passeio,BICICLETA,Sheffield standard,2,4,0,Público,Partilhado com Micromobilidade,09/07/2022,-9.1428674,38.7513217
16316,1916,"Avenida de Ceuta, Estação",Estrela,Passeio,BICICLETA,Sheffield standard,8,16,0,Público,Partilhado com Micromobilidade,07/07/2022,-9.1734768,38.7068644
16317,1917,Largo dos Caminhos de Ferro,São Vicente,Passeio,BICICLETA,Sheffield standard,4,8,0,Privado,Interdito Micromobilidade,23/07/2022,-9.1230617,38.7134260
16318,1918,Cais do Gás,Misericórdia,Passeio,BICICLETA,Sheffield standard,4,8,0,Público,Partilhado com Micromobilidade,17/07/2022,-9.1448586,38.7052922
16319,1919,Rua da Venezuela,Benfica,Passeio,BICICLETA,Sheffield standard,6,12,0,Público,Partilhado com Micromobilidade,28/07/2022,-9.2000700,38.7447168
16320,1905,"Rua Jorge Colaço, 2",Alvalade,Passeio,BICICLETA,Sheffield standard,2,4,0,Público,Partilhado com Micromobilidade,16/06/2022,-9.1388188,38.7592458
16321,1906,"Rua Bartolomeu Dias, 84",Belém,Passeio,BICICLETA,Sheffield standard,3,6,0,Público,Partilhado com Micromobilidade,01/09/2022,-9.2110744,38.6957093
16322,1907,"Rua Martins Barata, 6",Belém,Passeio,BICICLETA,Sheffield standard,2,4,0,Público,Partilhado com Micromobilidade,22/07/2022,-9.2113803,38.6963102
16323,1908,"Avenida Dom Rodrigo da Cunha, 6A",Alvalade,Passeio,BICICLETA,Sheffield standard,2,4,0,Público,Partilhado com Micromobilidade,16/06/2022,-9.1314263,38.7545430
16324,1909,"Rua Conde de Ficalho, 2",Alvalade,Passeio,BICICLETA,Sheffield standard,4,8,0,Privado,Interdito Micromobilidade,30/05/2022,-9.1319575,38.7548162
16325,1910,"Avenida Dom Rodrigo da Cunha, 13",Alvalade,Passeio,BICICLETA,Sheffield standard,2,4,0,Público,Partilhado com Micromobilidade,16/06/2022,-9.1340272,38.7546873
16326,1911,"Avenida Dom Rodrigo da Cunha, 20",Alvalade,Passeio,BICICLETA,Sheffield standard,2,4,0,Público,Partilhado com Micromobilidade,16/06/2022,-9.1341201,38.7548496
16327,1912,"Avenida Santa Joana Princesa, 3",Alvalade,Passeio,BICICLETA,Sheffield standard,2,4,0,Público,Partilhado com Micromobilidade,09/07/2022,-9.1359734,38.7549129
16328,1913,Avenida Dom Rodrigo da Cunha,Alvalade,Passeio,BICICLETA,Sheffield standard,2,4,0,Público,Partilhado com Micromobilidade,09/07/2022,-9.1359526,38.7550568
16329,1914,"Avenida Santa Joana Princesa, 23B",Alvalade,Passeio,BICICLETA,Sheffield standard,2,4,0,Público,Partilhado com Micromobilidade,30/05/2022,-9.1380983,38.7545429
16330,1915,"Largo Frei Heitor Pinto, 7",Alvalade,Passeio,BICICLETA,Sheffield standard,4,8,0,Público,Partilhado com Micromobilidade,30/05/2022,-9.1387474,38.7544694
16331,2011,"Estrada de Benfica, 521B",Benfica,Passeio,BICICLETA,Sheffield standard,2,4,0,Público,Partilhado com Micromobilidade,17/07/2022,-9.1929368,38.7495035
16332,2012,"Estrada de Benfica, 604",Benfica,Passeio,HOTSPOT,Sheffield standard,2,9,0,Público,Partilhado com Micromobilidade,12/07/2022,-9.1998792,38.7507113
16333,1920,"Alameda das Linhas de Torres, 37",Lumiar,Passeio,BICICLETA,Sheffield standard,2,4,0,Público,Partilhado com Micromobilidade,04/07/2022,-9.1564702,38.7622798
16334,1921,"Rua Frederico George, 39",Lumiar,Passeio,BICICLETA,Sheffield standard,5,10,0,Público,Partilhado com Micromobilidade,12/07/2022,-9.1651984,38.7697773
16335,1922,"Rua Rainha Dona Luísa de Gusmão, 7C",Lumiar,Passeio,BICICLETA,Sheffield standard,2,4,0,Público,Partilhado com Micromobilidade,28/07/2022,-9.1597271,38.7676013
16336,1923,"Rua Rainha Dona Luísa de Gusmão, 10C",Lumiar,Passeio,BICICLETA,Sheffield standard,6,12,0,Público,Partilhado com Micromobilidade,10/07/2022,-9.1592024,38.7673838
16337,1924,"Rua Rainha Dona Luísa de Gusmão, 3-7",Lumiar,Passeio,BICICLETA,Sheffield standard,6,12,0,Público,Partilhado com Micromobilidade,10/07/2022,-9.1596124,38.7671025
16338,1925,"Avenida Rainha Dona Amélia, 26",Lumiar,Passeio,BICICLETA,Sheffield standard,2,4,0,Público,Partilhado com Micromobilidade,28/06/2022,-9.1602925,38.7668956
16339,1926,"Avenida Rainha Dona Amélia, 32",Lumiar,Passeio,BICICLETA,Sheffield standard,2,4,0,Público,Partilhado com Micromobilidade,28/06/2022,-9.1607927,38.7668741
16340,1927,"Praça Rainha Santa, 11",Lumiar,Passeio,BICICLETA,Sheffield standard,2,4,0,Público,Partilhado com Micromobilidade,28/06/2022,-9.1615444,38.7669818
16341,1928,Praça Rainha Santa,Lumiar,Passeio,BICICLETA,Sheffield standard,2,4,0,Público,Partilhado com Micromobilidade,28/06/2022,-9.1618704,38.7672133
16342,1929,"Praça Rainha Santa, 1",Lumiar,Passeio,BICICLETA,Sheffield standard,2,4,0,Público,Partilhado com Micromobilidade,04/07/2022,-9.1622164,38.7670362
16343,1930,"Praça Rainha Santa, 6",Lumiar,Passeio,BICICLETA,Sheffield standard,2,4,0,Público,Partilhado com Micromobilidade,29/06/2022,-9.1620199,38.7676588
16344,1931,"Praça Rainha Santa, 7",Lumiar,Passeio,BICICLETA,Sheffield standard,2,4,0,Público,Partilhado com Micromobilidade,28/06/2022,-9.1615286,38.7676357
16345,1932,"Praça Rainha Dona Filipa, 4D",Lumiar,Passeio,BICICLETA,Sheffield standard,2,4,0,Público,Partilhado com Micromobilidade,04/07/2022,-9.1633357,38.7674780
16346,1933,"Rua Prof. Aires de Sousa, 2A",Lumiar,Passeio,BICICLETA,Sheffield standard,2,4,0,Público,Partilhado com Micromobilidade,18/07/2022,-9.1687784,38.7579812
16347,1934,Rua Prof. Manuel Cavaleiro de Ferreira,Lumiar,Passeio,BICICLETA,Sheffield standard,2,4,0,Público,Partilhado com Micromobilidade,20/07/2022,-9.1708174,38.7587496
16348,1935,"Alameda da Quinta de Santo António, 1B",Lumiar,Passeio,BICICLETA,Sheffield standard,2,4,0,Público,Partilhado com Micromobilidade,25/06/2022,-9.1749002,38.7607047
16349,1936,"Alameda da Quinta de Santo António, 5F",Lumiar,Passeio,HOTSPOT,Sheffield standard,2,9,0,Público,Partilhado com Micromobilidade,04/07/2022,-9.1755847,38.7609325
16350,1937,"Rua Prof. Mário de Albuquerque, 15G",Lumiar,Passeio,BICICLETA,Sheffield standard,2,4,0,Público,Partilhado com Micromobilidade,04/07/2022,-9.1748577,38.7620009
16351,1938,"Rua Prof. Carlos Teixeira, 7D",Lumiar,Passeio,BICICLETA,Sheffield standard,2,4,0,Público,Partilhado com Micromobilidade,23/06/2022,-9.1745663,38.7629123
16352,1939,"Rua Prof. Moisés Amzalak, 9D",Lumiar,Passeio,BICICLETA,Sheffield standard,2,4,0,Público,Partilhado com Micromobilidade,23/06/2022,-9.1750744,38.7633606
16353,1940,"Rua Prof. Moisés Amzalak, 6",Lumiar,Passeio,HOTSPOT,Sheffield standard,2,9,0,Público,Partilhado com Micromobilidade,04/07/2022,-9.1754031,38.7634781
16354,1941,"Rua Prof. Luís da Cunha Gonçalves, Escola",Lumiar,Passeio,BICICLETA,Sheffield standard,2,4,0,Público,Partilhado com Micromobilidade,20/06/2022,-9.1762426,38.7628426
16355,1942,"Rua José Pontes, 7A",Lumiar,Passeio,BICICLETA,Sheffield standard,2,4,0,Público,Partilhado com Micromobilidade,20/06/2022,-9.1778961,38.7609369
16356,1943,"Avenida Dr. Augusto de Castro, 2B",Marvila,Passeio,BICICLETA,Sheffield standard,2,4,0,Público,Partilhado com Micromobilidade,29/06/2022,-9.1143927,38.7541474
16357,1944,"Rua Luiz Pacheco, Lote 107",Marvila,Via,BICICLETA,Sheffield standard,2,4,0,Público,Partilhado com Micromobilidade,29/06/2022,-9.1144180,38.7531013
16358,1945,"Rua Luiz Pacheco, Lote 25",Marvila,Passeio,HOTSPOT,Sheffield standard,2,9,0,Público,Partilhado com Micromobilidade,29/06/2022,-9.1152944,38.7536528
16359,1946,"Rua Actriz Palmira Bastos, 8",Marvila,Passeio,BICICLETA,Sheffield standard,2,4,0,Público,Partilhado com Micromobilidade,30/07/2022,-9.1133036,38.7539901
16360,1947,"Rua Actriz Palmira Bastos, 8",Marvila,Passeio,BICICLETA,Sheffield standard,2,4,0,Público,Partilhado com Micromobilidade,30/07/2022,-9.1133457,38.7537982
16361,1948,"Rua Actriz Palmira Bastos, Lote 41",Marvila,Passeio,BICICLETA,Sheffield standard,2,4,0,Público,Partilhado com Micromobilidade,30/07/2022,-9.1134636,38.7543857
16362,1949,"Rua Actriz Palmira Bastos, Lote 39",Marvila,Passeio,BICICLETA,Sheffield standard,2,4,0,Público,Partilhado com Micromobilidade,30/07/2022,-9.1133287,38.7548454
16363,1950,"Rua Actriz Palmira Bastos, Lote 37",Marvila,Passeio,BICICLETA,Sheffield standard,2,4,0,Público,Partilhado com Micromobilidade,30/07/2022,-9.1131713,38.7549973
16364,1951,"Rua Actriz Palmira Bastos, 14",Marvila,Passeio,BICICLETA,Sheffield standard,2,4,0,Público,Partilhado com Micromobilidade,30/07/2022,-9.1124845,38.7552567
16365,1952,"Rua Actriz Palmira Bastos, 12",Marvila,Passeio,BICICLETA,Sheffield standard,2,4,0,Público,Partilhado com Micromobilidade,30/07/2022,-9.1129690,38.7548923
16366,1953,"Rua Manuel Teixeira Gomes, Lote 103",Marvila,Passeio,BICICLETA,Sheffield standard,2,4,0,Público,Partilhado com Micromobilidade,29/06/2022,-9.1132747,38.7526999
16367,1954,"Rua Oliveira Cadumega, Lote 55",Marvila,Passeio,BICICLETA,Sheffield standard,2,4,0,Público,Partilhado com Micromobilidade,02/07/2022,-9.1096040,38.7543499
16368,1955,"Rua Oliveira Cadumega, Lote 51",Marvila,Passeio,BICICLETA,Sheffield standard,2,4,0,Público,Partilhado com Micromobilidade,02/07/2022,-9.1104936,38.7545238
16369,1956,"Avenida dos Estados Unidos da América, 38-40",Alvalade,Passeio,BICICLETA,Sheffield standard,4,8,0,Público,Partilhado com Micromobilidade,09/07/2022,-9.1362037,38.7495857
16370,1957,"Avenida dos Estados Unidos da América, 30-32",Alvalade,Passeio,BICICLETA,Sheffield standard,4,8,0,Público,Partilhado com Micromobilidade,10/07/2022,-9.1353801,38.7495413
16371,1958,"Avenida dos Estados Unidos da América, 22-24",Alvalade,Passeio,BICICLETA,Sheffield standard,4,8,0,Público,Partilhado com Micromobilidade,10/07/2022,-9.1345486,38.7495030
16372,1959,Rua Francisco Lourenço da Fonseca,Alvalade,Passeio,BICICLETA,Sheffield standard,2,4,0,Público,Partilhado com Micromobilidade,18/07/2022,-9.1335251,38.7492630
16373,1960,"Avenida dos Estados Unidos da América, 35",Alvalade,Passeio,BICICLETA,Sheffield standard,2,4,0,Público,Partilhado com Micromobilidade,10/07/2022,-9.1352373,38.7488402
16374,1961,"Avenida dos Estados Unidos da América, 55",Alvalade,Passeio,BICICLETA,Sheffield standard,3,6,0,Público,Partilhado com Micromobilidade,10/07/2022,-9.1375214,38.7489521
16375,1962,"Rua Abel Salazar, 4",Lumiar,Passeio,BICICLETA,Sheffield standard,2,4,0,Público,Partilhado com Micromobilidade,11/07/2022,-9.1676075,38.7675535
16376,1963,"Rua Armindo Rodrigues, 36A",Lumiar,Passeio,BICICLETA,Sheffield standard,2,4,0,Público,Partilhado com Micromobilidade,12/07/2022,-9.1672358,38.7688338
16377,1964,"Rua Frederico George, 37",Lumiar,Passeio,BICICLETA,Sheffield standard,5,10,0,Público,Partilhado com Micromobilidade,11/07/2022,-9.1654283,38.7700611
16378,1965,"Rua Frederico George, 23",Lumiar,Via,BICICLETA,Sheffield standard,1,2,0,Público,Partilhado com Micromobilidade,27/07/2022,-9.1683007,38.7687924
16379,1966,"Rua Frederico George, 10C",Lumiar,Via,BICICLETA,Sheffield standard,1,2,0,Público,Partilhado com Micromobilidade,12/07/2022,-9.1686812,38.7685139
16380,1967,"Rua Prof. Prado Coelho, 19A",Lumiar,Passeio,BICICLETA,Sheffield standard,3,6,0,Público,Partilhado com Micromobilidade,16/07/2022,-9.1719443,38.7654160
16381,1968,"Rua Prof. Prado Coelho, 15A",Lumiar,Passeio,BICICLETA,Sheffield standard,3,6,0,Público,Partilhado com Micromobilidade,15/07/2022,-9.1720578,38.7650720
16382,1969,"Rua Mário Dionísio, 4A",Lumiar,Passeio,BICICLETA,Sheffield standard,2,4,0,Público,Partilhado com Micromobilidade,11/07/2022,-9.1711617,38.7635021
16383,1970,"Rua Fernando Lopes Graça, 4",Lumiar,Passeio,BICICLETA,Sheffield standard,2,4,0,Público,Partilhado com Micromobilidade,10/07/2022,-9.1689521,38.7703262
16384,1971,"Rua Fernando Lopes Graça, 9C",Lumiar,Passeio,BICICLETA,Sheffield standard,2,4,0,Público,Partilhado com Micromobilidade,12/07/2022,-9.1696500,38.7698941
16385,1972,"Rua Fernando Lopes Graça, 11",Lumiar,Passeio,BICICLETA,Sheffield standard,2,4,0,Público,Partilhado com Micromobilidade,13/07/2022,-9.1700578,38.7697265
16386,1973,"Rua Fernando Lopes Graça, 12C",Lumiar,Passeio,BICICLETA,Sheffield standard,2,4,0,Público,Partilhado com Micromobilidade,11/07/2022,-9.1703728,38.7697068
16387,1974,"Rua Fernando Lopes Graça, 14",Lumiar,Passeio,BICICLETA,Sheffield standard,1,2,0,Público,Partilhado com Micromobilidade,11/07/2022,-9.1706996,38.7695680
16388,1996,"Rua Joaquim Rocha Cabral, 24A",Alvalade,Passeio,BICICLETA,Sheffield standard,2,4,0,Público,Partilhado com Micromobilidade,14/07/2022,-9.1663595,38.7538976
16389,1997,"Rua António Albino Machado, 28",Alvalade,Passeio,BICICLETA,Sheffield standard,1,2,0,Público,Partilhado com Micromobilidade,13/09/2022,-9.1684976,38.7535719
16390,1998,"Rua Tomás da Fonseca, 26B",São Domingos de Benfica,Passeio,BICICLETA,Sheffield standard,2,4,0,Público,Partilhado com Micromobilidade,22/07/2022,-9.1706173,38.7558115
16391,1999,Rua Primeiro de Dezembro,Santa Maria Maior,Passeio,BICICLETA,Sheffield standard,2,4,0,Privado,Interdito Micromobilidade,18/07/2022,-9.1405501,38.7144212
16392,1881,"Rua João de Freitas Branco, 2",São Domingos de Benfica,Passeio,BICICLETA,Sheffield standard,2,4,0,Público,Partilhado com Micromobilidade,15/07/2022,-9.1797762,38.7487557
16393,1882,"Rua Cidade de Rabat, 56",São Domingos de Benfica,Passeio,BICICLETA,Sheffield standard,3,6,0,Público,Partilhado com Micromobilidade,15/07/2022,-9.1799090,38.7482143
16394,1883,"Rua Maestro Frederico de Freitas, 1",São Domingos de Benfica,Passeio,BICICLETA,Sheffield standard,2,4,0,Público,Partilhado com Micromobilidade,16/07/2022,-9.1807610,38.7481635
16395,1884,"Rua Maestro Frederico de Freitas, 9",São Domingos de Benfica,Passeio,BICICLETA,Sheffield standard,3,3,0,Público,Partilhado com Micromobilidade,16/07/2022,-9.1815478,38.7482622
16396,1885,"Rua Maestro Frederico de Freitas, 13F",São Domingos de Benfica,Passeio,BICICLETA,Sheffield standard,2,4,0,Público,Partilhado com Micromobilidade,15/07/2022,-9.1819842,38.7484425
16397,1886,Largo Carlos Selvagem,São Domingos de Benfica,Passeio,BICICLETA,Sheffield standard,2,4,0,Público,Partilhado com Micromobilidade,20/07/2022,-9.1875139,38.7504789
16398,1887,"Rua Professor Reinaldo dos Santos, 22E",São Domingos de Benfica,Passeio,BICICLETA,Sheffield standard,2,4,0,Público,Partilhado com Micromobilidade,16/07/2022,-9.1882996,38.7496116
16399,1888,"Rua Professor Reinaldo dos Santos, 14C",São Domingos de Benfica,Passeio,BICICLETA,Sheffield standard,2,4,0,Público,Partilhado com Micromobilidade,16/07/2022,-9.1881773,38.7490036
16400,1889,"Rua Professor Reinaldo dos Santos, 21",São Domingos de Benfica,Passeio,HOTSPOT,Sheffield standard,2,9,0,Público,Partilhado com Micromobilidade,20/07/2022,-9.1884158,38.7488799
16401,1890,"Rua Professor Reinaldo dos Santos, 11",São Domingos de Benfica,Passeio,BICICLETA,Sheffield standard,2,4,0,Público,Partilhado com Micromobilidade,20/07/2022,-9.1885041,38.7482053
16402,1891,"Estrada de Benfica, 431A",São Domingos de Benfica,Passeio,BICICLETA,Sheffield standard,2,4,0,Público,Partilhado com Micromobilidade,21/07/2022,-9.1849884,38.7467750
16403,1892,"Rua Professor Reinaldo dos Santos, 5B",São Domingos de Benfica,Passeio,BICICLETA,Sheffield standard,3,6,0,Público,Partilhado com Micromobilidade,20/07/2022,-9.1885561,38.7478205
16404,1893,"Estrada de Benfica, 461A",São Domingos de Benfica,Passeio,BICICLETA,Sheffield standard,3,6,0,Público,Partilhado com Micromobilidade,22/07/2022,-9.1885477,38.7470874
16405,1894,"Estrada de Benfica, 420",São Domingos de Benfica,Passeio,BICICLETA,Sheffield standard,2,4,0,Público,Partilhado com Micromobilidade,21/07/2022,-9.1880756,38.7471851
16406,1895,"Rua Professor Reinaldo dos Santos, 4",São Domingos de Benfica,Passeio,HOTSPOT,Sheffield standard,2,9,0,Público,Partilhado com Micromobilidade,21/07/2022,-9.1883211,38.7475406
16407,1896,"Rua Professor Reinaldo dos Santos, 8A",São Domingos de Benfica,Passeio,BICICLETA,Sheffield standard,3,6,0,Público,Partilhado com Micromobilidade,22/07/2022,-9.1879946,38.7480486
16408,1897,"Rua Manuel Ferreira de Andrade, 18B",São Domingos de Benfica,Passeio,BICICLETA,Sheffield standard,2,4,0,Público,Partilhado com Micromobilidade,22/07/2022,-9.1870872,38.7479367
16409,1898,"Estrada de Benfica, 421",São Domingos de Benfica,Passeio,BICICLETA,Sheffield standard,2,4,0,Público,Partilhado com Micromobilidade,24/07/2022,-9.1842409,38.7466627
16410,1899,"Estrada de Benfica, 415",São Domingos de Benfica,Passeio,BICICLETA,Sheffield standard,2,4,0,Público,Partilhado com Micromobilidade,22/07/2022,-9.1834207,38.7464159
16411,1900,"Estrada de Benfica, 407",São Domingos de Benfica,Passeio,BICICLETA,Sheffield standard,2,4,0,Público,Partilhado com Micromobilidade,21/07/2022,-9.1826579,38.7460617
16412,1901,"Estrada de Benfica, 405",São Domingos de Benfica,Passeio,BICICLETA,Sheffield standard,2,4,0,Público,Partilhado com Micromobilidade,21/07/2022,-9.1824446,38.7459607
16413,1902,"Estrada de Benfica, 399",São Domingos de Benfica,Passeio,BICICLETA,Sheffield standard,2,4,0,Público,Partilhado com Micromobilidade,20/07/2022,-9.1815417,38.7454441
16414,1903,"Rua Major Neutel de Abreu, 9",São Domingos de Benfica,Passeio,BICICLETA,Sheffield standard,2,4,0,Público,Partilhado com Micromobilidade,22/07/2022,-9.1812032,38.7470428
16415,1904,Travessa Carlo Paggi,São Domingos de Benfica,Passeio,BICICLETA,Sheffield standard,2,4,0,Público,Partilhado com Micromobilidade,22/07/2022,-9.1810016,38.7469448
16416,2000,"Rua Luís Pastor de Macedo, 39",Lumiar,Passeio,BICICLETA,Sheffield standard,3,6,0,Público,Partilhado com Micromobilidade,15/07/2022,-9.1563289,38.7690454
16417,2001,"Rua António Patrício, 15",Alvalade,Passeio,BICICLETA,Sheffield standard,2,4,0,Público,Partilhado com Micromobilidade,14/07/2022,-9.1466020,38.7494166
16418,2002,"Rua António Patrício, 26",Alvalade,Passeio,BICICLETA,Sheffield standard,3,6,0,Público,Partilhado com Micromobilidade,14/07/2022,-9.1468461,38.7494631
16419,2003,"Avenida do Rio de Janeiro, 28 A",Alvalade,Passeio,BICICLETA,Sheffield standard,3,6,0,Público,Partilhado com Micromobilidade,14/07/2022,-9.1377977,38.7526915
16420,2004,"Rua Primeiro de Maio a Alcântara, 18",Alcântara,Passeio,BICICLETA,Sheffield standard,4,8,0,Público,Partilhado com Micromobilidade,11/07/2022,-9.1784702,38.7044102
16421,2005,"Rua Possidónio da Silva, Escola",Campo de Ourique,Passeio,BICICLETA,Sheffield standard,2,2,0,Público,Partilhado com Micromobilidade,19/07/2022,-9.1666243,38.7128511
16422,2034,"Praça Rainha Dona Filipa, 1",Lumiar,Passeio,BICICLETA,Sheffield standard,2,4,0,Público,Partilhado com Micromobilidade,16/07/2022,-9.1635344,38.7670778
16423,2033,Praça Rainha Dona Filipa,Lumiar,Passeio,BICICLETA,Sheffield standard,1,2,0,Público,Partilhado com Micromobilidade,16/07/2022,-9.1636318,38.7670779
16424,2032,"Avenida Duque d' Ávila, 38B",Avenidas Novas,Passeio,BICICLETA,Sheffield standard,2,4,0,Público,Partilhado com Micromobilidade,14/07/2022,-9.1457053,38.7351500
16425,2007,"Rua Professor Gomes Teixeira, 2",Campo de Ourique,Passeio,BICICLETA,Sheffield standard,4,8,0,Público,Partilhado com Micromobilidade,17/07/2022,-9.1663635,38.7136311
16426,2008,"Rua Professor Gomes Teixeira, 19A",Campo de Ourique,Passeio,BICICLETA,Sheffield standard,2,4,0,Público,Partilhado com Micromobilidade,19/07/2022,-9.1657481,38.7140597
16427,2006,"Rua Saraiva de Carvalho, 275",Campo de Ourique,Passeio,BICICLETA,Sheffield standard,2,2,0,Público,Partilhado com Micromobilidade,20/07/2022,-9.1687765,38.7142754
16428,2013,"Avenida das Nações Unidas, 21",Carnide,Passeio,BICICLETA,Sheffield standard,2,4,0,Público,Partilhado com Micromobilidade,27/06/2022,-9.1782463,38.7641074
16429,2014,"Estrada de Telheiras, 113",Lumiar,Passeio,BICICLETA,Sheffield standard,4,8,0,Público,Partilhado com Micromobilidade,15/07/2022,-9.1647929,38.7596686
16431,2016,"Avenida João XXI, 9",Areeiro,Passeio,BICICLETA,Sheffield standard,3,6,0,Público,Partilhado com Micromobilidade,13/07/2022,-9.1355851,38.7422448
16432,2017,"Avenida Álvares Cabral, 61A",Campo de Ourique,Passeio,BICICLETA,Sheffield standard,2,2,0,Público,Partilhado com Micromobilidade,18/07/2022,-9.1576678,38.7170669
16434,2019,"Rua do Arco do Marquês de Alegrete, 6E",Santa Maria Maior,Passeio,BICICLETA,Sheffield standard,4,4,0,Público,Interdito Micromobilidade,17/07/2022,-9.1359061,38.7152625
16435,2020,"Avenida de Roma, 106",Alvalade,Passeio,BICICLETA,Sheffield standard,2,2,0,Público,Partilhado com Micromobilidade,14/07/2022,-9.1454625,38.7560441
16436,2030,"Alameda António Sérgio, 2",Santa Clara,Passeio,BICICLETA,Sheffield standard,2,4,0,Público,Partilhado com Micromobilidade,25/07/2022,-9.1603260,38.7795850
16437,2031,"Alameda António Sérgio, 8F",Santa Clara,Passeio,BICICLETA,Sheffield standard,2,4,0,Público,Partilhado com Micromobilidade,17/07/2022,-9.1599717,38.7809809
16438,2029,"Rua Cidade de Nampula,12",Olivais,Passeio,BICICLETA,Sheffield standard,4,8,0,Público,Partilhado com Micromobilidade,16/07/2022,-9.1202335,38.7639858
16439,2026,"Rua General José Celestino da Silva, 4",São Domingos de Benfica,Passeio,BICICLETA,Sheffield standard,3,6,0,Público,Partilhado com Micromobilidade,20/07/2022,-9.1781148,38.7549902
16440,2035,"Rua dos Lagares D'El-Rei, 27",Alvalade,Passeio,BICICLETA,Sheffield standard,4,8,0,Público,Partilhado com Micromobilidade,19/07/2022,-9.1355974,38.7472121
16441,2036,"Rua Conde de Sabugosa, 13",Alvalade,Passeio,BICICLETA,Sheffield standard,1,2,0,Público,Partilhado com Micromobilidade,22/07/2022,-9.1403060,38.7476558
16442,2021,Rua Moura Girão,Alvalade,Passeio,BICICLETA,Sheffield standard,4,8,0,Privado,Interdito Micromobilidade,31/08/2022,-9.1357074,38.7481647
16443,2023,Avenida Professor Aníbal de Bettencourt,Alvalade,Passeio,BICICLETA,Sheffield standard,4,8,0,Público,Partilhado com Micromobilidade,20/07/2022,-9.1523405,38.7496942
16444,2024,Avenida Professor Aníbal de Bettencourt,Alvalade,Lugar estacionamento automóvel,BICICLETA,Sheffield standard,5,10,1,Privado,Interdito Micromobilidade,27/07/2022,-9.1524025,38.7496638
16445,2025,"Rua Afonso Lopes Vieira, 20",Alvalade,Via,BICICLETA,Sheffield standard,6,12,0,Público,Partilhado com Micromobilidade,27/07/2022,-9.1481866,38.7523065
16446,2027,"Calçada da Patriarcal, 7",Santo António,Passeio,BICICLETA,Sheffield standard,2,2,0,Público,Partilhado com Micromobilidade,23/07/2022,-9.1471253,38.7167242
16447,2028,"Praça de Londres, 2",Areeiro,Passeio,BICICLETA,Sheffield standard,3,6,0,Público,Partilhado com Micromobilidade,22/07/2022,-9.1379921,38.7413988
16448,2043,"Rua Conselheiro Emídio Navarro, ISEL",Marvila,Passeio,BICICLETA,Sheffield standard,5,10,0,Privado,Interdito Micromobilidade,21/09/2022,-9.1156068,38.7560303
16449,2038,"Rua Ricardo Jorge, 1",Alvalade,Via,BICICLETA,Sheffield standard,4,8,0,Público,Partilhado com Micromobilidade,19/09/2022,-9.1380375,38.7573509
16450,2039,"Rua Ricardo Jorge,14",Alvalade,Via,BICICLETA,Sheffield standard,4,8,0,Público,Partilhado com Micromobilidade,20/09/2022,-9.1390381,38.7571316
16451,2040,"Rua Ricardo Jorge, 6",Alvalade,Via,HOTSPOT,Sheffield standard,2,9,0,Público,Partilhado com Micromobilidade,21/09/2022,-9.1383028,38.7573718
16452,2041,"Estrada de Benfica, 393-397",São Domingos de Benfica,Via,HOTSPOT,Sheffield standard,4,12,0,Público,Partilhado com Micromobilidade,22/09/2022,-9.1812214,38.7452681
16453,2037,"Largo da Boa-Hora à Ajuda, 19",Ajuda,Passeio,BICICLETA,Sheffield standard,3,6,0,Público,Partilhado com Micromobilidade,01/01/2022,-9.1942345,38.7038419
16454,2044,"Estrada de Benfica, 535",Benfica,Passeio,BICICLETA,Sheffield standard,3,6,0,Privado,Interdito Micromobilidade,23/09/2022,-9.1948020,38.7496616
16455,2042,"Avenida Infante Dom Henrique, Lote 308",Marvila,Passeio,BICICLETA,Sheffield standard,5,10,1,Privado,Interdito Micromobilidade,12/09/2022,-9.1030336,38.7517846
16456,2045,"Avenida Columbano Bordalo Pinheiro, 64",São Domingos de Benfica,Passeio,BICICLETA,Sheffield standard,4,8,0,Público,Partilhado com Micromobilidade,21/09/2022,-9.1622149,38.7384110
16457,2046,Tapada da Ajuda,Alcântara,Passeio,BICICLETA,Sheffield standard,3,6,0,Privado,Interdito Micromobilidade,23/09/2022,-9.1857716,38.7088936
16458,2047,"Rua Álvaro Benamor, 1A",Carnide,Passeio,BICICLETA,Sheffield standard,3,6,0,Público,Partilhado com Micromobilidade,23/09/2022,-9.1891957,38.7642519
16459,2048,"Rua Álvaro Benamor, 8",Carnide,Passeio,BICICLETA,Sheffield standard,4,8,0,Público,Partilhado com Micromobilidade,23/09/2022,-9.1892762,38.7641367
16460,2049,Rua dos Táxis Palhinhas,Carnide,Via,BICICLETA,Entorta rodas,1,10,0,Público,Partilhado com Micromobilidade,,-9.1867770,38.7604178
16461,2051,"Rua da Manutenção, 114",Beato,Via,BICICLETA,Sheffield standard,4,8,0,Público,Partilhado com Micromobilidade,11/11/2022,-9.1075078,38.7297248
16462,2052,"Rua Coronel Bento Roma, 53A",Alvalade,Via,BICICLETA,Sheffield standard,2,4,0,Público,Partilhado com Micromobilidade,11/11/2022,-9.1397763,38.7483500
16463,2053,"Rua José Pinheiro de Melo, 62",Alvalade,Via,BICICLETA,Sheffield standard,3,6,0,Público,Partilhado com Micromobilidade,11/11/2022,-9.1386451,38.7483114
16464,2054,"Rua Professor Reinaldo dos Santos, 54C",São Domingos de Benfica,Via,BICICLETA,Sheffield standard,2,4,0,Público,Partilhado com Micromobilidade,11/11/2022,-9.1846659,38.7498057
16465,2055,"Rua do Telhal aos Olivais, 8",Marvila,Lugar estacionamento automóvel,BICICLETA,Sheffield standard,4,8,0,Público,Partilhado com Micromobilidade,11/11/2022,-9.1004649,38.7469747
16466,2056,"Avenida de Pádua, 10B",Olivais,Via,BICICLETA,Sheffield standard,3,6,0,Público,Partilhado com Micromobilidade,11/11/2022,-9.1044032,38.7630007
16467,2057,Rua do Desterro,Arroios,Via,HOTSPOT,Sheffield standard,4,9,0,Público,Partilhado com Micromobilidade,11/11/2022,-9.1370139,38.7193078
16468,2058,Travessa do Conde da Ribeira ,Alcântara,Via,BICICLETA,Sheffield standard,2,4,0,Público,Partilhado com Micromobilidade,,-9.1842684,38.7025214
16469,2059,Travessa do Conde da Ribeira ,Alcântara,Via,BICICLETA,Sheffield standard,2,4,0,Público,Partilhado com Micromobilidade,,-9.1841867,38.7024911
16470,2060,Travessa de Francisco Rezende,Benfica,Passeio,BICICLETA,Entorta rodas,1,6,0,Público,Partilhado com Micromobilidade,,-9.1962555,38.7422085
16471,2061,Estrada do Desvio,Santa Clara,Passeio,BICICLETA,Lisboa,4,0,0,Público,Partilhado com Micromobilidade,,-9.1623619,38.7840642
16472,2062,"Largo Willy Brandt, Escola",Lumiar,Passeio,BICICLETA,Entorta rodas,3,24,0,Privado,Interdito Micromobilidade,,-9.1633208,38.7588790
16473,2063,Rua das Francesinhas,Estrela,Passeio,BICICLETA,Cascata,2,16,0,Privado,Interdito Micromobilidade,,-9.1550498,38.7104711
16474,2064,"Rua Afonso Lopes Vieira, 45",Alvalade,Lugar estacionamento automóvel,HOTSPOT,Sheffield standard,4,10,0,Público,Partilhado com Micromobilidade,,-9.1496991,38.7544771
16475,2065,"Avenida 24 de Julho, 3",Misericórdia,Passeio,BICICLETA,Sheffield standard,3,6,0,Público,Partilhado com Micromobilidade,,-9.1474981,38.7066021
16476,2068,"Rua Filipe da Mata, 23",Avenidas Novas,Lugar estacionamento automóvel,BICICLETA,Sheffield standard,5,10,0,Público,Partilhado com Micromobilidade,25/01/2023,-9.1567813,38.7413820
16477,2069,"Rua da Beneficência, 159A",Avenidas Novas,Lugar estacionamento automóvel,BICICLETA,Sheffield standard,3,6,0,Público,Partilhado com Micromobilidade,25/01/2023,-9.1571144,38.7427372
16478,2070,"Rua do Barão de Monte Pedral, Escola",São Vicente,Passeio,BICICLETA,Sheffield standard,4,8,0,Público,Partilhado com Micromobilidade,,-9.1206200,38.7210096
16479,2071,"Rua Félix Bermudes, Piscina",Marvila,Passeio,BICICLETA,Onda,1,5,0,Privado,Interdito Micromobilidade,,-9.1059060,38.7514815
16480,2072,Rua F ao Braço de Prata,Marvila,Passeio,BICICLETA,Sheffield standard,4,8,0,Público,Partilhado com Micromobilidade,,-9.0986238,38.7453801
16481,2073,Rua Coronel Ferreira do Amaral,Penha de França,Lugar estacionamento automóvel,BICICLETA,Sheffield standard,11,22,0,Público,Partilhado com Micromobilidade,,-9.1273956,38.7353355
16482,2074,"Rua do Barão, 2",Santa Maria Maior,Passeio,BICICLETA,Sheffield standard,2,4,0,Público,Interdito Micromobilidade,22/02/2023,-9.1304398,38.7100278
16483,2075,"Rua de São João da Praça, 77",Santa Maria Maior,Via,BICICLETA,Sheffield standard,2,4,0,Público,Interdito Micromobilidade,22/02/2023,-9.1309119,38.7095793
16484,2076,Avenida Barbosa du Bocage,Avenidas Novas,Passeio,BICICLETA,Entorta rodas,2,10,0,Privado,Interdito Micromobilidade,,-9.1435754,38.7408582
16485,2078,"Alameda dos Oceanos, 59",Parque das Nações,Passeio,HOTSPOT,Sheffield standard,2,10,0,Público,Partilhado com Micromobilidade,,-9.0956128,38.7703160
16486,2077,Avenida Aquilino Ribeiro Machado,Parque das Nações,Passeio,HOTSPOT,Desconhecido,0,10,0,Público,Dedicado Micromobilidade,09/03/2023,-9.0989008,38.7684485
16487,2079,Avenida do Pacífico,Parque das Nações,Passeio,HOTSPOT,Desconhecido,0,10,0,Público,Dedicado Micromobilidade,09/03/2023,-9.0970555,38.7667042
16488,2080,"Avenida do Índico, 1C",Parque das Nações,Passeio,HOTSPOT,Desconhecido,0,10,0,Público,Dedicado Micromobilidade,09/03/2023,-9.0964305,38.7685566
16489,2081,Avenida de Berlim,Parque das Nações,Passeio,HOTSPOT,Desconhecido,0,10,0,Público,Dedicado Micromobilidade,09/03/2023,-9.0990330,38.7672071
16490,2082,Alameda dos Oceanos,Parque das Nações,Passeio,HOTSPOT,Desconhecido,0,10,0,Público,Dedicado Micromobilidade,09/03/2023,-9.0946900,38.7775278
16491,2083,"Alameda dos Oceanos, 104A",Parque das Nações,Passeio,HOTSPOT,Desconhecido,0,10,0,Público,Dedicado Micromobilidade,09/03/2023,-9.0962526,38.7807621
16492,2091,"Rua General João de Almeida, 30A",Ajuda,Passeio,HOTSPOT,Desconhecido,0,10,0,Público,Dedicado Micromobilidade,17/04/2023,-9.2013739,38.7014343
16493,2092,Rua dos Marcos,Ajuda,Passeio,HOTSPOT,Desconhecido,0,10,0,Público,Dedicado Micromobilidade,17/04/2023,-9.1996352,38.7089822
16494,2093,Largo da Ajuda,Ajuda,Passeio,HOTSPOT,Desconhecido,0,10,0,Público,Dedicado Micromobilidade,17/04/2023,-9.1968905,38.7078570
16495,2094,Rua do Guarda-Jóias,Ajuda,Passeio,HOTSPOT,Desconhecido,0,10,0,Público,Dedicado Micromobilidade,17/04/2023,-9.1940494,38.7056438
16496,2095,"Rua Aliança Operária, 112A",Ajuda,Passeio,HOTSPOT,Desconhecido,0,10,0,Público,Dedicado Micromobilidade,17/04/2023,-9.1933595,38.7031481
16497,2096,"Rua de Diogo Cão, 6",Alcântara,Passeio,HOTSPOT,Desconhecido,0,10,0,Público,Dedicado Micromobilidade,17/04/2023,-9.1918280,38.7014803
16498,2097,Rua Rui de Pina,Ajuda,Passeio,HOTSPOT,Desconhecido,0,10,0,Público,Dedicado Micromobilidade,17/04/2023,-9.1922415,38.7048007
16499,2098,"Largo do Rio Seco, 13",Ajuda,Passeio,HOTSPOT,Desconhecido,0,10,0,Público,Dedicado Micromobilidade,17/04/2023,-9.1914719,38.7039851
16500,2099,Rua Eduardo Bairrada,Ajuda,Passeio,HOTSPOT,Desconhecido,0,10,0,Público,Dedicado Micromobilidade,17/04/2023,-9.1936048,38.7072683
16501,2146,"Avenida Carlos Pinhão, 8",Beato,Passeio,HOTSPOT,Desconhecido,0,10,0,Público,Dedicado Micromobilidade,06/09/2023,-9.1235359,38.7404432
16502,2432,"Avenida da Liberdade, 190B",Santo António,Lugar estacionamento automóvel,BICICLETA,Sheffield standard,7,14,0,Público,Partilhado com Micromobilidade,31/12/2023,-9.1454896,38.7207208
16503,2100,"Rua do Cruzeiro, 75",Ajuda,Passeio,HOTSPOT,Desconhecido,0,10,0,Público,Dedicado Micromobilidade,17/04/2023,-9.1912275,38.7067889
16504,2101,"Rua do Casalinho da Ajuda, Escola",Ajuda,Passeio,HOTSPOT,Desconhecido,0,10,0,Público,Dedicado Micromobilidade,17/04/2023,-9.1930430,38.7093837
16505,2102,Rua Sá Nogueira,Ajuda,Passeio,HOTSPOT,Desconhecido,0,10,0,Público,Dedicado Micromobilidade,17/04/2023,-9.1952856,38.7134586
16506,2103,Rua das Açucenas,Ajuda,Passeio,HOTSPOT,Desconhecido,0,10,0,Público,Dedicado Micromobilidade,17/04/2023,-9.2032408,38.7096610
16507,2104,Rua da Guarda Nacional Republicana,Ajuda,Passeio,HOTSPOT,Desconhecido,0,10,0,Público,Dedicado Micromobilidade,17/04/2023,-9.2033884,38.7101821
16508,2105,"Rua dos Marcos, Escola",Ajuda,Passeio,HOTSPOT,Desconhecido,0,10,0,Público,Dedicado Micromobilidade,17/04/2023,-9.2015952,38.7123198
16509,2106,Largo Ocidental,Ajuda,Passeio,HOTSPOT,Desconhecido,0,10,0,Público,Dedicado Micromobilidade,17/04/2023,-9.2092743,38.7123870
16510,2107,Calçada da Memória,Ajuda,Passeio,HOTSPOT,Desconhecido,0,10,0,Público,Dedicado Micromobilidade,17/04/2023,-9.2020619,38.7033746
16511,2108,Largo da Paz,Ajuda,Passeio,HOTSPOT,Desconhecido,0,10,0,Público,Dedicado Micromobilidade,17/04/2023,-9.2004383,38.7044227
16512,2109,Avenida da Universidade Técnica,Ajuda,Passeio,HOTSPOT,Desconhecido,0,10,0,Público,Dedicado Micromobilidade,17/04/2023,-9.1975927,38.7139577
16513,2110,Avenida do Colégio Militar,Carnide,Via,BICIPARQUE,Estacionamento Dois Níveis,0,0,1,Privado,Interdito Micromobilidade,,-9.1888893,38.7548517
16514,2111,Rua A do PUAL,Lumiar,Passeio,BICICLETA,Sheffield standard,4,8,1,Privado,Interdito Micromobilidade,,-9.1582128,38.7764518
16515,2112,Rua A do PUAL,Lumiar,Passeio,BICICLETA,Sheffield standard,4,8,0,Privado,Interdito Micromobilidade,,-9.1582764,38.7763768
16516,2113,Rua A do PUAL,Lumiar,Passeio,BICICLETA,Sheffield standard,4,8,0,Privado,Interdito Micromobilidade,,-9.1583552,38.7762957
16517,2114,Rua A do PUAL,Lumiar,Passeio,BICICLETA,Sheffield standard,4,8,1,Privado,Interdito Micromobilidade,,-9.1584263,38.7762146
16518,2115,Rua Marques da Silva,Arroios,Passeio,BICICLETA,Desconhecido,0,0,0,Privado,Interdito Micromobilidade,14/07/2023,-9.1337337,38.7296685
16519,2116,Rua Cidade de Cardiff,Penha de França,Passeio,BICICLETA,Desconhecido,0,0,0,Privado,Interdito Micromobilidade,14/07/2023,-9.1327295,38.7288734
16520,2117,"Largo de São Julião, 15",Santa Maria Maior,Lugar estacionamento motociclo,HOTSPOT,Desconhecido,0,20,0,Público,Dedicado Micromobilidade,19/07/2023,-9.1391538,38.7087734
16521,2118,"Travessa do Pregoeiro, 26B",Carnide,Passeio,BICICLETA,Sheffield standard,4,8,0,Público,Partilhado com Micromobilidade,,-9.1873834,38.7609932
16522,2119,Alameda Cardeal Cerejeira,Avenidas Novas,Passeio,HOTSPOT,Desconhecido,0,10,0,Público,Dedicado Micromobilidade,06/09/2023,-9.1567612,38.7293677
16523,2120,Alameda Cardeal Cerejeira,Avenidas Novas,Passeio,HOTSPOT,Desconhecido,0,10,0,Público,Dedicado Micromobilidade,06/09/2023,-9.1540316,38.7307045
16524,2161,Rua Dr. Manuel Espírito Santo,Beato,Passeio,HOTSPOT,Desconhecido,0,10,0,Público,Dedicado Micromobilidade,07/09/2023,-9.1153333,38.7343797
16525,2162,"Calçada do Carrascal, 189",Beato,Passeio,HOTSPOT,Desconhecido,0,10,0,Público,Dedicado Micromobilidade,07/09/2023,-9.1238577,38.7364352
16526,2163,"Rua Gualdim Pais, 44",Beato,Passeio,HOTSPOT,Desconhecido,0,10,0,Público,Dedicado Micromobilidade,07/09/2023,-9.1144708,38.7273545
16527,2164,"Rua Engenheiro Maciel Chaves, 11",Beato,Passeio,HOTSPOT,Desconhecido,0,10,0,Público,Dedicado Micromobilidade,07/09/2023,-9.1249280,38.7367687
16528,2165,"Rua Marquês de Olhão, USF Beato",Beato,Passeio,HOTSPOT,Desconhecido,0,10,0,Público,Dedicado Micromobilidade,07/09/2023,-9.1112060,38.7315542
16529,2166,"Rua Marquês de Olhão, 102",Beato,Passeio,HOTSPOT,Desconhecido,0,10,0,Público,Dedicado Micromobilidade,07/09/2023,-9.1133324,38.7346047
16530,2121,Alameda Edgar Cardoso,Avenidas Novas,Passeio,HOTSPOT,Desconhecido,0,10,0,Público,Dedicado Micromobilidade,06/09/2023,-9.1514414,38.7260373
16531,2122,"Avenida Álvaro Pais, 11",Avenidas Novas,Passeio,HOTSPOT,Desconhecido,0,10,0,Público,Dedicado Micromobilidade,06/09/2023,-9.1523556,38.7449307
16532,2123,"Avenida das Forças Armadas, 101",Avenidas Novas,Passeio,HOTSPOT,Desconhecido,0,10,0,Público,Dedicado Micromobilidade,06/09/2023,-9.1553538,38.7470225
16533,2124,Rua Soeiro Pereira Gomes,Avenidas Novas,Passeio,HOTSPOT,Desconhecido,0,10,0,Público,Dedicado Micromobilidade,06/09/2023,-9.1597540,38.7457857
16534,2125,Praça de Espanha,Avenidas Novas,Passeio,HOTSPOT,Desconhecido,0,10,0,Público,Dedicado Micromobilidade,06/09/2023,-9.1559593,38.7375443
16535,2126,Avenida Sidónio Pais,Avenidas Novas,Passeio,HOTSPOT,Desconhecido,0,10,0,Público,Dedicado Micromobilidade,06/09/2023,-9.1526976,38.7313323
16536,2169,Estrada do Alvito,Alcântara,Passeio,HOTSPOT,Desconhecido,0,10,0,Público,Dedicado Micromobilidade,08/09/2023,-9.1807698,38.7136300
16537,2170,"Calçada da Tapada, 151",Alcântara,Lugar estacionamento automóvel,HOTSPOT,Desconhecido,0,10,0,Público,Dedicado Micromobilidade,08/09/2023,-9.1863784,38.7057636
16538,2171,Calçada da Tapada,Alcântara,Via,HOTSPOT,Desconhecido,0,10,0,Público,Dedicado Micromobilidade,08/09/2023,-9.1827927,38.7060191
16539,2172,Calçada da Tapada,Alcântara,Lugar estacionamento automóvel,HOTSPOT,Desconhecido,0,10,0,Público,Dedicado Micromobilidade,08/09/2023,-9.1784987,38.7066278
16540,2173,Calçada de Santo Amaro,Alcântara,Passeio,HOTSPOT,Desconhecido,0,10,0,Público,Dedicado Micromobilidade,08/09/2023,-9.1829863,38.7024501
16541,2174,Doca de Santo Amaro,Alcântara,Passeio,HOTSPOT,Desconhecido,0,20,0,Público,Dedicado Micromobilidade,26/09/2025,-9.1755239,38.7002642
16542,2175,Avenida de Brasília,Estrela,Passeio,HOTSPOT,Desconhecido,0,10,0,Público,Dedicado Micromobilidade,08/09/2023,-9.1576114,38.7050870
16543,2176,Estrada do Alvito,Alcântara,Via,HOTSPOT,Desconhecido,0,10,0,Público,Dedicado Micromobilidade,08/09/2023,-9.1838097,38.7169172
16544,2177,Rua Prof. Vieira Natividade,Alcântara,Passeio,HOTSPOT,Desconhecido,0,10,0,Público,Dedicado Micromobilidade,08/09/2023,-9.1798156,38.7091402
16545,2178,"Rua Fradesso da Silveira, 30",Alcântara,Passeio,HOTSPOT,Desconhecido,0,10,0,Público,Dedicado Micromobilidade,08/09/2023,-9.1762521,38.7046335
16546,2179,"Travessa do Conde da Ribeira, 11",Alcântara,Passeio,HOTSPOT,Desconhecido,0,10,0,Público,Dedicado Micromobilidade,08/09/2023,-9.1846877,38.7011422
16547,2180,Rua da Fábrica da Pólvora,Alcântara,Lugar estacionamento automóvel,HOTSPOT,Desconhecido,0,10,0,Público,Dedicado Micromobilidade,08/09/2023,-9.1758935,38.7129766
16548,2181,"Rua da Junqueira, 59",Alcântara,Passeio,HOTSPOT,Desconhecido,0,10,0,Público,Dedicado Micromobilidade,11/09/2023,-9.1840282,38.6998336
16549,2127,Avenida Sidónio Pais,Avenidas Novas,Passeio,HOTSPOT,Desconhecido,0,10,0,Público,Dedicado Micromobilidade,06/09/2023,-9.1511605,38.7297032
16550,2128,"Avenida Santos Dumont, 74",Avenidas Novas,Lugar estacionamento automóvel,HOTSPOT,Desconhecido,0,10,0,Público,Dedicado Micromobilidade,06/09/2023,-9.1567574,38.7394450
16551,2129,"Avenida Visconde de Valmor, 1",Avenidas Novas,Passeio,HOTSPOT,Desconhecido,0,10,0,Público,Dedicado Micromobilidade,06/09/2023,-9.1426813,38.7389418
16553,2131,"Rua Filipe da Mata, 79",Avenidas Novas,Lugar estacionamento automóvel,HOTSPOT,Desconhecido,0,10,0,Público,Dedicado Micromobilidade,06/09/2023,-9.1596759,38.7412505
16554,2132,Rua Castilho,Avenidas Novas,Passeio,HOTSPOT,Desconhecido,0,10,0,Público,Dedicado Micromobilidade,06/09/2023,-9.1550134,38.7265947
16555,2182,Rua da Junqueira,Alcântara,Passeio,HOTSPOT,Desconhecido,0,10,0,Público,Dedicado Micromobilidade,11/09/2023,-9.1854729,38.6992321
16556,2183,"Rua da Junqueira, 5",Alcântara,Passeio,HOTSPOT,Desconhecido,0,10,0,Público,Dedicado Micromobilidade,11/09/2023,-9.1819612,38.7007908
16557,2184,"Rua Mécia Mouzinho de Albuquerque, 1",Alcântara,Passeio,HOTSPOT,Desconhecido,0,10,0,Público,Dedicado Micromobilidade,11/09/2023,-9.1879390,38.6982544
16558,2185,Rua da Fábrica da Pólvora,Alcântara,Lugar estacionamento automóvel,HOTSPOT,Desconhecido,0,10,0,Público,Dedicado Micromobilidade,11/09/2023,-9.1758027,38.7118210
16559,2186,Calçada da Tapada,Alcântara,Lugar estacionamento automóvel,HOTSPOT,Desconhecido,0,10,0,Público,Dedicado Micromobilidade,11/09/2023,-9.1757935,38.7065586
16560,2187,"Rua do Alvito, 36",Alcântara,Via,HOTSPOT,Desconhecido,0,10,0,Público,Dedicado Micromobilidade,12/09/2023,-9.1752950,38.7079541
16561,2188,"Rua Padre Manuel Alves Correia, 1",Alcântara,Passeio,HOTSPOT,Desconhecido,0,10,0,Público,Dedicado Micromobilidade,12/09/2023,-9.1884872,38.7060982
16562,2133,Rua Castilho,Avenidas Novas,Passeio,HOTSPOT,Desconhecido,0,10,0,Público,Dedicado Micromobilidade,06/09/2023,-9.1539194,38.7253400
16563,2134,"Rua da Cruz Vermelha, 13D",Avenidas Novas,Passeio,HOTSPOT,Desconhecido,0,10,0,Público,Dedicado Micromobilidade,06/09/2023,-9.1514806,38.7453304
16564,2135,Rua de Artilharia Um,Campolide,Passeio,HOTSPOT,Desconhecido,0,10,0,Público,Dedicado Micromobilidade,06/09/2023,-9.1599149,38.7282455
16565,2136,"Rua Tenente Espanca, 3C",Avenidas Novas,Lugar estacionamento automóvel,HOTSPOT,Desconhecido,0,10,0,Público,Dedicado Micromobilidade,06/09/2023,-9.1549632,38.7388185
16566,2137,"Rua Dr. Nicolau de Bettencourt, 29",Avenidas Novas,Passeio,HOTSPOT,Desconhecido,0,10,0,Público,Dedicado Micromobilidade,06/09/2023,-9.1534178,38.7347292
16567,2138,"Rua Fialho de Almeida, 21B",Avenidas Novas,Passeio,HOTSPOT,Desconhecido,0,10,0,Público,Dedicado Micromobilidade,06/09/2023,-9.1579688,38.7344708
16568,2139,"Rua Francisco de Holanda, 47",Avenidas Novas,Lugar estacionamento automóvel,HOTSPOT,Desconhecido,0,10,0,Público,Dedicado Micromobilidade,06/09/2023,-9.1576823,38.7443962
16569,2189,"Rua do Giestal, 2",Alcântara,Passeio,HOTSPOT,Desconhecido,0,10,0,Público,Dedicado Micromobilidade,13/09/2023,-9.1904218,38.7002022
16570,2190,Travessa dos Fornos,Ajuda,Via,HOTSPOT,Desconhecido,0,10,0,Público,Dedicado Micromobilidade,13/09/2023,-9.1892916,38.7064441
16571,2191,Rua Luís de Camões,Alcântara,Passeio,HOTSPOT,Desconhecido,0,10,0,Público,Dedicado Micromobilidade,13/09/2023,-9.1827826,38.7041149
16572,2192,"Rua dos Lusíadas, 106",Alcântara,Lugar estacionamento automóvel,HOTSPOT,Desconhecido,0,10,0,Público,Dedicado Micromobilidade,18/09/2023,-9.1815303,38.7047605
16573,2193,"Rua dos Lusíadas, 9",Alcântara,Lugar estacionamento automóvel,HOTSPOT,Desconhecido,0,10,0,Público,Dedicado Micromobilidade,18/09/2023,-9.1786602,38.7056319
16574,2194,Rua Gil Vicente,Alcântara,Passeio,HOTSPOT,Desconhecido,0,10,0,Público,Dedicado Micromobilidade,18/09/2023,-9.1840737,38.7042224
16575,2140,"Rua Francisco Lyon de Castro, 12",Avenidas Novas,Passeio,HOTSPOT,Desconhecido,0,10,0,Público,Dedicado Micromobilidade,06/09/2023,-9.1536051,38.7465694
16576,2141,Rua Rodrigo da Fonseca,Avenidas Novas,Passeio,HOTSPOT,Desconhecido,0,10,0,Público,Dedicado Micromobilidade,06/09/2023,-9.1587908,38.7292195
16577,2142,"Rua Rodrigo da Fonseca, 103",Avenidas Novas,Passeio,HOTSPOT,Desconhecido,0,10,0,Público,Dedicado Micromobilidade,06/09/2023,-9.1552391,38.7251836
16578,2143,"Rua Sousa Lopes, Lote PQ",Avenidas Novas,Passeio,HOTSPOT,Desconhecido,0,10,0,Público,Dedicado Micromobilidade,06/09/2023,-9.1546093,38.7440106
16579,2144,"Rua Sousa Lopes, 51D",Avenidas Novas,Passeio,HOTSPOT,Desconhecido,0,10,0,Público,Dedicado Micromobilidade,06/09/2023,-9.1526704,38.7438334
16580,2145,"Avenida das Forças Armadas, 51C",Avenidas Novas,Passeio,HOTSPOT,Desconhecido,0,8,0,Público,Dedicado Micromobilidade,06/09/2023,-9.1519356,38.7476246
16581,2195,"Rua José Dias Coelho, 29",Alcântara,Via,HOTSPOT,Desconhecido,0,10,0,Público,Dedicado Micromobilidade,18/09/2023,-9.1777655,38.7064658
16582,2196,"Rua Luís de Camões, 126",Alcântara,Lugar estacionamento automóvel,HOTSPOT,Desconhecido,0,10,0,Público,Dedicado Micromobilidade,18/09/2023,-9.1839122,38.7053004
16583,2197,"Rua Luís de Camões, 1",Alcântara,Via,HOTSPOT,Desconhecido,0,10,0,Público,Dedicado Micromobilidade,18/09/2023,-9.1807932,38.7023198
16584,2198,"Rua Primeiro de Maio a Alcântara, 24",Alcântara,Passeio,HOTSPOT,Desconhecido,0,10,0,Público,Dedicado Micromobilidade,18/09/2023,-9.1788059,38.7039793
16585,2199,Travessa do Conde da Ponte,Alcântara,Passeio,HOTSPOT,Desconhecido,0,10,0,Público,Dedicado Micromobilidade,18/09/2023,-9.1809474,38.6996077
16586,2201,"Rua João de Barros, 31",Alcântara,Passeio,HOTSPOT,Desconhecido,0,10,0,Público,Dedicado Micromobilidade,18/09/2023,-9.1877147,38.7049480
16587,2202,Largo da Revista Militar,Benfica,Passeio,HOTSPOT,Desconhecido,0,10,0,Público,Dedicado Micromobilidade,18/09/2023,-9.1889565,38.7528086
16588,2147,Avenida Infante Dom Henrique,Beato,Passeio,HOTSPOT,Desconhecido,0,8,0,Público,Dedicado Micromobilidade,06/09/2023,-9.1102768,38.7266991
16589,2148,Rua General Vassalo e Silva,Beato,Passeio,HOTSPOT,Desconhecido,0,5,0,Público,Dedicado Micromobilidade,06/09/2023,-9.1255508,38.7365599
16590,2149,"Calçada de Dom Gastão, 33",Beato,Passeio,HOTSPOT,Desconhecido,0,10,0,Público,Dedicado Micromobilidade,06/09/2023,-9.1093850,38.7284536
16591,2150,Largo do Marquês de Nisa,Penha de França,Passeio,HOTSPOT,Desconhecido,0,10,0,Público,Dedicado Micromobilidade,06/09/2023,-9.1133580,38.7259264
16592,2151,"Rua Aquiles Machado, 2",Beato,Passeio,HOTSPOT,Desconhecido,0,10,0,Público,Dedicado Micromobilidade,06/09/2023,-9.1255012,38.7380036
16593,2152,Rua Rocha Santos,Beato,Via,HOTSPOT,Desconhecido,0,10,0,Público,Dedicado Micromobilidade,06/09/2023,-9.1137294,38.7301704
16594,2153,"Rua Professor Mira Fernandes, Lote 1",Beato,Passeio,HOTSPOT,Desconhecido,0,8,0,Público,Dedicado Micromobilidade,06/09/2023,-9.1245503,38.7381464
16595,2154,Rua Carlos Botelho,Beato,Passeio,HOTSPOT,Desconhecido,0,10,0,Público,Dedicado Micromobilidade,06/09/2023,-9.1213987,38.7350314
16596,2155,"Rua da Manutenção, 69",Beato,Passeio,HOTSPOT,Desconhecido,0,10,0,Público,Dedicado Micromobilidade,07/09/2023,-9.1075245,38.7299412
16597,2156,"Rua da Manutenção, 22",Beato,Passeio,HOTSPOT,Desconhecido,0,10,0,Público,Dedicado Micromobilidade,07/09/2023,-9.1113287,38.7264882
16598,2157,"Rua da Manutenção, 78",Beato,Passeio,HOTSPOT,Desconhecido,0,10,0,Público,Dedicado Micromobilidade,07/09/2023,-9.1088098,38.7281611
16599,2158,"Rua de Xabregas, 4",Beato,Passeio,HOTSPOT,Desconhecido,0,10,0,Público,Dedicado Micromobilidade,07/09/2023,-9.1097594,38.7282477
16600,2159,Largo da Madre de Deus,Beato,Passeio,HOTSPOT,Desconhecido,0,10,0,Público,Dedicado Micromobilidade,07/09/2023,-9.1142442,38.7320183
16601,2160,"Rua Doutor Faria de Vasconcelos, 6B",Beato,Passeio,HOTSPOT,Desconhecido,0,10,0,Público,Dedicado Micromobilidade,07/09/2023,-9.1205560,38.7390463
16602,2203,"Avenida do Uruguai, 7B",Benfica,Passeio,HOTSPOT,Desconhecido,0,10,0,Público,Dedicado Micromobilidade,18/09/2023,-9.1974978,38.7511883
16603,2204,"Avenida do Uruguai, 27",Benfica,Passeio,HOTSPOT,Desconhecido,0,10,0,Público,Dedicado Micromobilidade,18/09/2023,-9.1969683,38.7526491
16605,2206,"Avenida Gomes Pereira, 98B",Benfica,Passeio,HOTSPOT,Desconhecido,0,10,0,Público,Dedicado Micromobilidade,18/09/2023,-9.1980544,38.7453598
16607,2208,"Calçada do Tojal, 52",Benfica,Passeio,HOTSPOT,Desconhecido,0,10,0,Público,Dedicado Micromobilidade,18/09/2023,-9.2035313,38.7544054
16608,2209,Rua do Bom Pastor,Benfica,Passeio,HOTSPOT,Desconhecido,0,10,0,Público,Dedicado Micromobilidade,20/09/2023,-9.2028185,38.7422778
16609,2210,"Estrada da Buraca, 1",Benfica,Via,HOTSPOT,Desconhecido,0,10,0,Público,Dedicado Micromobilidade,20/09/2023,-9.2035091,38.7445090
16610,2211,Estrada da Circunvalação,Benfica,Passeio,HOTSPOT,Desconhecido,0,10,0,Público,Dedicado Micromobilidade,20/09/2023,-9.2054365,38.7368862
16611,2212,Estrada da Circunvalação,Benfica,Passeio,HOTSPOT,Desconhecido,0,10,0,Público,Dedicado Micromobilidade,20/09/2023,-9.2077744,38.7245616
16612,2213,Estrada das Oliveiras de Baixo,Benfica,Via,HOTSPOT,Desconhecido,0,10,0,Público,Dedicado Micromobilidade,20/09/2023,-9.1966400,38.7251044
16613,2214,"Estrada de A-da-Maia, 58",Benfica,Passeio,HOTSPOT,Desconhecido,0,10,0,Público,Dedicado Micromobilidade,20/09/2023,-9.2089415,38.7509238
16614,2215,"Estrada de Benfica, 717",Benfica,Passeio,HOTSPOT,Desconhecido,0,10,0,Público,Dedicado Micromobilidade,20/09/2023,-9.2018276,38.7507744
16615,2216,Estrada de Monsanto,Benfica,Via,HOTSPOT,Desconhecido,0,10,0,Público,Dedicado Micromobilidade,20/09/2023,-9.2022853,38.7367607
16616,2217,Estrada de Monsanto,Benfica,Via,HOTSPOT,Desconhecido,0,5,0,Público,Dedicado Micromobilidade,20/09/2023,-9.1945607,38.7267871
16617,2218,Estrada do Forte,Benfica,Via,HOTSPOT,Desconhecido,0,10,0,Público,Dedicado Micromobilidade,20/09/2023,-9.2004781,38.7306643
16618,2219,Estrada do Forte,Benfica,Passeio,HOTSPOT,Desconhecido,0,5,0,Público,Dedicado Micromobilidade,20/09/2023,-9.1900569,38.7333889
16619,2220,Estrada dos Arneiros,Benfica,Passeio,HOTSPOT,Desconhecido,0,10,0,Público,Dedicado Micromobilidade,20/09/2023,-9.2001844,38.7558942
16620,2221,Rua 4 do Bairro da Boavista,Benfica,Via,HOTSPOT,Desconhecido,0,10,0,Público,Dedicado Micromobilidade,20/09/2023,-9.2032078,38.7337715
16621,2222,Rua António Pinho,Benfica,Passeio,HOTSPOT,Desconhecido,0,10,0,Público,Dedicado Micromobilidade,20/09/2023,-9.2033365,38.7358273
16622,2223,"Rua Maria Lalande, 19",Benfica,Passeio,HOTSPOT,Desconhecido,0,10,0,Público,Dedicado Micromobilidade,20/09/2023,-9.2041694,38.7537103
16623,2224,Rua Prof. Jorge da Silva Horta,Benfica,Passeio,HOTSPOT,Desconhecido,0,10,0,Público,Dedicado Micromobilidade,20/09/2023,-9.2060576,38.7455866
16624,2225,Rua Actor Estevão Amarante,Benfica,Passeio,HOTSPOT,Desconhecido,0,3,0,Público,Dedicado Micromobilidade,20/09/2023,-9.2020798,38.7452331
16625,2226,Rua José Augusto Seabra,Benfica,Passeio,HOTSPOT,Desconhecido,0,10,0,Público,Dedicado Micromobilidade,21/09/2023,-9.2008904,38.7441180
16626,2227,"Rua das Acácias, Lote D",Benfica,Passeio,HOTSPOT,Desconhecido,0,10,0,Público,Dedicado Micromobilidade,21/09/2023,-9.2055156,38.7318324
16627,2228,Rua das Azáleas,Benfica,Passeio,HOTSPOT,Desconhecido,0,10,0,Público,Dedicado Micromobilidade,21/09/2023,-9.2060855,38.7344916
16628,2229,"Rua das Garridas, 37",Benfica,Lugar estacionamento automóvel,HOTSPOT,Desconhecido,0,10,0,Público,Dedicado Micromobilidade,21/09/2023,-9.2004301,38.7473312
16629,2230,Rua Dr Joaquim Manso,Benfica,Passeio,HOTSPOT,Desconhecido,0,3,0,Público,Dedicado Micromobilidade,21/09/2023,-9.1967450,38.7554336
16630,2231,"Rua Dr. João de Barros, 2",Benfica,Passeio,HOTSPOT,Desconhecido,0,10,0,Público,Dedicado Micromobilidade,21/09/2023,-9.2000739,38.7531983
16631,2232,Rua Dr. José Baptista de Sousa,Benfica,Passeio,HOTSPOT,Desconhecido,0,10,0,Público,Dedicado Micromobilidade,21/09/2023,-9.1938350,38.7504735
16632,2233,Rua João Ortigão Ramos,Benfica,Passeio,HOTSPOT,Desconhecido,0,10,0,Público,Dedicado Micromobilidade,22/09/2023,-9.2044604,38.7560848
16633,2234,Rua Joaquim Paço d'Arcos,Benfica,Passeio,HOTSPOT,Desconhecido,0,10,0,Público,Dedicado Micromobilidade,22/09/2023,-9.1911847,38.7481429
16634,2235,"Rua José dos Santos Pereira, 10A",Benfica,Passeio,HOTSPOT,Desconhecido,0,10,0,Público,Dedicado Micromobilidade,22/09/2023,-9.1927961,38.7450395
16635,2236,"Rua Lucília Simões, 11",Benfica,Passeio,HOTSPOT,Desconhecido,0,10,0,Público,Dedicado Micromobilidade,22/09/2023,-9.2060628,38.7529230
16636,2237,Rua Maria Violante Vieira,Benfica,Passeio,HOTSPOT,Desconhecido,0,10,0,Público,Dedicado Micromobilidade,22/09/2023,-9.2063181,38.7444994
16637,2238,"Avenida Gomes Pereira, 16A",Benfica,Passeio,HOTSPOT,Desconhecido,0,10,0,Público,Dedicado Micromobilidade,22/09/2023,-9.1976365,38.7496225
16638,2239,"Rua Prof. Jorge da Silva Horta, 6A",Benfica,Passeio,HOTSPOT,Desconhecido,0,10,0,Público,Dedicado Micromobilidade,22/09/2023,-9.2050267,38.7458597
16639,2240,"Rua Prof. José Sebastião e Silva, Escola",Benfica,Passeio,HOTSPOT,Desconhecido,0,10,0,Público,Dedicado Micromobilidade,22/09/2023,-9.1926756,38.7482332
16640,2241,Rua Ten. Coronel Ribeiro dos Reis,Benfica,Passeio,HOTSPOT,Desconhecido,0,10,0,Público,Dedicado Micromobilidade,22/09/2023,-9.1898738,38.7460534
16641,2242,Rua Ten. Coronel Ribeiro dos Reis,Benfica,Via,BICICLETA,Sheffield standard,5,10,0,Privado,Interdito Micromobilidade,,-9.1898544,38.7466512
16642,2243,Avenida Calouste Gulbenkian,Campolide,Passeio,HOTSPOT,Desconhecido,0,10,0,Público,Dedicado Micromobilidade,25/09/2023,-9.1610460,38.7361987
16643,2244,Rua Professor Lima Basto,São Domingos de Benfica,Passeio,HOTSPOT,Desconhecido,0,10,0,Público,Dedicado Micromobilidade,25/09/2023,-9.1670665,38.7402974
16644,2245,"Avenida Columbano Bordalo Pinheiro, 78",São Domingos de Benfica,Passeio,HOTSPOT,Desconhecido,0,10,0,Público,Dedicado Micromobilidade,25/09/2023,-9.1636851,38.7386488
16645,2246,"Avenida Conselheiro Fernando de Sousa, 27",Campolide,Passeio,HOTSPOT,Desconhecido,0,5,0,Público,Dedicado Micromobilidade,25/09/2023,-9.1616779,38.7264769
16646,2247,Rua Aviador Plácido de Abreu,Campolide,Passeio,HOTSPOT,Desconhecido,0,10,0,Público,Dedicado Micromobilidade,25/09/2023,-9.1608134,38.7258096
16648,2249,Rua Basílio Teles,Campolide,Passeio,HOTSPOT,Desconhecido,0,10,0,Público,Dedicado Micromobilidade,25/09/2023,-9.1639302,38.7375648
16649,2250,"Avenida José Malhoa, 27C",Campolide,Passeio,HOTSPOT,Desconhecido,0,10,0,Público,Dedicado Micromobilidade,25/09/2023,-9.1671878,38.7381687
16650,2251,Avenida Miguel Torga,Campolide,Passeio,HOTSPOT,Desconhecido,0,8,0,Público,Dedicado Micromobilidade,25/09/2023,-9.1620798,38.7319961
16651,2252,Avenida Miguel Torga,Campolide,Passeio,HOTSPOT,Desconhecido,0,10,0,Público,Dedicado Micromobilidade,25/09/2023,-9.1612299,38.7312336
16652,2253,"Avenida Miguel Torga, 4",Campolide,Lugar estacionamento automóvel,HOTSPOT,Desconhecido,0,10,0,Público,Dedicado Micromobilidade,25/09/2023,-9.1613586,38.7302288
16653,2254,Calçada da Quintinha,Campolide,Passeio,HOTSPOT,Desconhecido,0,10,0,Público,Dedicado Micromobilidade,25/09/2023,-9.1653911,38.7266438
16654,2255,Avenida Calouste Gulbenkian,Campolide,Passeio,HOTSPOT,Desconhecido,0,10,0,Público,Dedicado Micromobilidade,25/09/2023,-9.1660105,38.7298747
16655,2256,Rua Inácio Pardelhas Sanchez,Campolide,Passeio,HOTSPOT,Desconhecido,0,10,0,Público,Dedicado Micromobilidade,25/09/2023,-9.1714451,38.7351690
16656,2257,Calçada da Quintinha,Campolide,Passeio,HOTSPOT,Desconhecido,0,10,0,Público,Dedicado Micromobilidade,25/09/2023,-9.1661823,38.7265781
16657,2258,Rua 12 do Bairro da Calçada dos Mestres,Campolide,Passeio,HOTSPOT,Desconhecido,0,10,0,Público,Dedicado Micromobilidade,25/09/2023,-9.1690246,38.7285859
16658,2259,"Alto do Carvalhão, 3",Campolide,Passeio,HOTSPOT,Desconhecido,0,10,0,Público,Dedicado Micromobilidade,25/09/2023,-9.1657524,38.7239375
16659,2260,"Rua Ramalho Ortigão, Teatro",Campolide,Passeio,HOTSPOT,Desconhecido,0,10,0,Público,Dedicado Micromobilidade,25/09/2023,-9.1589337,38.7359813
16660,2261,Rua Cardeal Saraiva,Campolide,Passeio,HOTSPOT,Desconhecido,0,10,0,Público,Dedicado Micromobilidade,25/09/2023,-9.1625613,38.7365858
16661,2262,Rua da Mesquita,Campolide,Passeio,HOTSPOT,Desconhecido,0,10,0,Público,Dedicado Micromobilidade,25/09/2023,-9.1582911,38.7354168
16662,2263,"Rua Padre António Vieira, 44",Avenidas Novas,Lugar estacionamento automóvel,HOTSPOT,Desconhecido,0,10,0,Público,Dedicado Micromobilidade,26/09/2023,-9.1587290,38.7273758
16663,2264,Rua de Artilharia Um,Campolide,Via,HOTSPOT,Desconhecido,0,10,0,Público,Dedicado Micromobilidade,26/09/2023,-9.1583369,38.7266246
16664,2265,"Rua de Artilharia Um, 70",Campolide,Lugar estacionamento automóvel,HOTSPOT,Desconhecido,0,10,0,Público,Dedicado Micromobilidade,26/09/2023,-9.1573260,38.7256096
16665,2266,Rua de Artilharia Um,Campolide,Passeio,HOTSPOT,Desconhecido,0,10,0,Público,Dedicado Micromobilidade,26/09/2023,-9.1570985,38.7250669
16666,2267,"Rua de Campolide, 372",Campolide,Passeio,HOTSPOT,Desconhecido,0,10,0,Público,Dedicado Micromobilidade,26/09/2023,-9.1677836,38.7370797
16667,623,"Rua de Entrecampos, 44B",Alvalade,Lugar estacionamento automóvel,HOTSPOT,Sheffield standard,2,9,0,Público,Partilhado com Micromobilidade,,-9.1466226,38.7465897
16668,2268,"Rua Vila de Catió, Escola",Olivais,Passeio,BICICLETA,Sheffield standard,12,24,0,Privado,Interdito Micromobilidade,22/09/2023,-9.1135614,38.7606893
16669,2269,"Rua do Saco, 1",Arroios,Passeio,BICICLETA,Sheffield standard,2,4,0,Público,Partilhado com Micromobilidade,22/09/2023,-9.1380648,38.7205078
16670,2270,"Rua do Centro Cultural, 14",Alvalade,Via,BICICLETA,Sheffield standard,2,4,0,Público,Partilhado com Micromobilidade,22/09/2023,-9.1432366,38.7559112
16671,2271,"Rua do Centro Cultural, 12",Alvalade,Via,HOTSPOT,Desconhecido,0,4,0,Público,Dedicado Micromobilidade,22/09/2023,-9.1426808,38.7561030
16672,2272,Rua de Campolide,Campolide,Passeio,HOTSPOT,Desconhecido,0,10,0,Público,Dedicado Micromobilidade,27/09/2023,-9.1640819,38.7341204
16673,2273,"Rua de Campolide, 223",Campolide,Passeio,HOTSPOT,Desconhecido,0,10,0,Público,Dedicado Micromobilidade,27/09/2023,-9.1629639,38.7328530
16674,2274,Rua Marquês de Fronteira,Campolide,Passeio,HOTSPOT,Desconhecido,0,10,0,Público,Dedicado Micromobilidade,27/09/2023,-9.1566164,38.7310843
16675,2275,Rua dos Arcos,Campolide,Passeio,HOTSPOT,Desconhecido,0,10,0,Público,Dedicado Micromobilidade,27/09/2023,-9.1718421,38.7324186
16676,2276,"Rua B do Bairro da Liberdade, 75",Campolide,Passeio,HOTSPOT,Desconhecido,0,8,0,Público,Dedicado Micromobilidade,27/09/2023,-9.1690784,38.7337329
16677,2277,Avenida de Brasília,Estrela,Passeio,HOTSPOT,Desconhecido,0,10,0,Público,Dedicado Micromobilidade,29/09/2023,-9.1572000,38.7052080
16678,2434,Avenida Dr. Augusto de Castro,Marvila,Passeio,HOTSPOT,Desconhecido,0,10,0,Público,Dedicado Micromobilidade,12/01/2024,-9.1127521,38.7578400
16679,2435,Avenida Francisco Salgado Zenha,Marvila,Passeio,HOTSPOT,Desconhecido,0,10,0,Público,Dedicado Micromobilidade,12/01/2024,-9.1185146,38.7476967
16680,2436,"Avenida François Mitterrand, 35A",Marvila,Passeio,HOTSPOT,Desconhecido,0,10,0,Público,Dedicado Micromobilidade,12/01/2024,-9.1184948,38.7453871
16681,2437,Avenida João Paulo II,Marvila,Passeio,HOTSPOT,Desconhecido,0,10,0,Público,Dedicado Micromobilidade,12/01/2024,-9.1125273,38.7474082
16682,2438,Avenida João Paulo II,Marvila,Passeio,HOTSPOT,Desconhecido,0,10,0,Público,Dedicado Micromobilidade,12/01/2024,-9.1130829,38.7463769
16683,2439,Avenida Paulo VI,Marvila,Passeio,HOTSPOT,Desconhecido,0,10,0,Público,Dedicado Micromobilidade,12/01/2024,-9.1113759,38.7432441
16684,2440,Avenida Paulo VI,Marvila,Passeio,HOTSPOT,Desconhecido,0,4,0,Público,Dedicado Micromobilidade,12/01/2024,-9.1089099,38.7473494
16685,2278,Rua Cascais,Estrela,Passeio,HOTSPOT,Desconhecido,0,10,0,Público,Dedicado Micromobilidade,29/09/2023,-9.1747491,38.7030863
16686,2279,"Avenida Infante Santo, 374",Estrela,Passeio,HOTSPOT,Desconhecido,0,8,0,Público,Dedicado Micromobilidade,29/09/2023,-9.1615543,38.7135747
16687,2280,Rua de San'Ana (Santana) à Lapa,Estrela,Passeio,HOTSPOT,Desconhecido,0,10,0,Público,Dedicado Micromobilidade,29/09/2023,-9.1639656,38.7113518
16688,2281,"Avenida Infante Santo, 51",Estrela,Passeio,HOTSPOT,Desconhecido,0,5,0,Público,Dedicado Micromobilidade,29/09/2023,-9.1667590,38.7093382
16689,2284,Rua Cascais,Estrela,Passeio,HOTSPOT,Desconhecido,0,10,0,Público,Dedicado Micromobilidade,11/10/2023,-9.1744284,38.7041038
16690,2285,Avenida Álvares Cabral,Estrela,Passeio,HOTSPOT,Desconhecido,0,8,0,Público,Dedicado Micromobilidade,11/10/2023,-9.1586959,38.7156129
16691,2286,Praça da Estrela,Estrela,Passeio,HOTSPOT,Desconhecido,0,5,0,Público,Dedicado Micromobilidade,11/10/2023,-9.1607728,38.7138460
16692,2287,Rua Presidente Arriaga,Estrela,Passeio,HOTSPOT,Desconhecido,0,5,0,Público,Dedicado Micromobilidade,11/10/2023,-9.1629935,38.7045785
16693,2288,Rua Capitão Afonso Pala,Estrela,Passeio,HOTSPOT,Desconhecido,0,10,0,Público,Dedicado Micromobilidade,11/10/2023,-9.1714213,38.7072052
16694,2289,"Praça da Armada, Ministério",Estrela,Passeio,HOTSPOT,Desconhecido,0,10,0,Público,Dedicado Micromobilidade,11/10/2023,-9.1705026,38.7050543
16695,2290,Praça da Estrela,Estrela,Passeio,HOTSPOT,Desconhecido,0,4,0,Público,Dedicado Micromobilidade,11/10/2023,-9.1606886,38.7134965
16696,2291,Praça São João Bosco,Estrela,Passeio,HOTSPOT,Desconhecido,0,10,0,Público,Dedicado Micromobilidade,11/10/2023,-9.1694106,38.7145790
16697,2292,Rocha Conde de Óbidos,Estrela,Passeio,HOTSPOT,Desconhecido,0,10,0,Público,Dedicado Micromobilidade,16/10/2023,-9.1623745,38.7030127
16698,2293,"Rua Cascais, 35",Alcântara,Passeio,HOTSPOT,Desconhecido,0,10,0,Público,Dedicado Micromobilidade,16/10/2023,-9.1748388,38.7042033
16699,2294,"Rua Coronel Ribeiro Viana, 13",Estrela,Passeio,HOTSPOT,Desconhecido,0,10,0,Público,Dedicado Micromobilidade,16/10/2023,-9.1683711,38.7124955
16700,2295,"Rua da Esperança, 154",Estrela,Passeio,HOTSPOT,Desconhecido,0,10,0,Público,Dedicado Micromobilidade,16/10/2023,-9.1559946,38.7078198
16701,2296,"Rua da Esperança, 2",Estrela,Passeio,HOTSPOT,Desconhecido,0,10,0,Público,Dedicado Micromobilidade,16/10/2023,-9.1534444,38.7088779
16702,2297,"Rua da Lapa, 74",Estrela,Passeio,HOTSPOT,Desconhecido,0,10,0,Público,Dedicado Micromobilidade,16/10/2023,-9.1601399,38.7101806
16703,2298,Rua das Francesinhas,Estrela,Passeio,HOTSPOT,Desconhecido,0,10,0,Público,Dedicado Micromobilidade,16/10/2023,-9.1545406,38.7108056
16704,2299,Rua das Francesinhas,Estrela,Passeio,HOTSPOT,Desconhecido,0,10,0,Público,Dedicado Micromobilidade,16/10/2023,-9.1540553,38.7114817
16705,2300,Rua das Janelas Verdes,Estrela,Passeio,HOTSPOT,Desconhecido,0,10,0,Público,Dedicado Micromobilidade,16/10/2023,-9.1611541,38.7053161
16706,2301,"Rua da Cintura do Porto de Lisboa, Museu",Estrela,Via,HOTSPOT,Desconhecido,0,10,0,Público,Dedicado Micromobilidade,16/10/2023,-9.1711449,38.7026253
16707,2302,Rua de Sant'Ana (Santana) à Lapa,Estrela,Passeio,HOTSPOT,Desconhecido,0,5,0,Público,Dedicado Micromobilidade,16/10/2023,-9.1613589,38.7104266
16708,2303,Calçada Ribeiro Santos,Estrela,Passeio,HOTSPOT,Desconhecido,0,10,0,Público,Dedicado Micromobilidade,16/10/2023,-9.1578947,38.7066446
16709,2304,Rua das Praças,Estrela,Passeio,HOTSPOT,Desconhecido,0,3,0,Público,Dedicado Micromobilidade,16/10/2023,-9.1595696,38.7091394
16710,2305,Rua de São Ciro,Estrela,Via,HOTSPOT,Desconhecido,0,4,0,Público,Dedicado Micromobilidade,16/10/2023,-9.1614017,38.7122889
16711,2306,"Rua Domingos Sequeira, 11C",Estrela,Passeio,HOTSPOT,Desconhecido,0,10,0,Público,Dedicado Micromobilidade,16/10/2023,-9.1626175,38.7146973
16712,2307,Largo do Rilvas,Estrela,Passeio,HOTSPOT,Desconhecido,0,10,0,Público,Dedicado Micromobilidade,18/10/2023,-9.1694813,38.7066349
16713,2308,Rua Jorge Alves,Estrela,Passeio,HOTSPOT,Desconhecido,0,10,0,Público,Dedicado Micromobilidade,18/10/2023,-9.1561512,38.7101957
16714,2337,"Rua Cidade da Beira, 54",Olivais,Passeio,HOTSPOT,Desconhecido,0,10,0,Público,Dedicado Micromobilidade,24/10/2023,-9.1227896,38.7673260
16715,2338,Rua Cidade da Praia,Olivais,Passeio,HOTSPOT,Desconhecido,0,10,0,Público,Dedicado Micromobilidade,24/10/2023,-9.1191026,38.7616454
16716,2339,"Rua Cidade da Praia, Lote 362",Olivais,Passeio,HOTSPOT,Desconhecido,0,10,0,Público,Dedicado Micromobilidade,24/10/2023,-9.1166317,38.7610649
16717,2340,Rua Cidade de Benguela,Olivais,Passeio,HOTSPOT,Desconhecido,0,10,0,Público,Dedicado Micromobilidade,24/10/2023,-9.1106940,38.7640296
16718,2341,"Rua Cidade de Bolama, 38",Olivais,Passeio,HOTSPOT,Desconhecido,0,10,0,Público,Dedicado Micromobilidade,24/10/2023,-9.1172508,38.7626767
16719,2342,Rua Cidade de Cabinda,Olivais,Passeio,HOTSPOT,Desconhecido,0,10,0,Público,Dedicado Micromobilidade,24/10/2023,-9.1112478,38.7677870
16720,2343,"Rua Cidade da Beira, 22",Olivais,Passeio,HOTSPOT,Desconhecido,0,10,0,Público,Dedicado Micromobilidade,24/10/2023,-9.1228018,38.7637278
16721,2433,Avenida Dr. Arlindo Vicente,Marvila,Passeio,HOTSPOT,Desconhecido,0,10,0,Público,Dedicado Micromobilidade,12/01/2024,-9.1247831,38.7508927
16722,2309,"Rua da Costa, 12",Estrela,Passeio,HOTSPOT,Desconhecido,0,10,0,Público,Dedicado Micromobilidade,18/10/2023,-9.1731496,38.7067029
16723,2310,Rua Gilberto Rola,Estrela,Passeio,HOTSPOT,Desconhecido,0,10,0,Público,Dedicado Micromobilidade,18/10/2023,-9.1728517,38.7059297
16724,2311,Rua do Arco do Chafariz das Terras,Estrela,Via,HOTSPOT,Desconhecido,0,10,0,Público,Dedicado Micromobilidade,18/10/2023,-9.1657374,38.7088472
16725,2312,"Rua Cidade de Carmona, 2A",Olivais,Passeio,HOTSPOT,Desconhecido,0,10,0,Público,Dedicado Micromobilidade,18/10/2023,-9.1142254,38.7655491
16726,2313,Alameda da Encarnação,Olivais,Passeio,HOTSPOT,Desconhecido,0,10,0,Público,Dedicado Micromobilidade,18/10/2023,-9.1179763,38.7738645
16727,2314,Alameda da Encarnação,Olivais,Via,HOTSPOT,Desconhecido,0,10,0,Público,Dedicado Micromobilidade,18/10/2023,-9.1214645,38.7709836
16728,2315,Rua Cidade de Bissau,Olivais,Passeio,HOTSPOT,Desconhecido,0,10,0,Público,Dedicado Micromobilidade,18/10/2023,-9.1119006,38.7612817
16729,2351,Rua Dom Aleixo Corte-Real,Olivais,Passeio,HOTSPOT,Desconhecido,0,10,0,Público,Dedicado Micromobilidade,31/10/2023,-9.1145182,38.7609092
16730,2352,Rua Furriel Galrão Nogueira,Olivais,Passeio,HOTSPOT,Desconhecido,0,3,0,Público,Dedicado Micromobilidade,31/10/2023,-9.1110574,38.7687832
16731,2353,"Rua General Silva Freire, 19",Olivais,Passeio,HOTSPOT,Desconhecido,0,8,0,Público,Dedicado Micromobilidade,31/10/2023,-9.1149941,38.7746175
16732,2354,Rua Padre Joaquim Aguiar,Olivais,Passeio,HOTSPOT,Desconhecido,0,10,0,Público,Dedicado Micromobilidade,31/10/2023,-9.1099359,38.7769569
16733,2355,Jardim Eduardo Prado Coelho,Olivais,Passeio,HOTSPOT,Desconhecido,0,10,0,Público,Dedicado Micromobilidade,31/10/2023,-9.1090095,38.7710951
16734,2356,Rua Vice Almirante Augusto de Castro Guedes,Olivais,Passeio,HOTSPOT,Desconhecido,0,10,0,Público,Dedicado Micromobilidade,31/10/2023,-9.1190566,38.7779668
16735,2357,"Rua Cidade da Praia, Lote 368",Olivais,Passeio,HOTSPOT,Desconhecido,0,10,0,Público,Dedicado Micromobilidade,31/10/2023,-9.1182096,38.7614650
16736,2323,Avenida Marechal Gomes da Costa,Olivais,Passeio,HOTSPOT,Desconhecido,0,10,0,Público,Dedicado Micromobilidade,23/10/2023,-9.1166262,38.7599741
16737,2324,"Travessa do Adro aos Olivais, Igreja",Olivais,Passeio,HOTSPOT,Desconhecido,0,10,0,Público,Dedicado Micromobilidade,23/10/2023,-9.1070028,38.7685664
16738,2325,Praça Cidade de Salazar,Olivais,Passeio,HOTSPOT,Desconhecido,0,10,0,Público,Dedicado Micromobilidade,23/10/2023,-9.1180132,38.7639444
16739,2326,Praça de Chinde,Olivais,Passeio,HOTSPOT,Desconhecido,0,10,0,Público,Dedicado Micromobilidade,23/10/2023,-9.1227921,38.7684297
16740,2327,Praça do Norte,Olivais,Passeio,HOTSPOT,Desconhecido,0,10,0,Público,Dedicado Micromobilidade,31/10/2023,-9.1187244,38.7768619
16741,2328,Rua da Portela,Olivais,Passeio,HOTSPOT,Desconhecido,0,10,0,Público,Dedicado Micromobilidade,23/10/2023,-9.1137272,38.7694208
16742,2329,Rua 26 do Bairro da Encarnação,Olivais,Passeio,HOTSPOT,Desconhecido,0,5,0,Público,Dedicado Micromobilidade,23/10/2023,-9.1151959,38.7717188
16743,2330,Rua Alferes Barrilaro Ruas,Olivais,Passeio,HOTSPOT,Desconhecido,0,10,0,Público,Dedicado Micromobilidade,23/10/2023,-9.1164133,38.7770619
16744,2316,Avenida Cidade do Porto,Olivais,Passeio,HOTSPOT,Desconhecido,0,10,0,Público,Dedicado Micromobilidade,18/10/2023,-9.1238331,38.7693310
16745,2317,"Avenida de Berlim, Lote H",Olivais,Passeio,HOTSPOT,Desconhecido,0,10,0,Público,Dedicado Micromobilidade,18/10/2023,-9.1080428,38.7680520
16746,2318,Jardim Eduardo Prado Coelho,Olivais,Passeio,HOTSPOT,Desconhecido,0,10,0,Público,Dedicado Micromobilidade,18/10/2023,-9.1088345,38.7702765
16747,2321,Via Pedonal sobre a Avenida Infante Dom Henrique,Olivais,Passeio,HOTSPOT,Desconhecido,0,10,0,Público,Dedicado Micromobilidade,23/10/2023,-9.1037037,38.7597514
16748,2322,"Avenida Infante Dom Henrique, 345A",Olivais,Via,HOTSPOT,Desconhecido,0,10,0,Público,Dedicado Micromobilidade,23/10/2023,-9.1043959,38.7664511
16749,2344,"Rua Cidade de João Belo, Lote 61",Olivais,Passeio,HOTSPOT,Desconhecido,0,10,0,Público,Dedicado Micromobilidade,24/10/2023,-9.1220302,38.7644489
16750,2345,Praça Cidade do Luso,Olivais,Passeio,HOTSPOT,Desconhecido,0,10,0,Público,Dedicado Micromobilidade,24/10/2023,-9.1162044,38.7653493
16751,2346,"Rua Cidade de Lobito, Lote 281",Olivais,Passeio,HOTSPOT,Desconhecido,0,10,0,Público,Dedicado Micromobilidade,24/10/2023,-9.1128176,38.7648093
16752,2347,"Rua Cidade de Vila, Cabral, Lote 41",Olivais,Passeio,HOTSPOT,Desconhecido,0,10,0,Público,Dedicado Micromobilidade,24/10/2023,-9.1205880,38.7658607
16753,2348,Rua da Quinta de Santa Maria,Olivais,Via,HOTSPOT,Desconhecido,0,5,0,Público,Dedicado Micromobilidade,24/10/2023,-9.1205335,38.7773302
16754,2349,"Rua de Manhiça, Lote 469",Olivais,Passeio,HOTSPOT,Desconhecido,0,10,0,Público,Dedicado Micromobilidade,24/10/2023,-9.1076930,38.7592608
16755,2350,"Rua do Conselheiro Mariano de Carvalho, 69",Olivais,Passeio,HOTSPOT,Desconhecido,0,5,0,Público,Dedicado Micromobilidade,31/10/2023,-9.1050459,38.7686879
16756,2358,Rua Vila de Catió,Olivais,Passeio,HOTSPOT,Desconhecido,0,10,0,Público,Dedicado Micromobilidade,31/10/2023,-9.1134115,38.7612493
16757,2359,"Rua Lino Ferreira, Escola",Marvila,Passeio,BICICLETA,Entorta rodas,1,6,1,Privado,Interdito Micromobilidade,,-9.1059440,38.7472230
16758,2360,Rua Jorge de Sena,Santa Clara,Passeio,HOTSPOT,Desconhecido,0,10,0,Público,Dedicado Micromobilidade,02/11/2023,-9.1624548,38.7796503
16759,2361,"Avenida Nuno Krus Abecassis, 32",Santa Clara,Passeio,HOTSPOT,Desconhecido,0,10,0,Público,Dedicado Micromobilidade,02/11/2023,-9.1497977,38.7789352
16760,2362,Rua Cidade de Tomar,Santa Clara,Passeio,HOTSPOT,Desconhecido,0,10,0,Público,Dedicado Micromobilidade,02/11/2023,-9.1647673,38.7832369
16761,2363,"Rua Tito de Morais, 5C",Santa Clara,Passeio,HOTSPOT,Desconhecido,0,10,0,Público,Dedicado Micromobilidade,02/11/2023,-9.1485324,38.7797967
16762,2331,"Rua Alferes Barrilaro Ruas, 7B",Olivais,Passeio,HOTSPOT,Desconhecido,0,10,0,Público,Dedicado Micromobilidade,23/10/2023,-9.1129198,38.7755476
16763,2332,"Rua Almada Negreiros, Lote 473",Olivais,Passeio,HOTSPOT,Desconhecido,0,10,0,Público,Dedicado Micromobilidade,23/10/2023,-9.1099816,38.7594872
16764,2333,"Rua Almada Negreiros, Lote L",Olivais,Passeio,HOTSPOT,Desconhecido,0,10,0,Público,Dedicado Micromobilidade,23/10/2023,-9.1062012,38.7578623
16765,2334,Rua Cândido de Oliveira,Olivais,Passeio,HOTSPOT,Desconhecido,0,10,0,Público,Dedicado Micromobilidade,23/10/2023,-9.1082420,38.7659133
16766,2335,"Rua Carlos George, 34A",Olivais,Passeio,HOTSPOT,Desconhecido,0,5,0,Público,Dedicado Micromobilidade,24/10/2023,-9.1067234,38.7744489
16767,2336,"Rua Cidade da Beira, 83",Olivais,Passeio,HOTSPOT,Desconhecido,0,10,0,Público,Dedicado Micromobilidade,24/10/2023,-9.1203147,38.7688052
16768,2384,"Largo da Anunciada, 18",Santo António,Passeio,HOTSPOT,Desconhecido,0,10,0,Público,Dedicado Micromobilidade,03/11/2023,-9.1421214,38.7177814
16769,2385,Travessa do Fala-Só,Santo António,Passeio,HOTSPOT,Desconhecido,0,10,0,Público,Dedicado Micromobilidade,03/11/2023,-9.1442216,38.7163891
16770,2386,"Rua Júlio César Machado, 6",Santo António,Passeio,HOTSPOT,Desconhecido,0,10,0,Público,Dedicado Micromobilidade,03/11/2023,-9.1467440,38.7200777
16771,2387,Rua da Alegria,Santo António,Via,HOTSPOT,Desconhecido,0,10,0,Público,Dedicado Micromobilidade,03/11/2023,-9.1459271,38.7179610
16772,2388,Rua das Amoreiras,Santo António,Passeio,HOTSPOT,Desconhecido,0,10,0,Público,Dedicado Micromobilidade,03/11/2023,-9.1569027,38.7220269
16773,2389,"Rua Castilho, 6",Santo António,Passeio,HOTSPOT,Desconhecido,0,10,0,Público,Dedicado Micromobilidade,03/11/2023,-9.1489086,38.7199404
16774,2390,"Rua Castilho, 75A",Santo António,Passeio,HOTSPOT,Desconhecido,0,10,0,Público,Dedicado Micromobilidade,03/11/2023,-9.1533901,38.7247566
16775,2391,Rua da Escola Politécnica,Santo António,Via,HOTSPOT,Desconhecido,0,10,0,Público,Dedicado Micromobilidade,03/11/2023,-9.1503563,38.7174620
16776,2364,Rua Ruy Cinatti,Santa Clara,Lugar estacionamento automóvel,HOTSPOT,Desconhecido,0,10,0,Público,Dedicado Micromobilidade,02/11/2023,-9.1479808,38.7855244
16777,2365,"Rua Rogério de Moura, Lote 22.4.59",Santa Clara,Passeio,HOTSPOT,Desconhecido,0,10,0,Público,Dedicado Micromobilidade,02/11/2023,-9.1494282,38.7835167
16778,2366,Rua Maluda (Maria de Lurdes Ribeiro),Santa Clara,Lugar estacionamento automóvel,HOTSPOT,Desconhecido,0,10,0,Público,Dedicado Micromobilidade,02/11/2023,-9.1517952,38.7910052
16779,2367,Avenida Sérgio Vieira de Mello,Santa Clara,Passeio,HOTSPOT,Desconhecido,0,10,0,Público,Dedicado Micromobilidade,02/11/2023,-9.1481120,38.7813227
16780,2368,"Rua João Amaral, Lote 22.1-1",Santa Clara,Passeio,HOTSPOT,Desconhecido,0,10,0,Público,Dedicado Micromobilidade,02/11/2023,-9.1529558,38.7825110
16781,2369,"Rua João Amaral, Pista de Atletismo",Santa Clara,Passeio,HOTSPOT,Desconhecido,0,5,0,Público,Dedicado Micromobilidade,02/11/2023,-9.1531491,38.7822914
16782,2370,Estrada da Ameixoeira,Santa Clara,Passeio,HOTSPOT,Desconhecido,0,5,0,Público,Dedicado Micromobilidade,02/11/2023,-9.1607690,38.7819608
16783,2371,Largo das Galinheiras,Santa Clara,Passeio,HOTSPOT,Desconhecido,0,10,0,Público,Dedicado Micromobilidade,02/11/2023,-9.1504155,38.7920882
16784,2372,Estrada do Desvio,Santa Clara,Passeio,HOTSPOT,Desconhecido,0,10,0,Público,Dedicado Micromobilidade,02/11/2023,-9.1629360,38.7800997
16785,2373,"Rua Prof. Adelino da Palma Carlos, Piscina",Santa Clara,Lugar estacionamento automóvel,HOTSPOT,Desconhecido,0,10,0,Público,Dedicado Micromobilidade,02/11/2023,-9.1598323,38.7852803
16786,2374,Avenida Glicínia Quartin,Santa Clara,Passeio,HOTSPOT,Desconhecido,0,10,0,Público,Dedicado Micromobilidade,02/11/2023,-9.1547787,38.7873600
16787,2375,"Rua Fernando Gusmão, 2A",Santa Clara,Passeio,HOTSPOT,Desconhecido,0,10,0,Público,Dedicado Micromobilidade,02/11/2023,-9.1547039,38.7879158
16788,2376,Azinhaga do Reguengo,Santa Clara,Passeio,HOTSPOT,Desconhecido,0,10,0,Público,Dedicado Micromobilidade,02/11/2023,-9.1470959,38.7924379
16789,2377,Rua Hermínio da Palma Inácio,Santa Clara,Passeio,HOTSPOT,Desconhecido,0,10,0,Público,Dedicado Micromobilidade,02/11/2023,-9.1491912,38.7873784
16790,2392,"Rua da Glória, 2A",Santo António,Passeio,HOTSPOT,Desconhecido,0,5,0,Público,Dedicado Micromobilidade,06/11/2023,-9.1431579,38.7161324
16791,2393,"Rua da Mãe D'Água, 13",Santo António,Via,HOTSPOT,Desconhecido,0,5,0,Público,Dedicado Micromobilidade,06/11/2023,-9.1466556,38.7173652
16792,2394,"Rua de Artilharia Um, 63",Santo António,Passeio,HOTSPOT,Desconhecido,0,5,0,Público,Dedicado Micromobilidade,06/11/2023,-9.1552558,38.7240864
16793,2395,"Rua de Santa Marta, 49C",Santo António,Passeio,HOTSPOT,Desconhecido,0,10,0,Público,Dedicado Micromobilidade,06/11/2023,-9.1460302,38.7243593
16794,2396,"Rua Barata Salgueiro, 1B",Santo António,Passeio,HOTSPOT,Desconhecido,0,10,0,Público,Dedicado Micromobilidade,06/11/2023,-9.1458926,38.7225955
16795,2397,"Rua do Salitre, 177",Santo António,Via,HOTSPOT,Desconhecido,0,10,0,Público,Dedicado Micromobilidade,07/11/2023,-9.1518338,38.7198355
16796,2398,Rua Dom Pedro V,Misericórdia,Via,HOTSPOT,Desconhecido,0,10,0,Público,Dedicado Micromobilidade,07/11/2023,-9.1475948,38.7161168
16797,2378,Rua Hermínio da Palma Inácio,Santa Clara,Passeio,HOTSPOT,Desconhecido,0,10,0,Público,Dedicado Micromobilidade,02/11/2023,-9.1457993,38.7880632
16798,2379,"Largo dos Defensores da República, Igreja",Santa Clara,Lugar estacionamento automóvel,HOTSPOT,Desconhecido,0,10,0,Público,Dedicado Micromobilidade,02/11/2023,-9.1436237,38.7830919
16799,2380,"Rua Alberto Barbosa, 5",Santa Clara,Passeio,HOTSPOT,Desconhecido,0,10,0,Público,Dedicado Micromobilidade,02/11/2023,-9.1574848,38.7828848
16800,2381,"Rua Engº Quartin Graça, 49A",Santa Clara,Passeio,HOTSPOT,Desconhecido,0,10,0,Público,Dedicado Micromobilidade,02/11/2023,-9.1616888,38.7826692
16801,2382,"Avenida Engenheiro Duarte Pacheco, 21B",Santo António,Passeio,HOTSPOT,Desconhecido,0,10,0,Público,Dedicado Micromobilidade,03/11/2023,-9.1596301,38.7242558
16802,2383,Calçada Bento da Rocha Cabral,Santo António,Via,HOTSPOT,Desconhecido,0,10,0,Público,Dedicado Micromobilidade,03/11/2023,-9.1551789,38.7211659
16803,2399,Rua Ferreira Lapa,Santo António,Passeio,HOTSPOT,Desconhecido,0,10,0,Público,Dedicado Micromobilidade,07/11/2023,-9.1439902,38.7271761
16804,2400,"Rua Luciano Cordeiro, 31",Santo António,Passeio,HOTSPOT,Desconhecido,0,10,0,Público,Dedicado Micromobilidade,07/11/2023,-9.1435365,38.7242894
16805,2401,"Rua Bernardo Lima, 23",Santo António,Passeio,HOTSPOT,Desconhecido,0,10,0,Público,Dedicado Micromobilidade,07/11/2023,-9.1448077,38.7269513
16806,2402,Avenida Duque de Loulé,Santo António,Passeio,HOTSPOT,Desconhecido,0,10,0,Público,Dedicado Micromobilidade,07/11/2023,-9.1459731,38.7274338
16807,2403,Rua Rodrigo da Fonseca,Santo António,Passeio,HOTSPOT,Desconhecido,0,6,0,Público,Dedicado Micromobilidade,07/11/2023,-9.1540048,38.7238081
16808,2404,"Rua Barata Salgueiro, 6A",Santo António,Passeio,HOTSPOT,Desconhecido,0,10,0,Público,Dedicado Micromobilidade,07/11/2023,-9.1465137,38.7224093
16809,2405,"Travessa Águas Livres, 25",Santo António,Passeio,HOTSPOT,Desconhecido,0,10,0,Público,Dedicado Micromobilidade,07/11/2023,-9.1571995,38.7231290
16810,2406,"Rua das Taipas, 61",Santo António,Via,HOTSPOT,Desconhecido,0,3,0,Público,Dedicado Micromobilidade,07/11/2023,-9.1459134,38.7167431
16811,2407,Travessa Águas Livres,Santo António,Passeio,HOTSPOT,Desconhecido,0,10,0,Público,Dedicado Micromobilidade,07/11/2023,-9.1567330,38.7227619
16812,2408,Avenida Ribeira das Naus,Santa Maria Maior,Passeio,HOTSPOT,Desconhecido,0,10,0,Público,Dedicado Micromobilidade,09/11/2023,-9.1407987,38.7059253
16813,2409,"Avenida Vinte e Quatro de Julho, 28",Misericórdia,Passeio,HOTSPOT,Desconhecido,0,10,0,Público,Dedicado Micromobilidade,09/11/2023,-9.1506181,38.7066529
16814,2410,"Praça do Duque da Terceira, 6",Misericórdia,Passeio,HOTSPOT,Desconhecido,0,8,0,Público,Dedicado Micromobilidade,09/11/2023,-9.1438855,38.7065239
16815,2411,Cais do Sodré,Misericórdia,Passeio,HOTSPOT,Desconhecido,0,10,0,Público,Dedicado Micromobilidade,09/11/2023,-9.1440152,38.7057648
16816,2412,Praça de Luís de Camões,Misericórdia,Passeio,HOTSPOT,Desconhecido,0,10,0,Público,Dedicado Micromobilidade,09/11/2023,-9.1435797,38.7107312
16817,2413,"Largo do Conde Barão, 54",Misericórdia,Passeio,HOTSPOT,Desconhecido,0,10,0,Público,Dedicado Micromobilidade,09/11/2023,-9.1510167,38.7089001
16818,2414,Largo Trindade Coelho,Misericórdia,Passeio,HOTSPOT,Desconhecido,0,10,0,Público,Dedicado Micromobilidade,09/11/2023,-9.1429936,38.7132051
16819,2415,"Praça das Flores, 55",Misericórdia,Lugar estacionamento automóvel,HOTSPOT,Desconhecido,0,10,0,Público,Dedicado Micromobilidade,09/11/2023,-9.1512975,38.7151969
16820,2416,"Praça do Duque da Terceira, 23",Misericórdia,Passeio,HOTSPOT,Desconhecido,0,10,0,Público,Dedicado Micromobilidade,09/11/2023,-9.1432290,38.7066481
16821,2417,"Praça do Príncipe Real, 19",Misericórdia,Passeio,HOTSPOT,Desconhecido,0,10,0,Público,Dedicado Micromobilidade,09/11/2023,-9.1492582,38.7169160
16822,2418,Praça do Príncipe Real,Misericórdia,Passeio,HOTSPOT,Desconhecido,0,10,0,Público,Dedicado Micromobilidade,09/11/2023,-9.1481445,38.7160248
16823,2419,Praça do Príncipe Real,Misericórdia,Passeio,HOTSPOT,Desconhecido,0,10,0,Público,Dedicado Micromobilidade,09/11/2023,-9.1491000,38.7158284
16824,2420,Praça de Dom Luís I,Misericórdia,Passeio,HOTSPOT,Desconhecido,0,10,0,Público,Dedicado Micromobilidade,09/11/2023,-9.1471007,38.7073381
16825,2421,Rua da Academia das Ciências,Misericórdia,Via,HOTSPOT,Desconhecido,0,10,0,Público,Dedicado Micromobilidade,13/11/2023,-9.1497471,38.7133357
16826,2422,"Rua da Boavista, 81A",Misericórdia,Passeio,HOTSPOT,Desconhecido,0,10,0,Público,Dedicado Micromobilidade,13/11/2023,-9.1498837,38.7088849
16827,2423,Rua da Cintura do Porto de Lisboa,Misericórdia,Passeio,HOTSPOT,Desconhecido,0,10,0,Público,Dedicado Micromobilidade,13/11/2023,-9.1513052,38.7060693
16828,2424,Rua da Cintura do Porto de Lisboa,Misericórdia,Passeio,HOTSPOT,Desconhecido,0,10,0,Público,Dedicado Micromobilidade,14/11/2023,-9.1492931,38.7060190
16829,2425,Rua Dom Luís I,Misericórdia,Via,HOTSPOT,Desconhecido,0,10,0,Público,Dedicado Micromobilidade,14/11/2023,-9.1491171,38.7075676
16830,2426,"Rua Dom Luís I, 3",Misericórdia,Passeio,HOTSPOT,Desconhecido,0,10,0,Público,Dedicado Micromobilidade,14/11/2023,-9.1476686,38.7074670
16831,2427,"Rua Ruben A. Leitão, 2",Misericórdia,Passeio,HOTSPOT,Desconhecido,0,10,0,Público,Dedicado Micromobilidade,14/11/2023,-9.1496237,38.7142464
16832,2428,Largo de Jesus,Misericórdia,Passeio,HOTSPOT,Desconhecido,0,10,0,Público,Dedicado Micromobilidade,14/11/2023,-9.1502815,38.7122359
16833,2429,Jardim Jorge Luis Borges,Avenidas Novas,Passeio,BICICLETA,Sheffield standard,10,20,0,Público,Interdito Micromobilidade,31/12/2023,-9.1424046,38.7354297
16834,2430,Avenida da Liberdade,Santo António,Via,BICICLETA,Sheffield standard,15,45,0,Público,Partilhado com Micromobilidade,31/12/2023,-9.1475932,38.7218540
16835,2431,"Avenida da Liberdade, 69",Santo António,Lugar estacionamento automóvel,BICICLETA,Sheffield standard,4,8,0,Público,Partilhado com Micromobilidade,31/12/2023,-9.1440332,38.7177781
16836,2441,"Avenida República da Bulgária, Lote 14",Marvila,Passeio,HOTSPOT,Desconhecido,0,10,0,Público,Dedicado Micromobilidade,12/01/2024,-9.1159299,38.7482392
16837,2442,Avenida Vergílio Ferreira,Marvila,Passeio,HOTSPOT,Desconhecido,0,10,0,Público,Dedicado Micromobilidade,12/01/2024,-9.1189490,38.7434273
16838,2443,Largo Artur Bual,Marvila,Passeio,HOTSPOT,Desconhecido,0,10,0,Público,Dedicado Micromobilidade,12/01/2024,-9.1091847,38.7415358
16839,2444,Praça David Leandro da Silva,Marvila,Via,HOTSPOT,Desconhecido,0,6,0,Público,Dedicado Micromobilidade,12/01/2024,-9.1023192,38.7421477
16840,2445,"Praça Dr. Fernando Amado, Lote 567",Marvila,Passeio,HOTSPOT,Desconhecido,0,10,0,Público,Dedicado Micromobilidade,12/01/2024,-9.1137598,38.7467972
16841,2446,Praça Eduardo Mondlane,Marvila,Passeio,HOTSPOT,Desconhecido,0,10,0,Público,Dedicado Micromobilidade,12/01/2024,-9.1134092,38.7445376
16842,2447,Rua Adães Bermudes,Marvila,Passeio,HOTSPOT,Desconhecido,0,10,0,Público,Dedicado Micromobilidade,12/01/2024,-9.1214103,38.7555022
16843,2521,Rua Dom João V,Campo de Ourique,Passeio,HOTSPOT,Desconhecido,0,10,0,Público,Dedicado Micromobilidade,21/03/2024,-9.1564307,38.7207297
16844,2522,"Rua de Dom Dinis (O Lavrador), 5",Campo de Ourique,Via,HOTSPOT,Desconhecido,0,10,0,Público,Dedicado Micromobilidade,21/03/2024,-9.1566798,38.7196244
16845,2523,Travessa de Santo Ildefonso,Campo de Ourique,Via,HOTSPOT,Desconhecido,0,10,0,Público,Dedicado Micromobilidade,21/03/2024,-9.1570918,38.7154088
16846,2524,Rua de São Jorge,Estrela,Passeio,HOTSPOT,Desconhecido,0,10,0,Público,Dedicado Micromobilidade,21/03/2024,-9.1604514,38.7155153
16847,2525,"Estrada dos Prazeres, 55",Campo de Ourique,Passeio,HOTSPOT,Desconhecido,0,10,0,Público,Dedicado Micromobilidade,21/03/2024,-9.1716628,38.7156818
16848,2526,Praça das Águas Livres,Campo de Ourique,Passeio,HOTSPOT,Desconhecido,0,10,0,Público,Dedicado Micromobilidade,21/03/2024,-9.1577383,38.7212596
16849,2448,"Rua António Gedeão, 2",Marvila,Passeio,HOTSPOT,Desconhecido,0,10,0,Público,Dedicado Micromobilidade,12/01/2024,-9.1112904,38.7399370
16850,2449,Rua Aquilino Ribeiro,Marvila,Passeio,HOTSPOT,Desconhecido,0,10,0,Público,Dedicado Micromobilidade,12/01/2024,-9.1166976,38.7531789
16851,2450,Rua Artur Duarte,Marvila,Passeio,HOTSPOT,Desconhecido,0,10,0,Público,Dedicado Micromobilidade,12/01/2024,-9.1125394,38.7393673
16852,2451,"Rua Artur Duarte, 9",Marvila,Passeio,HOTSPOT,Desconhecido,0,10,0,Público,Dedicado Micromobilidade,12/01/2024,-9.1132148,38.7404127
16853,2452,"Rua Botelho de Vasconcelos, Lote 560",Marvila,Passeio,HOTSPOT,Desconhecido,0,10,0,Público,Dedicado Micromobilidade,12/01/2024,-9.1136506,38.7461226
16854,2453,Rua Conselheiro Emídio Navarro,Marvila,Passeio,HOTSPOT,Desconhecido,0,6,0,Público,Dedicado Micromobilidade,12/01/2024,-9.1165001,38.7570006
16855,2454,Praceta B à Matinha,Marvila,Passeio,HOTSPOT,Desconhecido,0,10,0,Público,Dedicado Micromobilidade,18/01/2024,-9.0984648,38.7465050
16856,2455,Rua da Cintura do Porto de Lisboa,Marvila,Passeio,HOTSPOT,Desconhecido,0,10,0,Público,Dedicado Micromobilidade,18/01/2024,-9.0961494,38.7502441
16857,2456,Rua de José do Patrocínio,Marvila,Via,HOTSPOT,Desconhecido,0,5,0,Público,Dedicado Micromobilidade,18/01/2024,-9.1106436,38.7445429
16858,2457,Rua de José do Patrocínio,Marvila,Passeio,HOTSPOT,Desconhecido,0,5,0,Público,Dedicado Micromobilidade,18/01/2024,-9.1046882,38.7427096
16859,2458,Rua de Marvila,Marvila,Passeio,HOTSPOT,Desconhecido,0,10,0,Público,Dedicado Micromobilidade,18/01/2024,-9.1053679,38.7414409
16860,2459,Rua de Ovar,Marvila,Passeio,HOTSPOT,Desconhecido,0,5,0,Público,Dedicado Micromobilidade,18/01/2024,-9.1128829,38.7432121
16861,2460,Rua do Açúcar,Marvila,Passeio,HOTSPOT,Desconhecido,0,10,0,Público,Dedicado Micromobilidade,18/01/2024,-9.1026867,38.7404629
16862,2461,Rua do Açúcar,Marvila,Passeio,HOTSPOT,Desconhecido,0,5,0,Público,Dedicado Micromobilidade,18/01/2024,-9.1031422,38.7392612
16863,2462,Rua Fernando Maurício,Marvila,Passeio,HOTSPOT,Desconhecido,0,10,0,Público,Dedicado Micromobilidade,18/01/2024,-9.1039792,38.7470773
16864,2463,Rua do Vale Formoso de Cima,Marvila,Passeio,HOTSPOT,Desconhecido,0,10,0,Público,Dedicado Micromobilidade,18/01/2024,-9.1043515,38.7497008
16865,2464,"Rua Dr. José Espírito Santo, Lote 1",Marvila,Passeio,HOTSPOT,Desconhecido,0,10,0,Público,Dedicado Micromobilidade,18/01/2024,-9.1091347,38.7545485
16866,2465,Rua Duarte Lopes,Marvila,Passeio,HOTSPOT,Desconhecido,0,10,0,Público,Dedicado Micromobilidade,18/01/2024,-9.1149643,38.7542965
16867,2466,Rua Eduarda Lapa,Marvila,Passeio,HOTSPOT,Desconhecido,0,5,0,Público,Dedicado Micromobilidade,18/01/2024,-9.1085325,38.7417508
16868,2467,Rua Engº Rodrigues de Carvalho,Marvila,Passeio,HOTSPOT,Desconhecido,0,10,0,Público,Dedicado Micromobilidade,18/01/2024,-9.1139400,38.7556355
16869,2468,"Rua Engº Cunha Leal, Lote 594",Marvila,Passeio,HOTSPOT,Desconhecido,0,10,0,Público,Dedicado Micromobilidade,19/01/2024,-9.1111161,38.7465858
16870,2469,Rua Félix Bermudes,Marvila,Passeio,HOTSPOT,Desconhecido,0,10,0,Público,Dedicado Micromobilidade,19/01/2024,-9.1052879,38.7520389
16871,2470,"Rua Fernando Maurício, 19",Marvila,Passeio,HOTSPOT,Desconhecido,0,10,0,Público,Dedicado Micromobilidade,19/01/2024,-9.1031335,38.7479196
16872,2471,"Rua Ferreira de Castro, Lote 338",Marvila,Passeio,HOTSPOT,Desconhecido,0,10,0,Público,Dedicado Micromobilidade,19/01/2024,-9.1233956,38.7529013
16873,2472,"Rua Ferreira de Castro, Lote 396",Marvila,Passeio,HOTSPOT,Desconhecido,0,10,0,Público,Dedicado Micromobilidade,19/01/2024,-9.1253841,38.7547166
16874,2473,"Rua Gilberto Freyre, 5",Marvila,Passeio,HOTSPOT,Desconhecido,0,10,0,Público,Dedicado Micromobilidade,19/01/2024,-9.1210853,38.7448504
16875,2474,Avenida Dr. Arlindo Vicente,Marvila,Passeio,HOTSPOT,Desconhecido,0,10,0,Público,Dedicado Micromobilidade,19/01/2024,-9.1217975,38.7484556
16876,2475,"Rua João José Cochofel, Lote C2",Marvila,Passeio,HOTSPOT,Desconhecido,0,10,0,Público,Dedicado Micromobilidade,19/01/2024,-9.1090535,38.7395763
16877,2476,Rua Jorge Amado,Marvila,Passeio,HOTSPOT,Desconhecido,0,4,0,Público,Dedicado Micromobilidade,19/01/2024,-9.1203693,38.7428502
16878,2477,Rua Luís Cristino da Silva,Marvila,Passeio,HOTSPOT,Desconhecido,0,10,0,Público,Dedicado Micromobilidade,22/01/2024,-9.1223347,38.7579249
16879,2478,Rua Lino Ferreira,Marvila,Passeio,HOTSPOT,Desconhecido,0,10,0,Público,Dedicado Micromobilidade,22/01/2024,-9.1059606,38.7470669
16880,2479,Praça Raúl Lino,Marvila,Passeio,HOTSPOT,Desconhecido,0,10,0,Público,Dedicado Micromobilidade,22/01/2024,-9.1242240,38.7593613
16881,2480,Rua Luís Cristino da Silva,Marvila,Passeio,HOTSPOT,Desconhecido,0,10,0,Público,Dedicado Micromobilidade,22/01/2024,-9.1229138,38.7590780
16882,2481,Rua Prof. Lopo de Carvalho,Marvila,Passeio,HOTSPOT,Desconhecido,0,10,0,Público,Dedicado Micromobilidade,22/01/2024,-9.1092766,38.7515595
16883,2482,Rua Pedro José Pezerat,Marvila,Passeio,HOTSPOT,Desconhecido,0,10,0,Público,Dedicado Micromobilidade,22/01/2024,-9.1225824,38.7601543
16884,2483,Rua Pedro José Pezerat,Marvila,Passeio,HOTSPOT,Desconhecido,0,10,0,Público,Dedicado Micromobilidade,22/01/2024,-9.1224188,38.7599007
16885,2484,"Rua Sousa Bastos, Lote 23",Marvila,Passeio,HOTSPOT,Desconhecido,0,10,0,Público,Dedicado Micromobilidade,22/01/2024,-9.1085703,38.7473688
16886,2485,Rua Três à Matinha,Marvila,Passeio,HOTSPOT,Desconhecido,0,10,0,Público,Dedicado Micromobilidade,22/01/2024,-9.0976672,38.7475253
16887,2486,"Avenida da Liberdade, 242",Santo António,Lugar estacionamento automóvel,BICICLETA,Sheffield standard,1,10,0,Público,Partilhado com Micromobilidade,22/01/2024,-9.1480661,38.7236825
16888,2487,Rua Padre Francisco,Campo de Ourique,Lugar estacionamento automóvel,HOTSPOT,Desconhecido,0,10,0,Público,Dedicado Micromobilidade,18/03/2024,-9.1685996,38.7154201
16889,2488,Rua Saraiva de Carvalho,Campo de Ourique,Passeio,HOTSPOT,Desconhecido,0,10,0,Público,Dedicado Micromobilidade,18/03/2024,-9.1678012,38.7145014
16890,2489,"Rua Ferreira Borges, 30",Campo de Ourique,Via,HOTSPOT,Desconhecido,0,4,0,Público,Dedicado Micromobilidade,18/03/2024,-9.1639209,38.7163705
16891,2490,"Rua Almeida e Sousa, 54A",Campo de Ourique,Via,HOTSPOT,Desconhecido,0,8,0,Público,Dedicado Micromobilidade,18/03/2024,-9.1681936,38.7173993
16892,2491,"Rua Ferreira Borges, 128",Campo de Ourique,Passeio,HOTSPOT,Desconhecido,0,10,0,Público,Dedicado Micromobilidade,18/03/2024,-9.1640170,38.7209183
16893,2492,"Rua Coelho da Rocha, 119B",Campo de Ourique,Passeio,HOTSPOT,Desconhecido,0,10,0,Público,Dedicado Micromobilidade,18/03/2024,-9.1693818,38.7162964
16894,2493,Rua Domingos Sequeira,Estrela,Passeio,HOTSPOT,Desconhecido,0,10,0,Público,Dedicado Micromobilidade,18/03/2024,-9.1635623,38.7155042
16895,2494,Rua do Sol ao Rato,Campo de Ourique,Via,HOTSPOT,Desconhecido,0,10,0,Público,Dedicado Micromobilidade,18/03/2024,-9.1591850,38.7197663
16896,2495,Rua Freitas Gazul,Campo de Ourique,Passeio,HOTSPOT,Desconhecido,0,10,0,Público,Dedicado Micromobilidade,18/03/2024,-9.1706869,38.7167176
16897,2502,"Praça São João Bosco, 16",Campo de Ourique,Lugar estacionamento automóvel,HOTSPOT,Desconhecido,0,10,0,Público,Dedicado Micromobilidade,20/03/2024,-9.1693703,38.7149640
16898,2503,"Rua Correia Teles, 2",Campo de Ourique,Lugar estacionamento automóvel,HOTSPOT,Desconhecido,0,10,0,Público,Dedicado Micromobilidade,20/03/2024,-9.1642398,38.7193183
16899,2504,Rua Carlos da Maia,Campo de Ourique,Via,HOTSPOT,Desconhecido,0,10,0,Público,Dedicado Micromobilidade,20/03/2024,-9.1688993,38.7197148
16900,2505,"Rua de Campo de Ourique, 214",Campo de Ourique,Lugar estacionamento automóvel,HOTSPOT,Desconhecido,0,10,0,Público,Dedicado Micromobilidade,20/03/2024,-9.1654921,38.7211067
16901,2506,"Rua do Patrocínio, 3",Campo de Ourique,Lugar estacionamento automóvel,HOTSPOT,Desconhecido,0,10,0,Público,Dedicado Micromobilidade,20/03/2024,-9.1649014,38.7129720
16902,2507,Travessa de Campo de Ourique,Campo de Ourique,Passeio,HOTSPOT,Desconhecido,0,10,0,Público,Dedicado Micromobilidade,20/03/2024,-9.1679794,38.7207977
16903,2496,"Rua Maria Pia, 372A",Campo de Ourique,Lugar estacionamento automóvel,HOTSPOT,Desconhecido,0,10,0,Público,Dedicado Micromobilidade,18/03/2024,-9.1712097,38.7189342
16904,2497,Rua Francisco Metrass,Campo de Ourique,Passeio,HOTSPOT,Desconhecido,0,10,0,Público,Dedicado Micromobilidade,18/03/2024,-9.1662876,38.7152875
16905,2498,"Rua de Santo Amaro, 53",Campo de Ourique,Via,HOTSPOT,Desconhecido,0,4,0,Público,Dedicado Micromobilidade,20/03/2024,-9.1565763,38.7144622
16906,2499,"Rua Freitas Gazul, 10",Campo de Ourique,Passeio,HOTSPOT,Desconhecido,0,10,0,Público,Dedicado Micromobilidade,20/03/2024,-9.1700520,38.7170487
16907,2500,"Rua de Infantaria 16, 106",Campo de Ourique,Via,HOTSPOT,Desconhecido,0,10,0,Público,Dedicado Micromobilidade,20/03/2024,-9.1686655,38.7183200
16908,2501,Rua Freitas Gazul,Campo de Ourique,Passeio,HOTSPOT,Desconhecido,0,10,0,Público,Dedicado Micromobilidade,20/03/2024,-9.1699883,38.7174571
16909,2528,"Rua Coelho da Rocha, 92",Campo de Ourique,Lugar estacionamento automóvel,HOTSPOT,Desconhecido,0,10,0,Público,Dedicado Micromobilidade,21/03/2024,-9.1661909,38.7165278
16910,2529,"Rua do Cabo, 54A",Campo de Ourique,Passeio,HOTSPOT,Desconhecido,0,10,0,Público,Dedicado Micromobilidade,21/03/2024,-9.1611283,38.7186599
16911,2530,Rua Carlos Alberto da Mota Pinto,Campo de Ourique,Passeio,HOTSPOT,Desconhecido,0,10,0,Público,Dedicado Micromobilidade,21/03/2024,-9.1609075,38.7239805
16912,2531,Rua Vila de Bissorã,Olivais,Passeio,BICICLETA,Sheffield standard,5,10,0,Público,Partilhado com Micromobilidade,01/04/2023,-9.1169353,38.7621867
16913,2532,"Rua Cidade de Bolama, Lote 382",Olivais,Passeio,BICICLETA,Sheffield standard,4,8,0,Público,Partilhado com Micromobilidade,01/04/2023,-9.1167949,38.7616559
16914,2508,Rua Maria Pia,Campo de Ourique,Passeio,HOTSPOT,Desconhecido,0,10,0,Público,Dedicado Micromobilidade,20/03/2024,-9.1672843,38.7214227
16915,2509,"Rua Almeida e Sousa, 2",Campo de Ourique,Via,HOTSPOT,Desconhecido,0,4,0,Público,Dedicado Micromobilidade,20/03/2024,-9.1626023,38.7175029
16916,2510,"Rua Tomás de Anunciação, 62",Campo de Ourique,Via,HOTSPOT,Desconhecido,0,10,0,Público,Dedicado Micromobilidade,20/03/2024,-9.1656015,38.7184861
16917,2511,Rua de Infantaria 16,Campo de Ourique,Via,HOTSPOT,Desconhecido,0,10,0,Público,Dedicado Micromobilidade,20/03/2024,-9.1672895,38.7183711
16918,2512,"Rua Correia Teles, 18",Campo de Ourique,Lugar estacionamento automóvel,HOTSPOT,Desconhecido,0,10,0,Público,Dedicado Micromobilidade,20/03/2024,-9.1650673,38.7193034
16919,2513,"Rua Ferreira Borges, 181",Campo de Ourique,Passeio,HOTSPOT,Desconhecido,0,10,0,Público,Dedicado Micromobilidade,20/03/2024,-9.1641323,38.7200900
16920,2535,"Rua Jorge Barradas, Escola",Benfica,Passeio,BICICLETA,Sheffield largo,3,6,0,Público,Partilhado com Micromobilidade,01/04/2024,-9.2032123,38.7557650
16921,2536,"Rua Doutor António Cândido, 25",Avenidas Novas,Lugar estacionamento automóvel,BICICLETA,Sheffield standard,5,10,0,Público,Partilhado com Micromobilidade,01/06/2024,-9.1507365,38.7341478
16922,2537,"Rua Doutor António Cândido, 9",Avenidas Novas,Lugar estacionamento automóvel,BICICLETA,Sheffield standard,3,6,0,Público,Partilhado com Micromobilidade,01/06/2024,-9.1511260,38.7337483
16923,2514,"Rua Francisco Metrass, 97",Campo de Ourique,Via,HOTSPOT,Desconhecido,0,10,0,Público,Dedicado Micromobilidade,20/03/2024,-9.1664846,38.7191251
16925,2516,Beco do Paiol,Campo de Ourique,Passeio,BICICLETA,Sheffield standard,4,8,0,Público,Partilhado com Micromobilidade,20/03/2024,-9.1624407,38.7205057
16926,2517,Rua Coelho da Rocha,Campo de Ourique,Passeio,HOTSPOT,Desconhecido,0,8,0,Público,Dedicado Micromobilidade,20/03/2024,-9.1615799,38.7165541
16927,2518,"Campo Grande, 380",Alvalade,Passeio,BICICLETA,Entorta rodas,1,5,0,Privado,Interdito Micromobilidade,21/03/2024,-9.1538348,38.7587742
16928,2519,"Rua Silva Carvalho, 263A",Campo de Ourique,Passeio,HOTSPOT,Desconhecido,0,10,0,Público,Dedicado Micromobilidade,21/03/2024,-9.1610473,38.7210378
16929,2520,"Rua Dom João V, 23A",Campo de Ourique,Passeio,HOTSPOT,Desconhecido,0,10,0,Público,Dedicado Micromobilidade,21/03/2024,-9.1594826,38.7204017
16961,78,"Praça da Figueira, 3B",Santa Maria Maior,Passeio,BICICLETA,Sheffield estreito,3,6,0,Público,Partilhado com Micromobilidade,,-9.1383491,38.7139076
16962,2015,Avenida Fontes Pereira de Melo,Avenidas Novas,Passeio,BICICLETA,Sheffield standard,3,6,0,Público,Partilhado com Micromobilidade,14/07/2022,-9.1490295,38.7274642
17283,2205,"Avenida do Uruguai, 43",Benfica,Passeio,HOTSPOT,Desconhecido,0,5,0,Público,Dedicado Micromobilidade,18/09/2023,-9.1963087,38.7539128
17284,2207,"Avenida Marechal Teixeira Rebelo, 34C",Benfica,Passeio,HOTSPOT,Desconhecido,0,3,0,Público,Dedicado Micromobilidade,18/09/2023,-9.1959290,38.7538022
17285,2546,"Rua do Vale de Santo António, 39",São Vicente,Passeio,BICICLETA,Sheffield standard,4,8,0,Público,Partilhado com Micromobilidade,01/04/2023,-9.1226871,38.7179763
17601,2547,"Rua Alberto de Sousa, 8A",Avenidas Novas,Lugar estacionamento automóvel,BICICLETA,Sheffield standard,4,8,0,Público,Partilhado com Micromobilidade,,-9.1580517,38.7461049
17602,2548,Alameda Dom Afonso Henriques,Areeiro,Passeio,BICICLETA,Sheffield estreito,4,8,0,Público,Partilhado com Micromobilidade,,-9.1323872,38.7375627
17603,1132,"Avenida Sacadura Cabral, 39",Areeiro,Passeio,BICICLETA,Sheffield standard,2,4,0,Público,Partilhado com Micromobilidade,17/09/2020,-9.1430890,38.7439055
17921,1077,"Rua Maria Margarida, 6",Lumiar,Passeio,HOTSPOT,Desconhecido,0,4,0,Público,Dedicado Micromobilidade,17/09/2025,-9.1545933,38.7774187
17922,719,Rua Dr. Eduardo Neves,Avenidas Novas,Lugar estacionamento automóvel,BICIPARQUE,Sheffield standard,6,12,1,Público,Interdito Micromobilidade,25/10/2019,-9.1479423,38.7444263
17923,2549,"Travessa André Valente, 7",Misericórdia,Passeio,BICIPARQUE,Dois níveis,0,0,1,Público,Interdito Micromobilidade,25/11/2025,-9.1475709,38.7111392
17924,1253,Largo República da Turquia,Lumiar,Lugar estacionamento automóvel,BICIPARQUE,Entorta rodas com encosto,24,24,1,Público,Interdito Micromobilidade,03/05/2021,-9.1596114,38.7733298
17925,2550,"Rua Rosália de Castro, 3",Alvalade,Passeio,BICICLETA,Sheffield standard,2,4,0,Público,Interdito Micromobilidade,01/04/2025,-9.1459046,38.7513825
17926,2248,"Avenida Engenheiro Duarte Pacheco, Liceu Francês",Campolide,Passeio,HOTSPOT,Desconhecido,0,10,0,Público,Dedicado Micromobilidade,25/11/2025,-9.1628764,38.7238953
17927,2553,"Rua Prof. Manuel Valadares, 7",Lumiar,Passeio,BICICLETA,Sheffield standard,8,16,0,Público,Partilhado com Micromobilidade,01/04/2025,-9.1609054,38.7752003
17928,2551,"Rua Silva Carvalho, 243",Campo de Ourique,Passeio,BICICLETA,Sheffield standard,5,10,0,Público,Partilhado com Micromobilidade,29/06/2021,-9.1611028,38.7207276
17929,2552,"Praça Afonso do Paço, 3",Campo de Ourique,Via,BICICLETA,Sheffield standard,4,8,0,Público,Interdito Micromobilidade,30/06/2025,-9.1669524,38.7201934
17930,1687,"Rua João da Mota e Silva, 3",Campolide,Passeio,BICICLETA,Sheffield standard,4,8,0,Privado,Interdito Micromobilidade,26/01/2022,-9.1738168,38.7311343
17931,89,Rua Almada Negreiros,Olivais,Via,BICICLETA,Sheffield standard,5,10,0,Público,Interdito Micromobilidade,01/04/2025,-9.1093090,38.7601332
17932,2554,"Praça Cidade de Dili, 3",Olivais,Passeio,BICICLETA,Sheffield standard,1,2,0,Público,Interdito Micromobilidade,,-9.1163502,38.7604710
18241,154,Praça Afonso de Albuquerque,Belém,Passeio,BICICLETA,Entorta rodas,1,10,0,Público,Partilhado com Micromobilidade,,-9.1994099,38.6971789
18242,200,"Rua Duarte Pacheco Pereira, 11D",Belém,Passeio,BICICLETA,Grelha,1,5,0,Público,Partilhado com Micromobilidade,,-9.2182345,38.6986424
18243,202,Avenida da Torre de Belém,Belém,Passeio,BICICLETA,Entorta rodas,1,6,0,Público,Partilhado com Micromobilidade,,-9.2152271,38.6953276
18244,211,"Rua Vieira Portuense, 92",Belém,Passeio,BICICLETA,Sheffield estreito,5,10,0,Público,Interdito Micromobilidade,,-9.2034251,38.6968389
18245,238,Rua Dom Jerónimo Osório,Belém,Passeio,BICICLETA,Sheffield estreito,3,6,0,Público,Partilhado com Micromobilidade,,-9.2243782,38.6989258
18246,240,Avenida de Brasília,Belém,Via,BICICLETA,Sheffield standard,5,10,0,Público,Partilhado com Micromobilidade,17/06/2018,-9.2188476,38.6935089
18247,249,Avenida de Brasília,Belém,Via,BICICLETA,Sheffield standard,5,10,0,Público,Partilhado com Micromobilidade,28/01/2018,-9.2062879,38.6944312
18248,250,"Avenida da Índia, Museu",Belém,Passeio,BICICLETA,Grelha,3,15,0,Privado,Interdito Micromobilidade,,-9.1974915,38.6969613
18249,311,"Rua Damião de Gois, 3D",Belém,Via,HOTSPOT,Desconhecido,0,10,0,Público,Dedicado Micromobilidade,20/02/2019,-9.2253595,38.6981034
18250,495,"Rua da Junqueira, 188",Belém,Passeio,BICICLETA,Entorta rodas,1,9,0,Público,Partilhado com Micromobilidade,,-9.1915812,38.6979477
18251,501,Avenida de Brasília,Belém,Passeio,BICICLETA,Entorta rodas,3,15,0,Público,Partilhado com Micromobilidade,,-9.1944734,38.6955630
18252,1226,"Rua Conselheiro Martins de Carvalho, 1",Belém,Passeio,BICICLETA,Sheffield estreito,2,4,0,Público,Partilhado com Micromobilidade,,-9.2026977,38.7069323
18253,1261,"Rua Gonçalves Zarco, Escola",Belém,Lugar estacionamento automóvel,BICICLETA,Sheffield standard,3,6,0,Público,Partilhado com Micromobilidade,14/12/2020,-9.2052065,38.7051697
18254,1395,"Avenida de Brasília, Fundação Champalimaud",Belém,Via,BICICLETA,Entorta rodas,5,31,1,Privado,Interdito Micromobilidade,,-9.2211888,38.6933391
18255,1379,"Rua Duarte Pacheco Pereira, 26",Belém,Passeio,BICICLETA,Grelha,1,5,0,Público,Partilhado com Micromobilidade,,-9.2187685,38.6979627
18256,1442,Avenida de Brasília,Belém,Lugar estacionamento automóvel,HOTSPOT,Sheffield standard,2,9,0,Público,Partilhado com Micromobilidade,05/05/2021,-9.2006625,38.6946467
18257,1547,Rua Jorge Dias,Belém,Passeio,BICICLETA,Sheffield estreito,3,6,0,Público,Partilhado com Micromobilidade,,-9.2059813,38.7066273
18258,1680,"Rua Bartolomeu Dias, 53",Belém,Via,BICICLETA,Sheffield standard,3,6,0,Privado,Interdito Micromobilidade,13/01/2022,-9.2117416,38.6949606
18259,1689,Rua Alexandre de Sá Pinto,Belém,Passeio,BICICLETA,Sheffield standard,8,16,0,Privado,Interdito Micromobilidade,13/01/2022,-9.1959120,38.7001409
18260,1690,"Rua Matateu, Escola",Belém,Passeio,BICICLETA,Sheffield standard,5,10,0,Privado,Interdito Micromobilidade,28/01/2022,-9.1947995,38.7007824
18261,2555,"Rua dos Eucaliptos, 4",Olivais,Lugar estacionamento automóvel,HOTSPOT,Desconhecido,0,10,0,Público,Dedicado Micromobilidade,,-9.1219926,38.7714587
18262,2018,"Rua da Junqueira, 297",Belém,Passeio,BICICLETA,Sheffield standard,4,8,0,Privado,Interdito Micromobilidade,24/07/2022,-9.1961446,38.6972054
18265,2556,Avenida General Roçadas,São Vicente,Passeio,HOTSPOT,Desconhecido,0,10,0,Público,Dedicado Micromobilidade,20/03/2026,-9.1290577,38.7215454
18266,1558,"Calçada dos Barbadinhos, 56B",São Vicente,Passeio,BICICLETA,Sheffield standard,2,4,0,Público,Partilhado com Micromobilidade,01/04/2022,-9.1218732,38.7202949
